variant,strategy,family,q,run,cycle,n_edges,k_max,k_std,k_gini,H_norm,assortativity,clustering,transitivity,n_components,diameter,aspl,efficiency,n_communities,modularity,edge_cut_ratio,n_dynamic,dyn_len_mean,dyn_len_max,dyn_len_frac_lmax,dyn_frac_top1pct,frac_rewired
base,RWI,RWI,,2,0,4900,4,0.27712812921102037,0.0188395102040817,0.03612824436332547,0.6504952980918245,0.0,0.0,1,98,33.333333333333336,0.046482951803896395,20,0.8653470220741358,0.08204081632653061,0,,,,,0.0
base,RWI,RWI,,2,1,9439,12,1.2034029084226114,0.08708274181587039,0.2015491904300344,0.009796211653222068,0.35919728715729016,0.3472433893192138,1,38,15.212872669067627,0.0904846986074784,17,0.8490605857556925,0.08867464773810785,4539,1.9056680384130946,7.0,0.05500044051642307,0.0392156862745098,0.0
base,RWI,RWI,,2,2,9896,13,1.315856283945933,0.09131527890056601,0.2133025861643501,-0.03168295438508165,0.3645458097458121,0.351479189384391,1,35,14.568316926770708,0.09401329422004182,19,0.8453727680569925,0.09710994341147938,4996,1.9591265479065543,7.0,0.05654333335621698,0.03843074459567654,0.0716
base,RWI,RWI,,2,3,9900,13,1.3178770807628455,0.09131462626262632,0.2135582339031867,-0.03375756898428328,0.36529149295149455,0.35225455934577454,1,36,14.59600256102441,0.09384576686397196,17,0.8468898173655749,0.0898989898989899,5000,1.967241490736336,7.0,0.0567775427890284,0.039,0.0676
base,RWI,RWI,,2,4,9900,13,1.3203029955279204,0.09143361616161627,0.21354365704989084,-0.0403156072709349,0.363687485847488,0.35060194943907647,1,36,14.619082513005202,0.09378962082080666,18,0.8506279869401085,0.09141414141414142,5000,1.9767470240447713,7.0,0.057051886750709595,0.0394,0.0736
base,RWI,RWI,,2,5,9900,15,1.339850737955538,0.09253058585858587,0.21517458618828655,-0.04620869908065875,0.3640744610944638,0.350788670284939,1,36,14.634598479391757,0.09370853958579306,21,0.8474078410366289,0.10151515151515152,5000,1.9811720298765976,7.0,0.05717959906215753,0.0408,0.07
base,RWI,RWI,,2,6,9900,15,1.339850737955538,0.09233082828282835,0.21436466948008648,-0.051720118210208464,0.36293514041514296,0.3496438263229308,1,36,14.68205362144858,0.09354702133413949,19,0.8513398683807775,0.09191919191919191,5000,1.9890205489696848,7.0,0.0574061191059532,0.0414,0.0824
base,RWI,RWI,,2,7,9900,13,1.3224220203853232,0.09125442424242425,0.21273187740570748,-0.049585604267233165,0.3626545787545813,0.35014286926754745,1,36,14.72953693477391,0.09327945122424468,21,0.8527843689419448,0.09686868686868687,5000,1.9908232780922583,7.0,0.05745814857481909,0.0408,0.0772
base,RWI,RWI,,2,8,9900,14,1.331465358167459,0.0918107474747476,0.21402591955372086,-0.05279336567123672,0.3626168675768705,0.3495277416435722,1,36,14.70848019207683,0.09337305237410315,21,0.852469855116825,0.09777777777777778,5000,2.002545136139793,7.0,0.057796458995778996,0.0414,0.0808
base,RWI,RWI,,2,9,9900,14,1.3203029955279204,0.09086533333333335,0.2129875272780034,-0.05541112403247955,0.363177811077814,0.3503048651095675,1,36,14.688759023609444,0.09342763508855262,19,0.8516214620957047,0.09313131313131313,5000,2.0046818561234416,7.0,0.05785812794230695,0.0412,0.0836
base,RWI,RWI,,2,10,9900,13,1.3193938001976513,0.09097959595959604,0.21309021570473535,-0.05351523376132014,0.3632810189810216,0.350531944994624,1,36,14.681525410164065,0.0934469670798132,17,0.8481641771247833,0.0906060606060606,5000,2.0066039567002676,7.0,0.05791360265055169,0.041,0.0836
base,RWI,RWI,,2,11,9900,14,1.3272528018429646,0.09155894949494958,0.21408761219857592,-0.05918517790446133,0.3624603574203598,0.34959694526941026,1,36,14.691901720688275,0.0933888480053697,19,0.8523472757881848,0.09121212121212122,5000,2.0148272559879823,7.0,0.05815093941341168,0.0408,0.0812
base,RWI,RWI,,2,12,9900,14,1.333566646253572,0.0918693737373737,0.21447728745866468,-0.06913128624563357,0.3621181485181504,0.3491962505831955,1,36,14.707618407362945,0.0933394281421474,21,0.8525808029792877,0.09606060606060605,5000,2.0192659414479976,7.0,0.058279046539466,0.042,0.082
base,RWI,RWI,,2,13,9900,14,1.3401492454200763,0.09238856565656572,0.21518856864921052,-0.06614527662040874,0.3626694882894904,0.350402103091035,1,37,14.729372068827532,0.09324371525633646,20,0.8517755688195083,0.09303030303030303,5000,2.02820263590686,7.0,0.05853697295796616,0.0418,0.0912
base,RWI,RWI,,2,14,9900,14,1.3317657451669191,0.09199204040404041,0.21444857804122147,-0.0669667210555979,0.3623907781107805,0.3500318133616119,1,36,14.680393117246899,0.09346106083284564,20,0.8554354351596776,0.0897979797979798,5000,2.0393190577197187,7.0,0.058857809580268296,0.0412,0.0788
base,RWI,RWI,,2,15,9900,13,1.3266499161421599,0.09187701010101024,0.2140789998249027,-0.06800946244696303,0.36479665889666113,0.35177066244272215,1,36,14.748590636254502,0.09312961808943684,18,0.8519144883175189,0.08636363636363636,5000,2.0366007689569257,7.0,0.05877935568568078,0.0408,0.0872
base,RWI,RWI,,2,16,9900,13,1.335065541462291,0.09267701010101015,0.21519711491536211,-0.0799846403233202,0.36478536796536976,0.35180106310789416,1,36,14.778385274109644,0.09301494311674673,22,0.8515073308846037,0.0995959595959596,5000,2.041436245842691,7.0,0.058918914807974475,0.0406,0.0872
base,RWI,RWI,,2,17,9900,13,1.3359640713731789,0.09250060606060617,0.21453682920423525,-0.0821046061446496,0.36588903318903565,0.35267674126012527,1,37,14.765073389355742,0.09303352605271896,20,0.8530730588715439,0.09343434343434344,5000,2.0384925512504375,7.0,0.058833955362753064,0.0416,0.0924
base,RWI,RWI,,2,18,9900,14,1.3215142829345432,0.09165026262626275,0.21380064528926382,-0.07736853257634498,0.362822288822291,0.3504547962258279,1,37,14.778883073229292,0.09299088517331318,20,0.8540981940618305,0.0904040404040404,5000,2.0449574756861533,7.615773105863909,0.059020542787583806,0.04,0.0988
base,RWI,RWI,,2,19,9900,15,1.3272528018429646,0.09166646464646466,0.21442052944138043,-0.08078590772539615,0.3620748384948407,0.3501909206618583,1,38,14.804017927170868,0.09291040322093269,19,0.8525372921130498,0.0905050505050505,5000,2.049882907756961,7.615773105863909,0.0591626981515651,0.0408,0.0948
base,RWI,RWI,,2,20,9900,15,1.3371611720357424,0.09234545454545451,0.21512886625913255,-0.08188652891420155,0.36255241647241776,0.349985157542089,1,37,14.79367106842737,0.09301668149160175,22,0.8554088970513214,0.09575757575757576,5000,2.062392754512227,7.615773105863909,0.05952375110961625,0.0418,0.1052
base,RWI,RWI,,2,21,9900,15,1.3362634470792052,0.09229280808080809,0.21480552312004264,-0.08156966490298725,0.3618179575979594,0.34940627650551315,1,38,14.80391900760304,0.09297814743444933,20,0.8561744923987348,0.0903030303030303,5000,2.0604354801536706,7.280109889280518,0.05946726123322532,0.0414,0.0888
base,RWI,RWI,,2,22,9900,15,1.3502592343694597,0.09268387878787876,0.21572245284960634,-0.08727586488943481,0.36256641358641506,0.34955570938166614,1,38,14.81729043617447,0.09295940622947324,19,0.8552832262014078,0.0891919191919192,5000,2.0666147204050085,7.280109889280518,0.05964560338360499,0.0428,0.098
base,RWI,RWI,,2,23,9900,16,1.3440238093129153,0.09234351515151529,0.2148677987962235,-0.0792513009020806,0.3631171717171737,0.34948986801571374,1,38,14.849247859143658,0.09279203721895417,20,0.8573672125293337,0.08838383838383838,5000,2.0726727541608203,7.280109889280518,0.05982044733255975,0.042,0.1044
base,RWI,RWI,,2,24,9900,15,1.3407460609675494,0.09225365656565665,0.21484049121513027,-0.06965116597899366,0.3615322655122672,0.34907780368878527,1,38,14.838866106442577,0.09283403671708255,21,0.8553307264564839,0.09323232323232324,5000,2.073868670394093,7.0,0.05985496327044866,0.0416,0.1056
base,RWI,RWI,,2,25,9900,15,1.3478872356395395,0.09264933333333336,0.2153143711769053,-0.07381495032483988,0.36147791097791293,0.3487475098546179,1,37,14.818046898759503,0.09291246556725433,19,0.8579907611468217,0.08535353535353535,5000,2.079955615306047,7.0,0.06003064163877321,0.0416,0.1072
base,RWI,RWI,,2,26,9900,15,1.3380582946942186,0.09219086868686865,0.2148013774453835,-0.07777587164453097,0.36148674658674773,0.3486557543889407,1,36,14.789414005602241,0.09300219284777281,21,0.8565626721763087,0.09393939393939393,5000,2.083596317247244,7.0710678118654755,0.060135717762483394,0.041,0.1024
base,RWI,RWI,,2,27,9900,15,1.3422369388450015,0.0924937777777779,0.2151411473219159,-0.08353925613261073,0.3625339060939078,0.34973148671565857,1,36,14.7854293717487,0.09295173874515865,20,0.8585449750025507,0.08636363636363636,5000,2.084046251440949,7.0710678118654755,0.060148703538787734,0.0412,0.0944
base,RWI,RWI,,2,28,9900,14,1.334466185408982,0.09173135353535367,0.2144381598299809,-0.08353330490549854,0.3635011610611628,0.3507082873865468,1,36,14.80706362545018,0.09282811595646605,21,0.8587094276094276,0.0903030303030303,5000,2.0870813116779825,7.0,0.06023629993368227,0.042,0.1076
base,RWI,RWI,,2,29,9900,14,1.352922762023021,0.09301842424242435,0.2153374383121617,-0.08465547650299834,0.36396736374736555,0.3508249053618849,1,37,14.803418967587035,0.09286249379361138,21,0.8608712529333741,0.0892929292929293,5000,2.0890280097685996,7.0,0.06029248456310261,0.0422,0.1008
base,RWI,RWI,,2,30,9900,14,1.36088206689632,0.09359454545454549,0.216490579526578,-0.09037629307011152,0.3657082406482422,0.3523431653558872,1,37,14.880088355342137,0.09245683686439607,21,0.8613836904397514,0.08828282828282828,5000,2.084419242766068,7.0,0.06015946862839246,0.0432,0.1136
base,RWI,RWI,,1,0,4900,4,0.27712812921102037,0.0188395102040817,0.03612824436332547,0.6504952980918245,0.0,0.0,1,98,33.333333333333336,0.046482951803896395,22,0.862310537276135,0.08755102040816326,0,,,,,0.0
base,RWI,RWI,,1,1,9451,12,1.2227441923804014,0.08755649137657384,0.20253710763332083,0.010054745707774801,0.35980533910534146,0.34929158512720154,1,36,15.144766386554622,0.09056875331609586,21,0.8454033429233833,0.10252883292773252,4551,1.9112613293013028,7.0,0.0551618712885129,0.039771478795869036,0.0
base,RWI,RWI,,1,2,9895,13,1.3425885445660557,0.09279575543203644,0.21526309143999658,-0.021236065519573584,0.3660921545121563,0.35310594593065203,1,35,14.545179031612646,0.0941086305858303,18,0.8476938832986377,0.09135927235977767,4995,1.960900684224431,7.0,0.056594537593813714,0.04044044044044044,0.0648
base,RWI,RWI,,1,3,9900,13,1.3422369388450013,0.09259458585858593,0.2147175446706363,-0.0348188431386377,0.3654751936951956,0.3524024872809497,1,36,14.634325730292117,0.0937663739455143,17,0.8508415365779003,0.08676767676767677,5000,1.9691491941591346,7.0,0.056832601973793855,0.0406,0.0764
base,RWI,RWI,,1,4,9900,13,1.3431306712304651,0.09287014141414152,0.21480418848411476,-0.0404367749598938,0.3639242091242109,0.3505221655384876,1,36,14.637470028011204,0.09377402321778082,20,0.8486421283542497,0.0993939393939394,5000,1.9793561811412066,7.0,0.05712719094156961,0.04,0.0816
base,RWI,RWI,,1,5,9900,13,1.343428449899733,0.09297583838383838,0.2151734548910607,-0.0410999298510278,0.36284348318348486,0.3491181956927251,1,36,14.635887635054022,0.09374780683220485,18,0.852427231915111,0.08959595959595959,5000,1.9894795509624636,7.0,0.05741936659255206,0.0402,0.076
base,RWI,RWI,,1,6,9900,13,1.3520355024924455,0.09347854545454548,0.2160941054845462,-0.04599571175195233,0.3623017360417378,0.348466656307827,1,36,14.64084481792717,0.09374298929108829,18,0.8515009641873279,0.08878787878787879,5000,1.9973041989398654,7.0,0.057645197680112,0.0404,0.0664
base,RWI,RWI,,1,7,9900,12,1.331164903383499,0.09219591919191927,0.21412144273905134,-0.047335446974452425,0.3636711688311707,0.3499144549863552,1,36,14.698610324129652,0.09343781225911162,18,0.8508663707784919,0.0892929292929293,5000,2.0020555768820443,7.0,0.057782329580638316,0.0398,0.0752
base,RWI,RWI,,1,8,9900,12,1.331164903383499,0.09232197979797974,0.21459699263754056,-0.05416851872348533,0.3627822510822529,0.34932058877592864,1,37,14.71099031612645,0.09337198496307696,20,0.8522430211202938,0.09575757575757576,5000,2.0108753751508455,7.0,0.05803688219960022,0.0392,0.0808
base,RWI,RWI,,1,9,9900,13,1.3329666162361307,0.09247656565656559,0.21493540368068853,-0.05620295626403179,0.36233370629370837,0.34895163228661513,1,37,14.728643137254902,0.09327160697275269,18,0.8528355626976839,0.08626262626262626,5000,2.0157007796184345,7.0,0.0581761506167839,0.0398,0.0892
base,RWI,RWI,,1,10,9900,13,1.3338665600426454,0.0924107070707072,0.21493444546391702,-0.05579975202879046,0.36106925740925955,0.34791890516315105,1,36,14.750991916766706,0.09316300372480252,18,0.854369696969697,0.08515151515151514,5000,2.018352711189264,6.324555320336759,0.05825268934319109,0.0396,0.0908
base,RWI,RWI,,1,11,9900,13,1.3341664064126333,0.09244804040404042,0.21515490760215106,-0.062079073975456395,0.3620675879675897,0.34867742072300056,1,37,14.7607868747499,0.09309027055577977,19,0.8527644322007961,0.08868686868686869,5000,2.0179837450978515,6.324555320336759,0.05824204042787413,0.0398,0.0796
base,RWI,RWI,,1,12,9900,14,1.3410443691392167,0.09268783838383854,0.2153401306009176,-0.06915939227575682,0.36234156288156466,0.3489032732206456,1,36,14.750901320528211,0.09313596418062488,20,0.8540370829507193,0.09363636363636364,5000,2.0244672431579724,6.324555320336759,0.058429163915389284,0.0406,0.0892
base,RWI,RWI,,1,13,9900,14,1.3419388957773002,0.09272383838383846,0.21484957020629414,-0.07298027279555494,0.3626926207126224,0.3492276600856428,1,36,14.720738535414165,0.09321979103157947,22,0.8542970411182533,0.09595959595959595,5000,2.028551660448757,6.324555320336759,0.05854704633022639,0.041,0.0872
base,RWI,RWI,,1,14,9900,14,1.3475904422338412,0.09294335353535366,0.21522180793302528,-0.0736309967274752,0.36410377844378056,0.3506174234931758,1,37,14.814199919967987,0.09281792472933306,18,0.8522650596877869,0.08646464646464647,5000,2.033198439141736,6.324555320336759,0.05868115933938879,0.0418,0.0812
base,RWI,RWI,,1,15,9900,14,1.3353651186098878,0.09221818181818175,0.21439199539364223,-0.07390422844493691,0.3618643867243893,0.34882734636753043,1,37,14.808717406962785,0.09284344391552098,19,0.8549178349148047,0.08616161616161616,5000,2.037536086509756,6.324555320336759,0.05880635035442238,0.0414,0.0856
base,RWI,RWI,,1,16,9900,14,1.3359640713731789,0.09226004040404034,0.2144032887204867,-0.0769447522151765,0.36260801864802045,0.34975049124245466,1,36,14.816227290916366,0.09280974721627588,19,0.8555709927558414,0.08818181818181818,5000,2.0412713713998603,6.324555320336759,0.05891415628403284,0.0412,0.0844
base,RWI,RWI,,1,17,9900,14,1.3380582946942186,0.09212880808080803,0.21422456946753154,-0.07084196441959498,0.3625028416028433,0.3494190484267662,1,37,14.853852260904361,0.09268063614218,20,0.8562438271604941,0.08797979797979798,5000,2.0427210330453462,6.324555320336759,0.05895599569545934,0.0422,0.098
base,RWI,RWI,,1,18,9900,15,1.3546955377500878,0.09345709090909105,0.21607401838390475,-0.08298743837854715,0.36021445665445817,0.34693935199570636,1,37,14.850514285714286,0.09275059550518219,20,0.8556826752372209,0.09101010101010101,5000,2.049278220553127,6.324555320336759,0.05914524597106193,0.0416,0.1032
base,RWI,RWI,,1,19,9900,14,1.3499629624548963,0.09333595959595975,0.21556847409470833,-0.08169178913163894,0.35974000222000424,0.3469330093521318,1,37,14.899190076030413,0.09253288221715864,21,0.855971732476278,0.09242424242424242,5000,2.052581179922286,6.708203932499369,0.05924057433709932,0.0418,0.0904
base,RWI,RWI,,1,20,9900,15,1.3416407864998736,0.0926775353535354,0.21453384573280934,-0.07817015852752776,0.35986127872128093,0.34779106249470026,1,36,14.878988075230092,0.09259793367205829,20,0.8577033619018468,0.08717171717171718,5000,2.0566993119250627,6.708203932499369,0.05935942980913951,0.0408,0.094
base,RWI,RWI,,1,21,9900,15,1.3401492454200763,0.09263462626262631,0.21480851120439082,-0.08180479137059983,0.361044919524921,0.34866366090483797,1,36,14.891589275710285,0.09250760415235085,19,0.8562391388633812,0.08686868686868687,5000,2.0553939950734157,6.708203932499369,0.059321756405164135,0.0406,0.092
base,RWI,RWI,,1,22,9900,14,1.342534915747073,0.09291264646464659,0.21523560116741655,-0.08401159577701021,0.3603919835719849,0.3479882986390809,1,36,14.866897799119648,0.09261946704736698,20,0.8604257626772779,0.08565656565656565,5000,2.0627515289602174,6.708203932499369,0.05953410587880362,0.0406,0.0952
base,RWI,RWI,,1,23,9900,14,1.325745073534124,0.0919164848484848,0.2134165569660611,-0.08635986408706267,0.3619501787101803,0.34915493953751503,1,36,14.878940696278512,0.09254732298807186,20,0.8558027344148557,0.08828282828282828,5000,2.0650266805558455,6.708203932499369,0.05959977016947693,0.0394,0.0888
base,RWI,RWI,,1,24,9900,15,1.3440238093129153,0.09278569696969696,0.2145625832595758,-0.09243180283297218,0.36320139638139814,0.3501257666110844,1,36,14.862398719487794,0.09264429169793413,21,0.8593236098357312,0.08888888888888889,5000,2.068460877319451,7.0710678118654755,0.05969888624374118,0.0406,0.0896
base,RWI,RWI,,1,25,9900,13,1.3422369388450015,0.09315583838383845,0.2152691878091661,-0.08973172341207135,0.3614107092907107,0.34884115319389486,1,36,14.89581112444978,0.09248216772515583,19,0.8585377308437915,0.08505050505050506,5000,2.0738975545486666,7.280109889280518,0.05985579691051265,0.0396,0.09
base,RWI,RWI,,1,26,9900,14,1.3422369388450015,0.0931695757575759,0.21555506599910246,-0.09401849959695742,0.3624440093240108,0.35036743923120406,1,36,14.908203281312526,0.09238845279107213,22,0.8586108101214164,0.09363636363636364,5000,2.081747530355207,7.280109889280518,0.060082358997245504,0.0394,0.0956
base,RWI,RWI,,1,27,9900,13,1.337460279784039,0.09265183838383839,0.2150430039507341,-0.09729521492180708,0.36237561105561256,0.35053149383693316,1,37,14.928049299719888,0.09229813472274631,23,0.859417243138455,0.09252525252525252,5000,2.0875708077366046,7.280109889280518,0.06025042752480128,0.0398,0.0924
base,RWI,RWI,,1,28,9900,13,1.3567608484917304,0.09412775757575753,0.21646841828970326,-0.09709844894216699,0.362721103341105,0.3508875990340211,1,36,14.980751340536214,0.09205397767059537,22,0.8607786603407818,0.09101010101010101,5000,2.0909060178682086,7.280109889280518,0.060346686696260025,0.0402,0.1152
base,RWI,RWI,,1,29,9900,13,1.354695537750088,0.09421822222222231,0.21607923686200292,-0.09698146375481777,0.3648762282162304,0.3533374763424762,1,36,14.965367907162864,0.09211019527797329,20,0.8612167993061932,0.08383838383838384,5000,2.090314872535539,7.280109889280518,0.06032962535448871,0.0398,0.1032
base,RWI,RWI,,1,30,9900,13,1.361763562443936,0.0945130101010101,0.21650140520418223,-0.09422197407072028,0.3640079698079713,0.35211645440939765,1,36,14.98557118847539,0.09202072772314315,20,0.8613061575349451,0.08464646464646465,5000,2.091524887800628,7.280109889280518,0.060364548211602316,0.0406,0.104
base,RWI,RWI,,4,0,4900,4,0.27712812921102037,0.0188395102040817,0.03612824436332547,0.6504952980918245,0.0,0.0,1,98,33.333333333333336,0.046482951803896395,20,0.8645176384839652,0.08183673469387755,0,,,,,0.0
base,RWI,RWI,,4,1,9446,13,1.2167061107761397,0.08756675841626094,0.20305035897509066,-0.008052878294446189,0.35777997557997904,0.3469099802464491,1,38,15.136266666666666,0.09067013818531844,18,0.8509188359709754,0.0901969087444421,4546,1.912435298109954,8.06225774829855,0.05519575379077816,0.04003519577650682,0.0
base,RWI,RWI,,4,2,9895,14,1.3443749476987437,0.09312877210712478,0.21614019104802196,-0.04534275623190661,0.36330533022533307,0.3506570664705133,1,37,14.501533093237295,0.09422922142315261,18,0.8494169425761806,0.09307731177362304,4995,1.9653870436132896,8.246211251235321,0.05672402066102603,0.04004004004004004,0.0656
base,RWI,RWI,,4,3,9900,13,1.3611759621738844,0.09419846464646464,0.21779219641831862,-0.05591692015811226,0.36193921411921615,0.3491613012538123,1,35,14.488728611444579,0.0942547763975425,20,0.8479717936945209,0.09626262626262626,5000,1.979425953286155,8.246211251235321,0.05712920467041985,0.041,0.0788
base,RWI,RWI,,4,4,9900,13,1.3535139452550904,0.09382440404040415,0.217180890475396,-0.06230045418500403,0.36113072039072264,0.3480606796802169,1,36,14.517256822729092,0.09410590638763838,19,0.8506453219059281,0.09464646464646465,5000,1.9829259363658078,8.246211251235321,0.05723021943652845,0.0402,0.0652
base,RWI,RWI,,4,5,9900,14,1.364404632064843,0.09437268686868694,0.21806191354726462,-0.06997233559625303,0.3615145188145214,0.34804828121691256,1,35,14.513546538615445,0.09409826136877512,20,0.8477610702989491,0.09787878787878788,5000,1.9874770115334897,8.246211251235321,0.057361570298273656,0.041,0.0664
base,RWI,RWI,,4,6,9900,14,1.363524843924745,0.09406020202020215,0.21753000969136463,-0.07330190615303404,0.3613013719613746,0.3473430088095776,1,35,14.459435294117647,0.09427219164636622,19,0.8482960412202837,0.09636363636363636,5000,1.9959835310870746,8.246211251235321,0.05760708122319757,0.042,0.0788
base,RWI,RWI,,4,7,9900,16,1.3641114323983947,0.0940905050505052,0.2172028257535832,-0.07626126013013719,0.36072446997447294,0.34707908631448176,1,37,14.500840656262506,0.09410908901769517,18,0.8504182328333841,0.08868686868686869,5000,1.9987774427831493,8.246211251235321,0.05768771770917026,0.0418,0.0716
base,RWI,RWI,,4,8,9900,13,1.3582341477079716,0.0938619393939395,0.21701927654511677,-0.07435819872809266,0.36117845487845796,0.34810913096280394,1,37,14.472852821128452,0.09417838627394606,20,0.8495622640546882,0.09575757575757576,5000,2.0016808311524446,8.246211251235321,0.057771513856286455,0.041,0.0808
base,RWI,RWI,,4,9,9900,14,1.3641114323983945,0.09398125252525258,0.21710050597016958,-0.0838193818993406,0.3595968054168081,0.3464014456334529,1,37,14.460075230092038,0.09417428703473692,19,0.8513949392919092,0.08868686868686869,5000,2.010091540206965,8.246211251235321,0.058014259546369656,0.0424,0.0788
base,RWI,RWI,,4,10,9900,14,1.3708391590555036,0.09458529292929296,0.21719520150336016,-0.0848628713818987,0.3595858807858828,0.3465006985901181,1,38,14.485010644257702,0.09406804944341977,20,0.8499611876339147,0.09666666666666666,5000,2.018545202250349,8.246211251235321,0.058258244924195624,0.0424,0.0852
base,RWI,RWI,,4,11,9900,15,1.3591173606425606,0.0938110303030304,0.21625186528175805,-0.08190179757903358,0.3608081229881249,0.3480520214072892,1,38,14.47501400560224,0.09407241648099668,18,0.8502034435261706,0.09151515151515152,5000,2.022935623761656,8.246211251235321,0.05838495908023287,0.042,0.0864
base,RWI,RWI,,4,12,9900,15,1.3567608484917304,0.09362533333333345,0.21576476441048387,-0.08107599719166557,0.35978268620268866,0.3471168919205186,1,38,14.475142697078832,0.09408133322600137,20,0.8520809305172943,0.09353535353535354,5000,2.02987546406372,8.246211251235321,0.05858525328994475,0.0414,0.1004
base,RWI,RWI,,4,13,9900,16,1.3523313203501572,0.09305600000000003,0.21575646128758497,-0.08146925340884813,0.3582068720168743,0.345241122128994,1,37,14.49353181272509,0.09402735168416478,20,0.8518849352106928,0.09343434343434344,5000,2.0357094080238736,8.246211251235321,0.058753629670976866,0.0418,0.094
base,RWI,RWI,,4,14,9900,15,1.3490737563232043,0.09286472727272721,0.21545420775024263,-0.08487165377669387,0.35878613608613796,0.34580337086588586,1,38,14.511808883553421,0.09389610012177814,22,0.852418186919702,0.09888888888888889,5000,2.0428348148082205,8.246211251235321,0.05895927960795337,0.0424,0.098
base,RWI,RWI,,4,15,9900,14,1.3532183859229818,0.09321042424242432,0.21613672203808867,-0.09171391565996252,0.3589520412920434,0.3455654900631383,1,37,14.71903737494998,0.0930341523041334,21,0.8535853484338334,0.09171717171717171,5000,2.0471975685460486,7.0710678118654755,0.05908519523051114,0.0418,0.1044
base,RWI,RWI,,4,16,9900,15,1.3652838532700808,0.09435644444444446,0.217362927040487,-0.09819329891147671,0.35982386058386334,0.3464242355797736,1,38,14.69974037615046,0.09312917383964306,21,0.854092235486175,0.09545454545454546,5000,2.0468761163828617,7.280109889280518,0.05907591763849413,0.042,0.0944
base,RWI,RWI,,4,17,9900,14,1.3702554506368512,0.09462222222222216,0.21771084355793008,-0.09669500882027769,0.36012567210567487,0.3471032390092442,1,37,14.70787386954782,0.09307851148321863,21,0.8538163401693704,0.09525252525252526,5000,2.0539162042666983,7.280109889280518,0.059279105143914955,0.0416,0.0996
base,RWI,RWI,,4,18,9900,13,1.3769531582446803,0.09500129292929294,0.21776302062696867,-0.09751315857026627,0.35685456543456845,0.34407009227122665,1,37,14.69612837134854,0.09315293566136745,20,0.8556729058259358,0.09232323232323232,5000,2.0614150495566514,7.280109889280518,0.05949553307679637,0.0414,0.0956
base,RWI,RWI,,4,19,9900,13,1.3611759621738841,0.09406117171717177,0.21666710479526852,-0.09323807642018882,0.3573435275835305,0.34484073195526943,1,38,14.774228731492597,0.09284479389918122,20,0.854975665748393,0.09171717171717171,5000,2.064303812989976,7.615773105863909,0.05957890712630443,0.0402,0.1016
base,RWI,RWI,,4,20,9900,13,1.3579396157414365,0.0938075151515152,0.21644932293217373,-0.09518973637914563,0.3579263558663591,0.3456145058110799,1,37,14.728937334933974,0.09301565622240764,19,0.8544455310682585,0.088989898989899,5000,2.0640750410871753,7.615773105863909,0.05957230442574054,0.0402,0.094
base,RWI,RWI,,4,21,9900,13,1.3676256797823008,0.0945056969696969,0.2171639049555423,-0.10287485029241505,0.3561043045843073,0.34388674025350763,1,37,14.77693637454982,0.09284200164660511,21,0.8559621518212428,0.09323232323232324,5000,2.073048620835889,7.615773105863909,0.05983129540908069,0.0406,0.0908
base,RWI,RWI,,4,22,9900,14,1.369379421489895,0.09402892929292928,0.21697164880239683,-0.10106510738731621,0.35681634809635115,0.3447891379213007,1,37,14.78823593437375,0.09267074910713456,20,0.8580080910111211,0.08727272727272728,5000,2.076056626418253,7.615773105863909,0.05991811096602505,0.042,0.1056
base,RWI,RWI,,4,23,9900,15,1.3599999999999999,0.09327648484848483,0.21592144554447434,-0.09309795510657094,0.3579808191808221,0.34617339734538266,1,37,14.81060488195278,0.09253102003979219,21,0.8582073002754821,0.0905050505050505,5000,2.0741569129507176,7.615773105863909,0.05986328238336359,0.0416,0.1072
base,RWI,RWI,,4,24,9900,16,1.3602940858505561,0.09357438383838379,0.21620504482288805,-0.08945657553344756,0.3573692396492425,0.3458296268056085,1,37,14.82678031212485,0.09246614301930371,22,0.8612673859810224,0.0893939393939394,5000,2.0782768715789883,7.615773105863909,0.0599821905745578,0.0414,0.1048
base,RWI,RWI,,4,25,9900,14,1.3564659966250534,0.09350270707070707,0.2161578833687771,-0.09535102488208806,0.3589010722610756,0.34690995367755056,1,37,14.839036414565827,0.09237522471170036,22,0.8595923426180999,0.0892929292929293,5000,2.077957062434494,7.615773105863909,0.059972960402526886,0.041,0.0964
base,RWI,RWI,,4,26,9900,14,1.3632314550361577,0.09379397979797988,0.21655677192755438,-0.09283975954348662,0.3583572272172301,0.34658553458231567,1,37,14.821978391356543,0.09240797937379862,21,0.8594563717987959,0.08787878787878788,5000,2.077097570198575,7.615773105863909,0.05994815416626585,0.0418,0.104
base,RWI,RWI,,4,27,9900,14,1.360294085850556,0.09409426262626264,0.2163214119583956,-0.09464243636666007,0.35910850482850726,0.34726987757868427,1,36,14.79253493397359,0.09254108724097965,23,0.8570977502295684,0.09484848484848485,5000,2.087994364582819,7.615773105863909,0.06026265201125746,0.041,0.0972
base,RWI,RWI,,4,28,9900,14,1.362350909274112,0.09394678787878785,0.2163448677242755,-0.09629398292947469,0.3612307692307719,0.3493533630767493,1,37,14.807820728291317,0.09246761086066811,21,0.8592484287317621,0.0898989898989899,5000,2.088369062413493,7.615773105863909,0.06027346635317442,0.0416,0.11
base,RWI,RWI,,4,29,9900,13,1.3725887949418791,0.09494561616161623,0.2174617087993772,-0.09781527822254192,0.3605966788766808,0.34879979679099105,1,37,14.7444456182473,0.09270149787350773,21,0.8599519691868176,0.0901010101010101,5000,2.0942632493705093,7.615773105863909,0.06044358143753717,0.0418,0.108
base,RWI,RWI,,4,30,9900,14,1.3605881081355957,0.09377806060606075,0.2162914035328671,-0.097893975579109,0.36070632478632747,0.349298240659682,1,37,14.748015046018407,0.09264459553949353,19,0.8594225028058361,0.08656565656565657,5000,2.090879145986562,7.615773105863909,0.060345911133413685,0.0424,0.1148
base,RWI,RWI,,3,0,4900,4,0.27712812921102037,0.0188395102040817,0.03612824436332547,0.6504952980918245,0.0,0.0,1,98,33.333333333333336,0.046482951803896395,23,0.8619693669304456,0.09122448979591836,0,,,,,0.0
base,RWI,RWI,,3,1,9416,13,1.238113145071968,0.08893980458793549,0.20272982270117812,0.0064787956156983125,0.36238120768121146,0.3507543867946838,1,39,15.206783513405362,0.09028500910561557,17,0.8472273666580286,0.09005947323704333,4516,1.8956702028407513,7.280109889280518,0.054711887972325436,0.041851195748449956,0.0
base,RWI,RWI,,3,2,9890,13,1.3606821818485022,0.09383041456016183,0.21568582317715312,-0.03684024968094458,0.3698355666555685,0.3567790134985992,1,36,14.68332549019608,0.09326150220900535,19,0.8493685392707038,0.09322548028311425,4990,1.9508979262259307,7.280109889280518,0.05630584298110728,0.04168336673346693,0.0688
base,RWI,RWI,,3,3,9899,14,1.3655296994207045,0.09387837155268208,0.2164517851025091,-0.05059375028891737,0.3667882428682453,0.3537783802100983,1,36,14.736519887955183,0.09305062350583192,20,0.8484784514320979,0.09495908677644206,4999,1.9651442054630026,7.280109889280518,0.05671701198744241,0.04160832166433286,0.0764
base,RWI,RWI,,3,4,9900,14,1.3573503600765722,0.09341595959595961,0.21536813569476515,-0.05350741450432747,0.36497034521034744,0.35214867746536554,1,36,14.745032733093238,0.09304759202785662,21,0.8521571319253137,0.09515151515151515,5000,1.9743137201052734,7.280109889280518,0.05698165794596237,0.0418,0.0748
base,RWI,RWI,,3,5,9900,14,1.3526270735128731,0.09312218181818177,0.21508232687956255,-0.061280564674769986,0.36537569097569306,0.3523130164559644,1,36,14.847980152060824,0.09266299333138671,20,0.8509765023977147,0.09404040404040404,5000,1.9787950861030585,7.280109889280518,0.057110996896411866,0.0418,0.0748
base,RWI,RWI,,3,6,9900,13,1.343726162579266,0.09266549494949494,0.2145493818267588,-0.0701435361094887,0.3657332645132666,0.35225040627428816,1,37,14.86231324529812,0.09262946636825926,19,0.8503893888378738,0.09404040404040404,5000,1.9858833282176809,7.280109889280518,0.05731557420522581,0.041,0.0824
base,RWI,RWI,,3,7,9900,14,1.3407460609675494,0.09242682828282822,0.21456282516948952,-0.06922667941096887,0.3656368209568228,0.352808988764045,1,36,14.85002769107643,0.09261907047428082,20,0.8537642791551884,0.0902020202020202,5000,1.9913969601037511,7.280109889280518,0.05747470589892404,0.0412,0.0744
base,RWI,RWI,,3,8,9900,14,1.3514436725220922,0.09313268686868681,0.21563518215093838,-0.07055868038724668,0.36572271950272145,0.35250243675043436,1,37,14.854172388955583,0.09259716684004846,20,0.8530017039077643,0.09313131313131313,5000,1.9980075196700897,7.280109889280518,0.05766549657226264,0.042,0.0744
base,RWI,RWI,,3,9,9900,15,1.3526270735128734,0.09318068686868686,0.21544603804633533,-0.07451994361148769,0.3649209346209364,0.351846881841938,1,37,14.85279743897559,0.0925836453228736,21,0.8504637383940415,0.0992929292929293,5000,2.0016935627425134,7.280109889280518,0.05777188130908943,0.0416,0.0808
base,RWI,RWI,,3,10,9900,15,1.34937022347464,0.09309624242424253,0.21494904537798512,-0.07855885949912589,0.36514605172605413,0.3522406193490054,1,37,14.848171268507404,0.09255923089207865,19,0.8506164932149782,0.09212121212121212,5000,2.007069265324322,7.280109889280518,0.05792703215599714,0.0414,0.0828
base,RWI,RWI,,3,11,9900,14,1.346699669562594,0.09294917171717176,0.2151496412675758,-0.0801136941828717,0.3643809790209813,0.3513952666902155,1,37,14.82089955982393,0.092683480276491,19,0.8524734771962046,0.09,5000,2.016714006955584,7.280109889280518,0.058205393878864795,0.041,0.09
base,RWI,RWI,,3,12,9900,13,1.354990774876346,0.09375583838383839,0.21542594236538543,-0.08320179014014623,0.36503089799089977,0.3516800135587475,1,37,14.8453243697479,0.09257684025288104,20,0.8550847413529232,0.08959595959595959,5000,2.0203077737243422,7.280109889280518,0.05830911538303589,0.0408,0.0812
base,RWI,RWI,,3,13,9900,14,1.369379421489895,0.09434113131313127,0.21671586941275434,-0.08888985337287961,0.3649681007881026,0.35101338000338733,1,37,14.89822424969988,0.09235143410768276,19,0.8547874859708193,0.09,5000,2.028358600551078,7.280109889280518,0.05854147433174379,0.042,0.0848
base,RWI,RWI,,3,14,9900,14,1.369379421489895,0.09420197979797984,0.2166355511407349,-0.09120661662079621,0.3644813453213471,0.3509286964376447,1,38,14.904678351340536,0.09235117130570876,20,0.8551724823997555,0.09111111111111111,5000,2.032497095034334,7.280109889280518,0.058660917495540255,0.0422,0.0948
base,RWI,RWI,,3,15,9900,15,1.3676256797823005,0.09386602020202028,0.2159394121389307,-0.09294477513732521,0.36446153846154,0.35091607147898257,1,38,14.939512765106043,0.0921638364381569,20,0.8543495102540556,0.09202020202020202,5000,2.038444621144376,7.280109889280518,0.05883257202793596,0.0426,0.0944
base,RWI,RWI,,3,16,9900,14,1.3535139452550904,0.09329672727272742,0.21525605665803266,-0.092699292738311,0.3639210855810878,0.3508149947738637,1,38,14.967868107242897,0.09205086304058382,18,0.8552715437200287,0.08707070707070708,5000,2.041071741905807,7.280109889280518,0.058908394677136114,0.0418,0.0944
base,RWI,RWI,,3,17,9900,14,1.357645019878171,0.0935915151515152,0.21583278978088358,-0.09293709688913811,0.36575740481740665,0.3525673614641586,1,38,14.970564545818327,0.09201215338911332,20,0.8551450311192735,0.09141414141414142,5000,2.0464112560835233,7.280109889280518,0.05906250107237305,0.0416,0.0964
base,RWI,RWI,,3,18,9900,14,1.3481839637082174,0.09315515151515164,0.2152443655785089,-0.08846563864458576,0.36618501942502124,0.35255721955354624,1,38,14.995708043217286,0.09194203240901927,21,0.8577904550556068,0.09232323232323232,5000,2.0505372265086685,7.280109889280518,0.05918158277305041,0.0414,0.0984
base,RWI,RWI,,3,19,9900,14,1.3558761005342632,0.09365842424242432,0.21587077771083593,-0.09466801192332697,0.3679463580863609,0.3542920091517668,1,38,15.042858103241297,0.0916529518007976,21,0.8531232221201916,0.09484848484848485,5000,2.05351895556327,7.280109889280518,0.059267639949955285,0.0414,0.094
base,RWI,RWI,,3,20,9900,15,1.3576450198781713,0.09362925252525267,0.2158261431214249,-0.09603659272848605,0.3681363969363989,0.3543043551940349,1,38,15.038658663465386,0.0916502754540972,20,0.8599352208958271,0.08747474747474747,5000,2.0538218356769242,7.280109889280518,0.059276381524741066,0.0412,0.0968
base,RWI,RWI,,3,21,9900,13,1.3552859476877932,0.09381890909090917,0.21628139415729108,-0.10385663889070189,0.3683514907314932,0.3554036495113271,1,38,15.188920048019208,0.09107020960894491,21,0.8591401540659116,0.08888888888888889,5000,2.052621625630827,7.280109889280518,0.05924174166096786,0.0402,0.1052
base,RWI,RWI,,3,22,9900,13,1.3564659966250536,0.09379773737373731,0.21602189320201676,-0.09934381625137918,0.36853306027306254,0.35559541294768954,1,37,15.09776518607443,0.09139440220902216,23,0.8581430517294152,0.09444444444444444,5000,2.0578670803488497,7.280109889280518,0.05939313335898912,0.0404,0.1032
base,RWI,RWI,,3,23,9900,13,1.3552859476877932,0.09360981818181813,0.2156100297352936,-0.09911223155300708,0.3678927072927086,0.3549375741483532,1,38,15.125511964785915,0.09126402600351328,20,0.8593637996122846,0.08737373737373737,5000,2.063675504298841,7.280109889280518,0.05956077319421545,0.041,0.0916
base,RWI,RWI,,3,24,9900,14,1.351739619897264,0.09337939393939387,0.21558114661201858,-0.106620377221931,0.36684580752580953,0.35359927675443553,1,37,15.103635054021609,0.0913395367068025,20,0.8585143862871137,0.08656565656565657,5000,2.0664007285288606,7.280109889280518,0.05963942725679915,0.0408,0.0972
base,RWI,RWI,,3,25,9900,15,1.3567608484917304,0.09356294949494948,0.21578595197859518,-0.10634642026229525,0.36819538239538363,0.35457357115620897,1,38,15.18049843937575,0.09104368832009822,20,0.8595816243240485,0.08767676767676767,5000,2.0676349295200236,7.280109889280518,0.05967504815027665,0.041,0.104
base,RWI,RWI,,3,26,9900,14,1.35025923436946,0.09327195959595969,0.21532124990902232,-0.10462780541957496,0.36674136974137117,0.35336996906211593,1,38,15.171802480992397,0.09102858788197754,22,0.8594697530864199,0.09111111111111111,5000,2.072319754138595,7.280109889280518,0.05981025922196895,0.041,0.106
base,RWI,RWI,,3,27,9900,13,1.3487772240069893,0.09310884848484857,0.21511912982451872,-0.10079205042173783,0.36813845265845474,0.3549631262185301,1,38,15.17279487795118,0.09100647640192998,21,0.8598422456892154,0.08696969696969697,5000,2.077544332633271,7.280109889280518,0.05996104840084352,0.0406,0.1188
base,RWI,RWI,,3,28,9900,15,1.3588230201170424,0.09323652525252535,0.21524717739757415,-0.10005346083481297,0.3697823199023217,0.3571226841391776,1,38,15.17370756302521,0.09094120585092602,21,0.8612528619528622,0.08666666666666667,5000,2.0815489664638895,7.280109889280518,0.06007662814524349,0.0426,0.118
base,RWI,RWI,,3,29,9900,15,1.3682105101189657,0.09410335353535348,0.21641147344763614,-0.110243363683013,0.37070612276612447,0.35768123306233063,1,38,15.203900760304121,0.09079605505515556,22,0.8619443424140395,0.08858585858585859,5000,2.078782206327086,7.280109889280518,0.05999677529403327,0.042,0.112
base,RWI,RWI,,3,30,9900,15,1.3720058308913996,0.09419329292929302,0.21686612102162148,-0.10878150885992187,0.36994178932179095,0.3566418763494729,1,38,15.15558319327731,0.09096674989321399,22,0.8639666870727475,0.08828282828282828,5000,2.0854211230375013,7.280109889280518,0.060188384397121736,0.0426,0.1056
base,RW,RW,,1,0,4900,4,0.27712812921102037,0.0188395102040817,0.03612824436332547,0.6504952980918245,0.0,0.0,1,98,33.333333333333336,0.046482951803896395,22,0.862310537276135,0.08755102040816326,0,,,,,0.0
base,RW,RW,,1,1,9454,14,1.3033824304477946,0.09411698751851083,0.2127438539706547,0.012057631531279405,0.3612710667110696,0.34837623885806895,1,38,14.951458343337334,0.09152250735214368,20,0.8475266865101522,0.09911148720118468,4554,1.9094335942806286,14.866068747318506,0.05510912011188716,0.04106280193236715,0.0
base,RW,RW,,1,2,9895,17,1.561839940582901,0.10678225366346639,0.23272619866377242,-0.03598939232511808,0.36629313705902194,0.3499293538323797,1,35,14.33500856342537,0.0950220415488004,20,0.8474645730651885,0.09974734714502274,4995,1.9716855529760942,14.866068747318506,0.05690580509701812,0.04624624624624624,0.0816
base,RW,RW,,1,3,9900,18,1.6436544649043485,0.11138008080808093,0.2372411249437368,-0.04422326543617167,0.3662732786168103,0.34855672254295056,1,34,14.264607603041217,0.09537210326704974,19,0.8486711355984083,0.09606060606060605,5000,1.9849342184003902,14.866068747318506,0.057288181471025934,0.0498,0.0864
base,RW,RW,,1,4,9900,19,1.7153425313913253,0.11419236363636376,0.23910055993428406,-0.05651621862035124,0.36627413971993195,0.3475189094838334,1,35,14.212937655062024,0.09574074489569472,19,0.8478317314559738,0.09474747474747475,5000,2.0009616095353513,14.866068747318506,0.057750756040669204,0.054,0.0832
base,RW,RW,,1,5,9900,23,1.803330252615976,0.11755406060606055,0.24128575696682059,-0.06775555248097567,0.36613659145882754,0.3451283535199041,1,35,14.206137174869948,0.09577869234784184,19,0.8487692735435162,0.09242424242424242,5000,2.011184327270754,14.866068747318506,0.058045799021602236,0.0588,0.0888
base,RW,RW,,1,6,9900,26,1.9087168464704238,0.12176068686868691,0.24425953723985386,-0.07428174368814931,0.3659397680117424,0.34322903835098956,1,36,14.18435150060024,0.09592345951159464,18,0.8511701663095603,0.09070707070707071,5000,2.0264701053365957,14.866068747318506,0.0584869695247071,0.0636,0.0992
base,RW,RW,,1,7,9900,35,2.075572210259137,0.12702258585858583,0.24715488298717,-0.0789312256130286,0.36562415991759867,0.3399374771629248,1,35,14.168427691076431,0.09610932734150586,19,0.8519794612794613,0.09242424242424242,5000,2.046674808982117,14.866068747318506,0.059070107604691294,0.0726,0.1096
base,RW,RW,,1,8,9900,43,2.240892679268688,0.1318105454545455,0.24918180145956087,-0.08610792639724224,0.3672313987588432,0.33728688908203514,1,34,14.13367330932373,0.09630822003017073,21,0.8514983777165596,0.09818181818181818,5000,2.065313627092549,14.866068747318506,0.05960805187731126,0.081,0.1176
base,RW,RW,,1,9,9900,53,2.4230559217649104,0.13607284848484857,0.2511102137609021,-0.086871904573311,0.371760685679135,0.335807612693976,1,34,14.110044337735093,0.09650319265278436,20,0.8531153861850832,0.09444444444444444,5000,2.083875909373201,14.866068747318506,0.060143787210982604,0.089,0.1008
base,RW,RW,,1,10,9900,57,2.6098275805117854,0.14039579797979806,0.2521777254000648,-0.08767708169537812,0.3738320924875838,0.33267118485627484,1,34,14.018151580632253,0.0970887779385545,20,0.8533366391184573,0.09161616161616161,5000,2.1029756567799,14.866068747318506,0.0606950345950735,0.0992,0.1156
base,RW,RW,,1,11,9900,65,2.8708186985596984,0.14648892929292923,0.25352307020571296,-0.08871736105313956,0.37663142364494,0.32755995432051765,1,32,13.886266826730692,0.09789968162558055,19,0.8512209519436792,0.09131313131313132,5000,2.1362468541019664,14.866068747318506,0.0616552912989359,0.1116,0.1196
base,RW,RW,,1,12,9900,68,3.0401315760999554,0.15056315151515154,0.2541480453669321,-0.08866748774686241,0.3759868722983289,0.321617266834039,1,32,13.799019767907163,0.09849416319057731,19,0.8522687429854094,0.0901010101010101,5000,2.1583605975040125,14.866068747318506,0.06229352713228309,0.1212,0.1192
base,RW,RW,,1,13,9900,65,3.224158805021862,0.15397470707070715,0.25441038000119676,-0.09367101008902318,0.37624289466758853,0.31622536870260853,1,32,13.744610484193677,0.09895438214799568,21,0.8555901438628715,0.09363636363636364,5000,2.1860985186021806,14.866068747318506,0.06309408517736603,0.133,0.1212
base,RW,RW,,1,14,9900,75,3.478045428110449,0.15762864646464658,0.2533311090826885,-0.09060224341304392,0.3783665764953894,0.3094739862966196,1,32,13.703527170868348,0.09943774438200831,19,0.8537389245995309,0.08949494949494949,5000,2.2151807134982433,14.866068747318506,0.06393344098237806,0.1452,0.126
base,RW,RW,,1,15,9900,85,3.807256229885244,0.16152545454545453,0.25278723071957054,-0.08607196472242555,0.38038179745607187,0.300183545545846,1,31,13.498365106042417,0.1006471564455671,21,0.8558986276910518,0.09373737373737374,5000,2.2639421234822783,14.866068747318506,0.06534076847870167,0.1604,0.1368
base,RW,RW,,1,16,9900,87,4.058866836938606,0.16551135353535362,0.25245643770078496,-0.08835086797909603,0.38433013235081,0.2941381129280255,1,30,13.310019367747099,0.10184543296648728,21,0.8576827211509032,0.09,5000,2.3075647529862255,14.866068747318506,0.06659978305565797,0.1746,0.1316
base,RW,RW,,1,17,9900,100,4.409353694137044,0.16952707070707085,0.2513519137790602,-0.08679244979279793,0.3874295579550535,0.28464298412903644,1,29,13.091921888755502,0.1033727745373261,20,0.8561515967758392,0.09,5000,2.347633231953731,14.866068747318506,0.06775621951238261,0.1906,0.132
base,RW,RW,,1,18,9900,106,4.730243122715787,0.17353983838383846,0.249992088873253,-0.08882720089562339,0.3917696169875011,0.2762212755371747,1,29,12.99681056422569,0.10415872117624055,20,0.8558309764309767,0.0891919191919192,5000,2.3967837820150546,14.866068747318506,0.06917477817554224,0.2054,0.1336
base,RW,RW,,1,19,9900,106,5.083227321298939,0.17742286868686863,0.24844495116547158,-0.09242935943545333,0.39452096207876297,0.2656958346146597,1,27,12.754121488595437,0.10565571686013074,19,0.8598458932761963,0.08373737373737374,5000,2.450988491844012,14.866068747318506,0.07073920747726897,0.2226,0.1364
base,RW,RW,,1,20,9900,112,5.357760726273617,0.18105127272727284,0.24688386730211326,-0.09438308593996429,0.40067734005459854,0.2600823833700546,1,27,12.659083153261305,0.10648577204920548,21,0.8616954953576165,0.08676767676767677,5000,2.4936785393606278,14.866068747318506,0.0719713063380108,0.2356,0.1284
base,RW,RW,,1,21,9900,97,5.566974043409939,0.18370816161616177,0.2458960211078122,-0.09920499946326057,0.40259673469450524,0.2541609555512042,1,28,12.67940168067227,0.10668609062974699,20,0.8606046321803899,0.08575757575757575,5000,2.5474984035265074,14.866068747318506,0.07352462841614274,0.2482,0.1244
base,RW,RW,,1,22,9900,102,5.836368734067443,0.1870638787878789,0.2445507385833783,-0.1025024665610246,0.40579919392604835,0.24659051014070052,1,27,12.624465466186475,0.10734996870204092,21,0.8636981379451076,0.08595959595959596,5000,2.590911572048328,14.866068747318506,0.07477759763469677,0.2624,0.1428
base,RW,RW,,1,23,9900,106,6.056203431193507,0.1902849292929294,0.24317405539020942,-0.10533236023924182,0.40796406056743567,0.2404354859866206,1,25,12.256688275310124,0.10972425377058406,19,0.862641914090399,0.08171717171717172,5000,2.64050744743865,14.866068747318506,0.07620900905540615,0.2738,0.142
base,RW,RW,,1,24,9900,100,6.2810827092150285,0.19285523232323243,0.24146659155069836,-0.10767036467157513,0.41148711848240443,0.23475891803807405,1,26,12.237967507002802,0.11017439834422768,19,0.8628777573716968,0.08161616161616161,5000,2.687543753354676,14.866068747318506,0.07756654745847501,0.2836,0.1292
base,RW,RW,,1,25,9900,104,6.508824778713897,0.19515216161616156,0.240249000509142,-0.10951936823787613,0.41339510790427547,0.22878383718632683,1,26,12.126432653061224,0.11105402457056099,19,0.8617845219875522,0.08040404040404041,5000,2.7365470477526737,14.866068747318506,0.07898085610212009,0.2946,0.1388
base,RW,RW,,1,26,9900,105,6.806526279975712,0.19846719191919204,0.23857821021486575,-0.11287301014006042,0.41433478251715417,0.21976918026562461,1,24,11.907988795518207,0.11265710911489185,22,0.8645342158963369,0.08585858585858586,5000,2.807657896835039,14.866068747318506,0.08103322196342923,0.3104,0.1468
base,RW,RW,,1,27,9900,112,7.040568158891724,0.20099466666666665,0.2371742513172164,-0.11503040109544867,0.41793166824508826,0.21460105771441712,1,24,11.926023529411765,0.11300135680385393,21,0.8641191000918274,0.08565656565656565,5000,2.8629537253109274,14.866068747318506,0.08262914258737326,0.3234,0.1444
base,RW,RW,,1,28,9900,120,7.246957982491688,0.20230488888888898,0.23575576345245544,-0.11635007987197736,0.41800051026625035,0.20877187751572795,1,24,11.91702056822729,0.1132242547612418,21,0.8664764768901135,0.08323232323232323,5000,2.9100232918825286,14.866068747318506,0.08398764094289533,0.3346,0.1468
base,RW,RW,,1,29,9900,131,7.500826621113169,0.20453579797979793,0.23454427406923678,-0.11712156437204685,0.420851099578433,0.20229623440606181,1,24,11.632169667867148,0.11535430852751855,21,0.867603270074482,0.08191919191919192,5000,2.9683870113130326,14.866068747318506,0.08567210550553118,0.3458,0.1536
base,RW,RW,,1,30,9900,140,7.775036977404031,0.20672698989898985,0.232440975013555,-0.1195599728141916,0.42385442920987015,0.1962352157254706,1,23,11.430991276510603,0.11694757363870836,20,0.8662390827466585,0.0802020202020202,5000,3.045728400900282,14.866068747318506,0.08790429411955301,0.3586,0.1596
base,RWI,RWI,,5,0,4900,4,0.27712812921102037,0.0188395102040817,0.03612824436332547,0.6504952980918245,0.0,0.0,1,98,33.333333333333336,0.046482951803896395,20,0.8622157642648896,0.08408163265306122,0,,,,,0.0
base,RWI,RWI,,5,1,9463,13,1.1897242705770106,0.08557797738560713,0.20031055814620258,0.010926685806592697,0.36234305472305756,0.35073891625615766,1,37,15.468116206482593,0.08929823351575035,19,0.8502216159849881,0.09331078939025679,4563,1.8895729005502186,8.602325267042627,0.05453591067450585,0.04032434801665571,0.0
base,RWI,RWI,,5,2,9896,14,1.2971806967419766,0.08975266774454327,0.2120379515098503,-0.03033980616377452,0.3675525385725408,0.35463204444948404,1,37,14.922894917967186,0.09242526970707754,19,0.8494891383321058,0.09478577202910267,4996,1.9449589524169062,8.602325267042627,0.05613443528095828,0.03983186549239392,0.0656
base,RWI,RWI,,5,3,9900,14,1.2933676971379793,0.08960993939393935,0.21174283028393695,-0.04322030141715468,0.3661090176490197,0.35324862958398845,1,37,14.908143737494997,0.09252345156102072,18,0.8484131874298539,0.09131313131313132,5000,1.954674634369615,8.602325267042627,0.056414844448003675,0.039,0.0736
base,RWI,RWI,,5,4,9900,14,1.3026127590347023,0.09030585858585871,0.21252069238937915,-0.049884415560043464,0.36681581085581294,0.35369324215265685,1,36,14.890558463385354,0.09256450428847035,20,0.8485624324048567,0.09808080808080807,5000,1.961658597092382,8.602325267042627,0.056616412097016844,0.039,0.0772
base,RWI,RWI,,5,5,9900,13,1.3019984639007836,0.09033802020202031,0.21245432274396153,-0.060089596197560206,0.36651702297702515,0.3531510612088861,1,38,14.905370468187275,0.09249911280637613,20,0.8473587950209162,0.09808080808080807,5000,1.9661844297966382,8.602325267042627,0.056747034423371756,0.039,0.0684
base,RWI,RWI,,5,6,9900,13,1.2946041866145805,0.08969082828282837,0.2114804324542064,-0.06284765932956766,0.36747731157731406,0.35412092970553655,1,36,14.87137286914766,0.09261057782239579,19,0.8501217834914805,0.09404040404040404,5000,1.9712730456677374,8.602325267042627,0.05689389951681289,0.039,0.0976
base,RWI,RWI,,5,7,9900,13,1.2942951749890748,0.08947503030303028,0.21146857808601707,-0.06393962265414249,0.3655610101010127,0.3525537520183564,1,36,14.875325490196078,0.0926074502188253,19,0.851206876849301,0.09232323232323232,5000,1.9793160777180572,8.602325267042627,0.05712603349657133,0.0402,0.0788
base,RWI,RWI,,5,8,9900,13,1.296456709651348,0.08959753535353543,0.21180692200028925,-0.0726360178741344,0.3667943101343129,0.3537934257672535,1,37,14.919421208483394,0.0923841620181239,19,0.8500930313233341,0.09353535353535354,5000,1.986180143564196,8.602325267042627,0.05732414074172707,0.0404,0.0848
base,RWI,RWI,,5,9,9900,13,1.2946041866145805,0.08936662626262626,0.2113940712768034,-0.07688308452754854,0.3669055633255657,0.3540784385932609,1,38,14.928860824329732,0.09232088413318701,19,0.8514904397510457,0.09131313131313132,5000,1.9915078897076812,8.602325267042627,0.05747790749382907,0.041,0.0824
base,RWI,RWI,,5,10,9900,13,1.3038404810405297,0.08992638383838392,0.21271668229364135,-0.0811245030220955,0.36596042624042807,0.35312106239293245,1,38,14.924788475390155,0.09231185786851064,19,0.8528532598714418,0.0901010101010101,5000,1.999192949247103,8.602325267042627,0.05769970984950856,0.0414,0.096
base,RWI,RWI,,5,11,9900,13,1.2918204209564115,0.08937503030303029,0.21149507514876176,-0.08071164083837458,0.3660818559218575,0.35357112502478966,1,37,14.87097430972389,0.09248348155204872,19,0.8536197887970614,0.08828282828282828,5000,2.0090180876366603,8.602325267042627,0.05798327809364539,0.0394,0.0888
base,RWI,RWI,,5,12,9900,16,1.2905812643921342,0.08912133333333339,0.21115351274255506,-0.0958961694078158,0.3639700732600751,0.351211219719507,1,37,14.873926530612245,0.09251091145022877,18,0.8549787062544639,0.08626262626262626,5000,2.0213818832642003,8.602325267042627,0.05834011579688776,0.0394,0.094
base,RWI,RWI,,5,13,9900,14,1.2915107432770352,0.08927870707070706,0.21174695037779218,-0.08949746500688074,0.3638973937173956,0.35145127703879986,1,37,14.862173029211684,0.09251863457751636,19,0.856500953984287,0.08747474747474747,5000,2.0274898172385174,8.602325267042627,0.058516399941062426,0.0392,0.0912
base,RWI,RWI,,5,14,9900,13,1.2930583900195691,0.08915252525252537,0.21171490424885817,-0.09735461716308418,0.36525953823954005,0.3524462449361172,1,37,14.918500200080032,0.09222604777035698,19,0.8561823895520866,0.08525252525252525,5000,2.027611151731973,8.602325267042627,0.05851990183669974,0.04,0.0916
base,RWI,RWI,,5,15,9900,13,1.2868566353716329,0.08858597979797977,0.21119910228973518,-0.09241361031799836,0.3659118903318921,0.3534387486185497,1,37,14.917978391356543,0.0921984472249757,19,0.8570793592490564,0.08646464646464647,5000,2.033065263852392,8.602325267042627,0.058677315700605866,0.0408,0.0932
base,RWI,RWI,,5,16,9900,14,1.284678948220138,0.0884572525252525,0.21078678121049005,-0.09370299913075325,0.3637797113997132,0.3517308809567669,1,37,14.911286114445778,0.09225253615383487,21,0.8567977298234876,0.09111111111111111,5000,2.0374261306685577,8.602325267042627,0.05880317686377167,0.039,0.1
base,RWI,RWI,,5,17,9900,13,1.2796874618437113,0.08804444444444459,0.21043656808311884,-0.09053032524012561,0.3640062870462887,0.35215080433704204,1,36,14.919374789915967,0.09212814062225264,20,0.8552138404244465,0.09090909090909091,5000,2.036323732451239,6.4031242374328485,0.05877135999621926,0.0396,0.0976
base,RWI,RWI,,5,18,9900,13,1.3081284340614265,0.08991668686868692,0.212656662344203,-0.09936932504043677,0.3636042335442357,0.3514374283409062,1,36,14.87891956782713,0.0922638239807478,20,0.8549656259565352,0.09222222222222222,5000,2.044589583225894,6.4031242374328485,0.059009924858873734,0.0414,0.0924
base,RWI,RWI,,5,19,9900,14,1.3090454537562857,0.08971547474747488,0.21245559758896176,-0.09743403717195104,0.3629485803085822,0.3504033970276008,1,36,14.863035774309724,0.09236197096825105,21,0.8564745128048158,0.09070707070707071,5000,2.054223508442748,6.4031242374328485,0.05928797440378318,0.042,0.094
base,RWI,RWI,,5,20,9900,15,1.3163586137523466,0.09020420202020207,0.2128689962332101,-0.09420324441181788,0.3651269019869039,0.35236437728160286,1,36,14.846645538215286,0.09241411093939379,19,0.8555892153861853,0.08757575757575757,5000,2.0533503552580106,6.4031242374328485,0.05926277389203043,0.042,0.0944
base,RWI,RWI,,5,21,9900,14,1.3145341380123987,0.09047551515151508,0.2130216847366837,-0.09859197807443501,0.3643844311244333,0.3514178977755137,1,36,14.843429531812726,0.09235708548414946,21,0.8551885521885523,0.09363636363636364,5000,2.0564624773160114,6.4031242374328485,0.059352594406768905,0.0424,0.0852
base,RWI,RWI,,5,22,9900,13,1.31057239403247,0.09016711111111109,0.2126793025226285,-0.09443120708001476,0.3653999911199934,0.3529261906446819,1,36,14.873446018407362,0.09214585901122695,19,0.8584933527191102,0.08565656565656565,5000,2.0498482905555795,6.4031242374328485,0.05916169904716337,0.0416,0.094
base,RWI,RWI,,5,23,9900,13,1.311182672246701,0.09027260606060605,0.21250078677458714,-0.0940651874139103,0.3659016805416826,0.3529586594392629,1,36,14.915163825530213,0.09202034695106678,23,0.8574188195082135,0.09616161616161616,5000,2.0545520100205534,6.4031242374328485,0.05929745545248918,0.0418,0.0944
base,RWI,RWI,,5,24,9900,13,1.3062924634246345,0.09017769696969702,0.21242014697562722,-0.09882115124267085,0.3646993650793674,0.3516796194844354,1,37,14.88541112444978,0.09212836907973343,22,0.85736814610754,0.09242424242424242,5000,2.0615477724618505,6.4031242374328485,0.05949936365909372,0.041,0.1
base,RWI,RWI,,5,25,9900,14,1.296148139681572,0.08914682828282827,0.21139770068717914,-0.09397259465436769,0.36485125319125616,0.3523963290278722,1,37,14.897934533813526,0.09198473889092973,20,0.8563662585450464,0.08868686868686869,5000,2.0594467486950663,6.4031242374328485,0.05943872495897424,0.0412,0.1072
base,RWI,RWI,,5,26,9900,14,1.2967652061957862,0.08921894949494957,0.21078867607084797,-0.09445875407444279,0.364765083805086,0.3522588868432234,1,36,14.874872829131652,0.0920619948320614,21,0.8582221865115807,0.0905050505050505,5000,2.063709540934117,6.4031242374328485,0.05956175554260779,0.0416,0.1092
base,RWI,RWI,,5,27,9900,14,1.2868566353716329,0.08881604040404034,0.20999638071664314,-0.08597174462356204,0.3650473615273641,0.3534387486185497,1,36,14.895935014005602,0.09195865498721266,21,0.8596377920620345,0.08757575757575757,5000,2.0604504708272047,6.4031242374328485,0.05946769388656861,0.0406,0.1032
base,RWI,RWI,,5,28,9900,14,1.2812493902437574,0.08818472727272741,0.2094158379876266,-0.08885899667668731,0.3656869219669244,0.3539540816326531,1,36,14.929246898759503,0.0918407135212847,21,0.8609854963779204,0.08848484848484849,5000,2.064185137140646,6.4031242374328485,0.05957548196312793,0.04,0.1088
base,RWI,RWI,,5,29,9900,14,1.298614646459834,0.08956565656565663,0.2112814029419111,-0.0902619738487798,0.3657145077145093,0.3535884218873909,1,36,14.930089475790316,0.09181719262526197,22,0.8588690337720639,0.09151515151515152,5000,2.0687515673815478,6.4031242374328485,0.05970727599533841,0.0396,0.1064
base,RWI,RWI,,5,30,9900,14,1.3010764773832475,0.09011927272727283,0.21182232134114287,-0.08744370570958733,0.3640593117993132,0.35223153602174895,1,36,14.9278031212485,0.09184828213523599,20,0.8579767727782879,0.08606060606060606,5000,2.0762298509250248,6.4031242374328485,0.059923110485347736,0.0388,0.088
base,RW,RW,,3,0,4900,4,0.27712812921102037,0.0188395102040817,0.03612824436332547,0.6504952980918245,0.0,0.0,1,98,33.333333333333336,0.046482951803896395,23,0.8619693669304456,0.09122448979591836,0,,,,,0.0
base,RW,RW,,3,1,9454,13,1.2795334149603128,0.09199623439813842,0.2104564313038703,0.005109338772126592,0.36270742590742905,0.349496840627194,1,37,15.288742056822729,0.09006484911642294,20,0.8503695188652219,0.0946689232071081,4554,1.8965704189435417,7.615773105863909,0.054737869560522026,0.04084321475625823,0.0
base,RW,RW,,3,2,9894,15,1.5263056574618334,0.10493127147766335,0.23087137494881158,-0.03131353084019754,0.3714666688866709,0.354081675568827,1,37,14.42284337735094,0.09457019510134446,21,0.8481425957273642,0.10036385688295937,4994,1.9526507756202887,7.615773105863909,0.05635643284613378,0.04505406487785343,0.0668
base,RW,RW,,3,3,9900,17,1.6014992975334081,0.10903252525252527,0.23496557508258356,-0.043494951939353085,0.371682857926389,0.3538221267813816,1,36,14.486897478991597,0.09443951770035823,19,0.8503684828078767,0.09212121212121212,5000,1.968063869432315,7.615773105863909,0.05680127787280922,0.0488,0.094
base,RW,RW,,3,4,9900,22,1.6854672942540296,0.11276109090909103,0.2380438709841593,-0.059339322561157655,0.3715911647176373,0.3515036289707046,1,35,14.37025818327331,0.09493036754520456,18,0.850904999489848,0.0898989898989899,5000,1.9809356685187551,7.615773105863909,0.05717277731852729,0.053,0.0932
base,RW,RW,,3,5,9900,21,1.770649598311309,0.11721006060606065,0.2417158400369873,-0.07122700422624291,0.37021631754554596,0.3486407002913278,1,35,14.349532132853142,0.09510471787565124,19,0.8480796194265893,0.09484848484848485,5000,1.9995334041269475,7.615773105863909,0.057709535888456565,0.0566,0.0952
base,RW,RW,,3,6,9900,23,1.8725383841192682,0.12152105050505058,0.2449136888007272,-0.07958070120222567,0.3703112425997026,0.34765608922912294,1,36,14.320498119247699,0.09522231879958008,21,0.8500680032649732,0.09868686868686868,5000,2.011073738233287,7.615773105863909,0.05804260725595661,0.0624,0.0988
base,RW,RW,,3,7,9900,27,1.9796969465046916,0.12537591919191926,0.24714776816065206,-0.08327677493707673,0.369997514176398,0.3451714414156688,1,35,14.30804449779912,0.0954311296473698,19,0.8539827568615448,0.0905050505050505,5000,2.028607606145181,7.615773105863909,0.05854866100701496,0.068,0.1064
base,RW,RW,,3,8,9900,38,2.154808576184901,0.1295024242424243,0.2486564075916734,-0.08812486532669773,0.37241419057922415,0.34318817956723,1,34,14.289428091236495,0.0956389700308263,21,0.8504243138455262,0.09858585858585858,5000,2.053866645617742,8.06225774829855,0.059277674806905024,0.0776,0.1104
base,RW,RW,,3,9,9900,46,2.360169485439552,0.13415353535353547,0.25013208199484266,-0.08965951896798188,0.37265386578260884,0.3382756290495687,1,34,14.243693317326931,0.09596864936002505,21,0.8541379910213243,0.09414141414141414,5000,2.083447045981213,8.06225774829855,0.06013140956964883,0.0886,0.114
base,RW,RW,,3,10,9900,55,2.576043477893958,0.13817644444444444,0.2508100698490047,-0.09222335376349246,0.37792513824995677,0.3364712315925159,1,33,14.112745578231292,0.09658242914361732,22,0.8537953168044077,0.09737373737373738,5000,2.1059503946022793,8.06225774829855,0.0607808899945207,0.0992,0.1064
base,RW,RW,,3,11,9900,54,2.8419711469330577,0.14249462626262632,0.2510679444957797,-0.08732620772409856,0.38062074806478857,0.33120451885400237,1,32,14.024359823929572,0.09721077504684685,20,0.8563252066115701,0.09101010101010101,5000,2.1355223459782904,9.219544457292887,0.061634380906802184,0.1132,0.104
base,RW,RW,,3,12,9900,60,3.009717594725459,0.14606218181818176,0.25207443480148756,-0.08552586858354784,0.381858603755314,0.3270158209216971,1,32,13.83216774709884,0.09833994882815451,19,0.8591901081522293,0.08515151515151514,5000,2.15911775282245,9.219544457292887,0.06231537977146997,0.1204,0.1044
base,RW,RW,,3,13,9900,68,3.3471181634355247,0.1510314747474748,0.25166581057461423,-0.08334178501514117,0.3857991218591625,0.3194080860965678,1,31,13.727170548219288,0.09923926499592296,22,0.8539457351290686,0.09727272727272727,5000,2.194697389646909,9.219544457292887,0.06334226150496913,0.1356,0.1068
base,RW,RW,,3,14,9900,74,3.646477752571651,0.15576501010101018,0.2518321328076029,-0.0828125237252245,0.38829001490735654,0.31117480529549274,1,31,13.6534293717487,0.09987841269791638,20,0.8576810019385774,0.0906060606060606,5000,2.2466409989811567,10.0,0.0648414320518896,0.1488,0.1072
base,RW,RW,,3,15,9900,89,4.014971979976947,0.159325696969697,0.25045933816403904,-0.0816683039506538,0.3925979877903117,0.30142795912382414,1,30,13.440908843537414,0.10126489048690508,21,0.8598932353841443,0.08888888888888889,5000,2.2937574206924802,10.0,0.06620128271708642,0.166,0.1
base,RW,RW,,3,16,9900,92,4.262956720399586,0.16318844444444447,0.2503370107920328,-0.0842024464535948,0.39245674485854104,0.2925217048145225,1,29,13.333430652260905,0.10194474785712318,19,0.8579039791857973,0.08616161616161616,5000,2.341838203225572,11.40175425099138,0.06758896628336825,0.1768,0.1012
base,RW,RW,,3,17,9900,98,4.566136222234285,0.16727115151515148,0.2499828397455313,-0.0849023243010729,0.39601171469680546,0.2842339008142117,1,29,13.271897238895559,0.10265449679784419,20,0.8584516630956024,0.08767676767676767,5000,2.391429682074108,11.40175425099138,0.06902025081328127,0.1904,0.1028
base,RW,RW,,3,18,9900,102,4.89767291680447,0.17068254545454553,0.24890945623433025,-0.08445424350662072,0.3982864774735186,0.2738598058725582,1,28,12.956066266506603,0.10477378133399091,21,0.8584532190592796,0.0905050505050505,5000,2.4487655999068645,11.40175425099138,0.07067505147879542,0.203,0.1088
base,RW,RW,,3,19,9900,107,5.274921800368229,0.17478193939393938,0.24799374052105552,-0.08543795443155781,0.4036065326013854,0.26451025762665914,1,27,12.835109403761505,0.10586080900960226,21,0.860205907560453,0.0893939393939394,5000,2.5127803138846043,11.661903789690601,0.0725226122277496,0.218,0.0984
base,RW,RW,,3,20,9900,110,5.527531094439904,0.177702505050505,0.24706021180599552,-0.08642914007565322,0.40311848451652293,0.2556326148078725,1,27,12.619262424969987,0.10724076959077782,22,0.860282338536884,0.09161616161616161,5000,2.5671765787321688,11.661903789690601,0.07409257009488968,0.2274,0.08
base,RW,RW,,3,21,9900,117,5.807443499509918,0.18028783838383844,0.24608226165294936,-0.08711941396658829,0.407593384433885,0.24866716064554606,1,26,12.580152701080433,0.1077699637340167,20,0.8591178604224058,0.08787878787878788,5000,2.615267844580331,11.40175425099138,0.07548055622538276,0.2382,0.09
base,RW,RW,,3,22,9900,125,6.085523806542868,0.18312343434343448,0.2448619599798696,-0.08943594323296662,0.4094328442919967,0.24044425087108015,1,26,12.297178391356542,0.10982300190250623,20,0.8630763748597082,0.08494949494949496,5000,2.6791326678882657,11.40175425099138,0.07732379090457955,0.2518,0.0812
base,RW,RW,,3,23,9900,125,6.393434131982592,0.1864835555555555,0.2433354949689876,-0.09144723215952852,0.41096817426386834,0.23108952116585704,1,25,12.20059767907163,0.11088768724363311,19,0.8608926334047545,0.08191919191919192,5000,2.7486183439076157,11.661903789690601,0.07932925183146175,0.265,0.0944
base,RW,RW,,3,24,9900,129,6.629570121810312,0.18856371717171716,0.24227628837198295,-0.09268914892770495,0.41059335674220426,0.22340761622396654,1,25,11.898839215686275,0.1129427585553166,20,0.8618546525864709,0.08585858585858586,5000,2.8065942977174636,14.142135623730951,0.08100252489614344,0.2762,0.0804
base,RW,RW,,3,25,9900,132,6.882267068343106,0.1904731717171717,0.24118146241802554,-0.09427597831968584,0.4131204405720572,0.21659945973456524,1,24,11.6228587434974,0.11502078943689484,20,0.859789939802061,0.08656565656565657,5000,2.86644197602577,14.142135623730951,0.08272981873981995,0.2874,0.0804
base,RW,RW,,3,26,9900,140,7.233367127417217,0.19326698989899005,0.23951112467762856,-0.09653412322362914,0.41766987065003125,0.20879695317750727,1,24,11.58989643857543,0.11555459131400979,21,0.8607452708907254,0.08888888888888889,5000,2.941948963899113,14.142135623730951,0.08490906376644082,0.3024,0.0784
base,RW,RW,,3,27,9900,146,7.548615767145656,0.19555838383838386,0.2380840147707453,-0.09893614300881674,0.4194785125856975,0.20078004794790139,1,23,11.54486786714686,0.1163517365878105,19,0.8620657432915009,0.08343434343434343,5000,3.0322152815896444,14.142135623730951,0.08751428520936792,0.3178,0.0848
base,RW,RW,,3,28,9900,148,7.944557885747954,0.1985077171717171,0.23615221749297355,-0.10240451798535377,0.42387407559251344,0.19198388092508292,1,22,11.21693637454982,0.11903008827391927,20,0.8634913988368534,0.08474747474747475,5000,3.1304131490751153,14.142135623730951,0.0903484230867979,0.3368,0.086
base,RW,RW,,3,29,9900,154,8.20862960548227,0.20035179797979796,0.23517768554798543,-0.10402478120385646,0.4259270500873784,0.186008446001244,1,23,11.22904137655062,0.11917365797580837,20,0.8632983828180797,0.08272727272727273,5000,3.2061079787879208,15.231546211727817,0.09253308951090752,0.3474,0.0708
base,RW,RW,,3,30,9900,159,8.566819713289174,0.20252872727272742,0.23299049911121503,-0.10640045919305693,0.4301275508518433,0.17880633525953846,1,22,10.882405762304922,0.12238837844341843,19,0.8623747984899498,0.0795959595959596,5000,3.2949070501329,15.231546211727817,0.09509596402156478,0.361,0.0804
base,RW,RW,,2,0,4900,4,0.27712812921102037,0.0188395102040817,0.03612824436332547,0.6504952980918245,0.0,0.0,1,98,33.333333333333336,0.046482951803896395,20,0.8653470220741358,0.08204081632653061,0,,,,,0.0
base,RW,RW,,2,1,9450,14,1.3215142829345432,0.0960780952380953,0.21465587315669404,0.01835193158165257,0.3638269752469777,0.3491079080638878,1,38,15.40720768307323,0.08957267889382915,20,0.8515088099437303,0.09513227513227514,4550,1.8901005036156369,8.06225774829855,0.054551138091050014,0.04065934065934066,0.0
base,RW,RW,,2,2,9894,16,1.620866731104072,0.1118039215686275,0.23822969517055426,-0.015596725017244698,0.3703970762570795,0.3519099619262792,1,36,14.546830572228892,0.09401531859320375,19,0.8494711314095574,0.09328886193652719,4994,1.9500565833211831,8.06225774829855,0.05628156056179095,0.04645574689627553,0.0904
base,RW,RW,,2,3,9900,18,1.7083325203250097,0.115913696969697,0.2418472404500973,-0.029610747763636657,0.3669953807630305,0.34758024280725097,1,36,14.513591036414565,0.09427104714718154,19,0.849072961942659,0.09454545454545454,5000,1.9705201045835787,8.06225774829855,0.05687216850675401,0.0514,0.088
base,RW,RW,,2,4,9900,20,1.812181006411887,0.12043418181818177,0.24483182171134293,-0.0550303067903527,0.36975542314926435,0.34787159324087974,1,35,14.47477230892357,0.09448551948773402,19,0.8499539944903581,0.09464646464646465,5000,1.9852326459516982,8.06225774829855,0.05729679453817788,0.0568,0.104
base,RW,RW,,2,5,9900,26,1.938865647743546,0.12497898989898992,0.24737138341673418,-0.0664880469118222,0.37067472232435694,0.345991503544743,1,35,14.441244977991197,0.0946933945485281,18,0.8499100601979387,0.08969696969696969,5000,2.005441738252839,8.06225774829855,0.05788005928135183,0.0636,0.1032
base,RW,RW,,2,6,9900,27,2.0536796244789497,0.12872880808080822,0.24896593735903205,-0.07316487774982627,0.37309877361087035,0.3451341827053402,1,35,14.420485954381753,0.09486309215731847,20,0.8502010305070912,0.09747474747474748,5000,2.0207367348904723,7.211102550927978,0.05832149584627819,0.0706,0.1088
base,RW,RW,,2,7,9900,30,2.246775467197379,0.1339939797979799,0.2504973717191761,-0.08789498869883576,0.3728329322921466,0.3401855168542329,1,36,14.367621288515407,0.0952317115310031,20,0.8521216355473931,0.09424242424242424,5000,2.039224761652202,7.211102550927978,0.058855088054195634,0.0826,0.1176
base,RW,RW,,2,8,9900,37,2.435733975622133,0.1397319191919193,0.2529195347835636,-0.09158384054185548,0.3745780414037245,0.33708708708708707,1,36,14.302013285314125,0.09564808617614623,19,0.8546495306601368,0.088989898989899,5000,2.0647009705289108,7.211102550927978,0.059590369689119946,0.0922,0.1172
base,RW,RW,,2,9,9900,38,2.621907702418222,0.14418618181818177,0.2534948682275756,-0.09745270977708714,0.37571005317849415,0.3330696099920883,1,35,14.201346458583433,0.09628687734122102,20,0.8548545964697476,0.09111111111111111,5000,2.0944774684017675,8.246211251235321,0.060449764120380514,0.102,0.1212
base,RW,RW,,2,10,9900,49,2.849140221189543,0.14858884848484855,0.25397635017120623,-0.10237783192502015,0.377846940571173,0.32797660670014617,1,34,14.172352781112444,0.09657622904855669,19,0.8558268186919705,0.08757575757575757,5000,2.1230404790241653,10.04987562112089,0.06127413548781728,0.1146,0.1228
base,RW,RW,,2,11,9900,57,3.1063805304566277,0.15272690909090914,0.2536231262166405,-0.09703979449633203,0.38032948285978246,0.32196847461834427,1,33,13.98208531412565,0.09777069747311208,20,0.854080787674727,0.09090909090909091,5000,2.1609327459086343,10.04987562112089,0.062367763196737216,0.1276,0.1264
base,RW,RW,,2,12,9900,64,3.3315461875831764,0.15674973737373743,0.253441210480678,-0.09343192615556081,0.3821436697629573,0.3168167803646428,1,32,13.812309883953581,0.0988417352847547,20,0.8556375522905824,0.08848484848484849,5000,2.19559896084879,12.165525060596439,0.06336828220335984,0.1402,0.1256
base,RW,RW,,2,13,9900,58,3.56527698783699,0.1607216161616163,0.25299942698434896,-0.10033057574245005,0.3820669352679359,0.3091105134068746,1,31,13.722633053221289,0.09946419444913138,20,0.8574253392510969,0.08949494949494949,5000,2.2511389931814074,10.44030650891055,0.06497125091722572,0.1532,0.1368
base,RW,RW,,2,14,9900,69,3.8790720539840455,0.16528452525252524,0.25181313426672297,-0.09808379496202088,0.3883587694207135,0.30306813106267966,1,31,13.656986634653862,0.10004246091632366,23,0.8586347923681257,0.09272727272727273,5000,2.293929901063324,11.045361017187261,0.06620626075952907,0.169,0.1396
base,RW,RW,,2,15,9900,66,4.076959651505028,0.16901248484848486,0.2514321572845719,-0.10364135736681085,0.38693230684018226,0.295749565996528,1,31,13.591763105242096,0.1007000716092592,20,0.8609127486991125,0.08535353535353535,5000,2.3391462043623186,11.180339887498949,0.06751127115474975,0.1802,0.1448
base,RW,RW,,2,16,9900,66,4.334051222586092,0.17364537373737376,0.25058664573870726,-0.10579974482849232,0.3899475018923293,0.28930947514893246,1,30,13.393071148459384,0.1020290839269334,20,0.8614186307519639,0.08505050505050506,5000,2.3945708992062875,12.165525060596439,0.06911091105554018,0.1936,0.146
base,RW,RW,,2,17,9900,69,4.557894250638117,0.17782755555555552,0.25021720854311025,-0.11082856051949981,0.39536304679542966,0.2845802108471993,1,29,13.191523969587836,0.10307266890173465,22,0.8618507142128355,0.0906060606060606,5000,2.432838566084083,12.041594578792296,0.07021537337184537,0.2048,0.1436
base,RW,RW,,2,18,9900,77,4.788319120526534,0.1807342626262627,0.24866279583488815,-0.11316564784170885,0.3977589810813163,0.27799275481640046,1,29,13.17877262905162,0.10340265406397227,23,0.8629522395673913,0.0890909090909091,5000,2.4810563495587883,13.038404810405298,0.07160701099097798,0.2158,0.1364
base,RW,RW,,2,19,9900,77,5.012624063302573,0.18365878787878787,0.2474491271625851,-0.1145617964135335,0.4032615839615208,0.273409664117859,1,28,12.853302921168467,0.10525700327971364,22,0.8634545505560658,0.08767676767676767,5000,2.501511563714878,12.165525060596439,0.07219737918038181,0.2266,0.1464
base,RW,RW,,2,20,9900,81,5.240763303183993,0.1872435555555556,0.2462913112461542,-0.11805754208751668,0.4082228984542977,0.2683780630105017,1,27,12.761975510204081,0.10594820221164755,22,0.8634577645138252,0.08727272727272728,5000,2.55604802861244,12.041594578792296,0.07377138343144338,0.238,0.1428
base,RW,RW,,2,21,9900,85,5.4105082940514935,0.18910076767676776,0.24494338850816827,-0.11965136535807276,0.40918696886378136,0.26300666032350145,1,27,12.704406882753101,0.10649806555810298,21,0.8633008876645238,0.08474747474747475,5000,2.5828730764057624,13.152946437965905,0.07454559458247649,0.2466,0.1256
base,RW,RW,,2,22,9900,86,5.57243214404626,0.19155381818181816,0.24436049463601528,-0.12124927054721699,0.4110992669936921,0.25825778258155285,1,27,12.684398879551821,0.10675927123694263,21,0.8639589378634834,0.08454545454545455,5000,2.6202180907433963,13.038404810405298,0.07562342776131935,0.2546,0.1388
base,RW,RW,,2,23,9900,91,5.790751246600047,0.1942690505050506,0.24259324773315596,-0.12218416155033242,0.41155145478451177,0.25130406433384045,1,25,12.4332193677471,0.10856698711555504,21,0.867196551372309,0.08191919191919192,5000,2.660279654508455,13.0,0.07677966463491977,0.2644,0.1516
base,RW,RW,,2,24,9900,91,5.96523260233832,0.19670193939393954,0.24153141803245579,-0.12429771901668009,0.4138901080043581,0.24637129606683894,1,25,12.237511964785915,0.10987461040314875,22,0.8663379502091626,0.08535353535353535,5000,2.6977855125123753,13.152946437965905,0.07786214000344188,0.2724,0.134
base,RW,RW,,2,25,9900,94,6.127707564823896,0.19883583838383845,0.24070521288208938,-0.126969832198406,0.4156306553796579,0.2414937112366169,1,25,12.25283681472589,0.11011496669853496,20,0.8678703703703704,0.07707070707070707,5000,2.728252699642603,13.152946437965905,0.07874146876358325,0.2814,0.1372
base,RW,RW,,2,26,9900,96,6.316961294799898,0.2012416565656565,0.23925366473903714,-0.12941949781801967,0.419403769320988,0.23756630739601986,1,24,12.127156142456982,0.11096807823247015,21,0.8677429037853278,0.08,5000,2.775880146433446,13.152946437965905,0.08011606837976311,0.2904,0.1404
base,RW,RW,,2,27,9900,99,6.494428381312707,0.20348783838383833,0.2381502456559791,-0.13168915937544357,0.4228919104333153,0.23370452858203417,1,25,12.105153741496599,0.11126924238952283,22,0.8698578818487908,0.08252525252525253,5000,2.8120314876900383,13.152946437965905,0.08115945036145802,0.2992,0.1332
base,RW,RW,,2,28,9900,101,6.687361213513144,0.20539975757575757,0.23627953854075573,-0.13389907707229912,0.42586785555308354,0.22872139475439882,1,25,12.16886018407363,0.11106991282127154,21,0.8687586878889911,0.08060606060606061,5000,2.8558995766389685,13.152946437965905,0.08242554926649814,0.3082,0.1424
base,RW,RW,,2,29,9900,104,6.846371301645858,0.20699947474747482,0.2341644961266938,-0.13531547520528495,0.42823755554519355,0.22508438303999245,1,25,12.179396558623448,0.1113217809270848,22,0.8696216151413121,0.08222222222222222,5000,2.878831063710799,13.152946437965905,0.08308738640981175,0.3158,0.1332
base,RW,RW,,2,30,9900,107,7.038295248140702,0.2090097373737374,0.2328232205347157,-0.138174717054144,0.42928232744991,0.21995706509238672,1,25,11.875377991196478,0.11328738685400067,21,0.8688771860014285,0.08151515151515151,5000,2.9308428429659252,13.152946437965905,0.08458852444299042,0.3242,0.142
base,RW,RW,,4,0,4900,4,0.27712812921102037,0.0188395102040817,0.03612824436332547,0.6504952980918245,0.0,0.0,1,98,33.333333333333336,0.046482951803896395,20,0.8645176384839652,0.08183673469387755,0,,,,,0.0
base,RW,RW,,4,1,9483,13,1.2992825096952547,0.09322564589265014,0.21249627254013445,0.009376409433984989,0.35754943722944005,0.34409701249825764,1,39,15.099969267707083,0.09131438491528167,22,0.8511759650621736,0.09923020141305494,4583,1.914774160542789,8.06225774829855,0.055263256871860615,0.041675758236962686,0.0
base,RW,RW,,4,2,9897,15,1.5402630424703438,0.10581901586339293,0.23174987683994386,-0.02671224937948768,0.3611690553890576,0.34511192932842405,1,35,14.320361744697879,0.0953438709152357,17,0.8479777139517326,0.09033040315247044,4997,1.9780705523230446,8.06225774829855,0.057090085763797725,0.04522713628176906,0.0856
base,RW,RW,,4,3,9900,16,1.614434885648845,0.1100602424242425,0.23602056587934273,-0.04260862258385681,0.3613163780663806,0.3445364099991639,1,34,14.31451556622649,0.09535474275822102,18,0.8484583358840936,0.09181818181818181,5000,1.990528309331446,8.06225774829855,0.057449635333553434,0.0486,0.0828
base,RW,RW,,4,4,9900,18,1.713942822850284,0.1148954343434343,0.24005772209458984,-0.056200818382121834,0.36068360430419527,0.3424355777223608,1,34,14.235730452180873,0.09575054854711396,20,0.8503922456892156,0.09606060606060605,5000,2.009539331808785,8.06225774829855,0.057998321982982666,0.0542,0.0868
base,RW,RW,,4,5,9900,23,1.826909959467078,0.1189239595959597,0.24268838373644264,-0.06762589961533978,0.36276800639662127,0.34193725921849205,1,34,14.183733973589435,0.09598698735883006,21,0.8496178502193652,0.09878787878787879,5000,2.0206951888182294,8.06225774829855,0.058320296764261266,0.061,0.0936
base,RW,RW,,4,6,9900,26,1.9068298298484845,0.12196868686868689,0.24449899048112403,-0.0729950123466959,0.36314330969821657,0.34088949119132683,1,35,14.117537254901961,0.09633930092437128,19,0.8512984083256812,0.09353535353535354,5000,2.037284630412044,8.06225774829855,0.05879909295393818,0.0654,0.0908
base,RW,RW,,4,7,9900,28,1.9975985582694036,0.12570048484848484,0.24672753616015322,-0.08027622602405374,0.36366165822962987,0.3396103189289213,1,34,14.104745898359344,0.09644249272642975,19,0.8498669370472401,0.09121212121212122,5000,2.0500453946429857,8.06225774829855,0.05916738776703294,0.0698,0.0948
base,RW,RW,,4,8,9900,32,2.112628694304799,0.12929466666666678,0.24835164398098294,-0.08694757230983868,0.36333632822034134,0.336658253134828,1,34,14.035220168067227,0.09682150453144885,20,0.8504629170492807,0.09565656565656566,5000,2.0683796026525387,8.06225774829855,0.05969654053483864,0.0754,0.092
base,RW,RW,,4,9,9900,34,2.2297981971469976,0.1324704242424244,0.2493030454884768,-0.09392504965924109,0.3636140105135112,0.33411399435247513,1,34,14.070000480192077,0.09678526140814002,20,0.8541799918375679,0.09151515151515152,5000,2.086626064128315,8.06225774829855,0.06022316080594805,0.0822,0.1016
base,RW,RW,,4,10,9900,38,2.39716499223562,0.13636876767676775,0.2503012684780204,-0.09178737871228712,0.3656551014762303,0.33114901375328637,1,33,13.987850180072028,0.09728094032455731,21,0.8504847464544435,0.1,5000,2.107109180670252,8.06225774829855,0.060814334300096536,0.0926,0.1016
base,RW,RW,,4,11,9900,45,2.6369679558159214,0.1405187878787879,0.25064538209797005,-0.09408492843585393,0.3688344057270567,0.32731865284974093,1,33,13.909244337735094,0.09780372349980583,20,0.8535254973982246,0.0898989898989899,5000,2.128946709271512,8.54400374531753,0.061444598159619244,0.1056,0.1004
base,RW,RW,,4,12,9900,51,2.8005713702742874,0.14349474747474744,0.25120300772410026,-0.08939243752977488,0.37196627783799097,0.32554397793441614,1,32,13.778070588235295,0.09857970246061641,22,0.8535087950209165,0.09707070707070707,5000,2.146513366793469,8.54400374531753,0.061951598268050155,0.1136,0.0996
base,RW,RW,,4,13,9900,60,3.0987739510974337,0.14784549494949495,0.2516197250931262,-0.08087438961523019,0.37494170819753964,0.31899988821403286,1,32,13.732773429371749,0.0990943561277003,21,0.8531855882052855,0.09515151515151515,5000,2.180273256746624,8.246211251235321,0.06292595937490679,0.127,0.104
base,RW,RW,,4,14,9900,70,3.396704285038661,0.15161531313131316,0.25074466756820535,-0.07681744976166166,0.37656772356820223,0.31099722657663087,1,32,13.715492276910764,0.09965690623516758,20,0.855294679114376,0.0890909090909091,5000,2.2196486813896583,9.486832980505138,0.0640623932433635,0.1396,0.1172
base,RW,RW,,4,15,9900,78,3.760531877274809,0.15752165656565653,0.25219338191326807,-0.07756416309208877,0.37905020112592536,0.30127052271276905,1,31,13.51599743897559,0.10105465887679536,20,0.854133552698704,0.09191919191919191,5000,2.2658488855862453,11.180339887498949,0.06539580049559247,0.1558,0.118
base,RW,RW,,4,16,9900,84,4.088226999568394,0.16191135353535357,0.2520467976430476,-0.0794324303830975,0.3822903793140474,0.2917785234899329,1,30,13.383935974389756,0.10216509339026383,18,0.859763549637792,0.08151515151515151,5000,2.3087165669119627,12.041594578792296,0.06663302613474181,0.1708,0.1044
base,RW,RW,,4,17,9900,92,4.431433176749932,0.166054303030303,0.2508832809283966,-0.08036471011339841,0.3835914354937538,0.2807694374294772,1,29,13.235519487795118,0.10331808316393455,18,0.8584843791449852,0.08080808080808081,5000,2.3633665995482636,12.041594578792296,0.06821030812123954,0.186,0.112
base,RW,RW,,4,18,9900,98,4.8506494410542595,0.1702909494949496,0.25019685002747055,-0.08071542605776644,0.38834084171441335,0.2694880462423023,1,27,12.871535174069628,0.10568650060685138,20,0.8591058769513316,0.08797979797979798,5000,2.420431621790877,12.041594578792296,0.06985729033333395,0.2034,0.1152
base,RW,RW,,4,19,9900,108,5.2405343239024775,0.17320642424242427,0.24855406774630837,-0.08194267598017814,0.39135123152696544,0.2581755593803786,1,27,12.727543177270908,0.10671792474015745,20,0.8583378022650751,0.0890909090909091,5000,2.47477104669035,12.041594578792296,0.07142560771423985,0.2206,0.0892
base,RW,RW,,4,20,9900,117,5.611345649663724,0.1770814141414141,0.24739346506971435,-0.08347728937985271,0.3942257788543811,0.2476382953081109,1,25,12.452538455382152,0.10862402136754816,22,0.859083491480461,0.09232323232323232,5000,2.5427512398974024,12.041594578792296,0.07338761814701857,0.2372,0.1016
base,RW,RW,,4,21,9900,117,5.919256710094604,0.17986238383838393,0.2461459115192838,-0.08673973346136674,0.3979112463703433,0.238840657139041,1,25,12.35627242897159,0.10971294187536389,19,0.8603322671156003,0.08313131313131313,5000,2.5893352828467027,12.041594578792296,0.07473210356189756,0.2516,0.0956
base,RW,RW,,4,22,9900,122,6.312907412595246,0.18305155555555563,0.24388418533233305,-0.08993431578832126,0.4026616247936909,0.22877015651938745,1,25,12.255455782312925,0.11077417963064114,18,0.8595612641567187,0.08181818181818182,5000,2.659203420865079,12.165525060596439,0.0767486029162515,0.2684,0.0844
base,RW,RW,,4,23,9900,125,6.672270977710662,0.18633923232323246,0.24263212845848184,-0.09245248051815569,0.4087026551209844,0.22099438614012906,1,25,12.135238095238096,0.11176439629492743,20,0.8617970156106519,0.08565656565656565,5000,2.7238680756285567,12.041594578792296,0.07861492193202058,0.2852,0.0848
base,RW,RW,,4,24,9900,130,6.995369897296354,0.18941466666666673,0.24117298193539036,-0.0953813813932462,0.4142114446226707,0.21397009492816765,1,24,12.032088675470188,0.11274246892942724,20,0.8625501020304052,0.08343434343434343,5000,2.7848407640518706,12.165525060596439,0.08037468525656342,0.2984,0.0808
base,RW,RW,,4,25,9900,135,7.269277818325559,0.1924301414141414,0.2399499865944579,-0.09872276736387192,0.41771624980060196,0.20747467691232974,1,23,11.63157775110044,0.1160572587152139,19,0.8618663452708906,0.08232323232323233,5000,2.8458223259937263,12.36931687685298,0.08213470468417296,0.311,0.0708
base,RW,RW,,4,26,9900,140,7.53636517161954,0.19508189898989903,0.23817520732436123,-0.10087881200320635,0.42162347759897445,0.2015856176166992,1,23,11.572125170068027,0.11699423809456858,22,0.8626290582593611,0.0890909090909091,5000,2.8929688266734086,14.035668847618199,0.08349542347355335,0.3232,0.0716
base,RW,RW,,4,27,9900,142,7.774882635770138,0.19717224242424236,0.23688955008234377,-0.10368916481636745,0.42398470585179493,0.19598942173541845,1,23,11.557672989195678,0.11720882341326597,21,0.8624310223446587,0.08565656565656565,5000,2.939554639468743,12.165525060596439,0.08483995996884591,0.3344,0.0644
base,RW,RW,,4,28,9900,146,8.001949762401662,0.19906319191919186,0.23555302102688797,-0.10549864598763237,0.4270425926867897,0.1910910351605889,1,23,11.408544857943177,0.11863733248420197,18,0.8609715029078667,0.08050505050505051,5000,2.998068601138255,12.649110640673518,0.08652876074805414,0.3456,0.0664
base,RW,RW,,4,29,9900,151,8.27942026955994,0.20123288888888902,0.2339372607420025,-0.10802139917578268,0.43045378651318544,0.18547414296276118,1,23,11.37008243297319,0.11908515139016886,20,0.8647451790633608,0.08060606060606061,5000,3.057598047789017,12.649110640673518,0.08824686994834134,0.3576,0.0624
base,RW,RW,,4,30,9900,158,8.4864126696738,0.20326775757575755,0.23272134415826282,-0.10992709001002818,0.43177457230688826,0.18083415335705094,1,22,11.292203601440576,0.12013202694493827,20,0.8637434853586367,0.08272727272727273,5000,3.1075167052739854,12.649110640673518,0.08968759734488624,0.3682,0.0692
base,RW,RW,,5,0,4900,4,0.27712812921102037,0.0188395102040817,0.03612824436332547,0.6504952980918245,0.0,0.0,1,98,33.333333333333336,0.046482951803896395,20,0.8622157642648896,0.08408163265306122,0,,,,,0.0
base,RW,RW,,5,1,9440,13,1.3179135024727533,0.09517805084745756,0.213707199178911,0.029403584032295666,0.367126711066714,0.3547218143763081,1,40,15.40113581432573,0.08964787406326134,19,0.8495997917265156,0.0940677966101695,4540,1.8812938115950677,7.211102550927978,0.054296963738088136,0.04185022026431718,0.0
base,RW,RW,,5,2,9897,16,1.596123503993347,0.1093906032130949,0.23502021702737855,-0.019362179592275132,0.37296369297369486,0.35653472532380526,1,37,14.551245458183274,0.0940659397241955,18,0.8518148519117426,0.08911791451955138,4997,1.9457779018461558,7.211102550927978,0.056158071390953024,0.047028216930158094,0.0856
base,RW,RW,,5,3,9900,19,1.716041957529011,0.11537309090909087,0.24032055636731023,-0.03526715511779252,0.3721776351924664,0.35386277687736356,1,38,14.558298199279712,0.09411668137879954,19,0.8526794612794611,0.09272727272727273,5000,1.9661401810607058,7.211102550927978,0.05674575733842332,0.0522,0.102
base,RW,RW,,5,4,9900,23,1.806211504780102,0.11981773737373747,0.24342143266169067,-0.04640884201544492,0.37067608691842324,0.3506874603918111,1,37,14.53399087635054,0.09430600178344449,20,0.8519088154269971,0.09454545454545454,5000,1.9838332752044632,7.211102550927978,0.05725640659757527,0.0562,0.1068
base,RW,RW,,5,5,9900,29,1.930181338631166,0.1251242828282828,0.2473224794976043,-0.05821466419139641,0.36908875536821223,0.3472562017358026,1,36,14.409934853941577,0.09484760225561899,21,0.8526623864911743,0.09545454545454546,5000,2.0056701353953565,7.211102550927978,0.057886651165771325,0.0622,0.1064
base,RW,RW,,5,6,9900,30,2.0431348462595413,0.1291873535353536,0.24934477523948262,-0.0718407588302003,0.37326297611600656,0.34799121069907496,1,36,14.412242977190877,0.09492228283974354,19,0.8487821752882362,0.09484848484848485,5000,2.016113729686519,7.211102550927978,0.05818806897569957,0.0684,0.1036
base,RW,RW,,5,7,9900,34,2.18302542358077,0.13341014141414154,0.2511432636866134,-0.08896334782005344,0.37469351774475435,0.34566574900960184,1,35,14.38671724689876,0.0951208406397514,19,0.8516023824099582,0.09141414141414142,5000,2.030108021964961,7.211102550927978,0.05859196526010745,0.0772,0.1092
base,RW,RW,,5,8,9900,41,2.3428188150174996,0.1370686060606061,0.25189572417283507,-0.09201966176463026,0.37870901769346044,0.34474386020777775,1,35,14.337608323329333,0.09545629771910623,21,0.8537450158147128,0.09616161616161616,5000,2.0432195173393457,7.211102550927978,0.05897038270054514,0.0852,0.1148
base,RW,RW,,5,9,9900,49,2.4991198450654584,0.1413444444444445,0.25346221276672,-0.0947327002322442,0.38050827437723195,0.3409421476773898,1,33,14.208929011604642,0.09619208739363751,21,0.8547816702377309,0.09292929292929293,5000,2.0643570513697944,8.06225774829855,0.05958044366587133,0.0918,0.108
base,RW,RW,,5,10,9900,55,2.6828343221302355,0.14508436363636368,0.2542909551530656,-0.08969919929458055,0.38380415599559675,0.3384168763305593,1,33,14.248,0.09622773421027095,20,0.8574991480461178,0.08606060606060606,5000,2.0803984168096106,8.06225774829855,0.06004342155493196,0.1016,0.1032
base,RW,RW,,5,11,9900,59,2.807418743258654,0.14786464646464648,0.25461284884291074,-0.09205348560290569,0.3841015373047091,0.33491577335375194,1,34,14.246247939175671,0.09635232919522217,18,0.8560203754718907,0.08515151515151514,5000,2.101258838135976,8.06225774829855,0.060645484631596504,0.1082,0.1076
base,RW,RW,,5,12,9900,72,3.0840233462151354,0.15250505050505048,0.2548723976109573,-0.08417741313724825,0.3856978862503296,0.32762416508078657,1,33,14.064998159263705,0.09755696173247681,21,0.8576165034180185,0.0893939393939394,5000,2.136850842101511,8.54400374531753,0.06167272329935359,0.1196,0.1216
base,RW,RW,,5,13,9900,85,3.375677709734743,0.15601313131313144,0.2543282253425448,-0.07896167066854672,0.38895752554041985,0.32014936194895594,1,32,13.944485954381753,0.09839024378683953,20,0.8575229517396186,0.08797979797979798,5000,2.172670212194172,9.055385138137417,0.06270652409487813,0.1342,0.1116
base,RW,RW,,5,14,9900,87,3.598110615309096,0.15939903030303038,0.2540186095504707,-0.07975205895035548,0.3910695351761254,0.31413019092937855,1,32,13.927799279711884,0.098767352059413,19,0.8589254667891032,0.08383838383838384,5000,2.203464531481229,9.219544457292887,0.06359529438018023,0.145,0.1148
base,RW,RW,,5,15,9900,92,3.8624344654634597,0.16293523232323226,0.2533470667160848,-0.07955303373421592,0.3949955246382881,0.30758639680572764,1,31,13.780273709483794,0.09981639365653008,22,0.8586809407203349,0.09252525252525252,5000,2.237290542107661,9.219544457292887,0.06457156382893282,0.1582,0.1148
base,RW,RW,,5,16,9900,102,4.152685877838582,0.16613777777777772,0.25237043717419944,-0.08020444554929533,0.3990481269914227,0.3004530111920412,1,30,13.550060984393758,0.10109357382050421,20,0.8602124222018162,0.08525252525252525,5000,2.28088766857948,11.045361017187261,0.0658298423500949,0.171,0.116
base,RW,RW,,5,17,9900,105,4.442251681298573,0.1695292121212122,0.25130214980256893,-0.08131823465461274,0.4052617474498502,0.2943815401126912,1,29,13.449024409763906,0.10190462475039107,20,0.8593848586878889,0.08818181818181818,5000,2.317975997015706,11.045361017187261,0.06690026718846752,0.1846,0.1088
base,RW,RW,,5,18,9900,107,4.65609278258069,0.17220642424242438,0.2501453159021503,-0.08292536289286295,0.4058283090751894,0.2872697605823842,1,28,13.183395598239295,0.10333037745037085,21,0.8627939955106624,0.08616161616161616,5000,2.3492941967381467,10.63014581273465,0.0678041574496223,0.1952,0.1092
base,RW,RW,,5,19,9900,109,4.825929962193815,0.17395103030303027,0.2499222368443422,-0.08419696812542055,0.4078525222950608,0.2821450522433927,1,27,13.147775910364146,0.10372898797317545,20,0.859023063973064,0.08808080808080808,5000,2.3757903169233856,10.63014581273465,0.06856887525607602,0.2034,0.094
base,RW,RW,,5,20,9900,114,5.095331196301178,0.17693672727272736,0.2483329634915236,-0.08502905841213447,0.41089481015164003,0.27444260655104447,1,28,13.008380632252901,0.10482014263224818,19,0.8620096112641568,0.08212121212121212,5000,2.4218921037923073,10.63014581273465,0.06989944203647731,0.2144,0.0964
base,RW,RW,,5,21,9900,112,5.286132801964022,0.1803935353535353,0.2488017424318821,-0.08721905683029797,0.4125744718262429,0.2687142898575945,1,28,13.06302136854742,0.10496539841038185,20,0.8617105958575656,0.08343434343434343,5000,2.457752061200697,10.63014581273465,0.07093441424286642,0.2242,0.0968
base,RW,RW,,5,22,9900,118,5.5679080452177,0.18284937373737375,0.24718470758088487,-0.0865677719742962,0.41305103203264526,0.2591926160730934,1,27,12.74100456182473,0.10692765163656649,21,0.8609591215182124,0.08848484848484849,5000,2.5186734156872372,11.40175425099138,0.07269269599292773,0.2358,0.0964
base,RW,RW,,5,23,9900,123,5.803722943077141,0.1849534141414142,0.24582967271696976,-0.0864576786045534,0.4163213981061476,0.2530738075434853,1,26,12.561889395758303,0.10813031338578252,19,0.8635251147842056,0.08202020202020202,5000,2.5526186773749853,11.40175425099138,0.07367240720633829,0.2462,0.0988
base,RW,RW,,5,24,9900,127,6.002865982178846,0.18703595959595964,0.24501099466030005,-0.0871960639849287,0.4190160546289697,0.2478974205423114,1,26,12.43382280912365,0.10910382540475962,20,0.8625182124273035,0.08353535353535353,5000,2.5924124855256334,11.313708498984761,0.07482091625093255,0.2566,0.1024
base,RW,RW,,5,25,9900,128,6.183526501924286,0.18917365656565654,0.2433613496800128,-0.08940808635890503,0.42078361714397705,0.2429344040996363,1,26,12.40113837535014,0.10929145650752017,19,0.8632005713702681,0.08131313131313131,5000,2.6299216820826326,12.041594578792296,0.07590348797510861,0.2646,0.108
base,RW,RW,,5,26,9900,133,6.386109927021301,0.19150440404040414,0.2429537656420225,-0.09129888367628523,0.4225551574731134,0.23719096797951225,1,26,12.213294917967186,0.11092675639158225,21,0.8621546066727885,0.08737373737373737,5000,2.6654709281621103,12.041594578792296,0.07692949258608281,0.275,0.0956
base,RW,RW,,5,27,9900,143,6.6128360028054525,0.19321616161616162,0.2415034497389353,-0.09186841796794606,0.42212835921679454,0.22958512624827476,1,26,12.03859655862345,0.11246043706858988,20,0.8635761759004186,0.08363636363636363,5000,2.7099642665668973,12.041594578792296,0.07821363712908905,0.2852,0.0988
base,RW,RW,,5,28,9900,144,6.887205529095236,0.1960321212121212,0.24015595650704874,-0.09252129622995095,0.4221090648786661,0.22086854460093897,1,24,11.790724609843938,0.1144913692672946,20,0.8646567084991326,0.0801010101010101,5000,2.7711830093191923,12.041594578792296,0.07998050195096099,0.2966,0.1108
base,RW,RW,,5,29,9900,154,7.186709956579575,0.1987278787878788,0.23918050046165648,-0.0937446466587759,0.42755039362481345,0.2146480397387821,1,24,11.753813525410164,0.11509882035667368,21,0.8643805479032751,0.08444444444444445,5000,2.8233548837400986,12.041594578792296,0.08148626057097061,0.3088,0.1112
base,RW,RW,,5,30,9900,158,7.432307851535752,0.20119587878787892,0.2376188875160616,-0.09578878014442194,0.4284053766009833,0.20771025829292583,1,24,11.766526770708284,0.11530906915744467,20,0.863879961228446,0.08151515151515151,5000,2.880645980485393,13.0,0.08313976763261194,0.3184,0.1132
base,RWD,RWD,,1,0,4900,4,0.27712812921102037,0.0188395102040817,0.03612824436332547,0.6504952980918245,0.0,0.0,1,98,33.333333333333336,0.046482951803896395,22,0.862310537276135,0.08755102040816326,0,,,,,0.0
base,RWD,RWD,,1,1,9484,13,1.3847729633409225,0.10020851961197819,0.2209911835813743,0.026483551595259027,0.366285763125766,0.3518421458301218,1,37,15.163877390956383,0.0904639117714422,18,0.8518277903640592,0.08962463095740195,4584,1.890265595988434,6.4031242374328485,0.054555902904777645,0.04101221640488656,0.0
base,RWD,RWD,,1,2,9898,19,1.8176197182029028,0.12186332592442928,0.2469208194958729,-0.016349044816655077,0.3647495377103139,0.345457800793301,1,35,14.355316846738695,0.09505748026079065,20,0.8514723742488601,0.09567589412002425,4998,1.9819438863462726,6.4031242374328485,0.057201875998639566,0.055022008803521406,0.1304
base,RWD,RWD,,1,3,9900,29,2.2660979678734106,0.13644165656565654,0.2531825861525757,-0.06779518004048514,0.36762713136292113,0.33788887850841487,1,35,14.13264281712685,0.09643308553949158,20,0.8519211202938475,0.09373737373737374,5000,2.0411889118821267,6.4031242374328485,0.05891177637855681,0.0814,0.1896
base,RWD,RWD,,1,4,9900,55,3.08933649834394,0.15355991919191925,0.25440938860523965,-0.09255402447234863,0.37242885825773553,0.3190283199482832,1,32,13.717477711084435,0.0990175928354442,19,0.8551427150290787,0.088989898989899,5000,2.149656148493963,7.615773105863909,0.062042303666099474,0.1258,0.2276
base,RWD,RWD,,1,5,9900,82,4.275137424691749,0.17467733333333335,0.25211323853772305,-0.10138179441553673,0.3810544155596993,0.2862600433478556,1,29,13.054513645458183,0.10389441616599772,18,0.8572739873482298,0.08262626262626263,5000,2.335286883056845,9.055385138137417,0.06739988534797922,0.182,0.2884
base,RWD,RWD,,1,6,9900,86,5.685560658369586,0.19461660606060605,0.2435008969226895,-0.11908142078028841,0.396059746333652,0.24745902768213746,1,26,12.195235214085635,0.11034171941429205,21,0.8591483215998369,0.09191919191919191,5000,2.61134248117079,10.770329614269007,0.07536726434434161,0.2538,0.3348
base,RWD,RWD,,1,7,9900,116,7.180974864181046,0.21159810101010113,0.23017536953162426,-0.13400040285183323,0.4093560139705467,0.20768467126934706,1,24,11.23813781512605,0.11923217540730262,22,0.8655039179675544,0.08525252525252525,5000,2.9703752602301536,12.165525060596439,0.08572948935418356,0.3198,0.3548
base,RWD,RWD,,1,8,9900,142,8.751731257299895,0.225350303030303,0.2144761352475303,-0.1509045094300613,0.4247211480740131,0.17280470505147671,1,21,10.232309563825531,0.12917333802539854,20,0.8664036475869807,0.08050505050505051,5000,3.378617497794354,15.811388300841896,0.09751197321330256,0.397,0.3648
base,RWD,RWD,,1,9,9900,151,10.021177575514766,0.23495616161616173,0.19870677851160806,-0.16654406511721684,0.43690212922061084,0.1496614065286181,1,21,9.663972148859544,0.13618442996063773,22,0.8714071931435569,0.07898989898989899,5000,3.7878509326994214,15.811388300841896,0.10932306451573671,0.4536,0.372
base,RWD,RWD,,1,10,9900,179,10.961021850174372,0.2407705858585858,0.18474515271509306,-0.17642795194371344,0.4407420464830453,0.1335601404741001,1,18,8.743070988395358,0.14746581325818736,22,0.8719127538006325,0.07767676767676768,5000,4.1041116493393615,16.55294535724685,0.11845082359161503,0.4896,0.3696
base,RWD,RWD,,1,11,9900,199,11.77645107831727,0.24456557575757576,0.17353911394849045,-0.18068350022639032,0.4397830353046187,0.11991863195845599,1,17,8.404614005602241,0.15298715070454214,19,0.8727403785328027,0.06646464646464646,5000,4.391260118151209,17.204650534085253,0.12673835948974527,0.516,0.374
base,RWD,RWD,,1,12,9900,259,12.974713869677435,0.24780775757575757,0.16294858057543124,-0.17881217701790147,0.4435042619177657,0.10459351036255499,1,17,8.217674269707883,0.1581094787257848,17,0.8727051831445769,0.05818181818181818,5000,4.775555111179794,18.35755975068582,0.13782968992021669,0.5684,0.39
base,RWD,RWD,,1,13,9900,264,14.283612988316367,0.2508233131313131,0.15186135245135465,-0.18741629500111218,0.46082317020338287,0.09285548704158747,1,16,7.678641696678671,0.16645908553364736,18,0.8745087848178759,0.05808080808080808,5000,5.188765930329171,18.35755975068582,0.14975557450308088,0.6256,0.3952
base,RWD,RWD,,1,14,9900,265,15.116242919455878,0.25265090909090904,0.1430702029709474,-0.19688743113513937,0.4717657278121951,0.0864418553428928,1,15,7.401308363345338,0.17193455751664632,17,0.875489414345475,0.05444444444444444,5000,5.4824616075197445,18.35755975068582,0.1582320726641678,0.6658,0.3532
base,RWD,RWD,,1,15,9900,265,15.697235425386216,0.2538750303030304,0.13587253876552724,-0.2073538676156473,0.478875559914144,0.08227626211116777,1,16,7.38589643857543,0.17341388602771554,17,0.876374880114274,0.052626262626262625,5000,5.756025006239594,20.09975124224178,0.16612752304454514,0.6946,0.3404
base,RWD,RWD,,1,16,9900,265,16.12253081870213,0.25545365656565666,0.1245254809115147,-0.2203483835755235,0.48521378645819985,0.07953170592840367,1,14,7.147248659463785,0.17724337479869293,18,0.8768652688501175,0.05414141414141414,5000,5.942051181468687,20.09975124224178,0.17149651773771613,0.7234,0.3612
base,RWD,RWD,,1,17,9900,285,16.771284983566407,0.2565927272727273,0.11395127739289584,-0.22682929410928093,0.4920882582320968,0.07529582031073331,1,14,7.144456822729092,0.1778805345559247,16,0.8770447862463013,0.04727272727272727,5000,6.166330090641145,20.09975124224178,0.17796954376028618,0.749,0.3556
base,RWD,RWD,,1,18,9900,288,16.982814843246686,0.25676101010101005,0.1128509084711053,-0.2262643120076895,0.4954110888082984,0.07413502149043885,1,14,7.155456742697079,0.17770389213383211,17,0.8767122181410059,0.04919191919191919,5000,6.244816616480181,19.235384061671343,0.18023478272569662,0.755,0.3172
base,RWD,RWD,,1,19,9900,288,17.011972254856282,0.25679442424242427,0.11230727020050546,-0.22616855517284395,0.4945330233497943,0.07379603827390899,1,14,7.155434653861545,0.17771744570933048,16,0.877557524742373,0.04707070707070707,5000,6.251814779069461,20.09975124224178,0.18043676020417523,0.7556,0.3036
base,RWD,RWD,,1,20,9900,288,17.0086566194982,0.2568084444444445,0.11208666527657818,-0.22627113204855773,0.49328030674155554,0.07368073541241403,1,14,7.117781192476991,0.17821529169509961,16,0.8775078614427098,0.04686868686868687,5000,6.2482408731952805,19.235384061671343,0.18033361191523828,0.7556,0.304
base,RWD,RWD,,1,21,9900,288,17.015992477666416,0.2568347070707071,0.11181390386384735,-0.22646009760442296,0.49336787886135136,0.07358551057295126,1,14,7.096806722689076,0.1785745303755868,16,0.877885644322008,0.046363636363636364,5000,6.247564552191737,20.09975124224178,0.1803140922757336,0.7564,0.3048
base,RWD,RWD,,1,22,9900,288,17.030560765870277,0.25688565656565654,0.1113707624469973,-0.22700528939404685,0.49308959714828177,0.07344487284773743,1,14,7.091065546218488,0.1787467715637704,17,0.8776122232425263,0.04878787878787879,5000,6.263622575672,19.235384061671343,0.18077755094084977,0.7588,0.3096
base,RWD,RWD,,1,23,9900,288,17.088311794908236,0.25700355555555565,0.11029474782066359,-0.22882917921294316,0.4927360708868219,0.07300684395911616,1,14,7.0585376550620245,0.17945769149351384,16,0.8776893327211509,0.04686868686868687,5000,6.298914367923717,20.09975124224178,0.18179612504784637,0.7634,0.3164
base,RWD,RWD,,1,24,9900,288,17.090348153270604,0.2570427474747474,0.11011334278691827,-0.22916337457442423,0.49215495573893486,0.07289533403442741,1,14,7.046081152460984,0.17964201543332395,16,0.875030685644322,0.04898989898989899,5000,6.305771907257743,19.235384061671343,0.18199404392806445,0.7636,0.3108
base,RWD,RWD,,1,25,9900,289,17.12053737474382,0.2571101010101011,0.10946820229810897,-0.22961908970125336,0.4897372192141197,0.07232713802515067,1,14,6.997463305322129,0.18071247241043156,16,0.8756816243240485,0.04838383838383838,5000,6.316599465248963,20.09975124224178,0.18230654350681066,0.7656,0.3164
base,RWD,RWD,,1,26,9900,289,17.15771546564402,0.2571608080808081,0.10883143078898326,-0.23082173120076624,0.4880480777944437,0.07182262217864245,1,14,7.016551900760304,0.18030980910246214,16,0.8772842312008977,0.04727272727272727,5000,6.356301778231398,20.024984394500787,0.1834524118634911,0.769,0.3208
base,RWD,RWD,,1,27,9900,289,17.232573806602424,0.2573010909090909,0.10735759219108362,-0.23378377118257856,0.4894043340043835,0.07148120352050215,1,14,7.045882993197279,0.18004625493309767,16,0.8780077237016632,0.046464646464646465,5000,6.406193726846915,20.09975124224178,0.18489236840196632,0.7752,0.3304
base,RWD,RWD,,1,28,9900,289,17.36504534978242,0.25761600000000007,0.10266297152551318,-0.23950310958023538,0.49132336471672616,0.07074369330031721,1,14,7.05143593437375,0.1799301274076064,16,0.8781554586266709,0.04626262626262626,5000,6.494197136631498,20.09975124224178,0.18743227892548536,0.7824,0.3488
base,RWD,RWD,,1,29,9900,289,17.414270010540207,0.2577742626262627,0.10028350057767738,-0.242009028219542,0.49487645625983834,0.07082101707184654,1,14,7.051684993997599,0.17992556874009458,16,0.8790107642077339,0.04555555555555556,5000,6.534998392724943,20.024984394500787,0.1886098644301631,0.7868,0.3368
base,RWD,RWD,,1,30,9900,289,17.40029884800833,0.257770505050505,0.10029431437012781,-0.24195563692438446,0.493781043310945,0.0707696919934403,1,14,7.052949179671868,0.17989294657145796,16,0.8787802877257423,0.04565656565656566,5000,6.520362528598081,20.09975124224178,0.18818745141903537,0.7868,0.328
base,RWD,RWD,,2,0,4900,4,0.27712812921102037,0.0188395102040817,0.03612824436332547,0.6504952980918245,0.0,0.0,1,98,33.333333333333336,0.046482951803896395,20,0.8653470220741358,0.08204081632653061,0,,,,,0.0
base,RWD,RWD,,2,1,9477,14,1.3449689364442585,0.09708371847631114,0.2176161561798591,0.018159277116660152,0.3666786191586224,0.3526108145741471,1,39,15.139731092436975,0.09041067590554337,18,0.8534424084371524,0.08895220006331117,4577,1.8811338880175448,10.04987562112089,0.05429234810355189,0.041511907362901466,0.0
base,RWD,RWD,,2,2,9896,20,1.786918509613687,0.1195154001616816,0.2452786258017296,-0.02983260680349436,0.36833245563518346,0.348205411374931,1,37,14.35251700680272,0.09512042347206492,19,0.8505094913127241,0.09276475343573161,4996,1.9719224664391655,10.04987562112089,0.05691264277523412,0.055644515612489995,0.1368
base,RWD,RWD,,2,3,9900,36,2.2715633383201093,0.1340695353535355,0.2513113921715087,-0.07684725488784411,0.36959337335214937,0.337468982630273,1,35,14.183678271308523,0.0963707526135232,22,0.8516031374349557,0.0996969696969697,5000,2.0382940334491284,10.04987562112089,0.05882822584097788,0.0828,0.19
base,RWD,RWD,,2,4,9900,60,3.208613407688748,0.15248953535353538,0.25247203954942715,-0.0894225032630281,0.37412971715634885,0.3142779900954815,1,32,13.737966226490597,0.09921426329736147,21,0.8561429956126928,0.09212121212121212,5000,2.157426149622766,10.04987562112089,0.062266557563569004,0.132,0.236
base,RWD,RWD,,2,5,9900,93,4.716863364567602,0.1758141010101011,0.24921757114308196,-0.09444745253101806,0.3847261352360826,0.27147291811584423,1,26,12.638049139655863,0.10696166111252674,17,0.8564862156922762,0.08232323232323233,5000,2.399624865835955,10.198039027185569,0.06925677611985563,0.2076,0.2924
base,RWD,RWD,,2,6,9900,131,6.477406888562737,0.19567595959595963,0.239669869331605,-0.10372969050627498,0.3977141355449354,0.2220100203383104,1,23,11.55129731892757,0.1161164515344972,20,0.8586188144066932,0.08686868686868687,5000,2.739947081508858,11.045361017187261,0.07907898618070218,0.2876,0.3032
base,RWD,RWD,,2,7,9900,177,8.28033815734599,0.21416573737373734,0.22617668309283323,-0.11912839654865148,0.4124630954096046,0.17912886721612314,1,21,10.44183113245298,0.1267464841882967,20,0.8601244872972147,0.08464646464646465,5000,3.1789500209983377,12.165525060596439,0.09174927007759355,0.3658,0.3312
base,RWD,RWD,,2,8,9900,210,9.825639928269302,0.22678452525252535,0.21091155439161702,-0.13382090511503478,0.42320194521836035,0.1488685797649944,1,19,9.443899479791916,0.1380128103545124,19,0.8636938781756961,0.08070707070707071,5000,3.6356160911686572,13.038404810405298,0.10492933844311375,0.4318,0.3568
base,RWD,RWD,,2,9,9900,240,11.019001769670426,0.23408456565656577,0.19755971842899614,-0.14516304429194338,0.429778630602667,0.12918953518460513,1,18,8.871412244897959,0.14652683256110485,17,0.8621812468115498,0.07454545454545454,5000,4.012138555918108,17.0,0.11579634203876311,0.4858,0.3804
base,RWD,RWD,,2,10,9900,253,11.988227558734444,0.23949870707070708,0.18610614559781385,-0.15444884152568425,0.4333275106967044,0.11518607322036631,1,16,8.26980968387355,0.1547685232299158,18,0.8667750382614019,0.07242424242424242,5000,4.3829483270875365,18.110770276274835,0.12649846872138085,0.5282,0.4124
base,RWD,RWD,,2,11,9900,262,12.958487566070355,0.24449478787878798,0.17246086141233158,-0.16788801278137244,0.4416583949164277,0.1042846726602038,1,16,7.9785747899159665,0.1602100971577442,19,0.868815947352311,0.0706060606060606,5000,4.698671819545387,19.1049731745428,0.13561072270084396,0.5716,0.4416
base,RWD,RWD,,2,12,9900,273,13.8903419684326,0.24947381818181813,0.15555052337552566,-0.18522784174024878,0.4520506931414004,0.09538079015774092,1,16,7.787269147659064,0.16414365413120513,19,0.8755202887460465,0.06222222222222222,5000,5.080350620685893,20.09975124224178,0.14662654590580737,0.6114,0.4752
base,RWD,RWD,,2,13,9900,279,14.7631703912134,0.2532871919191919,0.1377663814654501,-0.20520709893946404,0.4639305175746974,0.0883773724361851,1,16,7.62578887555022,0.16733143822030977,18,0.8758913325170901,0.05919191919191919,5000,5.411556142001291,20.09975124224178,0.15618563448084996,0.6588,0.4812
base,RWD,RWD,,2,14,9900,290,15.386357593660692,0.2550413737373738,0.12582138829998624,-0.21525534055873088,0.46487598668465946,0.08255015325176371,1,16,7.36477118847539,0.17246089861852165,16,0.8726341036628915,0.052626262626262625,5000,5.627737362637036,21.587033144922902,0.16242494905540997,0.69,0.452
base,RWD,RWD,,2,15,9900,295,16.271299886610166,0.25644262626262626,0.11410484985636166,-0.22116583978294713,0.46862177044308184,0.07583889929203008,1,16,7.297928451380552,0.17491737077559408,16,0.8749297265585145,0.0496969696969697,5000,5.922476893713908,21.587033144922902,0.17093157440676504,0.7258,0.4804
base,RWD,RWD,,2,16,9900,297,16.398243808408264,0.2568867474747476,0.10889404077215396,-0.22472555617669962,0.4697618799237431,0.07504522583260016,1,17,7.312196238495398,0.17501736915915156,17,0.8751389603101725,0.051111111111111114,5000,6.101726396529455,20.615528128088304,0.1761049841604463,0.7342,0.5196
base,RWD,RWD,,2,17,9900,298,16.503163333131017,0.2571324444444445,0.10539342378970068,-0.2278632859100719,0.46993497965633213,0.0742460588187827,1,16,7.229866346538615,0.17673398875723004,17,0.8753520559126619,0.049494949494949494,5000,6.041431025210344,21.587033144922902,0.17436476922436858,0.74,0.5348
base,RWD,RWD,,2,18,9900,299,16.6154626778793,0.25730759595959607,0.10315494177872223,-0.22912260259967046,0.46900774653967675,0.0733027079303675,1,16,7.271290916366547,0.17616805054622584,17,0.8754278185899397,0.04929292929292929,5000,6.203709586729418,20.615528128088304,0.17904837213421898,0.7454,0.5308
base,RWD,RWD,,2,19,9900,300,16.634350002329516,0.2573513939393939,0.10253137272123902,-0.22992912906778615,0.468310946306405,0.0730407712634386,1,17,7.267119327731092,0.17618282403685132,17,0.8759377257422711,0.04898989898989899,5000,6.1340248525594765,21.587033144922902,0.17703716609027012,0.7466,0.5232
base,RWD,RWD,,2,20,9900,300,16.654344778465468,0.25737523232323234,0.10171064407598285,-0.22942997826400716,0.4680124947022667,0.07288718910834575,1,17,7.32049299719888,0.17542723472997748,15,0.8749902101826343,0.04686868686868687,5000,6.206654732135641,21.587033144922902,0.17913337345210964,0.747,0.5224
base,RWD,RWD,,2,21,9900,300,16.63331596525479,0.25741939393939406,0.1012677482526265,-0.23073869985752643,0.4675830430943154,0.0729976685926119,1,17,7.315621288515406,0.17554572652407552,15,0.8754703448627692,0.04666666666666667,5000,6.163033141727046,20.8806130178211,0.17787438886500515,0.7474,0.5252
base,RWD,RWD,,2,22,9900,301,16.66080430231386,0.2575446868686868,0.09905156488887279,-0.23143903533563379,0.4675413357113782,0.07271003114425034,1,16,7.211915166066427,0.177208088756204,17,0.8756322314049586,0.04878787878787879,5000,6.206038308694489,21.587033144922902,0.17911558254617818,0.7482,0.5292
base,RWD,RWD,,2,23,9900,301,16.696155246043922,0.25769191919191914,0.0963281577616646,-0.23304089783197396,0.46655924284165484,0.07236665387567152,1,16,7.291512444977991,0.17589041355958523,17,0.8761943628201205,0.048484848484848485,5000,6.202947183674009,20.8806130178211,0.17902636803746483,0.7494,0.5332
base,RWD,RWD,,2,24,9900,301,16.74058541389757,0.25784549494949505,0.09316454744345476,-0.23432021265607214,0.46691391079910816,0.07199564487592433,1,16,7.195106522609044,0.17740426756205868,17,0.8767439649015407,0.04787878787878788,5000,6.26368572560397,21.587033144922902,0.18077937354269175,0.751,0.5352
base,RWD,RWD,,2,25,9900,301,16.792569785473574,0.25799062626262637,0.08983780489325094,-0.23639883110813956,0.46894105940380487,0.07195792834136192,1,16,7.1918050420168065,0.17751398641285793,17,0.8764761197836956,0.04787878787878788,5000,6.262182287922803,21.587033144922902,0.18073598207414296,0.751,0.538
base,RWD,RWD,,2,26,9900,301,16.835605127229613,0.258060686868687,0.08868468565274623,-0.23855622380212965,0.46906870585042554,0.07158619221626991,1,17,7.199503801520608,0.1775660846959823,17,0.8770994694418939,0.04727272727272727,5000,6.306937430647171,20.615528128088304,0.18202768268285205,0.7534,0.5344
base,RWD,RWD,,2,27,9900,301,16.879502362332843,0.2580981818181818,0.08758398143172622,-0.24042031052334137,0.46815220670554836,0.07111890829025916,1,16,7.165831452581032,0.1781422955729078,17,0.8766577747168657,0.04787878787878788,5000,6.302775033021807,21.587033144922902,0.1819075496384892,0.7562,0.5336
base,RWD,RWD,,2,28,9900,301,16.88535460095523,0.2581139797979799,0.08678865822164514,-0.24080428383759406,0.4696745045849681,0.07132468192665603,1,17,7.196570788315326,0.17766413555890717,17,0.8764765534129169,0.04808080808080808,5000,6.318025182158857,21.587033144922902,0.1823476918372204,0.757,0.5272
base,RWD,RWD,,2,29,9900,301,16.875165184376716,0.2581125656565657,0.08728331539691277,-0.24131757944255233,0.46796401423446804,0.07120611017923444,1,17,7.196572068827531,0.17766400217221914,17,0.8768785123966943,0.04727272727272727,5000,6.326553800957707,21.587033144922902,0.18259384057953965,0.757,0.526
base,RWD,RWD,,2,30,9900,301,16.878412247601965,0.258120202020202,0.0867688482507426,-0.24152215246308878,0.4703003346510226,0.07144455251772808,1,16,7.155644977991196,0.17828141459980595,17,0.8768514233241506,0.047373737373737373,5000,6.325102805640728,21.587033144922902,0.18255196267635165,0.7574,0.526
base,RWD,RWD,,3,0,4900,4,0.27712812921102037,0.0188395102040817,0.03612824436332547,0.6504952980918245,0.0,0.0,1,98,33.333333333333336,0.046482951803896395,23,0.8619693669304456,0.09122448979591836,0,,,,,0.0
base,RWD,RWD,,3,1,9452,12,1.3319930330148126,0.09672416419805341,0.2166456106455554,0.02704706696999272,0.3612601731601754,0.34750459229739405,1,38,15.272898919567828,0.09026337533705539,21,0.8519712167086425,0.09691070672873466,4552,1.9022662348315198,7.0710678118654755,0.054902259358023224,0.04020210896309315,0.0
base,RWD,RWD,,3,2,9895,19,1.8230041140929987,0.12133651339060125,0.24626417549289906,-0.010269063969806546,0.36519199831816135,0.3447264010580261,1,36,14.315038975590236,0.09564312098795814,18,0.8512607339163285,0.09095502779181405,4995,1.9844267720048008,7.0710678118654755,0.05727353580623369,0.056856856856856854,0.1196
base,RWD,RWD,,3,3,9899,30,2.335095578343636,0.13712201232447718,0.25193236997862234,-0.06918135474370302,0.367484394839184,0.33494004700633395,1,35,14.034382713085234,0.09730759379958981,19,0.8508621285509965,0.09425194464087282,4999,2.040739221820946,7.0710678118654755,0.058898797648283624,0.08721744348869774,0.1908
base,RWD,RWD,,3,4,9900,55,3.2870655606482813,0.15679862626262642,0.25424890305380116,-0.10061905219611769,0.3721000099817468,0.3096788353207989,1,33,13.63200544217687,0.10023360169915109,21,0.8532474951535558,0.09343434343434344,5000,2.1713885774080937,9.219544457292887,0.0626695341908683,0.1394,0.2272
base,RWD,RWD,,3,5,9900,84,4.842478704134898,0.1794131313131313,0.24888201562404139,-0.10471376443540803,0.38593769722291943,0.26825802494377426,1,27,12.585850340136055,0.10751561802637213,22,0.8545040250994798,0.09707070707070707,5000,2.4210964964385733,11.180339887498949,0.06987647961382477,0.2158,0.2924
base,RWD,RWD,,3,6,9900,106,6.622567477949923,0.20079147474747483,0.2370090583197186,-0.12474141489465261,0.40652320148800053,0.22111229131361945,1,24,11.724680592236895,0.11543823044076812,20,0.8582068003264974,0.08686868686868687,5000,2.765881181035337,10.04987562112089,0.0798274832271977,0.3028,0.3028
base,RWD,RWD,,3,7,9900,122,8.383793890596309,0.21858416161616168,0.22129458700329055,-0.14878029322834338,0.42364322502377755,0.180190320270132,1,22,10.732763825530212,0.12481128001784564,20,0.8659324558718496,0.08161616161616161,5000,3.2935662816782925,13.92838827718412,0.09505726743110543,0.3886,0.3228
base,RWD,RWD,,3,8,9900,165,10.177779718583025,0.23199692929292937,0.20229253879017395,-0.1709959913694333,0.4456857042903068,0.14765748111034788,1,20,9.8079474989996,0.1348494998577855,21,0.8717054076114684,0.07636363636363637,5000,3.8043112031130564,15.033296378372908,0.10979813263123245,0.4728,0.3528
base,RWD,RWD,,3,9,9900,196,11.3877829273305,0.23915365656565668,0.18679058526059567,-0.18322997715358988,0.4543332878564658,0.12872381943541045,1,18,9.016728291316527,0.14391826942152414,21,0.87097923681257,0.07696969696969697,5000,4.239703403673699,17.88854381999832,0.12236420518193303,0.5188,0.3104
base,RWD,RWD,,3,10,9900,207,12.30876110743888,0.24381301010101009,0.17479928730563332,-0.19427094822268273,0.467208093449243,0.11781767420217923,1,17,8.393851300520208,0.15203320555327052,20,0.8730998316498317,0.07212121212121213,5000,4.496555374165435,19.026297590440446,0.12977733865523236,0.5574,0.268
base,RWD,RWD,,3,11,9900,231,13.0330349496961,0.2472589090909092,0.16444426707966164,-0.19733010713440408,0.47158420353005903,0.10908974372669879,1,17,8.172045778311325,0.1566781174575045,19,0.8735649219467401,0.06474747474747475,5000,4.7827418816057845,19.235384061671343,0.1380371109040146,0.5814,0.2652
base,RWD,RWD,,3,12,9900,298,14.00913987366819,0.2500762424242424,0.1537973534279732,-0.1899318603887871,0.47740522738427005,0.09874835897370535,1,16,7.817611204481793,0.1631852520442076,19,0.8760880063258851,0.0603030303030303,5000,5.051215809983491,21.095023109728988,0.1457856715296337,0.6094,0.2936
base,RWD,RWD,,3,13,9900,301,14.565685703048793,0.25168791919191924,0.14529941144601655,-0.1957498305388915,0.48297543579057084,0.09368398025813064,1,15,7.641018647458983,0.16609228609459104,19,0.8785979746964594,0.05808080808080808,5000,5.275127666767813,21.095023109728988,0.15224810386923635,0.6312,0.2872
base,RWD,RWD,,3,14,9900,286,14.637868697320659,0.25250751515151526,0.14079265265280758,-0.20562772019048223,0.48177510198938656,0.09286975756818952,1,15,7.517260664265707,0.1685309710759651,20,0.8791303132333435,0.05898989898989899,5000,5.340780301757478,21.095023109728988,0.15414293747756114,0.6394,0.266
base,RWD,RWD,,3,15,9900,235,14.518099049117966,0.2530702222222223,0.13724696108830214,-0.22332447505005792,0.4784238758490635,0.09351250237215229,1,15,7.463519487795118,0.16972576985950333,20,0.8797200183654728,0.05868686868686869,5000,5.409814148887734,21.02379604162864,0.1561353579443856,0.647,0.306
base,RWD,RWD,,3,16,9900,233,14.621299531847365,0.2533773737373737,0.13562421027761618,-0.22413744890028092,0.47837371725267247,0.09245657302165988,1,14,7.351931492597039,0.17181988727381284,20,0.8798791398836854,0.058787878787878785,5000,5.450543785172183,21.095023109728988,0.15731087639385483,0.6504,0.3152
base,RWD,RWD,,3,17,9900,246,14.676266555224458,0.2536033131313131,0.13395565991857117,-0.2243307747110909,0.47999610607175025,0.09219864455557233,1,14,7.400513485394158,0.17109094753185988,20,0.8819674318947047,0.056262626262626264,5000,5.435953974080447,21.0,0.15688979254245902,0.6524,0.3132
base,RWD,RWD,,3,18,9900,246,14.74522295524893,0.25408319191919193,0.1305235243614763,-0.22746167413405427,0.4813126622532058,0.09174956286642079,1,14,7.170220728291317,0.17457844389837185,20,0.882722140597898,0.05545454545454546,5000,5.49651473110464,21.095023109728988,0.15863766690840178,0.6536,0.3196
base,RWD,RWD,,3,19,9900,254,14.78661556949392,0.2541750707070707,0.13009257477311817,-0.22720556231106226,0.4829150279871357,0.09157638825907732,1,14,7.337856742697078,0.17219637405589389,20,0.8828862003877155,0.05484848484848485,5000,5.502962822037209,21.095023109728988,0.15882376849306,0.6548,0.3084
base,RWD,RWD,,3,20,9900,247,14.782881992358595,0.25422262626262637,0.12955365121127121,-0.22837770093621776,0.4835488144213361,0.09168361747274456,1,14,7.366889155662265,0.171805669554313,20,0.8818014590347926,0.056666666666666664,5000,5.4952612326598125,21.02379604162864,0.15860148906144078,0.654,0.3048
base,RWD,RWD,,3,21,9900,239,14.777902422197814,0.25424686868686863,0.12939057964646752,-0.22931991898880894,0.4818263398790012,0.09145189770740664,1,14,7.366524529811925,0.1718241722991783,20,0.8831158912355883,0.05515151515151515,5000,5.500445889211877,21.095023109728988,0.15875112603311783,0.6556,0.3048
base,RWD,RWD,,3,22,9900,228,14.76801950161226,0.2542424242424244,0.1293464546323764,-0.22982049860053422,0.482676052571967,0.09166407720314487,1,14,7.362916046418567,0.17186896798279747,20,0.881869696969697,0.05656565656565657,5000,5.510910593769416,20.396078054371138,0.15905315311702597,0.6536,0.3028
base,RWD,RWD,,3,23,9900,227,14.771865149668812,0.25424440404040416,0.12936382750822456,-0.2296839893183133,0.4827794045630762,0.09161714546924997,1,14,7.368643457382953,0.17177363849524718,19,0.8834167482909907,0.05333333333333334,5000,5.500905425323165,21.095023109728988,0.15876438893517872,0.6544,0.304
base,RWD,RWD,,3,24,9900,221,14.766692249789727,0.25424670707070707,0.12950797715796436,-0.23021401626211624,0.4818449860812715,0.09148374120799703,1,14,7.3623308523409365,0.1718735556764608,20,0.8829207172737475,0.054646464646464644,5000,5.510795510556933,21.0,0.15904983164274242,0.656,0.3044
base,RWD,RWD,,3,25,9900,229,14.774193717424989,0.2542493333333333,0.1295254626773838,-0.2297036514174634,0.4849683718277003,0.09196318191671989,1,14,7.36438031212485,0.17184394425813396,20,0.8839781705948371,0.05404040404040404,5000,5.501900855003976,21.095023109728988,0.15879311853017858,0.6554,0.3036
base,RWD,RWD,,3,26,9900,237,14.778037758782457,0.2542659393939395,0.12922499444951663,-0.2293926121833042,0.4832639672086928,0.09161747136130438,1,14,7.361380712284914,0.17188395498325873,20,0.8830088562391593,0.054343434343434346,5000,5.494230945493211,21.095023109728988,0.15857175342707044,0.6544,0.3048
base,RWD,RWD,,3,27,9900,240,14.78036535407701,0.25426723232323245,0.1292591096021091,-0.2292575805712668,0.4847815808923731,0.09187545011153983,1,14,7.364138935574229,0.17184762397266598,20,0.8826798949086827,0.055656565656565654,5000,5.5055531308358825,21.02379604162864,0.15889852869375018,0.6536,0.3036
base,RWD,RWD,,3,28,9900,226,14.769157051098075,0.2542700606060606,0.129079715009423,-0.22998867227439465,0.48379178482254176,0.09180227922900155,1,14,7.366070268107243,0.17181673062609434,20,0.8827414804611773,0.05494949494949495,5000,5.503651550831015,21.095023109728988,0.15884364624001915,0.6542,0.3044
base,RWD,RWD,,3,29,9900,231,14.77405834562731,0.2543054545454546,0.12876380224951245,-0.23001515606032596,0.4832159616871507,0.09167450322104356,1,14,7.363688835534214,0.17185204891413777,20,0.8842597285991225,0.053636363636363635,5000,5.525229747505503,21.095023109728988,0.15946642539080721,0.6556,0.304
base,RWD,RWD,,3,30,9900,238,14.78926637801889,0.25431797979797977,0.12907755087687756,-0.22948849073884844,0.48256204289001253,0.09141852704358736,1,14,7.367633773509404,0.17182399730632625,20,0.8828827007448219,0.055656565656565654,5000,5.500373293362253,21.095023109728988,0.15874903080791153,0.656,0.3048
base,RWD,RWD,,4,0,4900,4,0.27712812921102037,0.0188395102040817,0.03612824436332547,0.6504952980918245,0.0,0.0,1,98,33.333333333333336,0.046482951803896395,20,0.8645176384839652,0.08183673469387755,0,,,,,0.0
base,RWD,RWD,,4,1,9476,15,1.3837165027562546,0.09982764879696071,0.2205489770083431,0.007669526307587803,0.36492878454878674,0.3496054236869334,1,38,15.106761424569829,0.09068994745361067,20,0.8521952818174675,0.09582102152807091,4576,1.895101328112695,7.280109889280518,0.05469546939363751,0.043050699300699304,0.0
base,RWD,RWD,,4,2,9894,27,1.9401053991987136,0.1250261976955731,0.24844406346575643,-0.03762640524219635,0.36693066032328087,0.3435944423171599,1,35,14.194002080832332,0.09600715500649319,22,0.8483314022105107,0.10309278350515463,4994,1.9977049467999854,7.280109889280518,0.05765676386498697,0.06427713255907089,0.1492
base,RWD,RWD,,4,3,9900,56,2.6561626456224396,0.1419724848484849,0.2535136454060542,-0.06789179413685052,0.37059330936159524,0.32856570150141606,1,32,13.819272669067628,0.09847917747261795,20,0.8516212121212121,0.09404040404040404,5000,2.078914746151387,7.280109889280518,0.06000060059234105,0.1022,0.2044
base,RWD,RWD,,4,4,9900,102,4.010585992096417,0.1624696565656567,0.25247462853735425,-0.0723720163063344,0.3805904134033257,0.29328322838377685,1,30,13.046943577430973,0.1041743885453587,19,0.8543457708397103,0.08767676767676767,5000,2.2335478206148363,8.06225774829855,0.06446354326780347,0.1684,0.2544
base,RWD,RWD,,4,5,9900,126,5.626153215119546,0.18511826262626263,0.2452837145593345,-0.09310009192948494,0.39477461467561153,0.24857737682165165,1,27,12.07437631052421,0.11208350871996403,23,0.8576041781450875,0.09434343434343434,5000,2.499235921557354,9.433981132056603,0.07213170073135572,0.25,0.2992
base,RWD,RWD,,4,6,9900,150,7.314916267463354,0.2049930909090909,0.23473493957789623,-0.11060839689196854,0.4162018837163677,0.20726330017061442,1,23,10.770906122448979,0.12355200077496054,21,0.8636402305887155,0.08252525252525253,5000,2.8434960760021593,11.180339887498949,0.08206756561708022,0.3304,0.3008
base,RWD,RWD,,4,7,9900,173,8.682027412995192,0.21813773737373743,0.22120826415177025,-0.12758261937896523,0.42610619236147024,0.1752104713328827,1,21,9.932198479391756,0.1327900107684246,21,0.8662121773288439,0.08252525252525253,5000,3.1972622976806857,12.165525060596439,0.09227778987437121,0.388,0.2844
base,RWD,RWD,,4,8,9900,196,10.232653614776568,0.23052286868686878,0.2033788939948433,-0.14804066427618362,0.4404233002497832,0.14659063553201734,1,19,9.24311068427371,0.14148914632224013,23,0.8664281603917965,0.08444444444444445,5000,3.6777100686410646,13.341664064126334,0.10614423382751591,0.4586,0.3372
base,RWD,RWD,,4,9,9900,231,11.894469302999608,0.23934630303030313,0.1871246233177239,-0.16285598796578002,0.45840155752741774,0.12291934984267758,1,19,8.600110444177671,0.15038903165045242,21,0.8688736761554944,0.07494949494949495,5000,4.1281141312777345,14.866068747318506,0.11914357125463264,0.5332,0.328
base,RWD,RWD,,4,10,9900,247,12.982295636750843,0.24424985858585857,0.1739574659155472,-0.17350806702448804,0.47093185833219703,0.11040070491398114,1,18,8.051216966786715,0.1589627575102831,20,0.871460544842363,0.06828282828282828,5000,4.490856136619768,15.620499351813308,0.1296128501035534,0.5788,0.2764
base,RWD,RWD,,4,11,9900,252,13.691661696083496,0.24712262626262627,0.16441644120981075,-0.18157565659164338,0.47908269619527716,0.10320471543910051,1,17,7.660435054021609,0.16557768259947417,20,0.8730187684930111,0.06595959595959595,5000,4.715441223285921,17.204650534085253,0.13609471286824748,0.6088,0.2388
base,RWD,RWD,,4,12,9900,261,14.180578267475553,0.2488719191919193,0.15753691617397508,-0.1858431999233603,0.4823506810731292,0.09829961640546599,1,17,7.487058503401361,0.16891417720070995,20,0.8737275533108868,0.06292929292929293,5000,4.920794700015824,17.204650534085253,0.1420215224982862,0.628,0.2176
base,RWD,RWD,,4,13,9900,269,14.495792492996028,0.25009127272727283,0.15227457637897723,-0.18847276195264792,0.4841481591945252,0.09521753309498501,1,16,7.355364225690276,0.1718430688052777,20,0.8738459749005203,0.06252525252525253,5000,5.0320383321611715,17.204650534085253,0.14523218072905342,0.6392,0.2096
base,RWD,RWD,,4,14,9900,270,14.62067029927151,0.2504819797979798,0.15048041365639128,-0.19000846348974104,0.4839145490867373,0.09386589140128623,1,16,7.246082432973189,0.1732857411700389,20,0.8740881134578105,0.06232323232323232,5000,5.097942799790323,17.69180601295413,0.1471342826054233,0.6446,0.1952
base,RWD,RWD,,4,15,9900,271,14.695713660792388,0.25083503030303045,0.14847705495514932,-0.19079702866342074,0.48512438089403875,0.0932361882982778,1,16,7.2291684673869545,0.17376474065883432,20,0.8757297112539537,0.05868686868686869,5000,5.106590227153911,17.69180601295413,0.147383860341285,0.6464,0.1936
base,RWD,RWD,,4,16,9900,272,14.772081776107253,0.25110214141414144,0.1472350758802244,-0.1915478991491745,0.484650403029706,0.09233582203260704,1,16,7.138904201680672,0.17569903384330754,20,0.8744609733700642,0.060505050505050506,5000,5.15968785242504,17.69180601295413,0.1489163375206367,0.6494,0.198
base,RWD,RWD,,4,17,9900,283,14.930210983104024,0.25172492929292933,0.14389054313850433,-0.19181940127494493,0.48522983746594783,0.0907742253281751,1,16,6.926831532613045,0.17978451051149733,20,0.8739395265789206,0.061414141414141414,5000,5.208560249806623,17.69180601295413,0.15032686827987596,0.657,0.208
base,RWD,RWD,,4,18,9900,355,15.742045610402736,0.25224327272727276,0.14279086696261356,-0.18306618503521555,0.4828749320091113,0.08278148321450382,1,15,6.712206482593038,0.18597034941138185,18,0.8632039944903582,0.06101010101010101,5000,5.397405501535861,17.69180601295413,0.1557772257530443,0.684,0.2224
base,RWD,RWD,,4,19,9900,379,16.547386500592776,0.25284949494949505,0.1402857119017737,-0.1806392186846838,0.48751142995720537,0.07682982048697837,1,15,6.6494543417366945,0.18912250251904517,17,0.8631159932659934,0.05353535353535353,5000,5.609972067510629,18.439088914585774,0.16191221596750538,0.7092,0.2108
base,RWD,RWD,,4,20,9900,379,16.987195177544763,0.25359507070707066,0.13571125006338156,-0.1874413930885169,0.4878019741953839,0.07346684870484187,1,15,6.63953837535014,0.1897581576193581,16,0.8647602744617897,0.04919191919191919,5000,5.820269696350336,20.615528128088304,0.1679817212499547,0.73,0.2028
base,RWD,RWD,,4,21,9900,379,18.047315589859895,0.25570105050505054,0.121679219131929,-0.1989260784941401,0.5016591641975588,0.06769615675721133,1,14,6.515164785914366,0.1919207283614967,16,0.8655116008570556,0.04767676767676768,5000,6.1630256819856735,21.540659228538015,0.17787417356567004,0.7694,0.242
base,RWD,RWD,,4,22,9900,379,18.147771213016767,0.255868686868687,0.12007208635008915,-0.20166664713922977,0.501615354737196,0.0670179201765986,1,15,6.644921328531413,0.18992802644156792,16,0.8650992296704418,0.04767676767676768,5000,6.230653655118294,21.540659228538015,0.17982601839832218,0.7788,0.1828
base,RWD,RWD,,4,23,9900,379,18.232169371745098,0.25599422222222223,0.11921815991290474,-0.2043911819316967,0.4999900296435311,0.06630056836142084,1,15,6.640655302120848,0.19020170842096415,16,0.8650905162738497,0.04919191919191919,5000,6.288382626418866,21.540659228538015,0.181492163176998,0.7868,0.1932
base,RWD,RWD,,4,24,9900,379,18.281466024364676,0.2560691717171717,0.11848483247443257,-0.2062061999779561,0.5014817306596292,0.06615419733359656,1,15,6.6385725490196075,0.19035684024481145,16,0.8647228446076931,0.04909090909090909,5000,6.340118976462171,21.540659228538015,0.18298535190962914,0.7918,0.1936
base,RWD,RWD,,4,25,9900,379,18.3310447056353,0.2562206464646466,0.11697004983116725,-0.2074587127527709,0.5019806394546251,0.06588993372115397,1,15,6.623412244897959,0.19086396387303955,16,0.8651489745944293,0.047474747474747475,5000,6.371233721164739,21.540659228538015,0.18388337015346887,0.7954,0.1984
base,RWD,RWD,,4,26,9900,379,18.357363645142513,0.25627397979797983,0.11629041396614269,-0.20825558390902996,0.5022226775049089,0.06574592291153222,1,16,6.628763505402161,0.1908135216755145,16,0.8645111060095911,0.04888888888888889,5000,6.393988621392284,21.540659228538015,0.18454011073535134,0.7978,0.1956
base,RWD,RWD,,4,27,9900,379,18.35721111716047,0.2563825050505051,0.11641547170082937,-0.2083341040301364,0.5005381802500092,0.06553246403208221,1,17,6.637273469387755,0.19069853294845457,16,0.8651071931435567,0.047979797979797977,5000,6.405792948674387,21.540659228538015,0.18488080134222973,0.7976,0.1976
base,RWD,RWD,,4,28,9900,379,18.364944867872598,0.2564237575757575,0.11583535016485337,-0.20858093020643076,0.5004171746346133,0.06549723830180557,1,16,6.6262601040416165,0.19094728912055448,16,0.8651371084583206,0.047979797979797977,5000,6.396651894805014,21.540659228538015,0.184616976804343,0.7978,0.1988
base,RWD,RWD,,4,29,9900,379,18.376724408882016,0.2564457777777778,0.11575364120570174,-0.20896498290445656,0.4990992519213038,0.06518043853105548,1,15,6.602346538615446,0.19146389500233432,16,0.8632688501173349,0.0504040404040404,5000,6.441580509407283,21.540659228538015,0.18591368407187692,0.7972,0.2004
base,RWD,RWD,,4,30,9900,379,18.439132300626298,0.2565274343434343,0.11475504061958508,-0.21116765065237827,0.4982812771562419,0.06464306700978703,1,15,6.592660424169668,0.19172226726010638,15,0.8652252678298132,0.04595959595959596,5000,6.472189625899156,21.540659228538015,0.18679710912647007,0.8046,0.206
base,RWD,RWD,,5,0,4900,4,0.27712812921102037,0.0188395102040817,0.03612824436332547,0.6504952980918245,0.0,0.0,1,98,33.333333333333336,0.046482951803896395,20,0.8622157642648896,0.08408163265306122,0,,,,,0.0
base,RWD,RWD,,5,1,9482,12,1.3840060115476378,0.10071503902130363,0.22139360943120262,0.017741574197278016,0.36532969696969947,0.3505297737472817,1,39,15.280500680272109,0.09013328500328159,20,0.8492883595516695,0.09660409196372073,4582,1.8807056341030326,7.0710678118654755,0.054279988052653064,0.04037538192928852,0.0
base,RWD,RWD,,5,2,9894,19,1.8493266233956618,0.12422421669698802,0.24902277122262875,-0.03309912245301374,0.3705376686883831,0.3490521913775552,1,35,14.472727971188476,0.09449732817413774,21,0.8521733753571157,0.09692743076612088,4994,1.9640917657644081,6.4031242374328485,0.056686636997741756,0.05586704044853825,0.1416
base,RWD,RWD,,5,3,9900,36,2.2630952255705017,0.1375210505050506,0.2549224543038615,-0.07605370398162047,0.3726948516357946,0.3409291149379255,1,35,14.23790156062425,0.09586676554022948,18,0.8524208601163145,0.0898989898989899,5000,2.0218018600759775,7.0710678118654755,0.058352236958175464,0.0796,0.1736
base,RWD,RWD,,5,4,9900,75,3.1738935079803796,0.15432375757575767,0.25591920423035924,-0.07917829380141453,0.3730620733497158,0.3154254007398274,1,33,13.81931844737895,0.09870719782428125,18,0.853460243852668,0.08717171717171718,5000,2.1423761739127984,8.602325267042627,0.061832192670458364,0.1254,0.2268
base,RWD,RWD,,5,5,9900,95,4.674098843627507,0.17668848484848487,0.25093482540475,-0.09595611144546806,0.3848276024100732,0.27333354206456056,1,28,12.734634653861544,0.10608194696483352,20,0.8557409550045915,0.0905050505050505,5000,2.3694255052422637,9.899494936611665,0.06838517723563943,0.2002,0.296
base,RWD,RWD,,5,6,9900,117,6.582522312913189,0.1991600808080809,0.23820908085054476,-0.1162542353278488,0.4106630338720398,0.22518953289312788,1,25,11.674071548619448,0.11497535112305535,18,0.8606998571574328,0.08121212121212121,5000,2.7220595710930637,12.206555615733702,0.07856272577606736,0.2922,0.3236
base,RWD,RWD,,5,7,9900,135,8.166859861660416,0.21631608080808085,0.22356082936188693,-0.14003876215019573,0.4275391933363947,0.1871148274953911,1,23,10.792681232492997,0.1241883595058142,20,0.8649786399347008,0.0803030303030303,5000,3.1270494719624056,12.206555615733702,0.09025134231552774,0.3702,0.3068
base,RWD,RWD,,5,8,9900,145,9.696803597062281,0.23008820202020197,0.20520294230497113,-0.16685598654013156,0.4427295011924859,0.15710884042936313,1,21,9.675694917967187,0.13513793620525183,19,0.8702731200897866,0.07464646464646464,5000,3.5846775044565553,13.341664064126334,0.10345917435788166,0.4452,0.3312
base,RWD,RWD,,5,9,9900,157,10.786398842987404,0.23771979797979803,0.19087637846775588,-0.18346654293264936,0.45429332088491364,0.13941226786824404,1,19,9.196518607442977,0.14161822953419598,19,0.8719765074992346,0.07252525252525252,5000,3.9637912632363403,19.1049731745428,0.11440096658948602,0.496,0.2848
base,RWD,RWD,,5,10,9900,165,11.568301517508957,0.24243377777777786,0.1787911920185783,-0.19614476419963858,0.4592192432921692,0.12752449213283007,1,18,8.793095798319328,0.1478239071733373,20,0.8745811192735437,0.07090909090909091,5000,4.221038654088848,19.1049731745428,0.1218255124880311,0.5354,0.2732
base,RWD,RWD,,5,11,9900,192,12.4370414488334,0.24601090909090906,0.16808123134159278,-0.20528478443210255,0.4609901696062203,0.11518456568063606,1,17,8.109900280112045,0.15787024334107308,19,0.8761181512090604,0.06595959595959595,5000,4.540498648684648,19.1049731745428,0.1310456075287049,0.5806,0.292
base,RWD,RWD,,5,12,9900,208,13.252531833578066,0.24836404040404036,0.15962482383300858,-0.2123350798049871,0.4712373844213514,0.10655626724990885,1,16,7.992670988395358,0.1609677102338327,19,0.8802960667278851,0.06202020202020202,5000,4.805671207351302,19.235384061671343,0.13869888566820604,0.6182,0.2856
base,RWD,RWD,,5,13,9900,213,13.750578169662539,0.2502305858585858,0.1515734579694389,-0.22025300969092,0.47750445332563224,0.10167423308053639,1,16,7.932360144057623,0.16243883093741437,18,0.8781553667993064,0.06070707070707071,5000,5.031143316331703,20.09975124224178,0.14520634922855194,0.6394,0.274
base,RWD,RWD,,5,14,9900,214,14.131694873581159,0.2524912727272728,0.13965625502282364,-0.23646617207418838,0.4826677166931793,0.09825893713125394,1,16,7.886969507803121,0.16319044298327612,18,0.8832460157126825,0.055757575757575756,5000,5.213155513906797,20.09975124224178,0.15045949450055252,0.6542,0.2976
base,RWD,RWD,,5,15,9900,214,14.448667758655121,0.25372997979797973,0.13192537202083943,-0.24576231640952173,0.48854346038810653,0.09584687810163811,1,16,7.933661784713886,0.16266443742420933,18,0.8844084124068973,0.05444444444444444,5000,5.328822622562339,20.09975124224178,0.15379782090424948,0.6718,0.2756
base,RWD,RWD,,5,16,9900,214,14.569172934658988,0.2542190303030303,0.12818118706893702,-0.25041477317337807,0.49298062992349323,0.09532881611819048,1,16,7.909288515406162,0.16330999512914277,18,0.8847620140801957,0.05393939393939394,5000,5.3804330338450805,20.09975124224178,0.15528737485518224,0.677,0.2496
base,RWD,RWD,,5,17,9900,214,14.660450197725853,0.25459951515151524,0.1255962291663678,-0.25410184653930346,0.4938317571511933,0.09443038950793223,1,15,7.7795098839535815,0.1652036755978893,18,0.8830868380777472,0.05585858585858586,5000,5.429079309023214,20.09975124224178,0.15669137938815877,0.6814,0.2472
base,RWD,RWD,,5,18,9900,214,15.041196760896387,0.2554056565656566,0.11910965806408597,-0.25990658059121063,0.4919130272712744,0.09026344629310713,1,15,7.690232893157263,0.16729361040719984,18,0.8846821752882359,0.05333333333333334,5000,5.598103483971991,20.09975124224178,0.16156967082859722,0.7038,0.2932
base,RWD,RWD,,5,19,9900,214,15.150392734183495,0.25582674747474754,0.115423611667785,-0.26307349049106565,0.4925580923160612,0.08930128915723667,1,15,7.687682753101241,0.1674238146940428,18,0.885586312621161,0.052121212121212124,5000,5.673389883435116,20.09975124224178,0.1637425493425358,0.7078,0.286
base,RWD,RWD,,5,20,9900,214,15.086285162358559,0.25582505050505056,0.11494375028303487,-0.26522214633365915,0.49077999279385387,0.0896168021234947,1,15,7.687481072428971,0.16742710107552847,18,0.8848152535455567,0.05292929292929293,5000,5.692282270043399,20.09975124224178,0.16428781198267925,0.703,0.2976
base,RWD,RWD,,5,21,9900,214,15.085118494728505,0.25582464646464653,0.11511225672594608,-0.2652102872586409,0.49024267157876167,0.08955147765037866,1,15,7.687484913965586,0.16742667423812685,18,0.8847760840730537,0.05292929292929293,5000,5.692851898770572,20.09975124224178,0.16430425232291362,0.703,0.3
base,RWD,RWD,,5,22,9900,214,15.084296470170559,0.25582436363636374,0.11489024600654892,-0.2650733903289247,0.48885285378153237,0.08933833529785112,1,15,7.687078671468587,0.16743352861979516,17,0.8833805479032751,0.051515151515151514,5000,5.688877467995619,20.09975124224178,0.1641895442840432,0.703,0.3012
base,RWD,RWD,,5,23,9900,214,15.095588759634385,0.255829090909091,0.1152540110306143,-0.2648022738060732,0.49024453437929716,0.08945986178166937,1,15,7.687409043617447,0.167430837427212,18,0.8863120242832363,0.051515151515151514,5000,5.70243135626067,20.09975124224178,0.16458072984745797,0.703,0.3012
base,RWD,RWD,,5,24,9900,214,15.093177266566506,0.25582771717171715,0.1151651501575969,-0.2646626638012293,0.48894642066684935,0.08931306137353756,1,15,7.687448099239696,0.16742863087381693,18,0.8856314763799611,0.05191919191919192,5000,5.6818271760720895,20.09975124224178,0.1639860622747178,0.703,0.3004
base,RWD,RWD,,5,25,9900,214,15.079230749610538,0.2558216969696969,0.11497050242127785,-0.2654831294144832,0.4882705663212845,0.08931867085108736,1,15,7.687675070028011,0.16742465236244347,18,0.885552662993572,0.052121212121212124,5000,5.701289099282895,20.09975124224178,0.16454776259623993,0.703,0.3004
base,RWD,RWD,,5,26,9900,214,15.077241126943617,0.2558202424242424,0.11513900886418905,-0.2656149417530407,0.48829298338047367,0.08934617282270277,1,15,7.687697799119648,0.16742313251640983,18,0.8850808744005713,0.052525252525252523,5000,5.695379211525147,20.09975124224178,0.16437719436319687,0.703,0.2996
base,RWD,RWD,,5,27,9900,214,15.080822258749686,0.2558223434343434,0.11520988601652317,-0.2653421385328593,0.4883779121778476,0.08934599784011768,1,15,7.687481712685074,0.16742710107552847,18,0.8863636924803591,0.05131313131313131,5000,5.692643631271601,20.09975124224178,0.16429824141022698,0.703,0.3004
base,RWD,RWD,,5,28,9900,214,15.070341734678745,0.25581725252525267,0.11516555393568799,-0.2658013081610108,0.486863443405414,0.08918224073643169,1,15,7.687819127651061,0.16741931575160868,18,0.8846826701357003,0.05313131313131313,5000,5.696601443201091,20.09975124224178,0.16441246980426794,0.703,0.3008
base,RWD,RWD,,5,29,9900,214,15.079549064875913,0.25582286868686865,0.11499704749277678,-0.2654684091572564,0.48894743589844036,0.08942619256184993,1,15,7.687604641856742,0.16742305488562392,18,0.885893485358637,0.05181818181818182,5000,5.700094764058111,20.09975124224178,0.16451329228862954,0.703,0.3
base,RWD,RWD,,5,30,9900,214,15.07872673669763,0.255824888888889,0.11511036094484929,-0.26565764694250044,0.48926857881217556,0.08944255751053248,1,15,7.575574549819928,0.16885527608490394,18,0.8853259820426486,0.05242424242424242,5000,5.7106089837547245,20.09975124224178,0.1648167484537871,0.7032,0.3008
base,N2Vp1q2,N2V,2.0,1,0,4900,4,0.27712812921102037,0.0188395102040817,0.03612824436332547,0.6504952980918245,0.0,0.0,1,98,33.333333333333336,0.046482951803896395,22,0.862310537276135,0.08755102040816326,0,,,,,0.0
base,N2Vp1q2,N2V,2.0,1,1,9456,13,1.2925172958223807,0.09352178510998321,0.2117068766683048,0.03387871806544905,0.3626608280608312,0.349489597132393,1,40,15.176791356542617,0.09060221814276752,19,0.8506940138724266,0.09041878172588833,4556,1.8975665948389224,8.06225774829855,0.05476662069239461,0.03994732221246708,0.0
base,N2Vp1q2,N2V,2.0,1,2,9896,17,1.592318360127773,0.10905343573160886,0.23450290575119248,-0.024353322695617442,0.36918464241640886,0.3520344047585802,1,38,14.469351260504201,0.09439418551099357,17,0.8524999321970319,0.08670169765561843,4996,1.9616900441844332,8.06225774829855,0.0566173197073041,0.047638110488390714,0.1248
base,N2Vp1q2,N2V,2.0,1,3,9900,22,1.739195216184773,0.11587911111111127,0.24014557761611643,-0.044864331603941446,0.36871976428800124,0.34959675745964114,1,36,14.422499239695878,0.0946578079041169,19,0.8523623252729312,0.0906060606060606,5000,1.9863395339618322,8.06225774829855,0.05732874098789134,0.0552,0.1448
base,N2Vp1q2,N2V,2.0,1,4,9900,25,1.889338508579127,0.12225822222222216,0.2446265443591495,-0.07053445500924149,0.37028057196948405,0.3482664108537755,1,36,14.479533253301321,0.0945558215965935,19,0.8525632894602592,0.09161616161616161,5000,2.0075897273651964,8.06225774829855,0.05794205347185234,0.063,0.1372
base,N2Vp1q2,N2V,2.0,1,5,9900,29,2.0530952242894145,0.12859850505050519,0.24812873832552076,-0.08378425418321032,0.3706433245653494,0.3462054569852393,1,36,14.498799839935975,0.0945073211535679,19,0.8572942301805939,0.08666666666666667,5000,2.0342815796155143,8.06225774829855,0.05871242039955149,0.0708,0.1464
base,N2Vp1q2,N2V,2.0,1,6,9900,33,2.223870499826822,0.1342466262626263,0.25055342449322693,-0.09619106320630856,0.3728001903276619,0.34390145936537686,1,35,14.438662505002,0.09488224554502261,17,0.8564318998061424,0.08,5000,2.0534388463693873,8.06225774829855,0.05926532787835408,0.0794,0.156
base,N2Vp1q2,N2V,2.0,1,7,9900,42,2.4516117147705097,0.14065672727272727,0.25288944474105124,-0.09685191599633494,0.3754887177925132,0.3400507754436274,1,35,14.370521328531412,0.09530232957137585,21,0.8591547342107948,0.08969696969696969,5000,2.084943792637997,8.06225774829855,0.06017460792518884,0.09,0.1584
base,N2Vp1q2,N2V,2.0,1,8,9900,44,2.6668333281253256,0.14742791919191922,0.2551669622837522,-0.09659444822352897,0.3767860203900229,0.3360164345331921,1,35,14.276239775910364,0.09594747096915886,21,0.8589867156412612,0.08969696969696969,5000,2.114226994920933,8.06225774829855,0.06101976510515298,0.0998,0.172
base,N2Vp1q2,N2V,2.0,1,9,9900,55,2.9395237709533837,0.15328452525252523,0.2558913593766151,-0.09591902370020522,0.3795013296879327,0.3299625515389174,1,33,14.129420408163265,0.09673886439094373,20,0.8594666972757884,0.08545454545454545,5000,2.1476114293671658,9.0,0.06198329000241865,0.1118,0.1616
base,N2Vp1q2,N2V,2.0,1,10,9900,62,3.20823939256409,0.15807111111111105,0.25638029435039345,-0.09745771151489628,0.37764797034806985,0.3200039324599995,1,32,13.917379431772709,0.0979885045631666,21,0.8595688603203754,0.0897979797979798,5000,2.1968637995900155,9.0,0.06340478734829977,0.1256,0.1732
base,N2Vp1q2,N2V,2.0,1,11,9900,66,3.5347418576184597,0.1635591111111112,0.25582124804323764,-0.09632967278764086,0.3824715564306835,0.31249554240068467,1,32,13.699529091636654,0.09929363691082574,23,0.8584625446383023,0.09373737373737374,5000,2.2410384109026356,9.0,0.06467973294892972,0.1404,0.1768
base,N2Vp1q2,N2V,2.0,1,12,9900,74,3.8805154296819904,0.16947616161616175,0.25528198737024405,-0.09417620111231534,0.38924914168571195,0.3058364154767494,1,30,13.516865946378552,0.10045776727624943,20,0.8626918324660752,0.08333333333333333,5000,2.2842335775469977,10.198039027185569,0.06592641030601998,0.1552,0.1776
base,N2Vp1q2,N2V,2.0,1,13,9900,79,4.236319157004108,0.17535236363636364,0.25411348160030983,-0.0969915752949585,0.3946703212356579,0.2970937201042434,1,30,13.355862985194078,0.10152741686469222,20,0.8611464391388632,0.08515151515151514,5000,2.3315021530514692,10.198039027185569,0.06729065235811141,0.174,0.174
base,N2Vp1q2,N2V,2.0,1,14,9900,86,4.544183094902757,0.1803834343434343,0.2526473258595798,-0.09807823549899009,0.39790664619489274,0.2879770992366412,1,28,13.088318207282914,0.10314574649707707,20,0.8632930262218144,0.08373737373737374,5000,2.3834883925418073,10.44030650891055,0.06879105327533615,0.189,0.1664
base,N2Vp1q2,N2V,2.0,1,15,9900,88,4.881147406092137,0.18501729292929303,0.251383929291319,-0.09900391505339129,0.4007798779434788,0.27820734560992977,1,28,12.925155342136854,0.1043687840786832,20,0.8639516069788797,0.08171717171717172,5000,2.449339315764396,10.44030650891055,0.07069160977974787,0.206,0.1576
base,N2Vp1q2,N2V,2.0,1,16,9900,94,5.188063222436673,0.18953600000000015,0.24977746044472382,-0.10028113640007452,0.40792091832808547,0.2717981850753282,1,27,12.796567907162865,0.10541448079512993,21,0.8670515559636773,0.0811111111111111,5000,2.4979284298119038,10.44030650891055,0.07209396455668007,0.2202,0.1604
base,N2Vp1q2,N2V,2.0,1,17,9900,98,5.43499770009151,0.1934153939393939,0.2481838903070981,-0.10505046130844031,0.4089530143249302,0.26408490780787613,1,27,12.619674429771909,0.10676042100059853,21,0.8672938883787368,0.08282828282828283,5000,2.554140422624091,11.40175425099138,0.07371632705878241,0.2344,0.1604
base,N2Vp1q2,N2V,2.0,1,18,9900,109,5.708730156523427,0.1966219797979798,0.24556960349300716,-0.10651879997029952,0.41075526517438027,0.25558149114375944,1,26,12.357202400960384,0.10880170600727528,21,0.868750056116723,0.08161616161616161,5000,2.6238542431537266,11.40175425099138,0.07572837257873863,0.2498,0.164
base,N2Vp1q2,N2V,2.0,1,19,9900,114,6.053825236988594,0.20030860606060608,0.24292823241343908,-0.10849010474497477,0.41260877053268824,0.24583839956612635,1,26,12.16370644257703,0.11033062491188891,20,0.8699525558616469,0.07585858585858586,5000,2.6960152747668658,11.40175425099138,0.07781104828449648,0.2642,0.1732
base,N2Vp1q2,N2V,2.0,1,20,9900,119,6.456996205667152,0.2046669898989899,0.2401091155545581,-0.11307923775683078,0.41612404077111703,0.23448070035813767,1,25,12.028536214485793,0.11169855190830834,21,0.8687996837057445,0.0811111111111111,5000,2.780051391003496,12.36931687685298,0.08023645676023126,0.282,0.184
base,N2Vp1q2,N2V,2.0,1,21,9900,126,6.797823180989632,0.2076275959595959,0.23647819350331883,-0.11571932519901043,0.4217741688440515,0.22644154239690825,1,25,11.962404161664665,0.11244657734067078,21,0.8699586878889909,0.07838383838383839,5000,2.859727325510469,12.36931687685298,0.08253602384542538,0.2984,0.1668
base,N2Vp1q2,N2V,2.0,1,22,9900,131,7.159329577551238,0.21054573737373738,0.23415071964885323,-0.11875937729593418,0.42525284886294695,0.2170722140928359,1,24,11.725684833933574,0.11447468499252708,22,0.8702710947862462,0.07909090909090909,5000,2.947283656841128,13.0,0.08506303101357743,0.3156,0.1812
base,N2Vp1q2,N2V,2.0,1,23,9900,135,7.503599136414471,0.21335224242424244,0.2306652773794169,-0.1233153204581598,0.4278278785750476,0.2076853291861068,1,23,11.636361424569827,0.11555767153903232,22,0.8731781756963578,0.07808080808080808,5000,3.0348631606730527,13.0,0.08759070697490424,0.332,0.1836
base,N2Vp1q2,N2V,2.0,1,24,9900,138,7.853254102599762,0.21594375757575768,0.2275679440487976,-0.1264575988796683,0.43239903330350826,0.199635989010989,1,23,11.221516446578631,0.11860593377452662,20,0.8740477043158862,0.07313131313131313,5000,3.113746471340644,14.866068747318506,0.08986739774614912,0.3492,0.1724
base,N2Vp1q2,N2V,2.0,1,25,9900,141,8.18183353533913,0.21907507070707077,0.22405158104856585,-0.12995183135566082,0.4405664738359121,0.19422942977672059,1,23,11.260167426970789,0.11884358269599857,20,0.8742721405978982,0.07161616161616162,5000,3.196018873372296,15.524174696260024,0.09224190278211183,0.3626,0.1728
base,N2Vp1q2,N2V,2.0,1,26,9900,144,8.431796961502334,0.2210990707070708,0.221351689465352,-0.13468960446533795,0.4423796624104205,0.1880706837720887,1,22,11.050636894757902,0.12100792455081981,21,0.8738464442403837,0.07444444444444444,5000,3.2745840466249114,15.524174696260024,0.0945094116299494,0.3768,0.1728
base,N2Vp1q2,N2V,2.0,1,27,9900,145,8.678617401406747,0.22326319191919186,0.2181082182895992,-0.1382015789503204,0.44631534400333833,0.18309192406059416,1,21,10.720695958383354,0.12370763895942262,20,0.8733471023364963,0.07282828282828283,5000,3.3410694878329306,15.524174696260024,0.09642828127600532,0.3878,0.1676
base,N2Vp1q2,N2V,2.0,1,28,9900,149,8.835655040799182,0.22472933333333334,0.21606734488025986,-0.14068443558837657,0.44881948315317005,0.18024130913819886,1,21,10.6951081232493,0.12373908930099424,20,0.8756485664728089,0.07202020202020203,5000,3.3884118221496675,15.524174696260024,0.09779465211815083,0.3952,0.1584
base,N2Vp1q2,N2V,2.0,1,29,9900,150,9.08695768670681,0.2266071111111112,0.21316674532206978,-0.14411384849868758,0.4522562365642893,0.17520556241410637,1,22,10.64963681472589,0.12458378320459913,21,0.8759696000408121,0.07424242424242425,5000,3.4547382735479912,15.811388300841896,0.09970893307961184,0.4064,0.1636
base,N2Vp1q2,N2V,2.0,1,30,9900,155,9.315148952110214,0.22863858585858599,0.2100299966783067,-0.14725486427282902,0.45335936041681235,0.17043277788137173,1,22,10.694065786314527,0.12504695673282004,19,0.8754393735333129,0.06858585858585858,5000,3.514973816232168,15.811388300841896,0.10144742127146626,0.4182,0.1636
base,N2Vp1q2,N2V,2.0,2,0,4900,4,0.27712812921102037,0.0188395102040817,0.03612824436332547,0.6504952980918245,0.0,0.0,1,98,33.333333333333336,0.046482951803896395,20,0.8653470220741358,0.08204081632653061,0,,,,,0.0
base,N2Vp1q2,N2V,2.0,2,1,9466,14,1.2812104276815734,0.09253441791675465,0.21103727341049458,0.022662370112308282,0.36418903096903416,0.3499455422436596,1,39,15.179518207282912,0.09049489620867604,18,0.8474666960012884,0.09423198816818086,4566,1.8960847674358534,6.4031242374328485,0.054723852928914685,0.040516863775733686,0.0
base,N2Vp1q2,N2V,2.0,2,2,9897,17,1.5642283209301642,0.10671294331615644,0.23211834573235657,-0.03095137986598816,0.372952796223386,0.3551494645004334,1,36,14.609544617847138,0.0936977635891715,20,0.848708786486463,0.09942406789936345,4997,1.951861942812827,6.4031242374328485,0.056333665947057104,0.048028817290374226,0.1188
base,N2Vp1q2,N2V,2.0,2,3,9899,21,1.7148385813247846,0.11398367511869889,0.23858777479113627,-0.050093882430376484,0.37191360345537006,0.35246435450124014,1,35,14.571608483393357,0.09398880033433073,19,0.8506512554250195,0.0937468431154662,4999,1.9713728140723081,6.4031242374328485,0.056896778982748406,0.054410882176435284,0.132
base,N2Vp1q2,N2V,2.0,2,4,9900,27,1.8746733048720783,0.12031713131313126,0.2428519695821869,-0.06759334527470892,0.371968300155299,0.34950137858191244,1,36,14.553583993597439,0.09417630030190108,19,0.8495561218243036,0.09272727272727273,5000,1.997330666658049,6.4031242374328485,0.057645961578194044,0.0632,0.1312
base,N2Vp1q2,N2V,2.0,2,5,9900,30,2.021880312976018,0.12640614141414153,0.24692567142883878,-0.08704380819859284,0.37261931121203623,0.3470754435056643,1,35,14.540234013605442,0.09430755016836612,21,0.8521566982960923,0.09717171717171717,5000,2.0220992182349677,6.4031242374328485,0.058360819161059674,0.07,0.1432
base,N2Vp1q2,N2V,2.0,2,6,9900,29,2.2173858482456317,0.13266698989898984,0.2491887239287443,-0.08954756987072299,0.3734236468604209,0.34378599941061433,1,34,14.453266106442577,0.09477606878552895,20,0.8543063360881543,0.09151515151515152,5000,2.0554492655645555,6.4031242374328485,0.059323351594514524,0.0822,0.1604
base,N2Vp1q2,N2V,2.0,2,7,9900,42,2.4979991993593593,0.13931175757575764,0.25072112324143936,-0.09106896223771606,0.37747641444570124,0.34065890863343296,1,33,14.383111964785915,0.09518655652567291,20,0.8566878277726763,0.0890909090909091,5000,2.083765570295401,7.280109889280518,0.06014060265954823,0.097,0.1648
base,N2Vp1q2,N2V,2.0,2,8,9900,50,2.8075612192791093,0.14513927272727267,0.25086265609338076,-0.1006430232790951,0.3794383171502812,0.33288242875920415,1,33,14.237655702280913,0.09607912182812818,22,0.8559096826854403,0.09474747474747475,5000,2.1239014096231013,7.280109889280518,0.06129898323739437,0.1128,0.158
base,N2Vp1q2,N2V,2.0,2,9,9900,55,3.101870403482389,0.15232610101010113,0.2521520695245148,-0.10551658258206702,0.3817897618108056,0.32605699385360404,1,31,14.020711644657863,0.09730647700592367,21,0.8573537343128252,0.09121212121212122,5000,2.1685443339338604,7.280109889280518,0.06258744505421622,0.128,0.1652
base,N2Vp1q2,N2V,2.0,2,10,9900,60,3.3715278435747793,0.15886234343434347,0.25293282189281846,-0.10651492267798124,0.38844831898080906,0.3226422621710168,1,32,13.904593197278912,0.09810599561521358,20,0.8595019691868178,0.08727272727272728,5000,2.20662133956808,8.06225774829855,0.06368640460079725,0.1392,0.1512
base,N2Vp1q2,N2V,2.0,2,11,9900,65,3.6933453670080736,0.16549769696969707,0.25251675063226714,-0.10654201996887944,0.39262670933222293,0.3157119648429738,1,32,13.803797679071629,0.09887555708581486,21,0.8618305734108764,0.08747474747474747,5000,2.2458063538155466,9.219544457292887,0.06481734293937991,0.1536,0.1772
base,N2Vp1q2,N2V,2.0,2,12,9900,68,3.9966986376258093,0.17037389898989908,0.25094930491696876,-0.10738473177005273,0.39132189320544514,0.30272958462842614,1,30,13.43891444577831,0.10118105488647783,20,0.8621161922252832,0.08545454545454545,5000,2.3010458533556877,10.0,0.06641163782567316,0.1678,0.1744
base,N2Vp1q2,N2V,2.0,2,13,9900,78,4.357705818432446,0.17626573737373752,0.24997325551412938,-0.10563151318290105,0.3938703688990439,0.2917231286248577,1,29,13.328580712284914,0.10211773055648313,21,0.8614855729007247,0.08515151515151514,5000,2.365032513659522,9.486832980505138,0.0682583889034822,0.1862,0.1856
base,N2Vp1q2,N2V,2.0,2,14,9900,80,4.660987019934726,0.1817473131313132,0.24932338347777877,-0.10662460158126802,0.3995757696717504,0.2857187656798796,1,28,13.15150412164866,0.10319099408876503,21,0.8639015355575961,0.08404040404040404,5000,2.4121927245295227,10.04987562112089,0.06961950338953792,0.201,0.1776
base,N2Vp1q2,N2V,2.0,2,15,9900,84,5.028081144929942,0.18725208080808087,0.24726984788894243,-0.11128314558815897,0.4057116729579896,0.2761762061732095,1,27,12.713717166866747,0.10581201357496833,21,0.8671595806550351,0.0803030303030303,5000,2.477537638148155,10.04987562112089,0.07150545569712094,0.2184,0.178
base,N2Vp1q2,N2V,2.0,2,16,9900,94,5.338014612194312,0.19176286868686865,0.2457036281843602,-0.1134116148887398,0.40759319288374,0.2661294969556115,1,26,12.40635262104842,0.10802707295656011,22,0.8648204417916538,0.08555555555555555,5000,2.5382446855436664,10.295630140987,0.07325755222280173,0.232,0.1688
base,N2Vp1q2,N2V,2.0,2,17,9900,98,5.642198153202349,0.19622448484848487,0.24314488802225548,-0.11688854512311263,0.41457471803327955,0.25985909640723537,1,26,12.288038095238095,0.10912173339389925,22,0.8670164013876135,0.08363636363636363,5000,2.603406981677679,11.045361017187261,0.07513823391561994,0.2452,0.1676
base,N2Vp1q2,N2V,2.0,2,18,9900,101,5.905522838834848,0.19980812121212121,0.2408076644738657,-0.12090423842834976,0.4157623543918451,0.2513960500258693,1,25,12.248596398559425,0.10970936169879628,22,0.8662624885215795,0.08383838383838384,5000,2.653258278814834,11.40175425099138,0.07657701719140067,0.2584,0.178
base,N2Vp1q2,N2V,2.0,2,19,9900,103,6.152527935735034,0.20383785858585868,0.23832724634652178,-0.12644059872525173,0.41792910691904334,0.24424778761061947,1,25,12.233367907162865,0.11013955505265285,22,0.8691572849709215,0.08171717171717172,5000,2.719708289955419,11.40175425099138,0.07849486427252023,0.272,0.1696
base,N2Vp1q2,N2V,2.0,2,20,9900,107,6.391994993740217,0.20749963636363633,0.23597885264190116,-0.13017583390069054,0.421110244713893,0.237882589061716,1,26,12.23667418967587,0.11051887511791579,22,0.868870217324763,0.08363636363636363,5000,2.7842667293224386,11.40175425099138,0.08035811775248922,0.2836,0.1848
base,N2Vp1q2,N2V,2.0,2,21,9900,111,6.633611384457187,0.21057454545454557,0.2332838079948708,-0.13364373937274346,0.4236716819262162,0.2317146234434963,1,24,11.934245698279312,0.1126582218678556,22,0.8684506631976329,0.0809090909090909,5000,2.848518890159219,11.40175425099138,0.08221253157426783,0.2942,0.1996
base,N2Vp1q2,N2V,2.0,2,22,9900,114,6.774835791367936,0.21277733333333337,0.23096676198571384,-0.13726745138118054,0.4270689263282985,0.2285491853417116,1,24,11.843475630252101,0.11337011712349664,23,0.8703973421079485,0.08191919191919192,5000,2.884704448886965,11.40175425099138,0.08325690112355001,0.2994,0.1824
base,N2Vp1q2,N2V,2.0,2,23,9900,117,6.958563070059795,0.215126303030303,0.22809213922946836,-0.13987722343295414,0.4303373538158973,0.2247529739993025,1,24,11.696822088835534,0.11454671453630058,23,0.8736860779512295,0.08040404040404041,5000,2.9387666523796825,11.40175425099138,0.08481721747847194,0.3068,0.2016
base,N2Vp1q2,N2V,2.0,2,24,9900,118,7.164467879752131,0.21782347474747477,0.2256289499712889,-0.14503714736943474,0.43483506609144534,0.2205396849325394,1,24,11.748446578631453,0.11431263549971507,23,0.8722236863585348,0.08171717171717172,5000,2.985547374166274,11.40175425099138,0.08616737933986379,0.3164,0.2128
base,N2Vp1q2,N2V,2.0,2,25,9900,117,7.329283730351827,0.21967139393939394,0.22371318979668584,-0.14673204887787522,0.4348800865116524,0.21566314796249336,1,23,11.452722529011604,0.11663124161867981,23,0.8752928323640445,0.07848484848484849,5000,3.0304642054079007,12.649110640673518,0.08746374652191954,0.3234,0.2012
base,N2Vp1q2,N2V,2.0,2,26,9900,119,7.507755989641645,0.2211072727272727,0.22153386062855437,-0.14901002223007373,0.43777387610778284,0.21145460040585468,1,23,11.419725650260103,0.11699159856760481,25,0.8733119426589124,0.08222222222222222,5000,3.0733181157546143,12.649110640673518,0.08870057470994083,0.3336,0.1928
base,N2Vp1q2,N2V,2.0,2,27,9900,124,7.76814006052929,0.22346848484848492,0.21883387680972854,-0.1503021150222034,0.4407279325640812,0.20533840959301924,1,23,11.131844417767107,0.1193576733242759,25,0.8761687021732478,0.081010101010101,5000,3.131982954816694,12.649110640673518,0.09039373003720672,0.3456,0.1972
base,N2Vp1q2,N2V,2.0,2,28,9900,124,7.978821968185529,0.22493668686868684,0.21648484898955447,-0.15163473515677128,0.4435957060921923,0.20080359253131647,1,22,11.026139415766307,0.120566450654788,24,0.8772075502499745,0.07666666666666666,5000,3.1889058489931608,12.649110640673518,0.09203661021993911,0.355,0.1944
base,N2Vp1q2,N2V,2.0,2,29,9900,125,8.171756237186717,0.22662703030303044,0.21370404867533258,-0.1541503295283077,0.44542219486122203,0.19617054875641532,1,22,11.004849619847938,0.12086569560239874,22,0.8780487909397,0.07101010101010101,5000,3.2496495311887634,13.038404810405298,0.09378976408094937,0.3636,0.194
base,N2Vp1q2,N2V,2.0,2,30,9900,126,8.301132452864488,0.22789498989898993,0.2121693788991451,-0.1562777056191313,0.4485088341355179,0.1935865600993249,1,22,10.860619767907163,0.12217942769156892,23,0.8778909192939496,0.07595959595959596,5000,3.286362069156216,13.038404810405298,0.09484934304222913,0.3696,0.1932
base,N2Vp1q2,N2V,2.0,3,0,4900,4,0.27712812921102037,0.0188395102040817,0.03612824436332547,0.6504952980918245,0.0,0.0,1,98,33.333333333333336,0.046482951803896395,23,0.8619693669304456,0.09122448979591836,0,,,,,0.0
base,N2Vp1q2,N2V,2.0,3,1,9460,12,1.2508301243574205,0.09068456659619462,0.20843779885702812,0.004138424953897483,0.36298822510822804,0.3495763703599682,1,39,15.586052020808323,0.0891218089575641,20,0.8479708318993068,0.09651162790697675,4560,1.8870953155802046,8.54400374531753,0.05446440385274002,0.039473684210526314,0.0
base,N2Vp1q2,N2V,2.0,3,2,9896,15,1.5600890231009255,0.1069746160064673,0.23269354297679992,-0.026333828879869924,0.3682261560661582,0.35127498566253096,1,37,14.8689706282513,0.09298126796610616,18,0.8513594689132378,0.08993532740501213,4996,1.9620001963153868,8.54400374531753,0.056626271163426424,0.046637309847878304,0.112
base,N2Vp1q2,N2V,2.0,3,3,9900,19,1.6989408465276241,0.11373446464646464,0.23855071215367657,-0.05773591004116202,0.3680280754230316,0.3493538188474125,1,37,14.82856118447379,0.0931116878174412,18,0.8501150902969086,0.0906060606060606,5000,1.9821921395812143,8.54400374531753,0.05720904095969584,0.054,0.1332
base,N2Vp1q2,N2V,2.0,3,4,9900,20,1.8473765182008783,0.12029333333333336,0.2432977131826079,-0.0703726046394672,0.36807988588982643,0.3472256575150466,1,36,14.80194605842337,0.09330689082281984,21,0.8524511580450972,0.09404040404040404,5000,2.007309811015151,8.54400374531753,0.05793397466575919,0.0624,0.134
base,N2Vp1q2,N2V,2.0,3,5,9900,25,1.999599959991998,0.1266050101010101,0.24693339104877754,-0.0806783457658564,0.3703876692469547,0.34625744837156147,1,36,14.79427931172469,0.09341056635902958,19,0.8543899091929397,0.0892929292929293,5000,2.0201957339196013,8.54400374531753,0.05830588174606874,0.0684,0.1496
base,N2Vp1q2,N2V,2.0,3,6,9900,36,2.190342438980718,0.1320467070707072,0.24930501149392464,-0.09135637824024985,0.37359788445834385,0.3447956512985706,1,36,14.67917887154862,0.09394459020280094,18,0.8528370217324762,0.08616161616161616,5000,2.0431696667139216,8.54400374531753,0.058968943936656006,0.0786,0.158
base,N2Vp1q2,N2V,2.0,3,7,9900,47,2.462356594809127,0.13898464646464648,0.25144001386281645,-0.09733706428360575,0.373813042614358,0.3383758066423962,1,36,14.556062745098039,0.09468344657229218,20,0.8551168809305172,0.08878787878787879,5000,2.0839921463317546,8.54400374531753,0.06014714198410985,0.0936,0.174
base,N2Vp1q2,N2V,2.0,3,8,9900,60,2.780503551517243,0.14661018181818197,0.2528253358190491,-0.08596717506244747,0.3745637241897134,0.33077060840198536,1,34,14.318024809923969,0.09608325823542917,21,0.8585308335884093,0.0892929292929293,5000,2.1398512261745295,8.54400374531753,0.06175931888809626,0.107,0.1824
base,N2Vp1q2,N2V,2.0,3,9,9900,69,3.0898543655000954,0.15201228282828283,0.25317401410680773,-0.08548042007277663,0.376250239115859,0.32251808756619676,1,33,14.247857222889156,0.09671370802187827,20,0.8592774614835221,0.08626262626262626,5000,2.183610115965105,8.54400374531753,0.06302226614148854,0.1212,0.1728
base,N2Vp1q2,N2V,2.0,3,10,9900,71,3.4206432143677303,0.1581864646464648,0.25306585358471145,-0.08995334883955951,0.3799806422633051,0.3151057329131282,1,32,14.104585834333733,0.09753372199691956,20,0.861471615141312,0.08262626262626263,5000,2.24215259895346,10.816653826391969,0.06471189008877686,0.1392,0.182
base,N2Vp1q2,N2V,2.0,3,11,9900,75,3.77772418262636,0.16464343434343442,0.25288526346789786,-0.09220265811675649,0.38255334439562233,0.305395670955563,1,31,13.81977430972389,0.09918108158981145,22,0.8610190592796653,0.08797979797979798,5000,2.291050138258774,10.816653826391969,0.06612314648167984,0.1562,0.1792
base,N2Vp1q2,N2V,2.0,3,12,9900,80,4.1395651945584815,0.1704535757575758,0.2517259296591444,-0.09489809227580151,0.38774028302032537,0.29597010942087004,1,30,13.595111324529812,0.1006277827196001,23,0.8645615039281703,0.08949494949494949,5000,2.3481945594605422,10.816653826391969,0.06777242026693497,0.1754,0.1708
base,N2Vp1q2,N2V,2.0,3,13,9900,88,4.5386341557785865,0.17615943434343428,0.24970926572636964,-0.09936902211121693,0.3935679340908113,0.2859097998026672,1,29,13.374771028411365,0.10207495686428888,20,0.864065508621569,0.08151515151515151,5000,2.4005559352654853,10.816653826391969,0.06928364818138119,0.1974,0.1768
base,N2Vp1q2,N2V,2.0,3,14,9900,89,4.881802945633918,0.1814785858585859,0.24805076216595334,-0.10564658606203234,0.39841963578652223,0.2770860037844107,1,28,13.216058263305323,0.10323977515767889,20,0.8645921538618511,0.08161616161616161,5000,2.466647440123933,10.816653826391969,0.0711911482329825,0.214,0.1668
base,N2Vp1q2,N2V,2.0,3,15,9900,91,5.252351854169711,0.18709733333333345,0.24616679510628556,-0.1101453587916183,0.4035886550429551,0.266671197762933,1,27,12.83481424569828,0.10562619745867176,22,0.8674458473625142,0.08434343434343435,5000,2.5112195337112615,10.816653826391969,0.07247756576878991,0.231,0.1588
base,N2Vp1q2,N2V,2.0,3,16,9900,94,5.528399406699918,0.19096185858585857,0.24432644539601975,-0.11269978740642642,0.41052178099226766,0.2616481745258265,1,27,12.75647474989996,0.10628245201182242,20,0.86790665238241,0.07767676767676768,5000,2.573455291875576,10.816653826391969,0.07427378318227043,0.2408,0.1572
base,N2Vp1q2,N2V,2.0,3,17,9900,96,5.863650739940093,0.19579462626262623,0.2415629646366705,-0.11723503541332883,0.4147192546725888,0.2521931004789839,1,27,12.655625770308124,0.10723821753943266,22,0.8652396133047647,0.08404040404040404,5000,2.630914023928406,10.816653826391969,0.07593212845055357,0.254,0.1624
base,N2Vp1q2,N2V,2.0,3,18,9900,103,6.218488562343747,0.20070634343434346,0.23900801555656476,-0.12121234807926413,0.41835549794973187,0.2427574992511447,1,27,12.520529491796719,0.10841661673311756,23,0.8717475767778801,0.08050505050505051,5000,2.704909161266992,10.816653826391969,0.07806773920104108,0.2714,0.1724
base,N2Vp1q2,N2V,2.0,3,19,9900,106,6.566825717193963,0.20513955555555552,0.23614700489549328,-0.12519343122089469,0.42351916214477514,0.23372708557984512,1,26,12.289423609443778,0.11012082036882227,22,0.8725600346903377,0.07797979797979798,5000,2.7704891866689505,11.045361017187261,0.07996047718765785,0.2886,0.1636
base,N2Vp1q2,N2V,2.0,3,20,9900,109,6.901709933052823,0.20877676767676778,0.23257506023926167,-0.12970098861930793,0.42950397912965493,0.2259195626708317,1,25,11.908170948379352,0.11298829307992149,24,0.871195041322314,0.08252525252525253,5000,2.83611022333672,11.045361017187261,0.08185439882097503,0.3052,0.1476
base,N2Vp1q2,N2V,2.0,3,21,9900,110,7.179972144792763,0.21204092929292928,0.23006933051241135,-0.1330293411590682,0.43625316953543936,0.2204621355718025,1,24,11.76060056022409,0.11427314868215036,22,0.8726388021630446,0.07575757575757576,5000,2.8902240015486065,11.045361017187261,0.08341620369971993,0.3168,0.1404
base,N2Vp1q2,N2V,2.0,3,22,9900,112,7.473366042152626,0.21486715151515146,0.22669168746479412,-0.13717478668870262,0.44012009841798116,0.21317650120732784,1,24,11.48906218487395,0.11650528503706249,23,0.8762148046117745,0.07565656565656566,5000,2.9628855870894135,11.180339887498949,0.08551332614329833,0.3326,0.144
base,N2Vp1q2,N2V,2.0,3,23,9900,115,7.695297265213346,0.21709187878787883,0.22420272548329587,-0.14050088048457637,0.44337020215487255,0.2081877499473795,1,23,11.373643217286915,0.11745556200738448,24,0.877481353943475,0.07636363636363637,5000,3.014734251440654,11.180339887498949,0.08700975643547088,0.3438,0.1348
base,N2Vp1q2,N2V,2.0,3,24,9900,117,7.98263114518014,0.2200523636363636,0.22151204324063795,-0.1444104183017502,0.4485184838201869,0.2021179662664264,1,23,11.351591836734693,0.11806052276011908,24,0.878189092949699,0.07737373737373737,5000,3.0816267986450874,11.661903789690601,0.08894037577176052,0.3572,0.1352
base,N2Vp1q2,N2V,2.0,3,25,9900,119,8.226639654196603,0.22249660606060617,0.2187112345536348,-0.1474163520074413,0.4527591266380167,0.19747232291564612,1,23,11.257826970788315,0.11877696931791537,23,0.8786977910417304,0.07464646464646464,5000,3.1404471734048744,11.180339887498949,0.09063802009276375,0.3684,0.1284
base,N2Vp1q2,N2V,2.0,3,26,9900,119,8.438198859946358,0.22423644444444446,0.21616867841333778,-0.15027800694574006,0.457526625668797,0.19350906597592565,1,23,11.189176470588235,0.11940920845790914,25,0.8805919498010407,0.07535353535353535,5000,3.1848597360781126,11.40175425099138,0.09191983332689108,0.377,0.118
base,N2Vp1q2,N2V,2.0,3,27,9900,122,8.605486621917438,0.2259612929292929,0.21401197751232912,-0.15368688402277242,0.4601144204021273,0.1901959323549132,1,23,10.945253301320529,0.12169855873132139,23,0.8798003315988167,0.07141414141414142,5000,3.236306958325996,11.40175425099138,0.09340467739728657,0.3864,0.1244
base,N2Vp1q2,N2V,2.0,3,28,9900,124,8.788401447362313,0.22739377777777792,0.2110442571094794,-0.15539637619829746,0.46224210166239227,0.18639467322617584,1,23,10.716521488595438,0.12376923213232821,24,0.881803142536476,0.07161616161616162,5000,3.2811207113533283,11.661903789690601,0.09469806958732926,0.3946,0.1196
base,N2Vp1q2,N2V,2.0,3,29,9900,125,8.938948484022044,0.2286738989898991,0.20923097786792488,-0.1577164771435557,0.46626312887548,0.18375309551098942,1,22,10.571870348139255,0.12483946779629955,25,0.8811611111111112,0.07444444444444444,5000,3.3201203978394114,11.40175425099138,0.09582365908849085,0.4022,0.114
base,N2Vp1q2,N2V,2.0,3,30,9900,126,9.087441884270842,0.22977947474747484,0.20691276905138242,-0.16055501615445894,0.4679020023684808,0.18053978513407284,1,22,10.434112525010004,0.1263510084040008,24,0.8810683093561884,0.07181818181818182,5000,3.356750913215852,11.661903789690601,0.0968808707546557,0.4098,0.1116
base,N2Vp1q2,N2V,2.0,4,0,4900,4,0.27712812921102037,0.0188395102040817,0.03612824436332547,0.6504952980918245,0.0,0.0,1,98,33.333333333333336,0.046482951803896395,20,0.8645176384839652,0.08183673469387755,0,,,,,0.0
base,N2Vp1q2,N2V,2.0,4,1,9484,12,1.2880978844792814,0.09285757064529743,0.21176867566711702,0.009816384191260253,0.35730906204906554,0.34481850434567063,1,39,14.983593757503002,0.09156126279458551,19,0.8456649101659107,0.09732180514550823,4584,1.9134342016760841,7.810249675906654,0.05522458364732355,0.04035776614310646,0.0
base,N2Vp1q2,N2V,2.0,4,2,9889,15,1.5819338039248039,0.1084643138841137,0.23425201204772714,-0.02081641652602118,0.3642799444999471,0.34947462678214153,1,36,14.433701480592237,0.0947213106389666,19,0.8485743527858389,0.09242592779856407,4989,1.9705495068326744,7.810249675906654,0.05687301709980371,0.04690318701142514,0.1176
base,N2Vp1q2,N2V,2.0,4,3,9899,18,1.7259986558511569,0.11599810081826445,0.24116640418561383,-0.04496445427192897,0.3644835478900207,0.3479928548679674,1,37,14.408854101640657,0.09492498812378358,19,0.848940548657513,0.09364582281038489,4999,1.989063995967609,7.810249675906654,0.0574073730515391,0.052210442088417686,0.1376
base,N2Vp1q2,N2V,2.0,4,4,9900,21,1.8622566955175648,0.1223584646464646,0.24577330410183482,-0.06027224128683332,0.3643858013262987,0.3460730612412998,1,37,14.349116926770709,0.09522227870182617,21,0.8518655596367719,0.09545454545454546,5000,2.0112423091370815,7.810249675906654,0.05804747246531105,0.0584,0.1396
base,N2Vp1q2,N2V,2.0,4,5,9900,24,2.009975124224178,0.12810650505050503,0.24896480513476013,-0.07015794242524663,0.36557985558794626,0.34495228255254357,1,36,14.27424793917567,0.09559055391415447,18,0.8545315631058057,0.08535353535353535,5000,2.0322390545217486,7.810249675906654,0.0586534700589578,0.0666,0.1536
base,N2Vp1q2,N2V,2.0,4,6,9900,29,2.1910727965998755,0.13421470707070715,0.2516934021245009,-0.07430486294722231,0.36721012430015104,0.3424418526620945,1,35,14.158610324129652,0.09628999709403903,20,0.8556529843893481,0.0904040404040404,5000,2.065761734200518,7.810249675906654,0.0596209849211783,0.076,0.1708
base,N2Vp1q2,N2V,2.0,4,7,9900,36,2.4106430677310984,0.1398896161616161,0.25295988061940267,-0.08556446905637909,0.37006742264693515,0.33851554663991973,1,35,14.08859543817527,0.09674277822338911,20,0.8557549637792061,0.08858585858585859,5000,2.0916323275864896,7.810249675906654,0.060367649085118734,0.0888,0.1588
base,N2Vp1q2,N2V,2.0,4,8,9900,46,2.7308606701917255,0.1463308282828284,0.2542202124515639,-0.09080405027375209,0.36918374662455605,0.32914043427984063,1,33,13.940037134853942,0.09765424635880275,22,0.8559588766452404,0.09565656565656566,5000,2.133421492792803,7.810249675906654,0.061573747129915014,0.1068,0.1756
base,N2Vp1q2,N2V,2.0,4,9,9900,52,3.0537845372586454,0.15356230303030305,0.2551353117095773,-0.09467722710008171,0.37678403452722153,0.32445580989209755,1,33,13.866309083633453,0.09829010849982171,22,0.8580308029792879,0.09070707070707071,5000,2.1718814506463073,7.810249675906654,0.06268375925246039,0.124,0.1736
base,N2Vp1q2,N2V,2.0,4,10,9900,54,3.3283028708337223,0.15985406060606056,0.25531883850856835,-0.10268964911347389,0.37840550323887717,0.31721206969825755,1,31,13.689040416166467,0.09925508446207247,21,0.8586597439036835,0.0904040404040404,5000,2.2115781349193373,7.810249675906654,0.06382946515613716,0.139,0.1668
base,N2Vp1q2,N2V,2.0,4,11,9900,58,3.6033317915507026,0.16491870707070722,0.2543282365998286,-0.10606753408625774,0.38337958054436433,0.3119733767613113,1,31,13.542013285314125,0.10024189737231191,21,0.8616143403734314,0.08696969696969697,5000,2.2492935031382193,8.54400374531753,0.06491798730399509,0.1522,0.1704
base,N2Vp1q2,N2V,2.0,4,12,9900,62,3.892557000224916,0.17060020202020199,0.2532614564945778,-0.11130452379453795,0.38744617061824876,0.3049469398957095,1,30,13.337211364545817,0.10151248061908705,20,0.8626414906642181,0.08141414141414141,5000,2.2945214565728436,8.246211251235321,0.06622333393962007,0.1658,0.1708
base,N2Vp1q2,N2V,2.0,4,13,9900,67,4.197427783774248,0.17569624242424253,0.2524948393278238,-0.1130072660180721,0.3891762674501694,0.2953905292109885,1,30,13.234147098839536,0.10244413282213254,22,0.8649041781450874,0.08575757575757575,5000,2.352958517055907,10.816653826391969,0.06790991523513773,0.179,0.17
base,N2Vp1q2,N2V,2.0,4,14,9900,63,4.406086699101596,0.17970901010101015,0.2512838246563469,-0.11402652161444315,0.3893221666451028,0.28873080032336296,1,29,13.057860584233694,0.10373070453117317,20,0.8648341801856955,0.07919191919191919,5000,2.3946436335852495,9.0,0.06911301027891117,0.1888,0.1828
base,N2Vp1q2,N2V,2.0,4,15,9900,73,4.677862759850913,0.18417381818181822,0.2498129636349331,-0.11222786417681978,0.3937492960480295,0.2825966764377589,1,29,12.88053237294918,0.10500412067179275,21,0.8653082848688911,0.08292929292929294,5000,2.4392381794995734,10.295630140987,0.07040007582258274,0.2,0.1864
base,N2Vp1q2,N2V,2.0,4,16,9900,78,5.045948870133347,0.1890348686868688,0.24789659252152618,-0.11203123139779182,0.3984332041537732,0.27331439677081776,1,27,12.559620968387355,0.10721175030107453,21,0.867100137741047,0.08171717171717172,5000,2.510584931704963,10.295630140987,0.07245925020217733,0.2172,0.1944
base,N2Vp1q2,N2V,2.0,4,17,9900,90,5.398814684724787,0.19357397979797986,0.24529932650960048,-0.11252821934599354,0.4012296346026462,0.2632597053610566,1,27,12.400565666266507,0.10845499656819663,21,0.8666499489847975,0.08171717171717172,5000,2.572263754667018,10.295630140987,0.07423939362960891,0.2318,0.1808
base,N2Vp1q2,N2V,2.0,4,18,9900,104,5.812882245495775,0.19784602020202025,0.2429675743056876,-0.11303635431201242,0.40619402964458307,0.2519842882297169,1,26,12.247874189675871,0.1097557713878286,22,0.8684539434751558,0.08262626262626263,5000,2.649900728162411,11.661903789690601,0.07648011323897187,0.2514,0.1956
base,N2Vp1q2,N2V,2.0,4,19,9900,110,6.143744786366049,0.20164969696969703,0.24073773031144885,-0.11388799293205011,0.4104453008898827,0.24308064655544992,1,25,11.964033293317327,0.11201976427714634,22,0.8694392817059483,0.08151515151515151,5000,2.724235330165551,11.661903789690601,0.07862552144930753,0.2656,0.1848
base,N2Vp1q2,N2V,2.0,4,20,9900,113,6.476974602389606,0.20458307070707082,0.23799395486589578,-0.11507187209499375,0.41330132496913413,0.23360645572027416,1,24,11.766634973989596,0.1138446819275284,22,0.8717261605958576,0.07919191919191919,5000,2.7964565479919963,11.661903789690601,0.08070993421953732,0.2808,0.1888
base,N2Vp1q2,N2V,2.0,4,21,9900,120,6.834383659116599,0.2077164444444446,0.2358480940346274,-0.11666562876524078,0.417827546441195,0.22426592273866378,1,24,11.6919343737495,0.11471850425788954,20,0.8691052494643408,0.07626262626262627,5000,2.8644212720196727,12.529964086141668,0.08267149818857578,0.2956,0.1832
base,N2Vp1q2,N2V,2.0,4,22,9900,129,7.082146567249226,0.21012654545454557,0.2334203253749438,-0.11823208650161204,0.42174938643878385,0.21877381787140637,1,24,11.658827050820328,0.11521687425259979,22,0.8714463218038975,0.0794949494949495,5000,2.908706832277964,12.529964086141668,0.08394964594234244,0.3056,0.1716
base,N2Vp1q2,N2V,2.0,4,23,9900,132,7.302383172636177,0.21220036363636363,0.23138260619161993,-0.12100561732771131,0.42351634091630513,0.21260838684856914,1,24,11.542588555422169,0.1163789998960372,21,0.8707420671360067,0.07797979797979798,5000,2.9618652545184627,12.529964086141668,0.08548387781350303,0.3188,0.1824
base,N2Vp1q2,N2V,2.0,4,24,9900,138,7.531958576625339,0.2143875151515151,0.2296872289502291,-0.12137237539593967,0.4233490089772975,0.20639645390579608,1,24,11.390705402160865,0.11772321673395647,20,0.8721138914396489,0.07373737373737374,5000,3.0233069512436734,13.416407864998739,0.08725717742174809,0.3272,0.1932
base,N2Vp1q2,N2V,2.0,4,25,9900,144,7.8064588642994845,0.21654379797979795,0.22688432998262567,-0.12270895760991819,0.4285157415654134,0.20096209670730694,1,24,11.173891956782713,0.11961732679567023,22,0.8733217426793186,0.07656565656565656,5000,3.0764755674180755,13.416407864998739,0.08879170350514501,0.3384,0.1908
base,N2Vp1q2,N2V,2.0,4,26,9900,150,8.054315613383919,0.21876113131313146,0.22439978195980922,-0.1244621262662474,0.43128290761214155,0.19492239201058836,1,23,10.943925730292117,0.12160919392352004,23,0.8740663758800126,0.07868686868686868,5000,3.13675700765979,13.416407864998739,0.09053151636941471,0.3498,0.1932
base,N2Vp1q2,N2V,2.0,4,27,9900,160,8.288111968355638,0.2208790707070707,0.22278359740027728,-0.1243074466399218,0.43319299006589734,0.18982471141513466,1,23,10.780040976390556,0.12383421643295481,21,0.8733476992143658,0.07525252525252525,5000,3.191584768321354,13.416407864998739,0.0921139278535398,0.3588,0.1964
base,N2Vp1q2,N2V,2.0,4,28,9900,168,8.5146931829632,0.2226220606060607,0.22091398417011418,-0.12429685256052987,0.4355497523550762,0.1847888244424475,1,22,10.626322208883554,0.12543490139730792,25,0.8733871186613611,0.08242424242424243,5000,3.244240261729242,13.416407864998739,0.09363364444355782,0.366,0.1988
base,N2Vp1q2,N2V,2.0,4,29,9900,170,8.745924765283542,0.2241770101010101,0.2183448650796201,-0.1251472940422724,0.43758042686976434,0.18012210428827335,1,22,10.565867947178871,0.12607075225526765,22,0.8747146974798492,0.07525252525252525,5000,3.2919834466371825,13.416407864998739,0.09501158443555162,0.3746,0.2016
base,N2Vp1q2,N2V,2.0,4,30,9900,174,8.942125027083886,0.22558367676767688,0.2163905528348882,-0.1255844941177039,0.4386037755307325,0.17583996200878546,1,22,10.225200800320128,0.12903353864069544,24,0.8772871951841648,0.07606060606060606,5000,3.342275939388365,14.317821063276353,0.0964631012791082,0.3824,0.1936
base,N2Vp1q2,N2V,2.0,5,0,4900,4,0.27712812921102037,0.0188395102040817,0.03612824436332547,0.6504952980918245,0.0,0.0,1,98,33.333333333333336,0.046482951803896395,20,0.8622157642648896,0.08408163265306122,0,,,,,0.0
base,N2Vp1q2,N2V,2.0,5,1,9440,13,1.2794123651114209,0.09255186440677976,0.21089384153509927,0.01862492239454154,0.36404091242091513,0.35095544391755484,1,38,15.40891268507403,0.08960691984930637,19,0.851084884910945,0.09258474576271186,4540,1.886981800974733,7.280109889280518,0.0544611276508097,0.040748898678414094,0.0
base,N2Vp1q2,N2V,2.0,5,2,9893,16,1.5747611374427553,0.10757485090468011,0.23355505112028127,-0.032041375235504196,0.37268316017316255,0.3552808234504363,1,37,14.773046178471388,0.0930922611204949,19,0.8502148415111338,0.09289396543010209,4993,1.9527741576863855,7.280109889280518,0.05635999383779149,0.04766673342679752,0.1124
base,N2Vp1q2,N2V,2.0,5,3,9900,18,1.7052858997833764,0.11505155555555557,0.2400817612356674,-0.056826537833425075,0.37058946275946497,0.350969602040392,1,37,14.679683073229292,0.09358885496750416,19,0.8515801091725335,0.09080808080808081,5000,1.9768385540200573,7.280109889280518,0.05705452844320782,0.0526,0.1492
base,N2Vp1q2,N2V,2.0,5,4,9900,24,1.8725383841192682,0.1227272727272728,0.24542967186488107,-0.06931936185354057,0.3713912573814383,0.34901428159855125,1,37,14.58097575030012,0.09400424469819549,21,0.8543474492398737,0.09424242424242424,5000,2.0028897721645764,7.280109889280518,0.05780640570884698,0.0604,0.156
base,N2Vp1q2,N2V,2.0,5,5,9900,24,2.0491949638821585,0.12968096969696985,0.24933844807566277,-0.07698283202831165,0.37352660115568503,0.34821101725937875,1,36,14.512080672268908,0.09443179472636543,20,0.8537995204570962,0.09181818181818181,5000,2.0239122356663444,7.280109889280518,0.05841314556596318,0.0692,0.1592
base,N2Vp1q2,N2V,2.0,5,6,9900,32,2.274906591488978,0.13658032323232328,0.252289299409119,-0.09175629690847822,0.3747633674558649,0.3444656361284127,1,36,14.419533573429371,0.09488162978435859,19,0.858701698806244,0.08565656565656565,5000,2.051246055012155,7.280109889280518,0.05920204062780607,0.0814,0.1596
base,N2Vp1q2,N2V,2.0,5,7,9900,36,2.4738633753705965,0.14254404040404034,0.2540879050851508,-0.09892647561147838,0.37448213213191994,0.3388875758291972,1,35,14.345145098039216,0.09539429724082783,22,0.8555707529843894,0.09515151515151515,5000,2.0845247101700566,7.280109889280518,0.06016251257600692,0.0906,0.1684
base,N2Vp1q2,N2V,2.0,5,8,9900,50,2.8254557154554734,0.15032545454545465,0.2554772700306264,-0.09248635855245477,0.3795893208752222,0.3328067068431715,1,34,14.016687635054021,0.09731820481365866,18,0.859232884399551,0.08131313131313131,5000,2.1243091662696387,8.06225774829855,0.06131075170636745,0.1082,0.188
base,N2Vp1q2,N2V,2.0,5,9,9900,61,3.1214099378325812,0.1558315555555556,0.2555852116237759,-0.08938919705517044,0.38199241504828263,0.3249965917681906,1,32,14.009941256502602,0.09759373738426516,19,0.86023245587185,0.08080808080808081,5000,2.1633033327140754,7.280109889280518,0.06243618189084003,0.12,0.17
base,N2Vp1q2,N2V,2.0,5,10,9900,73,3.471368606184022,0.16259959595959605,0.25532142175945366,-0.09001033313018471,0.38652041439445006,0.31704777973220377,1,32,13.732441456582633,0.09926738787456693,19,0.8604076726864605,0.08454545454545455,5000,2.218284608105994,8.06225774829855,0.06402302404055067,0.1358,0.1884
base,N2Vp1q2,N2V,2.0,5,11,9900,79,3.7796296114831147,0.16836529292929292,0.2553286458483366,-0.09331099524721692,0.3915252281216092,0.30984773924622244,1,31,13.544619767907163,0.10049091011118647,20,0.8619686970717276,0.08434343434343435,5000,2.260337699535539,8.602325267042627,0.06523673939237472,0.151,0.182
base,N2Vp1q2,N2V,2.0,5,12,9900,73,4.068414924758781,0.17475195959595968,0.254125310758274,-0.10285570275444235,0.3910021781594001,0.29973766227942333,1,30,13.38836174469788,0.10147283566062013,20,0.8623109580655038,0.08545454545454545,5000,2.330891896139856,9.219544457292887,0.06727303942748007,0.168,0.1844
base,N2Vp1q2,N2V,2.0,5,13,9900,74,4.365775990588615,0.18116820202020212,0.252337260688062,-0.1114865909906845,0.39592609864172834,0.2929071946108109,1,30,13.282206642657062,0.10236654418476074,21,0.8630303744515865,0.08494949494949496,5000,2.385889031860532,9.219544457292887,0.06886033933008934,0.1806,0.1988
base,N2Vp1q2,N2V,2.0,5,14,9900,79,4.641120554348917,0.18627216161616156,0.25109923075244944,-0.11335618242901145,0.3989017379718631,0.2849014491842444,1,31,13.182519727891156,0.10323289331815202,19,0.8648310988674625,0.0798989898989899,5000,2.4376448506160044,9.433981132056603,0.07035408995898144,0.1926,0.1924
base,N2Vp1q2,N2V,2.0,5,15,9900,79,4.901754787828539,0.19105018181818179,0.24885722096522572,-0.11797452904424326,0.4016937842515275,0.27798299202370563,1,31,12.875004721888756,0.10528851171041825,21,0.8652308386899297,0.08171717171717172,5000,2.495262003637899,9.486832980505138,0.0720170074942649,0.2052,0.2216
base,N2Vp1q2,N2V,2.0,5,16,9900,83,5.253265651002241,0.19620860606060608,0.24619683820779803,-0.12178424710339035,0.4059441379991532,0.26824201001902837,1,27,12.426560704281712,0.10821192817973493,21,0.8662286450362208,0.08252525252525253,5000,2.5654092925494183,9.486832980505138,0.07404156356247661,0.2222,0.2208
base,N2Vp1q2,N2V,2.0,5,17,9900,85,5.515505416550689,0.19983143434343442,0.24355979127794228,-0.12545928757805166,0.4115193286456036,0.26222614376630937,1,26,12.233836894757903,0.10979502800796954,20,0.8679543362922151,0.07858585858585859,5000,2.6034344716260223,9.219544457292887,0.07513902731679904,0.2348,0.1968
base,N2Vp1q2,N2V,2.0,5,18,9900,87,5.739895469431477,0.20283482828282828,0.24089647783396156,-0.1292771348133129,0.4140768495668872,0.2564567740288629,1,26,11.897818007202881,0.11207010354157623,21,0.868665850423426,0.07939393939393939,5000,2.6655416093218234,9.433981132056603,0.07693153255046384,0.2464,0.1872
base,N2Vp1q2,N2V,2.0,5,19,9900,96,5.989858095147162,0.20575579797979793,0.2386838245159366,-0.1304839789318173,0.41523336757962426,0.24842972581954198,1,24,11.776130932372949,0.11311894094661402,21,0.8707102234465868,0.07929292929292929,5000,2.718855662939743,9.433981132056603,0.07847025617682198,0.2552,0.196
base,N2Vp1q2,N2V,2.0,5,20,9900,96,6.227423223131699,0.2089545454545454,0.23679565229153476,-0.13444148113795434,0.42035547502148385,0.2427767899883745,1,25,11.69401168467387,0.11395122158366103,22,0.8696281093765941,0.0798989898989899,5000,2.78268626043759,9.486832980505138,0.08031250304775735,0.2668,0.1868
base,N2Vp1q2,N2V,2.0,5,21,9900,101,6.4394409695252275,0.21144339393939404,0.2343331438757139,-0.1364149622630773,0.42194460347045176,0.2367023707630816,1,24,11.542310044017608,0.11532521419591878,22,0.8697934751555966,0.08151515151515151,5000,2.832773852694692,10.295630140987,0.08175810615544321,0.2764,0.1908
base,N2Vp1q2,N2V,2.0,5,22,9900,106,6.663872747884671,0.21372266666666673,0.23135293649109348,-0.13957118304952415,0.4241140670032932,0.23029100849077144,1,24,11.488638015206082,0.11608999778757895,21,0.8721955310682581,0.07858585858585859,5000,2.891510568344631,10.295630140987,0.08345333594894108,0.2862,0.1904
base,N2Vp1q2,N2V,2.0,5,23,9900,106,6.87784850080314,0.21591640404040402,0.22939195239019555,-0.1417911132907159,0.4292786404203157,0.2264354938537594,1,24,11.425099319727892,0.1166624549674303,21,0.8721942709927559,0.07757575757575758,5000,2.9242385661757107,10.44030650891055,0.08439791510000293,0.2946,0.1816
base,N2Vp1q2,N2V,2.0,5,24,9900,109,7.098619584116337,0.2179749090909091,0.22669588639388108,-0.14454176375482256,0.4296736830622525,0.21999908742471252,1,24,11.277762945178072,0.11807620317303857,23,0.8726633404754616,0.08080808080808081,5000,3.0002186787066836,10.770329614269007,0.08659081521453223,0.3074,0.1872
base,N2Vp1q2,N2V,2.0,5,25,9900,112,7.353040187568677,0.220129898989899,0.22407990716990903,-0.14763039540464265,0.4328842148509495,0.2137157217176616,1,23,10.971203841536614,0.12076276640481666,21,0.8720007091113151,0.07757575757575758,5000,3.040029993121529,10.770329614269007,0.08773982951619291,0.319,0.1936
base,N2Vp1q2,N2V,2.0,5,26,9900,120,7.5228717920751516,0.2217049292929294,0.22174150698082576,-0.14837393180636785,0.43634371658214993,0.21050628366247756,1,22,10.857215526210485,0.12190018419184817,21,0.8729051474339351,0.07555555555555556,5000,3.086823757778363,11.180339887498949,0.08909036781440087,0.3252,0.1816
base,N2Vp1q2,N2V,2.0,5,27,9900,128,7.724868930926919,0.22319915151515146,0.21942779785961486,-0.15007528705851506,0.43892889690232206,0.20566037735849058,1,23,10.725473549419767,0.12322402677436763,24,0.8758084481175391,0.0796969696969697,5000,3.1456292769198293,11.180339887498949,0.09078758337995703,0.3354,0.19
base,N2Vp1q2,N2V,2.0,5,28,9900,137,7.897695866517019,0.22449713131313143,0.21700413774504035,-0.15086918112113581,0.44050052471513135,0.20155657962109574,1,23,10.566210484193677,0.1247376077972994,24,0.8765106723803694,0.07767676767676768,5000,3.1850968968325173,11.180339887498949,0.0919266781423062,0.3418,0.1912
base,N2Vp1q2,N2V,2.0,5,29,9900,148,8.09597430825963,0.22617898989898988,0.21471071242879358,-0.15153647997303832,0.44255971816129686,0.19674419532169185,1,22,10.269989915966386,0.1276009383557011,23,0.8759013621059079,0.07747474747474747,5000,3.243423362484665,12.165525060596439,0.09361006750497061,0.3468,0.1964
base,N2Vp1q2,N2V,2.0,5,30,9900,151,8.247375340070318,0.22761094949494964,0.21224223914505744,-0.1535525467119284,0.44550857764086893,0.19371857332673317,1,22,10.083039935974389,0.1295040785799324,23,0.8762166870727479,0.07585858585858586,5000,3.2753968763623162,12.165525060596439,0.09453287111645019,0.3554,0.186
base,SP,SP,,1,0,4900,4,0.27712812921102037,0.0188395102040817,0.03612824436332547,0.6504952980918245,0.0,0.0,1,98,33.333333333333336,0.046482951803896395,22,0.862310537276135,0.08755102040816326,0,,,,,0.0
base,SP,SP,,1,1,9684,11,0.9248200689863948,0.055370012391573686,0.14832948292989565,0.4515669104140046,0.31153999999999443,0.30831664382839674,1,48,16.403345338135253,0.08753710858896574,17,0.8561452952113726,0.08085501858736059,4784,2.4889214046822743,3.0,0.07183400828943605,0.030936454849498328,0.0
base,SP,SP,,1,2,9900,20,1.4902348808157726,0.09251086868686875,0.21295819503312663,0.21373589785257494,0.26709600824012475,0.2618539924807811,1,31,12.145355422168867,0.10772583618042206,16,0.8402676512600753,0.09161616161616161,5000,2.6203535672459948,9.0,0.07562733781657154,0.052,0.3388
base,SP,SP,,1,3,9900,40,2.9610808837314795,0.15224953535353536,0.24936813366505792,0.044695874263806244,0.26041069105339143,0.23424523078471837,1,19,9.040201680672268,0.13473759490698403,16,0.8349033006836039,0.09707070707070707,5000,3.2737330529601394,12.0,0.09448485067521034,0.1092,0.6056
base,SP,SP,,1,4,9900,122,6.187859080489794,0.20549430303030314,0.23566463824623748,-0.053687582083231815,0.2927930895318941,0.17612786800721836,1,13,6.790707643057223,0.17228803561562261,15,0.8324952045709623,0.09878787878787879,5000,4.875444498227662,24.0,0.14071264759164995,0.2564,0.714
base,SP,SP,,1,5,9900,327,11.601275791911853,0.23246662626262626,0.20379384002257664,-0.08735875663610244,0.3214123748735688,0.09236520306659064,1,10,5.234335334133654,0.21944786054104182,12,0.7999785889194982,0.10444444444444445,5000,7.751155248201215,30.463092423455635,0.22370997706256227,0.438,0.6876
base,SP,SP,,1,6,9900,440,15.612072251946568,0.24303305050505064,0.1798198973167011,-0.10756393894439426,0.33473023141265584,0.06028474271060269,1,8,4.244908203281312,0.26295082375807466,10,0.7656646260585656,0.10585858585858586,5000,9.998763812234658,34.539832078341085,0.28857933449444007,0.5564,0.506
base,SP,SP,,1,7,9900,808,20.620048496548208,0.24903353535353534,0.160258447928784,-0.10026794115329343,0.33177383292095963,0.03700055500832512,1,7,3.499434333733493,0.3135097345604908,9,0.7379363330272422,0.12313131313131313,5000,11.812503538434061,34.539832078341085,0.34092658591089026,0.6606,0.4036
base,SP,SP,,1,8,9900,1695,35.77136284795423,0.25445898989898996,0.1355774772869111,-0.11833003352039118,0.37411864172646586,0.014796798073856293,1,5,2.6366889155662263,0.40645011604641856,10,0.6488618355269872,0.21898989898989898,5000,14.183706206796888,34.539832078341085,0.40936305474219603,0.7806,0.4764
base,SP,SP,,1,9,9900,2305,47.27185208980076,0.25693898989899,0.12149072642234447,-0.1486387458810949,0.4310349027480279,0.00979525772828433,1,5,2.1395684673869546,0.47804279044951314,11,0.5911800887664526,0.2733333333333333,5000,15.676732932593904,34.539832078341085,0.45245404748929063,0.8452,0.2964
base,SP,SP,,1,10,9900,2420,49.46927935598012,0.2575786666666666,0.11808906492657768,-0.1550117815743991,0.4451687048535294,0.009231595641274876,1,4,2.054889155662265,0.4919442443644124,11,0.5771616008570555,0.2783838383838384,5000,15.958143947725697,34.539832078341085,0.46057599186073067,0.8556,0.0464
base,SP,SP,,1,11,9900,2421,49.48879469132382,0.257592888888889,0.11797164056603385,-0.1550731194542453,0.44539346663247,0.009228309606528444,1,4,2.054123089235694,0.49207032146191815,11,0.5824863483318029,0.2885858585858586,5000,15.958820902987867,34.539832078341085,0.46059552980589147,0.8558,0.0004
base,SP,SP,,1,12,9900,2421,49.48879469132382,0.257592888888889,0.11797164056603385,-0.1550731194542453,0.44539346663247,0.009228309606528444,1,4,2.054123089235694,0.49207032146191815,11,0.5824863483318029,0.2885858585858586,5000,15.958820902987867,34.539832078341085,0.46059552980589147,0.8558,0.0
base,SP,SP,,1,13,9900,2421,49.48879469132382,0.257592888888889,0.11797164056603385,-0.1550731194542453,0.44539346663247,0.009228309606528444,1,4,2.054123089235694,0.49207032146191815,11,0.5824863483318029,0.2885858585858586,5000,15.958820902987867,34.539832078341085,0.46059552980589147,0.8558,0.0
base,SP,SP,,1,14,9900,2421,49.48879469132382,0.257592888888889,0.11797164056603385,-0.1550731194542453,0.44539346663247,0.009228309606528444,1,4,2.054123089235694,0.49207032146191815,11,0.5824863483318029,0.2885858585858586,5000,15.958820902987867,34.539832078341085,0.46059552980589147,0.8558,0.0
base,SP,SP,,1,15,9900,2421,49.48879469132382,0.257592888888889,0.11797164056603385,-0.1550731194542453,0.44539346663247,0.009228309606528444,1,4,2.054123089235694,0.49207032146191815,11,0.5824863483318029,0.2885858585858586,5000,15.958820902987867,34.539832078341085,0.46059552980589147,0.8558,0.0
base,SP,SP,,1,16,9900,2421,49.48879469132382,0.257592888888889,0.11797164056603385,-0.1550731194542453,0.44539346663247,0.009228309606528444,1,4,2.054123089235694,0.49207032146191815,11,0.5824863483318029,0.2885858585858586,5000,15.958820902987867,34.539832078341085,0.46059552980589147,0.8558,0.0
base,SP,SP,,1,17,9900,2421,49.48879469132382,0.257592888888889,0.11797164056603385,-0.1550731194542453,0.44539346663247,0.009228309606528444,1,4,2.054123089235694,0.49207032146191815,11,0.5824863483318029,0.2885858585858586,5000,15.958820902987867,34.539832078341085,0.46059552980589147,0.8558,0.0
base,SP,SP,,1,18,9900,2421,49.48879469132382,0.257592888888889,0.11797164056603385,-0.1550731194542453,0.44539346663247,0.009228309606528444,1,4,2.054123089235694,0.49207032146191815,11,0.5824863483318029,0.2885858585858586,5000,15.958820902987867,34.539832078341085,0.46059552980589147,0.8558,0.0
base,SP,SP,,1,19,9900,2421,49.48879469132382,0.257592888888889,0.11797164056603385,-0.1550731194542453,0.44539346663247,0.009228309606528444,1,4,2.054123089235694,0.49207032146191815,11,0.5824863483318029,0.2885858585858586,5000,15.958820902987867,34.539832078341085,0.46059552980589147,0.8558,0.0
base,SP,SP,,1,20,9900,2421,49.48879469132382,0.257592888888889,0.11797164056603385,-0.1550731194542453,0.44539346663247,0.009228309606528444,1,4,2.054123089235694,0.49207032146191815,11,0.5824863483318029,0.2885858585858586,5000,15.958820902987867,34.539832078341085,0.46059552980589147,0.8558,0.0
base,SP,SP,,1,21,9900,2421,49.48879469132382,0.257592888888889,0.11797164056603385,-0.1550731194542453,0.44539346663247,0.009228309606528444,1,4,2.054123089235694,0.49207032146191815,11,0.5824863483318029,0.2885858585858586,5000,15.958820902987867,34.539832078341085,0.46059552980589147,0.8558,0.0
base,SP,SP,,1,22,9900,2421,49.48879469132382,0.257592888888889,0.11797164056603385,-0.1550731194542453,0.44539346663247,0.009228309606528444,1,4,2.054123089235694,0.49207032146191815,11,0.5824863483318029,0.2885858585858586,5000,15.958820902987867,34.539832078341085,0.46059552980589147,0.8558,0.0
base,SP,SP,,1,23,9900,2421,49.48879469132382,0.257592888888889,0.11797164056603385,-0.1550731194542453,0.44539346663247,0.009228309606528444,1,4,2.054123089235694,0.49207032146191815,11,0.5824863483318029,0.2885858585858586,5000,15.958820902987867,34.539832078341085,0.46059552980589147,0.8558,0.0
base,SP,SP,,1,24,9900,2421,49.48879469132382,0.257592888888889,0.11797164056603385,-0.1550731194542453,0.44539346663247,0.009228309606528444,1,4,2.054123089235694,0.49207032146191815,11,0.5824863483318029,0.2885858585858586,5000,15.958820902987867,34.539832078341085,0.46059552980589147,0.8558,0.0
base,SP,SP,,1,25,9900,2421,49.48879469132382,0.257592888888889,0.11797164056603385,-0.1550731194542453,0.44539346663247,0.009228309606528444,1,4,2.054123089235694,0.49207032146191815,11,0.5824863483318029,0.2885858585858586,5000,15.958820902987867,34.539832078341085,0.46059552980589147,0.8558,0.0
base,SP,SP,,1,26,9900,2421,49.48879469132382,0.257592888888889,0.11797164056603385,-0.1550731194542453,0.44539346663247,0.009228309606528444,1,4,2.054123089235694,0.49207032146191815,11,0.5824863483318029,0.2885858585858586,5000,15.958820902987867,34.539832078341085,0.46059552980589147,0.8558,0.0
base,SP,SP,,1,27,9900,2421,49.48879469132382,0.257592888888889,0.11797164056603385,-0.1550731194542453,0.44539346663247,0.009228309606528444,1,4,2.054123089235694,0.49207032146191815,11,0.5824863483318029,0.2885858585858586,5000,15.958820902987867,34.539832078341085,0.46059552980589147,0.8558,0.0
base,SP,SP,,1,28,9900,2421,49.48879469132382,0.257592888888889,0.11797164056603385,-0.1550731194542453,0.44539346663247,0.009228309606528444,1,4,2.054123089235694,0.49207032146191815,11,0.5824863483318029,0.2885858585858586,5000,15.958820902987867,34.539832078341085,0.46059552980589147,0.8558,0.0
base,SP,SP,,1,29,9900,2421,49.48879469132382,0.257592888888889,0.11797164056603385,-0.1550731194542453,0.44539346663247,0.009228309606528444,1,4,2.054123089235694,0.49207032146191815,11,0.5824863483318029,0.2885858585858586,5000,15.958820902987867,34.539832078341085,0.46059552980589147,0.8558,0.0
base,SP,SP,,1,30,9900,2421,49.48879469132382,0.257592888888889,0.11797164056603385,-0.1550731194542453,0.44539346663247,0.009228309606528444,1,4,2.054123089235694,0.49207032146191815,11,0.5824863483318029,0.2885858585858586,5000,15.958820902987867,34.539832078341085,0.46059552980589147,0.8558,0.0
base,SP,SP,,2,0,4900,4,0.27712812921102037,0.0188395102040817,0.03612824436332547,0.6504952980918245,0.0,0.0,1,98,33.333333333333336,0.046482951803896395,20,0.8653470220741358,0.08204081632653061,0,,,,,0.0
base,SP,SP,,2,1,9689,11,0.9049301409501177,0.05344097430075356,0.1438100004080482,0.45906643353591264,0.31142972582971995,0.3082816545246553,1,49,16.29893205282113,0.08780331350201946,19,0.851691208941991,0.09247600371555371,4789,2.4879933180204636,3.0,0.07180722231506483,0.0311129672165379,0.0
base,SP,SP,,2,2,9900,21,1.3833293172632466,0.0854800808080809,0.20319897649937524,0.2670132189289903,0.2730706220851709,0.2683074753173484,1,32,12.475034173669467,0.1055297681751742,15,0.8447613406795225,0.08383838383838384,5000,2.5967592649351516,7.0,0.07494637083039347,0.0496,0.27
base,SP,SP,,2,3,9900,35,2.718676148422243,0.14935507070707077,0.25138824170106167,0.0805336340274569,0.2631153440635854,0.24062664797355526,1,19,9.026695158063225,0.13397395122558334,15,0.8370558361391696,0.09353535353535354,5000,3.154272779279833,12.0,0.09103704783432276,0.0954,0.5908
base,SP,SP,,2,4,9900,140,5.817009540992691,0.20453397979797994,0.23804757913335528,-0.027384553318981774,0.2936170491345288,0.18540679572221472,1,14,6.120008963585434,0.18604470437658907,14,0.8314486123864909,0.09111111111111111,5000,4.703610863690182,19.0,0.13575327092971595,0.2292,0.7456
base,SP,SP,,2,5,9900,602,15.210312291337084,0.23774177777777772,0.1929831639989653,-0.06708383511459531,0.34643131742921285,0.06511601901034386,1,9,4.051283233293318,0.273364189358283,12,0.7800387205387205,0.11191919191919192,5000,7.917576645074013,30.265491900843113,0.2285131484202477,0.4568,0.8448
base,SP,SP,,2,6,9900,1426,31.417714748211715,0.25111062626262637,0.15252414005649895,-0.11091472056146437,0.38727315293139275,0.01966523566263728,1,6,2.8223708683473387,0.3827097132186208,13,0.6890581369248037,0.201010101010101,5000,11.697817219967389,34.539832078341085,0.33761656658447786,0.6648,0.73
base,SP,SP,,2,7,9900,2231,46.13877328234898,0.2555432323232323,0.1306204589616262,-0.1471694663408561,0.44427791119720617,0.010627256144094266,1,5,2.1940411364545818,0.469378876884087,14,0.6094165085195387,0.28434343434343434,5000,13.735146982534154,34.539832078341085,0.396416962120157,0.7586,0.37
base,SP,SP,,2,8,9900,2370,48.80354085514698,0.25638008080808095,0.12466532838938552,-0.1551295168208645,0.46054661152695037,0.009826183456237236,1,4,2.0908120048019208,0.486037241563292,15,0.5908811753902663,0.31202020202020203,5000,14.072670689716336,34.539832078341085,0.4061584030246363,0.7828,0.056
base,SP,SP,,2,9,9900,2373,48.86500588355638,0.2563854545454547,0.12459870923819219,-0.15534810616701597,0.4610369062320953,0.00980989400126554,1,4,2.0886889155662267,0.48638580765639594,13,0.5832542699724518,0.3015151515151515,5000,14.082813982217218,34.539832078341085,0.4064511536740621,0.7832,0.0016
base,SP,SP,,2,10,9900,2373,48.86500588355638,0.2563854545454547,0.12459870923819219,-0.15534810616701597,0.4610369062320953,0.00980989400126554,1,4,2.0886889155662267,0.48638580765639594,13,0.5832542699724518,0.3015151515151515,5000,14.082813982217218,34.539832078341085,0.4064511536740621,0.7832,0.0
base,SP,SP,,2,11,9900,2373,48.86500588355638,0.2563854545454547,0.12459870923819219,-0.15534810616701597,0.4610369062320953,0.00980989400126554,1,4,2.0886889155662267,0.48638580765639594,13,0.5832542699724518,0.3015151515151515,5000,14.082813982217218,34.539832078341085,0.4064511536740621,0.7832,0.0
base,SP,SP,,2,12,9900,2373,48.86500588355638,0.2563854545454547,0.12459870923819219,-0.15534810616701597,0.4610369062320953,0.00980989400126554,1,4,2.0886889155662267,0.48638580765639594,13,0.5832542699724518,0.3015151515151515,5000,14.082813982217218,34.539832078341085,0.4064511536740621,0.7832,0.0
base,SP,SP,,2,13,9900,2373,48.86500588355638,0.2563854545454547,0.12459870923819219,-0.15534810616701597,0.4610369062320953,0.00980989400126554,1,4,2.0886889155662267,0.48638580765639594,13,0.5832542699724518,0.3015151515151515,5000,14.082813982217218,34.539832078341085,0.4064511536740621,0.7832,0.0
base,SP,SP,,2,14,9900,2373,48.86500588355638,0.2563854545454547,0.12459870923819219,-0.15534810616701597,0.4610369062320953,0.00980989400126554,1,4,2.0886889155662267,0.48638580765639594,13,0.5832542699724518,0.3015151515151515,5000,14.082813982217218,34.539832078341085,0.4064511536740621,0.7832,0.0
base,SP,SP,,2,15,9900,2373,48.86500588355638,0.2563854545454547,0.12459870923819219,-0.15534810616701597,0.4610369062320953,0.00980989400126554,1,4,2.0886889155662267,0.48638580765639594,13,0.5832542699724518,0.3015151515151515,5000,14.082813982217218,34.539832078341085,0.4064511536740621,0.7832,0.0
base,SP,SP,,2,16,9900,2373,48.86500588355638,0.2563854545454547,0.12459870923819219,-0.15534810616701597,0.4610369062320953,0.00980989400126554,1,4,2.0886889155662267,0.48638580765639594,13,0.5832542699724518,0.3015151515151515,5000,14.082813982217218,34.539832078341085,0.4064511536740621,0.7832,0.0
base,SP,SP,,2,17,9900,2373,48.86500588355638,0.2563854545454547,0.12459870923819219,-0.15534810616701597,0.4610369062320953,0.00980989400126554,1,4,2.0886889155662267,0.48638580765639594,13,0.5832542699724518,0.3015151515151515,5000,14.082813982217218,34.539832078341085,0.4064511536740621,0.7832,0.0
base,SP,SP,,2,18,9900,2373,48.869466950233864,0.25638686868686866,0.12464283425228333,-0.1554007649199669,0.46097058135458274,0.009807160874572538,1,4,2.0885128451380552,0.4864150993730826,14,0.5916802061014182,0.27646464646464647,5000,14.088118733634834,34.539832078341085,0.40660425676385414,0.7834,0.0004
base,SP,SP,,2,19,9900,2373,48.869466950233864,0.25638686868686866,0.12464283425228333,-0.1554007649199669,0.46097058135458274,0.009807160874572538,1,4,2.0885128451380552,0.4864150993730826,14,0.5916802061014182,0.27646464646464647,5000,14.088118733634834,34.539832078341085,0.40660425676385414,0.7834,0.0
base,SP,SP,,2,20,9900,2373,48.869466950233864,0.25638686868686866,0.12464283425228333,-0.1554007649199669,0.46097058135458274,0.009807160874572538,1,4,2.0885128451380552,0.4864150993730826,14,0.5916802061014182,0.27646464646464647,5000,14.088118733634834,34.539832078341085,0.40660425676385414,0.7834,0.0
base,SP,SP,,2,21,9900,2373,48.869466950233864,0.25638686868686866,0.12464283425228333,-0.1554007649199669,0.46097058135458274,0.009807160874572538,1,4,2.0885128451380552,0.4864150993730826,14,0.5916802061014182,0.27646464646464647,5000,14.088118733634834,34.539832078341085,0.40660425676385414,0.7834,0.0
base,SP,SP,,2,22,9900,2373,48.869466950233864,0.25638686868686866,0.12464283425228333,-0.1554007649199669,0.46097058135458274,0.009807160874572538,1,4,2.0885128451380552,0.4864150993730826,14,0.5916802061014182,0.27646464646464647,5000,14.088118733634834,34.539832078341085,0.40660425676385414,0.7834,0.0
base,SP,SP,,2,23,9900,2373,48.869466950233864,0.25638686868686866,0.12464283425228333,-0.1554007649199669,0.46097058135458274,0.009807160874572538,1,4,2.0885128451380552,0.4864150993730826,14,0.5916802061014182,0.27646464646464647,5000,14.088118733634834,34.539832078341085,0.40660425676385414,0.7834,0.0
base,SP,SP,,2,24,9900,2373,48.87317464622081,0.2563869090909092,0.12464283425228333,-0.15544310000773665,0.4608360455648259,0.009802759571769362,1,4,2.088363025210084,0.4864400160064026,13,0.5901559840832569,0.2897979797979798,5000,14.090898863427505,34.539832078341085,0.4066844954834042,0.7834,0.0004
base,SP,SP,,2,25,9900,2373,48.87689842860327,0.25638694949494956,0.12464283425228333,-0.1554856278060646,0.4607146234425335,0.009798353159085827,1,4,2.088212244897959,0.48646509270374816,13,0.590255341291705,0.26575757575757575,5000,14.093744339648259,34.539832078341085,0.4067666201989716,0.7834,0.0004
base,SP,SP,,2,26,9900,2373,48.87689842860327,0.25638694949494956,0.12464283425228333,-0.1554856278060646,0.4607146234425335,0.009798353159085827,1,4,2.088212244897959,0.48646509270374816,13,0.590255341291705,0.26575757575757575,5000,14.093744339648259,34.539832078341085,0.4067666201989716,0.7834,0.0
base,SP,SP,,2,27,9900,2373,48.87689842860327,0.25638694949494956,0.12464283425228333,-0.1554856278060646,0.4607146234425335,0.009798353159085827,1,4,2.088212244897959,0.48646509270374816,13,0.590255341291705,0.26575757575757575,5000,14.093744339648259,34.539832078341085,0.4067666201989716,0.7834,0.0
base,SP,SP,,2,28,9900,2373,48.87689842860327,0.25638694949494956,0.12464283425228333,-0.1554856278060646,0.4607146234425335,0.009798353159085827,1,4,2.088212244897959,0.48646509270374816,13,0.590255341291705,0.26575757575757575,5000,14.093744339648259,34.539832078341085,0.4067666201989716,0.7834,0.0
base,SP,SP,,2,29,9900,2373,48.87689842860327,0.25638694949494956,0.12464283425228333,-0.1554856278060646,0.4607146234425335,0.009798353159085827,1,4,2.088212244897959,0.48646509270374816,13,0.590255341291705,0.26575757575757575,5000,14.093744339648259,34.539832078341085,0.4067666201989716,0.7834,0.0
base,SP,SP,,2,30,9900,2373,48.87689842860327,0.25638694949494956,0.12464283425228333,-0.1554856278060646,0.4607146234425335,0.009798353159085827,1,4,2.088212244897959,0.48646509270374816,13,0.590255341291705,0.26575757575757575,5000,14.093744339648259,34.539832078341085,0.4067666201989716,0.7834,0.0
base,SP,SP,,3,0,4900,4,0.27712812921102037,0.0188395102040817,0.03612824436332547,0.6504952980918245,0.0,0.0,1,98,33.333333333333336,0.046482951803896395,23,0.8619693669304456,0.09122448979591836,0,,,,,0.0
base,SP,SP,,3,1,9677,11,0.911498458583447,0.05453719127828882,0.14649607147940263,0.46083890474486283,0.3114096681096623,0.3084327896555366,1,47,16.174626970788314,0.08831800690691487,18,0.8522020164189545,0.0865970858737212,4777,2.4908938664433746,3.0,0.07189093649706484,0.030981787732886748,0.0
base,SP,SP,,3,2,9900,18,1.4808105888330216,0.09241094949494943,0.2131641969584477,0.24980658996256092,0.2660149156725608,0.26092997796460304,1,29,11.926977511004402,0.1088843895826799,16,0.8398919038873585,0.09181818181818181,5000,2.613024034578497,8.0,0.07541579650015864,0.0516,0.344
base,SP,SP,,3,3,9900,42,2.8516661796220113,0.15184424242424255,0.2521869547916423,0.05621773109922418,0.2562237878227429,0.23237959655790424,1,19,8.797048739495798,0.1371510988167147,15,0.8290398275686157,0.0997979797979798,5000,3.215148976921321,12.0,0.09279402629004312,0.1038,0.6028
base,SP,SP,,3,4,9900,117,5.598571246309187,0.20625402020202022,0.23756882546199523,-0.02956880701412894,0.28035970370871977,0.18300089146423,1,13,6.102502440976391,0.18543540286932841,12,0.8223078359351088,0.08858585858585859,5000,4.786964095039536,20.223748416156685,0.13815897032240734,0.219,0.7484
base,SP,SP,,3,5,9900,368,12.026038416702317,0.23481709090909098,0.19728945563458916,-0.07231916760492411,0.3227548571410265,0.0882466204019415,1,9,4.334283473389355,0.2541038844744247,12,0.7780615600448935,0.12171717171717172,5000,7.85873749176438,30.083217912982647,0.22681496212210417,0.4334,0.7552
base,SP,SP,,3,6,9900,1240,26.868866742012028,0.2496052929292929,0.15699293113027696,-0.09261739649658614,0.3724138190160422,0.025305686930441804,1,6,2.9791756702681074,0.36108502067493664,11,0.7090642026323842,0.1781818181818182,5000,11.513971887364324,34.48187929913333,0.33231051428353403,0.66,0.7204
base,SP,SP,,3,7,9900,2278,46.339167018840556,0.2565054545454546,0.12204212385204677,-0.14193209108091903,0.45345293870437453,0.01064680802831883,1,4,2.164091556622649,0.47417166866746696,15,0.608807647178859,0.2877777777777778,5000,14.284374869041633,34.48187929913333,0.4122685034657159,0.8162,0.4684
base,SP,SP,,3,8,9900,2424,49.16891701064811,0.25710416161616156,0.11731082124950261,-0.1504620515546168,0.47329065873369053,0.009853789986429318,1,4,2.053507162865146,0.49216793384020274,14,0.593179655137231,0.29787878787878785,5000,14.705512385073078,34.48187929913333,0.42442316442073197,0.8338,0.0584
base,SP,SP,,3,9,9900,2424,49.16891701064811,0.25710416161616156,0.11731082124950261,-0.1504620515546168,0.47329065873369053,0.009853789986429318,1,4,2.053507162865146,0.49216793384020274,14,0.593179655137231,0.29787878787878785,5000,14.705512385073078,34.48187929913333,0.42442316442073197,0.8338,0.0
base,SP,SP,,3,10,9900,2424,49.16891701064811,0.25710416161616156,0.11731082124950261,-0.1504620515546168,0.47329065873369053,0.009853789986429318,1,4,2.053507162865146,0.49216793384020274,14,0.593179655137231,0.29787878787878785,5000,14.705512385073078,34.48187929913333,0.42442316442073197,0.8338,0.0
base,SP,SP,,3,11,9900,2424,49.16891701064811,0.25710416161616156,0.11731082124950261,-0.1504620515546168,0.47329065873369053,0.009853789986429318,1,4,2.053507162865146,0.49216793384020274,14,0.593179655137231,0.29787878787878785,5000,14.705512385073078,34.48187929913333,0.42442316442073197,0.8338,0.0
base,SP,SP,,3,12,9900,2424,49.16891701064811,0.25710416161616156,0.11731082124950261,-0.1504620515546168,0.47329065873369053,0.009853789986429318,1,4,2.053507162865146,0.49216793384020274,14,0.593179655137231,0.29787878787878785,5000,14.705512385073078,34.48187929913333,0.42442316442073197,0.8338,0.0
base,SP,SP,,3,13,9900,2424,49.16891701064811,0.25710416161616156,0.11731082124950261,-0.1504620515546168,0.47329065873369053,0.009853789986429318,1,4,2.053507162865146,0.49216793384020274,14,0.593179655137231,0.29787878787878785,5000,14.705512385073078,34.48187929913333,0.42442316442073197,0.8338,0.0
base,SP,SP,,3,14,9900,2424,49.16891701064811,0.25710416161616156,0.11731082124950261,-0.1504620515546168,0.47329065873369053,0.009853789986429318,1,4,2.053507162865146,0.49216793384020274,14,0.593179655137231,0.29787878787878785,5000,14.705512385073078,34.48187929913333,0.42442316442073197,0.8338,0.0
base,SP,SP,,3,15,9900,2424,49.16891701064811,0.25710416161616156,0.11731082124950261,-0.1504620515546168,0.47329065873369053,0.009853789986429318,1,4,2.053507162865146,0.49216793384020274,14,0.593179655137231,0.29787878787878785,5000,14.705512385073078,34.48187929913333,0.42442316442073197,0.8338,0.0
base,SP,SP,,3,16,9900,2424,49.16891701064811,0.25710416161616156,0.11731082124950261,-0.1504620515546168,0.47329065873369053,0.009853789986429318,1,4,2.053507162865146,0.49216793384020274,14,0.593179655137231,0.29787878787878785,5000,14.705512385073078,34.48187929913333,0.42442316442073197,0.8338,0.0
base,SP,SP,,3,17,9900,2424,49.16891701064811,0.25710416161616156,0.11731082124950261,-0.1504620515546168,0.47329065873369053,0.009853789986429318,1,4,2.053507162865146,0.49216793384020274,14,0.593179655137231,0.29787878787878785,5000,14.705512385073078,34.48187929913333,0.42442316442073197,0.8338,0.0
base,SP,SP,,3,18,9900,2424,49.16891701064811,0.25710416161616156,0.11731082124950261,-0.1504620515546168,0.47329065873369053,0.009853789986429318,1,4,2.053507162865146,0.49216793384020274,14,0.593179655137231,0.29787878787878785,5000,14.705512385073078,34.48187929913333,0.42442316442073197,0.8338,0.0
base,SP,SP,,3,19,9900,2424,49.16891701064811,0.25710416161616156,0.11731082124950261,-0.1504620515546168,0.47329065873369053,0.009853789986429318,1,4,2.053507162865146,0.49216793384020274,14,0.593179655137231,0.29787878787878785,5000,14.705512385073078,34.48187929913333,0.42442316442073197,0.8338,0.0
base,SP,SP,,3,20,9900,2424,49.16891701064811,0.25710416161616156,0.11731082124950261,-0.1504620515546168,0.47329065873369053,0.009853789986429318,1,4,2.053507162865146,0.49216793384020274,14,0.593179655137231,0.29787878787878785,5000,14.705512385073078,34.48187929913333,0.42442316442073197,0.8338,0.0
base,SP,SP,,3,21,9900,2424,49.16891701064811,0.25710416161616156,0.11731082124950261,-0.1504620515546168,0.47329065873369053,0.009853789986429318,1,4,2.053507162865146,0.49216793384020274,14,0.593179655137231,0.29787878787878785,5000,14.705512385073078,34.48187929913333,0.42442316442073197,0.8338,0.0
base,SP,SP,,3,22,9900,2424,49.16891701064811,0.25710416161616156,0.11731082124950261,-0.1504620515546168,0.47329065873369053,0.009853789986429318,1,4,2.053507162865146,0.49216793384020274,14,0.593179655137231,0.29787878787878785,5000,14.705512385073078,34.48187929913333,0.42442316442073197,0.8338,0.0
base,SP,SP,,3,23,9900,2424,49.16891701064811,0.25710416161616156,0.11731082124950261,-0.1504620515546168,0.47329065873369053,0.009853789986429318,1,4,2.053507162865146,0.49216793384020274,14,0.593179655137231,0.29787878787878785,5000,14.705512385073078,34.48187929913333,0.42442316442073197,0.8338,0.0
base,SP,SP,,3,24,9900,2424,49.16891701064811,0.25710416161616156,0.11731082124950261,-0.1504620515546168,0.47329065873369053,0.009853789986429318,1,4,2.053507162865146,0.49216793384020274,14,0.593179655137231,0.29787878787878785,5000,14.705512385073078,34.48187929913333,0.42442316442073197,0.8338,0.0
base,SP,SP,,3,25,9900,2424,49.16891701064811,0.25710416161616156,0.11731082124950261,-0.1504620515546168,0.47329065873369053,0.009853789986429318,1,4,2.053507162865146,0.49216793384020274,14,0.593179655137231,0.29787878787878785,5000,14.705512385073078,34.48187929913333,0.42442316442073197,0.8338,0.0
base,SP,SP,,3,26,9900,2424,49.16891701064811,0.25710416161616156,0.11731082124950261,-0.1504620515546168,0.47329065873369053,0.009853789986429318,1,4,2.053507162865146,0.49216793384020274,14,0.593179655137231,0.29787878787878785,5000,14.705512385073078,34.48187929913333,0.42442316442073197,0.8338,0.0
base,SP,SP,,3,27,9900,2424,49.16891701064811,0.25710416161616156,0.11731082124950261,-0.1504620515546168,0.47329065873369053,0.009853789986429318,1,4,2.053507162865146,0.49216793384020274,14,0.593179655137231,0.29787878787878785,5000,14.705512385073078,34.48187929913333,0.42442316442073197,0.8338,0.0
base,SP,SP,,3,28,9900,2424,49.16891701064811,0.25710416161616156,0.11731082124950261,-0.1504620515546168,0.47329065873369053,0.009853789986429318,1,4,2.053507162865146,0.49216793384020274,14,0.593179655137231,0.29787878787878785,5000,14.705512385073078,34.48187929913333,0.42442316442073197,0.8338,0.0
base,SP,SP,,3,29,9900,2424,49.16891701064811,0.25710416161616156,0.11731082124950261,-0.1504620515546168,0.47329065873369053,0.009853789986429318,1,4,2.053507162865146,0.49216793384020274,14,0.593179655137231,0.29787878787878785,5000,14.705512385073078,34.48187929913333,0.42442316442073197,0.8338,0.0
base,SP,SP,,3,30,9900,2424,49.16891701064811,0.25710416161616156,0.11731082124950261,-0.1504620515546168,0.47329065873369053,0.009853789986429318,1,4,2.053507162865146,0.49216793384020274,14,0.593179655137231,0.29787878787878785,5000,14.705512385073078,34.48187929913333,0.42442316442073197,0.8338,0.0
base,SP,SP,,5,0,4900,4,0.27712812921102037,0.0188395102040817,0.03612824436332547,0.6504952980918245,0.0,0.0,1,98,33.333333333333336,0.046482951803896395,20,0.8622157642648896,0.08408163265306122,0,,,,,0.0
base,SP,SP,,5,1,9675,11,0.9154233993076646,0.05504103359173129,0.14793360102635858,0.44664435581364054,0.3115037229437173,0.3083900568996484,1,49,16.5037899959984,0.0873746963016465,19,0.8509974267037906,0.09064599483204135,4775,2.488586387434555,3.0,0.07182433918871454,0.031413612565445025,0.0
base,SP,SP,,5,2,9900,19,1.4358272876638052,0.09164331313131324,0.2131061448323574,0.2180955789382271,0.26320224276583265,0.2592952099599071,1,31,12.278484513805521,0.10739911972029918,15,0.840041551882461,0.08707070707070708,5000,2.6311867185328572,7.0,0.07593999882622705,0.0496,0.336
base,SP,SP,,5,3,9900,39,2.617632518135424,0.1430087272727274,0.24903979814301633,0.03590019210122889,0.2532211041733606,0.2338951383753065,1,22,9.599191676670669,0.12885247830057442,15,0.8382490919293949,0.09151515151515152,5000,3.163301506109607,12.0,0.09129763044521313,0.0942,0.5284
base,SP,SP,,5,4,9900,68,4.695359411163325,0.19289321212121213,0.2442390506733925,-0.04591667708105255,0.2673174664528015,0.19586534257697835,1,14,6.951139175670268,0.16622755459826288,14,0.827766610549944,0.09656565656565656,5000,4.481510580759619,24.0,0.12934312333119957,0.1826,0.678
base,SP,SP,,5,5,9900,186,8.962633541543468,0.22680735353535364,0.21198855705261035,-0.08503768750743325,0.29855540284701476,0.12156714164777202,1,10,4.926637535014006,0.22528905149361333,11,0.8045153504744414,0.0994949494949495,5000,6.861256282588105,26.248809496813376,0.19802615693374903,0.378,0.7556
base,SP,SP,,5,6,9900,821,21.832837653406397,0.24804602020202027,0.16045252774473745,-0.10908356996946945,0.3695306150103279,0.037042277477651056,1,7,3.28009443777511,0.32963184207016144,12,0.7336251045811655,0.15272727272727274,5000,10.927603331236632,34.17601498127012,0.31538703745445423,0.6608,0.8664
base,SP,SP,,5,7,9900,1971,41.57466536245362,0.2553250505050506,0.12509122531975087,-0.13849835278933445,0.43730021833814925,0.01280845768242777,1,4,2.3443927971188474,0.4449068694144324,12,0.6265948015508622,0.2590909090909091,5000,13.890104614441396,34.539832078341085,0.4008892720106966,0.8094,0.5872
base,SP,SP,,5,8,9900,2358,48.60494625035604,0.2569690909090909,0.11464650915387091,-0.1554896892590949,0.46929744593735356,0.01003786455932186,1,4,2.097618887555022,0.4848796318527411,12,0.5936454290378536,0.2815151515151515,5000,14.820298436573182,34.539832078341085,0.4277360621922157,0.8466,0.1552
base,SP,SP,,5,9,9900,2369,48.81507144315166,0.2570157171717171,0.11425977812523244,-0.15610593755513127,0.4712960138670637,0.009989015954924393,1,4,2.0904883553421367,0.48605855675603576,12,0.5925219620446893,0.2881818181818182,5000,14.855231540722105,34.539832078341085,0.4287442840220769,0.8478,0.0044
base,SP,SP,,5,10,9900,2369,48.81507144315166,0.2570157171717171,0.11425977812523244,-0.15610593755513127,0.4712960138670637,0.009989015954924393,1,4,2.0904883553421367,0.48605855675603576,12,0.5925219620446893,0.2881818181818182,5000,14.855231540722105,34.539832078341085,0.4287442840220769,0.8478,0.0
base,SP,SP,,5,11,9900,2369,48.81507144315166,0.2570157171717171,0.11425977812523244,-0.15610593755513127,0.4712960138670637,0.009989015954924393,1,4,2.0904883553421367,0.48605855675603576,12,0.5925219620446893,0.2881818181818182,5000,14.855231540722105,34.539832078341085,0.4287442840220769,0.8478,0.0
base,SP,SP,,5,12,9900,2369,48.81507144315166,0.2570157171717171,0.11425977812523244,-0.15610593755513127,0.4712960138670637,0.009989015954924393,1,4,2.0904883553421367,0.48605855675603576,12,0.5925219620446893,0.2881818181818182,5000,14.855231540722105,34.539832078341085,0.4287442840220769,0.8478,0.0
base,SP,SP,,5,13,9900,2369,48.81507144315166,0.2570157171717171,0.11425977812523244,-0.15610593755513127,0.4712960138670637,0.009989015954924393,1,4,2.0904883553421367,0.48605855675603576,12,0.5925219620446893,0.2881818181818182,5000,14.855231540722105,34.539832078341085,0.4287442840220769,0.8478,0.0
base,SP,SP,,5,14,9900,2369,48.81507144315166,0.2570157171717171,0.11425977812523244,-0.15610593755513127,0.4712960138670637,0.009989015954924393,1,4,2.0904883553421367,0.48605855675603576,12,0.5925219620446893,0.2881818181818182,5000,14.855231540722105,34.539832078341085,0.4287442840220769,0.8478,0.0
base,SP,SP,,5,15,9900,2369,48.81507144315166,0.2570157171717171,0.11425977812523244,-0.15610593755513127,0.4712960138670637,0.009989015954924393,1,4,2.0904883553421367,0.48605855675603576,12,0.5925219620446893,0.2881818181818182,5000,14.855231540722105,34.539832078341085,0.4287442840220769,0.8478,0.0
base,SP,SP,,5,16,9900,2369,48.81507144315166,0.2570157171717171,0.11425977812523244,-0.15610593755513127,0.4712960138670637,0.009989015954924393,1,4,2.0904883553421367,0.48605855675603576,12,0.5925219620446893,0.2881818181818182,5000,14.855231540722105,34.539832078341085,0.4287442840220769,0.8478,0.0
base,SP,SP,,5,17,9900,2369,48.81507144315166,0.2570157171717171,0.11425977812523244,-0.15610593755513127,0.4712960138670637,0.009989015954924393,1,4,2.0904883553421367,0.48605855675603576,12,0.5925219620446893,0.2881818181818182,5000,14.855231540722105,34.539832078341085,0.4287442840220769,0.8478,0.0
base,SP,SP,,5,18,9900,2369,48.81507144315166,0.2570157171717171,0.11425977812523244,-0.15610593755513127,0.4712960138670637,0.009989015954924393,1,4,2.0904883553421367,0.48605855675603576,12,0.5925219620446893,0.2881818181818182,5000,14.855231540722105,34.539832078341085,0.4287442840220769,0.8478,0.0
base,SP,SP,,5,19,9900,2369,48.81507144315166,0.2570157171717171,0.11425977812523244,-0.15610593755513127,0.4712960138670637,0.009989015954924393,1,4,2.0904883553421367,0.48605855675603576,12,0.5925219620446893,0.2881818181818182,5000,14.855231540722105,34.539832078341085,0.4287442840220769,0.8478,0.0
base,SP,SP,,5,20,9900,2369,48.81507144315166,0.2570157171717171,0.11425977812523244,-0.15610593755513127,0.4712960138670637,0.009989015954924393,1,4,2.0904883553421367,0.48605855675603576,12,0.5925219620446893,0.2881818181818182,5000,14.855231540722105,34.539832078341085,0.4287442840220769,0.8478,0.0
base,SP,SP,,5,21,9900,2369,48.81507144315166,0.2570157171717171,0.11425977812523244,-0.15610593755513127,0.4712960138670637,0.009989015954924393,1,4,2.0904883553421367,0.48605855675603576,12,0.5925219620446893,0.2881818181818182,5000,14.855231540722105,34.539832078341085,0.4287442840220769,0.8478,0.0
base,SP,SP,,5,22,9900,2369,48.81507144315166,0.2570157171717171,0.11425977812523244,-0.15610593755513127,0.4712960138670637,0.009989015954924393,1,4,2.0904883553421367,0.48605855675603576,12,0.5925219620446893,0.2881818181818182,5000,14.855231540722105,34.539832078341085,0.4287442840220769,0.8478,0.0
base,SP,SP,,5,23,9900,2369,48.817718094970395,0.25701583838383835,0.11425977812523244,-0.1561365968477546,0.4710826654954816,0.009984019530955186,1,4,2.0903731092436977,0.4860770174736561,12,0.5875176155494338,0.26171717171717174,5000,14.857417122710537,34.539832078341085,0.4288073631994181,0.8478,0.0004
base,SP,SP,,5,24,9900,2369,48.817718094970395,0.25701583838383835,0.11425977812523244,-0.1561365968477546,0.4710826654954816,0.009984019530955186,1,4,2.0903731092436977,0.4860770174736561,12,0.5875176155494338,0.26171717171717174,5000,14.857417122710537,34.539832078341085,0.4288073631994181,0.8478,0.0
base,SP,SP,,5,25,9900,2369,48.817718094970395,0.25701583838383835,0.11425977812523244,-0.1561365968477546,0.4710826654954816,0.009984019530955186,1,4,2.0903731092436977,0.4860770174736561,12,0.5875176155494338,0.26171717171717174,5000,14.857417122710537,34.539832078341085,0.4288073631994181,0.8478,0.0
base,SP,SP,,5,26,9900,2369,48.817718094970395,0.25701583838383835,0.11425977812523244,-0.1561365968477546,0.4710826654954816,0.009984019530955186,1,4,2.0903731092436977,0.4860770174736561,12,0.5875176155494338,0.26171717171717174,5000,14.857417122710537,34.539832078341085,0.4288073631994181,0.8478,0.0
base,SP,SP,,5,27,9900,2369,48.817718094970395,0.25701583838383835,0.11425977812523244,-0.1561365968477546,0.4710826654954816,0.009984019530955186,1,4,2.0903731092436977,0.4860770174736561,12,0.5875176155494338,0.26171717171717174,5000,14.857417122710537,34.539832078341085,0.4288073631994181,0.8478,0.0
base,SP,SP,,5,28,9900,2369,48.817718094970395,0.25701583838383835,0.11425977812523244,-0.1561365968477546,0.4710826654954816,0.009984019530955186,1,4,2.0903731092436977,0.4860770174736561,12,0.5875176155494338,0.26171717171717174,5000,14.857417122710537,34.539832078341085,0.4288073631994181,0.8478,0.0
base,SP,SP,,5,29,9900,2369,48.817718094970395,0.25701583838383835,0.11425977812523244,-0.1561365968477546,0.4710826654954816,0.009984019530955186,1,4,2.0903731092436977,0.4860770174736561,12,0.5875176155494338,0.26171717171717174,5000,14.857417122710537,34.539832078341085,0.4288073631994181,0.8478,0.0
base,SP,SP,,5,30,9900,2369,48.817718094970395,0.25701583838383835,0.11425977812523244,-0.1561365968477546,0.4710826654954816,0.009984019530955186,1,4,2.0903731092436977,0.4860770174736561,12,0.5875176155494338,0.26171717171717174,5000,14.857417122710537,34.539832078341085,0.4288073631994181,0.8478,0.0
base,SP,SP,,4,0,4900,4,0.27712812921102037,0.0188395102040817,0.03612824436332547,0.6504952980918245,0.0,0.0,1,98,33.333333333333336,0.046482951803896395,20,0.8645176384839652,0.08183673469387755,0,,,,,0.0
base,SP,SP,,4,1,9657,12,0.9216857598986762,0.055398819509164365,0.14741575635826262,0.4509320254278781,0.31207494949494385,0.30913029646574053,1,49,16.57161392557023,0.08668467453251875,17,0.8541798700072313,0.08335922129025577,4757,2.489384065587555,3.0,0.07184736137774275,0.030271179314694134,0.0
base,SP,SP,,4,2,9896,23,1.367434737016725,0.08620840743734837,0.2056105711030115,0.2768658380771873,0.2711901901536924,0.2672138558472014,1,31,12.349720048019208,0.10620942054245268,16,0.8434308665415386,0.0891269199676637,4996,2.5873221060175333,7.0,0.07467400025627988,0.04623698959167334,0.272
base,SP,SP,,4,3,9900,40,2.6044577170689487,0.14382933333333336,0.2496299201584557,0.0654235907442991,0.256143496755389,0.23563718549885043,1,21,9.416325570228091,0.13082482320035718,15,0.8380004030201,0.09090909090909091,5000,3.124232236507435,12.0,0.09017003267085799,0.093,0.552
base,SP,SP,,4,4,9900,96,5.193380402011776,0.19685381818181824,0.24161342812489978,-0.0442098775169773,0.2768258878947591,0.1904678053647943,1,15,6.925029851940776,0.16911920314268453,17,0.8274474747474749,0.10535353535353535,5000,4.479084524761942,20.0,0.12927310371293443,0.2166,0.6996
base,SP,SP,,4,5,9900,256,9.835812116953027,0.2277904646464648,0.20996626386026793,-0.07249591294583967,0.3155122231009168,0.11405374873968654,1,10,4.884740456182473,0.22948581896250567,13,0.8071126568717477,0.10808080808080808,5000,7.198165702333741,30.886890422961002,0.20774986858059655,0.3864,0.7692
base,SP,SP,,4,6,9900,600,20.28530502605273,0.2447076767676768,0.17358021705387108,-0.11679780983022205,0.3568269214732366,0.04067081278147116,1,8,3.5651799919967986,0.3087956134834886,11,0.7277224721967147,0.15161616161616162,5000,10.929919311563996,34.20526275297414,0.31545388012362047,0.6028,0.6892
base,SP,SP,,4,7,9900,1053,30.242473443817385,0.2517214545454547,0.14697111210361025,-0.14637682765557833,0.3795924725092877,0.020573262021494232,1,6,2.784508043217287,0.38216361744697874,11,0.6547472502805838,0.21424242424242423,5000,13.252633719955583,34.48187929913333,0.3824909049780446,0.73,0.492
base,SP,SP,,4,8,9900,1543,38.315365064161924,0.2551225454545456,0.13072075872529354,-0.1679078880068961,0.38536234702973066,0.013266498283245571,1,5,2.4588324929971987,0.42608243297318926,12,0.5924082746658503,0.2578787878787879,5000,14.762793853001961,34.539832078341085,0.42607639358027616,0.8094,0.2736
base,SP,SP,,4,9,9900,1966,44.94271909887073,0.2569254141414141,0.1181329289298801,-0.17815433898746033,0.411123648033015,0.010353531653271986,1,4,2.2613874349739898,0.4578808323329332,11,0.5642348229772473,0.2874747474747475,5000,15.79795708522806,34.539832078341085,0.45595275852485,0.8592,0.1784
base,SP,SP,,4,10,9900,2257,49.66220293140447,0.2580393939393939,0.10897850744479783,-0.18565896683642247,0.44196779510276857,0.009069227708345364,1,4,2.128347338935574,0.47981421902094173,10,0.5340613253749615,0.3095959595959596,5000,16.467760029349424,34.539832078341085,0.47528427704921455,0.8866,0.1168
base,SP,SP,,4,11,9900,2339,51.05940070153585,0.25836828282828295,0.10555119661277328,-0.18842171529081073,0.45561346923907614,0.008814258614098486,1,4,2.0901451780712286,0.4861229825263439,12,0.5338667227833894,0.3234343434343434,5000,16.663830175300628,34.539832078341085,0.48094315581616687,0.8954,0.034
base,SP,SP,,4,12,9900,2368,51.5440083811882,0.25845991919191924,0.10452515351041021,-0.18922693643927024,0.45976979406075863,0.008720783575341298,1,4,2.0773406962785113,0.48823737494998,14,0.527635603509846,0.36262626262626263,5000,16.719204164019445,34.539832078341085,0.48254133226206164,0.8976,0.012
base,SP,SP,,4,13,9900,2377,51.70579077820974,0.2585774141414141,0.10431589908558944,-0.18959751240502368,0.4613825100740086,0.008692021303266597,1,4,2.072775350140056,0.48899263705482193,13,0.524398867462504,0.34383838383838383,5000,16.73940580035156,34.539832078341085,0.48312438181477607,0.8982,0.0048
base,SP,SP,,4,14,9900,2385,51.84743002309757,0.25860218181818184,0.10399264296662565,-0.18988924688320918,0.462763418161774,0.008666542421434578,1,4,2.0689600640256103,0.4896237695078031,14,0.5213088970513214,0.333030303030303,5000,16.755939699266403,34.539832078341085,0.48360157495935313,0.8988,0.004
base,SP,SP,,4,15,9900,2390,51.945040186720426,0.25862852525252533,0.10361363228463133,-0.1901895560139622,0.4637704632237058,0.00864946981824374,1,4,2.066029611844738,0.49010865679605176,12,0.5231995102540555,0.3273737373737374,5000,16.764293050399566,34.539832078341085,0.4838426652137161,0.8992,0.0028
base,SP,SP,,4,16,9900,2391,51.960662043511334,0.258628606060606,0.10361363228463133,-0.19020071552614123,0.46382379438783566,0.008645244404070865,1,4,2.065661464585834,0.49016942777110845,13,0.5259387715539232,0.33434343434343433,5000,16.76542473829966,34.539832078341085,0.4838753274254852,0.8992,0.0004
base,SP,SP,,4,17,9900,2392,51.976294596671664,0.2586286868686869,0.10361363228463133,-0.19021202344530005,0.46398380451292914,0.00864276038935087,1,4,2.0652933173269306,0.49023019874616514,13,0.5278281910009184,0.35474747474747476,5000,16.76635640548683,34.539832078341085,0.4839022167391937,0.8992,0.0004
base,SP,SP,,4,18,9900,2392,51.980827234664126,0.25862872727272723,0.10361363228463133,-0.19025518852791112,0.46393809190207874,0.008640412580788945,1,4,2.065108283313325,0.49026127784447115,14,0.5293902254871952,0.3243434343434343,5000,16.7669552702064,34.539832078341085,0.48391950087405977,0.8992,0.0004
base,SP,SP,,4,19,9900,2392,51.98537486639872,0.2586287676767678,0.10361363228463133,-0.19029860064099455,0.463804489983687,0.008637190140912496,1,4,2.064916526610644,0.4902932106175804,14,0.5168450923375166,0.36272727272727273,5000,16.767741230158382,34.539832078341085,0.48394218485821444,0.8992,0.0004
base,SP,SP,,4,20,9900,2392,51.98537486639872,0.2586287676767678,0.10361363228463133,-0.19029860064099455,0.463804489983687,0.008637190140912496,1,4,2.064916526610644,0.4902932106175804,14,0.5168450923375166,0.36272727272727273,5000,16.767741230158382,34.539832078341085,0.48394218485821444,0.8992,0.0
base,SP,SP,,4,21,9900,2392,51.98537486639872,0.2586287676767678,0.10361363228463133,-0.19029860064099455,0.463804489983687,0.008637190140912496,1,4,2.064916526610644,0.4902932106175804,14,0.5168450923375166,0.36272727272727273,5000,16.767741230158382,34.539832078341085,0.48394218485821444,0.8992,0.0
base,SP,SP,,4,22,9900,2392,51.98537486639872,0.2586287676767678,0.10361363228463133,-0.19029860064099455,0.463804489983687,0.008637190140912496,1,4,2.064916526610644,0.4902932106175804,14,0.5168450923375166,0.36272727272727273,5000,16.767741230158382,34.539832078341085,0.48394218485821444,0.8992,0.0
base,SP,SP,,4,23,9900,2392,51.98537486639872,0.2586287676767678,0.10361363228463133,-0.19029860064099455,0.463804489983687,0.008637190140912496,1,4,2.064916526610644,0.4902932106175804,14,0.5168450923375166,0.36272727272727273,5000,16.767741230158382,34.539832078341085,0.48394218485821444,0.8992,0.0
base,SP,SP,,4,24,9900,2392,51.98537486639872,0.2586287676767678,0.10361363228463133,-0.19029860064099455,0.463804489983687,0.008637190140912496,1,4,2.064916526610644,0.4902932106175804,14,0.5168450923375166,0.36272727272727273,5000,16.767741230158382,34.539832078341085,0.48394218485821444,0.8992,0.0
base,SP,SP,,4,25,9900,2392,51.98537486639872,0.2586287676767678,0.10361363228463133,-0.19029860064099455,0.463804489983687,0.008637190140912496,1,4,2.064916526610644,0.4902932106175804,14,0.5168450923375166,0.36272727272727273,5000,16.767741230158382,34.539832078341085,0.48394218485821444,0.8992,0.0
base,SP,SP,,4,26,9900,2392,51.98537486639872,0.2586287676767678,0.10361363228463133,-0.19029860064099455,0.463804489983687,0.008637190140912496,1,4,2.064916526610644,0.4902932106175804,14,0.5168450923375166,0.36272727272727273,5000,16.767741230158382,34.539832078341085,0.48394218485821444,0.8992,0.0
base,SP,SP,,4,27,9900,2392,51.98537486639872,0.2586287676767678,0.10361363228463133,-0.19029860064099455,0.463804489983687,0.008637190140912496,1,4,2.064916526610644,0.4902932106175804,14,0.5168450923375166,0.36272727272727273,5000,16.767741230158382,34.539832078341085,0.48394218485821444,0.8992,0.0
base,SP,SP,,4,28,9900,2392,51.98537486639872,0.2586287676767678,0.10361363228463133,-0.19029860064099455,0.463804489983687,0.008637190140912496,1,4,2.064916526610644,0.4902932106175804,14,0.5168450923375166,0.36272727272727273,5000,16.767741230158382,34.539832078341085,0.48394218485821444,0.8992,0.0
base,SP,SP,,4,29,9900,2392,51.98993748794087,0.2586288080808081,0.10361363228463133,-0.19034216326318468,0.4636975547228858,0.008633963796704572,1,4,2.064724449779912,0.4903251967453648,12,0.5140022854810733,0.3387878787878788,5000,16.768542226328588,34.539832078341085,0.48396530281020045,0.8992,0.0004
base,SP,SP,,4,30,9900,2392,51.98993748794087,0.2586288080808081,0.10361363228463133,-0.19034216326318468,0.4636975547228858,0.008633963796704572,1,4,2.064724449779912,0.4903251967453648,12,0.5140022854810733,0.3387878787878788,5000,16.768542226328588,34.539832078341085,0.48396530281020045,0.8992,0.0
base,CR,CR,,1,0,4900,4,0.27712812921102037,0.0188395102040817,0.03612824436332547,0.6504952980918245,0.0,0.0,1,98,33.333333333333336,0.046482951803896395,22,0.862310537276135,0.08755102040816326,0,,,,,0.0
base,CR,CR,,1,1,9846,11,1.2276896024647272,0.08266268535445875,0.19692533665188408,0.4418862400229835,0.29282949494949445,0.28925322949147186,1,34,13.34696694677871,0.10059628711881592,17,0.8480259566282768,0.08439975624619135,4946,2.4785685402345328,3.0,0.07153520907899918,0.030731904569348968,0.0
base,CR,CR,,1,2,9898,17,1.690130598504151,0.11639393816932708,0.24355823355718403,0.259046723559225,0.20016930605342448,0.20236228122527722,1,23,9.623997759103641,0.1299997138375488,16,0.8386132612048838,0.0929480703172358,4998,3.4005848550671507,22.0,0.09814598412319409,0.04821928771508603,0.4828
base,CR,CR,,1,3,9900,25,2.200908903157966,0.1434590303030303,0.26120675459924314,0.12387965134323052,0.16533947170921895,0.16789828735431783,1,20,8.509601280512205,0.1436480670756804,13,0.8289533721048874,0.08848484848484849,5000,4.437224621125123,22.0,0.12806496405083606,0.0682,0.4128
base,CR,CR,,1,4,9900,31,2.6412118430750686,0.1623769696969697,0.26513635009255093,0.0649359794107885,0.15257274551568142,0.15262599057336718,1,17,7.808480512204882,0.15400386892727616,13,0.8174039179675542,0.09787878787878788,5000,5.436224621125124,27.0,0.15689760382248347,0.0828,0.3624
base,CR,CR,,1,5,9900,32,2.937345740630476,0.17427652525252535,0.26431547476282724,0.04680798104551986,0.14778201184958267,0.14475426582422155,1,16,7.251608163265306,0.16308753413453295,11,0.8080613814916846,0.09161616161616161,5000,6.237024621125124,27.0,0.18000989404183804,0.0924,0.3116
base,CR,CR,,1,6,9900,30,3.1629100524675056,0.18309850505050518,0.262321630579527,0.03792291863139515,0.1455922382274895,0.13953316134447558,1,15,6.851581272509003,0.1705709931622776,11,0.7982808948066523,0.09626262626262626,5000,6.929846775180378,27.0,0.20000578152301116,0.0976,0.2776
base,CR,CR,,1,7,9900,28,3.3169865842357575,0.18807345454545454,0.2592261815890421,0.03227050324625345,0.14654934223160973,0.13785390403715006,1,15,6.572610164065626,0.1762052010947569,9,0.7868093408835833,0.09222222222222222,5000,7.421050314630452,27.0,0.2141826531021124,0.1016,0.2428
base,CR,CR,,1,8,9900,29,3.456356463098099,0.19188533333333346,0.25621123398351064,0.026571844966649,0.14756827413414653,0.1362639469805012,1,14,6.373705962384954,0.1805456301450539,11,0.7810637536986023,0.11,5000,7.859050314630451,27.0,0.2268239906596515,0.1062,0.2172
base,CR,CR,,1,9,9900,33,3.5671837631386474,0.1946906666666668,0.25364765742990425,0.02982044146964723,0.14687368055313307,0.13391143649157722,1,13,6.201954381752701,0.18443011988678254,11,0.7710667635955515,0.12131313131313132,5000,8.253329530241325,27.0,0.23820348074289074,0.1096,0.202
base,CR,CR,,1,10,9900,37,3.680543438135189,0.19739050505050515,0.25153843015120964,0.02935481141778649,0.14605798194098957,0.13131868774944114,1,13,6.042869307723089,0.18818022692793404,11,0.7644877155392307,0.13070707070707072,5000,8.59068721413406,27.0,0.24794012996599038,0.1142,0.196
base,CR,CR,,1,11,9900,37,3.773804446443933,0.19931842424242419,0.24963527290865456,0.026878395571447864,0.14663063834115295,0.12989224887035106,1,12,5.89509243697479,0.1918747143879197,10,0.7643901183552698,0.11636363636363636,5000,8.880405466190455,28.0,0.2563018336665042,0.1172,0.176
base,CR,CR,,1,12,9900,38,3.8416663051337503,0.20038286868686872,0.24876159397181566,0.025099276475183903,0.14662464932931035,0.1289617737706426,1,12,5.818127571028412,0.19397305274779464,10,0.75441370778492,0.12303030303030303,5000,9.073132078970804,28.0,0.2618642130465899,0.1216,0.1552
base,CR,CR,,1,13,9900,38,3.912237211622015,0.2015603232323233,0.24722950414353886,0.02635328029060497,0.14731457081969385,0.12792104062072113,1,12,5.722919567827131,0.19657082904734763,9,0.7522479389858179,0.11414141414141414,5000,9.317144772038047,28.0,0.26890678569815885,0.1254,0.1656
base,CR,CR,,1,14,9900,41,4.022437072223753,0.2040009696969698,0.24590538739333676,0.01630719685302378,0.14846216809265983,0.1271567511523334,1,11,5.642884673869548,0.19885572724905257,8,0.7466147025813692,0.10191919191919192,5000,9.572389521721279,28.0,0.2762735323660477,0.1304,0.1536
base,CR,CR,,1,15,9900,42,4.070970400285416,0.2045382222222223,0.2452004440499632,0.019458334273200685,0.14809688682473698,0.12605352819869092,1,11,5.554133973589436,0.2012775045256198,8,0.7374014743393531,0.08636363636363636,5000,9.77018952172128,28.0,0.28198233731783134,0.133,0.1512
base,CR,CR,,1,16,9900,43,4.105703350219058,0.20489595959595963,0.24565773108231678,0.017571468664253066,0.14817338543901096,0.1250851203965215,1,11,5.510936854741897,0.20255975262832407,8,0.736065177022753,0.11393939393939394,5000,9.880765492257877,28.0,0.2851737258322278,0.136,0.134
base,CR,CR,,1,17,9900,46,4.191992366405263,0.20641882828282831,0.24425272711345933,0.01378352513328936,0.15041736015014157,0.12520724185953977,1,11,5.40919087635054,0.20547213647941137,8,0.7359087542087541,0.11979797979797979,5000,10.041744641612784,28.0,0.289819825756248,0.1398,0.1448
base,CR,CR,,1,18,9900,47,4.231784493567696,0.20718092929292942,0.2444614827083124,0.012844806921310636,0.15036354424350964,0.12472907704663726,1,11,5.341345818327331,0.20744137208130006,7,0.7236507703295582,0.11414141414141414,5000,10.193434361708775,30.0,0.29419781880588736,0.1434,0.1304
base,CR,CR,,1,19,9900,51,4.290174821612751,0.20726985858585856,0.24370329521936057,0.014770302641869763,0.15131062043318178,0.1248319947549582,1,11,5.280456502601041,0.2092750178281991,7,0.721308590960106,0.10181818181818182,5000,10.327702631045598,30.0,0.29807300263226494,0.146,0.13
base,CR,CR,,1,20,9900,53,4.347321014141928,0.20817155555555567,0.2417754946336139,0.01476338740999075,0.15264925967414325,0.12467980723310032,1,10,5.22825706282513,0.21086845811340407,7,0.719689878583818,0.11393939393939394,5000,10.505502631045598,30.0,0.30320457755859015,0.1494,0.1172
base,CR,CR,,1,21,9900,58,4.39745380873978,0.20872703030303041,0.24134620426188613,0.013708544531632692,0.15232610759839332,0.12332757876564522,1,10,5.172235294117647,0.21265927285199793,8,0.7219055708601162,0.1321212121212121,5000,10.595877856358376,30.0,0.30581294223899536,0.153,0.1192
base,CR,CR,,1,22,9900,60,4.449629198034371,0.20972452525252527,0.24048453561668026,0.015361956938670991,0.1531044373452048,0.12340092432739633,1,10,5.130288595438175,0.21404618609348505,7,0.7118148097132945,0.1005050505050505,5000,10.742219272513458,30.0,0.31003657520763617,0.1558,0.1132
base,CR,CR,,1,23,9900,60,4.477677969662401,0.21032884848484845,0.23919844351908143,0.01715592191588623,0.15477028568575457,0.12401410708560437,1,10,5.103183353341336,0.214934310994239,7,0.7053552035506582,0.10252525252525252,5000,10.796907431333935,30.0,0.3116149575730471,0.1568,0.1064
base,CR,CR,,1,24,9900,65,4.521415707496934,0.21119086868686865,0.2381882592878005,0.016243276205878714,0.15497008517471386,0.12365248453147923,1,10,5.058941336534613,0.21636848720440557,6,0.7097222579328639,0.09323232323232324,5000,10.934668330096889,30.0,0.3155909439280527,0.1584,0.1032
base,CR,CR,,1,25,9900,65,4.563244459811462,0.21177975757575762,0.23749575311977833,0.015395496008326163,0.15595875120735714,0.12341199741899997,1,10,5.0240544217687075,0.2175678282741668,6,0.6999879298030813,0.10313131313131313,5000,11.02966833009689,31.0,0.3183327865489802,0.1616,0.1012
base,CR,CR,,1,26,9900,70,4.631544019007053,0.2126257777777778,0.2363965282175522,0.013787759036603306,0.15719647576197707,0.1227733366903758,1,10,4.969755582232893,0.2194357801533312,6,0.7035477400265279,0.10262626262626262,5000,11.099702495872535,31.11269837220809,0.32035407771366187,0.165,0.1208
base,CR,CR,,1,27,9900,72,4.675553443176541,0.21337753535353543,0.23547352859508472,0.014709505609267901,0.1563485994892424,0.12136611223574095,1,10,4.933897078831532,0.22069538304210573,7,0.6968651413121111,0.13292929292929292,5000,11.20737517925687,32.0,0.32346167300221756,0.1672,0.096
base,CR,CR,,1,28,9900,73,4.720169488482378,0.2135581010101011,0.23519951906669462,0.01506463896449971,0.15682252228875979,0.12039477780775856,1,9,4.88742280912365,0.2223687372091694,7,0.6930309968370575,0.13090909090909092,5000,11.253367077529143,32.0,0.32478906823274684,0.1702,0.0964
base,CR,CR,,1,29,9900,75,4.751168277381891,0.21376315151515146,0.2349781179155825,0.015398788651489933,0.15586361544327784,0.11959679503747739,1,10,4.857782793117247,0.2234642785368115,7,0.6979756555453526,0.12818181818181817,5000,11.280938593470701,32.0,0.3255848235751904,0.1722,0.0924
base,CR,CR,,1,30,9900,77,4.797916214358063,0.21459802020202035,0.2331788202976957,0.012827136266932224,0.1562957297910359,0.11934253672275733,1,9,4.835802160864346,0.22434143740035695,8,0.6937460871339658,0.1404040404040404,5000,11.3738304055578,32.0,0.3282658207279861,0.1736,0.0916
base,CR,CR,,2,0,4900,4,0.27712812921102037,0.0188395102040817,0.03612824436332547,0.6504952980918245,0.0,0.0,1,98,33.333333333333336,0.046482951803896395,20,0.8653470220741358,0.08204081632653061,0,,,,,0.0
base,CR,CR,,2,1,9851,11,1.2432985803900847,0.08379758400162429,0.1992304332879037,0.447774356829653,0.29312842712842596,0.2890913002940544,1,35,13.348585834333733,0.10070284914678641,15,0.8505370514009674,0.0789767536290732,4951,2.4748535649363763,3.0,0.07142798931470258,0.0319127449000202,0.0
base,CR,CR,,2,2,9900,17,1.7092688495377197,0.11721701010101016,0.24417988399676238,0.24232611950928293,0.1977244552179854,0.2004711751662971,1,25,10.064771828731493,0.12617396254358584,16,0.8398463167023772,0.09121212121212122,5000,3.4094,21.0,0.0984004024398945,0.0502,0.4996
base,CR,CR,,2,3,9900,21,2.2537080556274365,0.1470384242424243,0.2628765866799079,0.1180799941355556,0.16091854993303972,0.16491443685961232,1,20,8.61014581832733,0.14263162286094289,13,0.8283675390266301,0.08474747474747475,5000,4.5306,21.0,0.13075991766709272,0.0666,0.4372
base,CR,CR,,2,4,9900,23,2.645297714813968,0.1645207676767677,0.2661790183209004,0.06600511672044113,0.15014578710755455,0.15175716782085302,1,18,7.962364145658263,0.1519797106250125,12,0.8214326803387411,0.08787878787878788,5000,5.4356,23.0,0.1568795763190856,0.079,0.3448
base,CR,CR,,2,5,9900,27,2.9765752132274432,0.17702416161616163,0.26464064515016766,0.03270123514913176,0.14787238226987867,0.14513149793297564,1,17,7.387520768307323,0.1612217787858322,12,0.8091497704315886,0.0996969696969697,5000,6.2736,25.0,0.18106551438579283,0.091,0.3216
base,CR,CR,,2,6,9900,28,3.1873499964704224,0.18402969696969707,0.262081060196496,0.025612854902664878,0.14563520396996726,0.14008644574975065,1,15,6.972520208083234,0.1687265824611563,12,0.7956795480053056,0.11202020202020202,5000,6.91049444101085,26.0,0.19944724410574333,0.0978,0.2652
base,CR,CR,,2,7,9900,32,3.366065953008051,0.188525494949495,0.2585556579612333,0.021084256057425678,0.14770897538578748,0.13891207315745546,1,14,6.66376150460184,0.17468568395634418,10,0.7815853535353535,0.09313131313131313,5000,7.433694441010849,26.0,0.21454758157173523,0.1044,0.2372
base,CR,CR,,2,8,9900,32,3.505196142871323,0.19220371717171725,0.25542438749819824,0.017059547017106543,0.14852682067909417,0.1362530703741683,1,14,6.428483393357343,0.17968942900414692,11,0.77581753902663,0.10939393939393939,5000,7.866541517823184,26.0,0.22704019803013425,0.1092,0.226
base,CR,CR,,2,9,9900,35,3.63758161420469,0.19565494949494955,0.25334075166324277,0.012720818483854639,0.14957787702832692,0.13418304957200639,1,13,6.19852869147659,0.18476091719849225,10,0.7722988929701051,0.11050505050505051,5000,8.312747395096368,27.0,0.23991836952503878,0.1128,0.198
base,CR,CR,,2,10,9900,37,3.754144376552399,0.19855030303030308,0.24988436304928618,0.016192823317540597,0.14993013400505512,0.13278374455732947,1,13,5.974502761104442,0.19005578791134614,10,0.767807376798286,0.10555555555555556,5000,8.673958915419519,27.0,0.25034347627863884,0.1188,0.1884
base,CR,CR,,2,11,9900,40,3.86222733665433,0.20093664646464648,0.24919388368360976,0.010783003985134702,0.14912988758610318,0.13063083736833653,1,12,5.8340753901560625,0.19361562976705834,10,0.7578054127129883,0.11565656565656565,5000,8.967964466694982,27.0,0.25882891787102125,0.1214,0.172
base,CR,CR,,2,12,9900,44,3.952113358698103,0.2017160808080809,0.24840339757510058,0.009855790092194384,0.15012955892318458,0.12932797164667392,1,12,5.691089235694277,0.19744301517432367,8,0.7519446995204572,0.0897979797979798,5000,9.212750809134874,27.0,0.26589381920494376,0.1254,0.1752
base,CR,CR,,2,13,9900,45,4.040792001575928,0.2029456161616161,0.2471940082087847,0.008246965899825182,0.14914804189874672,0.12716210441080544,1,12,5.588927410964386,0.20032266448859484,8,0.7496359810223446,0.09292929292929293,5000,9.43467747066543,27.0,0.2722989558292028,0.1314,0.1588
base,CR,CR,,2,14,9900,46,4.11271200061468,0.20370339393939396,0.24615086070813744,0.007262206592390246,0.1497999058389166,0.12622279729172012,1,11,5.488706522609044,0.20313452453997471,8,0.7362889399040914,0.12606060606060607,5000,9.59705255588831,30.23243291566195,0.2769853445580535,0.1362,0.1472
base,CR,CR,,2,15,9900,48,4.199238026118548,0.20481862626262637,0.24541770705593122,0.0022681288099946624,0.15172848944157227,0.12606294864715625,1,12,5.41699143657463,0.20523963308844465,8,0.739178206305479,0.10494949494949495,5000,9.745562323562515,30.23243291566195,0.2812715594068237,0.1422,0.1348
base,CR,CR,,2,16,9900,48,4.283083001764033,0.2062498181818182,0.2441730427462579,0.0018795202331932028,0.1524700588995796,0.12519821957807936,1,11,5.329872428971589,0.20783967651129714,8,0.7337630088766453,0.11696969696969697,5000,9.921140348594433,30.23243291566195,0.2863390047997792,0.148,0.1432
base,CR,CR,,2,17,9900,49,4.381050102429781,0.2075823838383839,0.24320474085498148,-0.0006718960496776998,0.15476541476664446,0.12554594594594595,1,11,5.251244817927171,0.21028783344795351,8,0.7363339965309662,0.12616161616161617,5000,10.108102508769816,30.23243291566195,0.291735013423669,0.1542,0.1464
base,CR,CR,,2,18,9900,51,4.469183370594678,0.20859830303030313,0.24158122513006414,-0.0064352331613608945,0.15624091219578212,0.12478202728002141,1,11,5.177680992396959,0.21262139519011064,8,0.7232892153861851,0.12757575757575756,5000,10.295288988062854,30.23243291566195,0.29713749623405844,0.1592,0.1384
base,CR,CR,,2,19,9900,53,4.535019294336022,0.20938755555555555,0.24133053410290112,-0.007211782241676584,0.15551026518437225,0.12310011038464805,1,10,5.112269547819127,0.21476652502270752,8,0.7227042648709314,0.1205050505050505,5000,10.426765078947213,30.23243291566195,0.30093209359847595,0.1646,0.1312
base,CR,CR,,2,20,9900,54,4.572876556392049,0.20985535353535356,0.2410818586102659,-0.004491476342945245,0.15666441430452935,0.12380741069447526,1,10,5.079563345338135,0.2158911398210078,8,0.7185040812162024,0.12606060606060607,5000,10.570365078947212,30.23243291566195,0.3050766051812673,0.1672,0.1268
base,CR,CR,,2,21,9900,55,4.627223789703714,0.2104208080808081,0.2405985111597321,-0.004129981624538429,0.15631867778413275,0.12271181459400454,1,10,5.019696198479392,0.21787599026912352,7,0.7160330323436385,0.1111111111111111,5000,10.68993858157362,30.23243291566195,0.3085276759795269,0.1716,0.108
base,CR,CR,,2,22,9900,56,4.675553443176541,0.21093337373737375,0.23975450593920125,-0.005651464322557138,0.15675602795194804,0.12183567418661437,1,10,4.982618327330933,0.21918843867705814,7,0.7015624324048567,0.13616161616161615,5000,10.817822502506072,30.23243291566195,0.3122185979263049,0.1752,0.104
base,CR,CR,,2,23,9900,56,4.7127911050671445,0.21163773737373748,0.2390022713048491,-0.005185526775742807,0.15730658271457879,0.12143843940542844,1,10,4.93088787515006,0.2209115162255378,6,0.705584516886032,0.10292929292929293,5000,10.918108840079977,30.23243291566195,0.3151130121858507,0.1778,0.1104
base,CR,CR,,2,24,9900,57,4.7640319058545355,0.21192690909090905,0.23807897299332784,-0.006818928223205805,0.15740342454503528,0.12080142034311195,1,10,4.899828411364545,0.22206486035684114,8,0.7055374298540965,0.13575757575757577,5000,10.985737243526431,30.23243291566195,0.3170648694380061,0.1808,0.1076
base,CR,CR,,2,25,9900,57,4.801749681105836,0.21208210101010105,0.23763335215576284,-0.005584281430880847,0.15803462859560768,0.12061153407514719,1,9,4.863401040416166,0.22337923220081685,8,0.7011932863993469,0.14606060606060606,5000,11.070020603670852,30.23243291566195,0.3194974137441003,0.1838,0.1016
base,CR,CR,,2,26,9900,57,4.818962543950721,0.2124353535353536,0.23715062801271664,-0.0053190479563735935,0.15722748006948226,0.11986343503937008,1,9,4.844088355342137,0.22407792831418283,7,0.694976533006836,0.12282828282828283,5000,11.128747109875054,30.23243291566195,0.321192348877667,0.1854,0.0996
base,CR,CR,,2,27,9900,58,4.877376343896378,0.21327628282828281,0.23571652747784588,-0.007890369797024267,0.15726058425004336,0.11884695248564799,1,9,4.810508523409363,0.22540179297115673,7,0.69598508315478,0.13131313131313133,5000,11.219854554773532,30.23243291566195,0.32382184651457696,0.1882,0.1
base,CR,CR,,2,28,9900,59,4.929746443783899,0.21362412121212127,0.23554241821675942,-0.00772780169802712,0.15827154794517023,0.11910685031248103,1,9,4.782557823129252,0.22647158469737103,7,0.6917706152433425,0.13646464646464646,5000,11.30446085495172,30.23243291566195,0.32626371135486687,0.1918,0.0948
base,CR,CR,,2,29,9900,59,4.960080644505692,0.21393806060606058,0.2349732777269754,-0.009008620935134043,0.15798810495450347,0.11823374739323601,1,9,4.765489555822329,0.2271732970013402,7,0.6890001326395265,0.13111111111111112,5000,11.366524297561991,30.23243291566195,0.328054955482765,0.1936,0.0912
base,CR,CR,,2,30,9900,59,4.99383620075789,0.21413907070707072,0.2344223175288962,-0.00814628998089919,0.15811200241159173,0.11752490444518011,1,9,4.730448659463786,0.22848252075433345,6,0.6826241199877563,0.1302020202020202,5000,11.40916559515511,30.610455730027933,0.3292856473475278,0.1958,0.0888
base,CR,CR,,3,0,4900,4,0.27712812921102037,0.0188395102040817,0.03612824436332547,0.6504952980918245,0.0,0.0,1,98,33.333333333333336,0.046482951803896395,23,0.8619693669304456,0.09122448979591836,0,,,,,0.0
base,CR,CR,,3,1,9845,12,1.2308631118040705,0.08305588623666837,0.1985459222049438,0.4376505299986148,0.29170020202020025,0.2874202448698051,1,34,13.32370612244898,0.10103092949630958,18,0.8457245713846487,0.09426104621635348,4945,2.475227502527806,3.0,0.07143878171497361,0.03174924165824065,0.0
base,CR,CR,,3,2,9898,19,1.7241059828212417,0.11763394625176815,0.24438156111108505,0.22531474057085193,0.20265118342270125,0.20349336509959276,1,25,9.716309883953581,0.12957708836978593,15,0.8389682867899576,0.08739139220044453,4998,3.39015606242497,22.0,0.09784499351107676,0.04981992797118848,0.4712
base,CR,CR,,3,3,9900,24,2.275785578651908,0.14667680808080807,0.26225032839154455,0.10084147648444941,0.16640585625678417,0.16780027206529569,1,20,8.57468843537415,0.1435660493309168,15,0.8241959544944394,0.10101010101010101,5000,4.4656,23.0,0.12888392008435293,0.0696,0.4192
base,CR,CR,,3,4,9900,27,2.7073234014428347,0.16484092929292937,0.2656787681216477,0.04458986629198579,0.15364057917657548,0.15202780996523754,1,18,7.797884273709484,0.1549053387406166,12,0.8149967962452812,0.09161616161616161,5000,5.4408,24.0,0.1570296561257048,0.0854,0.3572
base,CR,CR,,3,5,9900,31,3.0460466181593477,0.17735680808080811,0.26384881951658135,0.01586408197304242,0.15042901892548735,0.1445210096621976,1,16,7.169694757903161,0.16516339797457447,12,0.805259009284767,0.10121212121212121,5000,6.2904,24.0,0.1815503876071779,0.097,0.316
base,CR,CR,,3,6,9900,31,3.2942373927815223,0.1849174545454546,0.26116375259429825,-0.0012593005973075095,0.1481897454071069,0.13868141776223608,1,15,6.799669947979192,0.17209182069808715,12,0.7929536730945822,0.1097979797979798,5000,6.981594112549696,33.0,0.20149928736636596,0.106,0.2792
base,CR,CR,,3,7,9900,33,3.452882853500825,0.190264404040404,0.2586073535685502,-0.0025347308034467594,0.1475796903795904,0.13577345913608518,1,14,6.518724289715887,0.17775181872149462,10,0.7796037139067443,0.10585858585858586,5000,7.528394112549696,33.0,0.2172807562623988,0.1112,0.236
base,CR,CR,,3,8,9900,38,3.566623052692841,0.19337313131313127,0.25636145549526845,-0.00018650102019614003,0.14640014079685099,0.13331516781385871,1,14,6.279150060024009,0.1828853129539084,11,0.7769046015712683,0.11171717171717171,5000,7.986567326299159,33.0,0.2305043230542469,0.1132,0.216
base,CR,CR,,3,9,9900,39,3.65403886131497,0.1957435959595959,0.2534822832034841,0.006621333420035149,0.1468786809997626,0.13183408061222093,1,13,6.078167266906763,0.1874877781380062,9,0.7649673706764616,0.10414141414141415,5000,8.378054002680955,33.0,0.24180321626297144,0.116,0.1916
base,CR,CR,,3,10,9900,40,3.765315391836386,0.19808032323232339,0.25134440894262616,0.0015892819551190966,0.14773526552111482,0.13046503537052068,1,13,5.927189435774309,0.19128022528714003,9,0.7560064891337617,0.11151515151515151,5000,8.717898442865117,33.0,0.2516116370059415,0.1196,0.1988
base,CR,CR,,3,11,9900,47,3.8682295691957065,0.1999984242424242,0.2499441961299915,0.0012184867737789736,0.14651963088935746,0.12806723845342383,1,12,5.761305482192877,0.19536297908485184,8,0.7480402050811141,0.10656565656565657,5000,9.005554301461565,33.0,0.2599138169349859,0.1238,0.1724
base,CR,CR,,3,12,9900,51,3.946441435014588,0.20129066666666673,0.24859331039191532,0.008899424316523394,0.14758021874385094,0.1272619805401473,1,12,5.63874093637455,0.1986740994233191,9,0.7414448474645445,0.11616161616161616,5000,9.271991331555695,33.0,0.26760358961820074,0.128,0.1812
base,CR,CR,,3,13,9900,54,3.98868399349961,0.20160052525252525,0.24742584436006523,0.009116060147394188,0.14631906701565248,0.12536908196164942,1,12,5.559087635054022,0.20096173135921033,9,0.7345819406183041,0.14505050505050504,5000,9.439545277285296,33.0,0.27243944803615844,0.1304,0.16
base,CR,CR,,3,14,9900,56,4.049197451347612,0.20254125252525257,0.24614452548690263,0.012207549799622349,0.14616230103746525,0.12400705594193454,1,11,5.454578951580633,0.2038895139700902,7,0.7302443883277216,0.10646464646464647,5000,9.624484451395725,33.0,0.2777770702451594,0.1344,0.1504
base,CR,CR,,3,15,9900,57,4.109695852493223,0.20396331313131322,0.24506207735300223,0.010716791079473,0.14724427222165165,0.12342111135907163,1,11,5.393515486194477,0.20573963426640499,7,0.7342671666156516,0.09373737373737374,5000,9.79090658200825,33.0,0.28258026277967485,0.1372,0.1392
base,CR,CR,,3,16,9900,60,4.176984558266884,0.205389898989899,0.24337509173677785,0.013683124831508155,0.1482661990547986,0.12346512838114641,1,11,5.3064262505002,0.2083065494249648,7,0.7235522497704314,0.09565656565656566,5000,9.986313783216104,33.0,0.28822000796607317,0.1392,0.138
base,CR,CR,,3,17,9900,62,4.24904695196464,0.20700597979797974,0.24195723279861525,0.013057513287234144,0.14984896605830184,0.1232926347226492,1,10,5.2386618647458985,0.21037964900245812,7,0.7195622283440465,0.1103030303030303,5000,10.200913783216103,33.0,0.29441368613924185,0.143,0.1364
base,CR,CR,,3,18,9900,68,4.331281565541543,0.2079002020202021,0.24032881445672058,0.009000826973107291,0.1518522710392955,0.12338241371060701,1,11,5.197540456182473,0.2118054078889853,7,0.7216570503009897,0.1008080808080808,5000,10.35479457003191,33.0,0.2988549166638042,0.1462,0.13
base,CR,CR,,3,19,9900,68,4.379040990902003,0.20854092929292944,0.2396025827947864,0.009011105573342604,0.15194573848818252,0.12239667812885227,1,10,5.130446418567427,0.2139081008911501,8,0.7202731149882664,0.11595959595959596,5000,10.462473310213573,33.0,0.30196268676062377,0.1498,0.12
base,CR,CR,,3,20,9900,70,4.458161055861486,0.20976133333333347,0.23878801730364102,0.005291340834960254,0.15190855585828414,0.12121861342017311,1,10,5.074244417767106,0.21576617669289938,7,0.7063235435159677,0.13383838383838384,5000,10.609720387025906,33.0,0.3062124584554767,0.1542,0.1184
base,CR,CR,,3,21,9900,72,4.4750865913409985,0.20919777777777782,0.23807438494234404,0.007550590870421249,0.15164920698826323,0.12078126169273368,1,10,5.042173029211685,0.2168445811340409,8,0.7079696969696968,0.1322222222222222,5000,10.718008036264282,34.0,0.3093378025818116,0.1556,0.122
base,CR,CR,,3,22,9900,76,4.543919013362804,0.20965785858585861,0.2380035548831163,0.0060118115401092435,0.15262260590717103,0.12042367759788797,1,10,4.987369667867147,0.2187584332780731,8,0.7047392306907458,0.132020202020202,5000,10.841717428147541,34.0,0.3129082413531225,0.1584,0.1076
base,CR,CR,,3,23,9900,78,4.590599089443555,0.21030606060606072,0.2371039206552441,0.00378641232949777,0.1533575389992958,0.11996837111228256,1,10,4.958642657062825,0.21982347389749549,7,0.7056851290684624,0.11808080808080808,5000,10.94651742814754,34.0,0.31593292668652456,0.1612,0.108
base,CR,CR,,3,24,9900,82,4.649473088426257,0.21081191919191933,0.23608816485419043,0.0013841339694617804,0.15299921920253712,0.11927143305767822,1,10,4.922966946778711,0.2210916390683257,7,0.6986932761963066,0.14454545454545453,5000,11.019701609220663,34.0,0.3180451320217241,0.1644,0.104
base,CR,CR,,3,25,9900,84,4.6831613254296505,0.21100193939393952,0.23630026906004614,0.0011378725346427312,0.1529829386504938,0.11837619757513838,1,10,4.891683393357343,0.2222236550493213,7,0.6978482399755127,0.12424242424242424,5000,11.08671610919554,34.0,0.31997927109805313,0.1666,0.1028
base,CR,CR,,3,26,9900,87,4.740126580588329,0.2119787070707071,0.23567036432253827,-1.7400631025141695e-05,0.155034631215593,0.11860985154357413,1,9,4.856792957182873,0.2234968288267688,7,0.6900446127946126,0.1292929292929293,5000,11.180398253758446,34.0,0.32268307843260535,0.1704,0.1044
base,CR,CR,,3,27,9900,89,4.784140466165265,0.21263567676767692,0.2358435746699979,-0.00024140895699706523,0.15400809823716036,0.11725941638007373,1,9,4.816101800720288,0.22501994181799703,7,0.6926942811957962,0.14424242424242426,5000,11.2842856651647,34.0,0.3256814250891474,0.1732,0.106
base,CR,CR,,3,28,9900,90,4.821949813094284,0.21306165656565668,0.23457766674012512,-0.0007065255530666335,0.1538693100127843,0.11695978354445948,1,9,4.792718047218887,0.22590429644873822,5,0.6850843842465054,0.10101010101010101,5000,11.32561970541716,34.0,0.32687438754450865,0.1754,0.1024
base,CR,CR,,3,29,9900,94,4.873684437876544,0.21313507070707072,0.2347215612856855,-0.001803683966489035,0.15306607260023392,0.11572419271072007,1,9,4.753514845938375,0.22741747060729053,7,0.685925084175084,0.14282828282828283,5000,11.391978385116513,34.0,0.32878959866312085,0.178,0.092
base,CR,CR,,3,30,9900,96,4.923332204919753,0.21366488888888902,0.23373866958484404,-0.0024691059073960993,0.15373077330283674,0.11489064539961744,1,9,4.722181992797119,0.2286541483895145,7,0.6820659983675135,0.1415151515151515,5000,11.473304589594377,34.0,0.3311367950171805,0.1806,0.0924
base,CR,CR,,4,0,4900,4,0.27712812921102037,0.0188395102040817,0.03612824436332547,0.6504952980918245,0.0,0.0,1,98,33.333333333333336,0.046482951803896395,20,0.8645176384839652,0.08183673469387755,0,,,,,0.0
base,CR,CR,,4,1,9824,12,1.2455421951905121,0.08449185667752457,0.19934322031626134,0.4462452683254963,0.2938420202020197,0.289639951531937,1,34,13.370574789915967,0.1004780342574746,20,0.8499896737133814,0.09527687296416938,4924,2.4768480909829407,3.0,0.07148555433073436,0.03188464662875711,0.0
base,CR,CR,,4,2,9899,16,1.7187993949265865,0.11854704515607639,0.24561315217156665,0.2469172491451765,0.2005538572538587,0.20197822292411272,1,24,10.082109323729492,0.126165922396448,16,0.8401936995720621,0.09051419335286393,4999,3.4180836167233446,23.0,0.09865102465500884,0.04760952190438088,0.4848
base,CR,CR,,4,3,9900,24,2.2754340245324625,0.14658266666666675,0.26241403860766976,0.09300852131212818,0.1617479841632777,0.16372365964257135,1,21,8.821258423369347,0.14052094745327062,14,0.8327946485052546,0.08949494949494949,5000,4.4936,23.0,0.1296920421199947,0.0714,0.44
base,CR,CR,,4,4,9900,28,2.6957744712790794,0.16537115151515147,0.26516021725074423,0.04494873498846565,0.15129669310955554,0.15086606866687288,1,18,8.022117326930772,0.15164651250634303,11,0.8147105295378021,0.08333333333333333,5000,5.4586,23.0,0.15754339084836277,0.0824,0.3552
base,CR,CR,,4,5,9900,28,2.992122992124488,0.17699430303030317,0.2638884095779975,0.023895476673719065,0.14951339188510185,0.14601186965959423,1,17,7.441232492997199,0.16058700367800643,12,0.8131581165187225,0.09333333333333334,5000,6.2678,24.0,0.18089811767840988,0.0902,0.2932
base,CR,CR,,4,6,9900,30,3.1921152861386446,0.18417717171717185,0.26128607964740386,0.01868834005873963,0.14757494152568165,0.14061172995261245,1,15,6.971140776310524,0.16863642492139494,11,0.7991316549331702,0.1007070707070707,5000,6.9522,25.0,0.20065092914959656,0.095,0.2672
base,CR,CR,,4,7,9900,30,3.3648774123287164,0.18978036363636375,0.2588236092896129,0.014124067613224059,0.1469878348099879,0.13715053047991194,1,14,6.614374069627851,0.17539936503938908,10,0.7871320579532702,0.10383838383838384,5000,7.52408329756779,27.0,0.21715633967031117,0.102,0.248
base,CR,CR,,4,8,9900,31,3.512833614050059,0.19322185858585872,0.25686964380444965,0.013160790360427785,0.14666148561058287,0.13457162260374345,1,13,6.380805442176871,0.18046466523117183,10,0.7787088409345985,0.10363636363636364,5000,7.972088848843254,27.0,0.23008645245872333,0.1098,0.2288
base,CR,CR,,4,9,9900,34,3.6146369112263543,0.19580513131313126,0.2549376434934465,0.012336909965881784,0.14686427366309865,0.1333097595473833,1,14,6.219111004401761,0.18415540487168341,8,0.7717359504132232,0.09797979797979799,5000,8.33401368605411,27.0,0.24053214660858593,0.1146,0.196
base,CR,CR,,4,10,9900,36,3.694969553325169,0.19757123232323237,0.25295126646072114,0.013547085974202313,0.1466877368039577,0.1311847056348891,1,13,6.043642737094838,0.18830419713673016,10,0.7651683348637894,0.11727272727272728,5000,8.65781368605411,27.0,0.24987750072075754,0.1182,0.1824
base,CR,CR,,4,11,9900,40,3.808936859544931,0.1997874343434345,0.2511361136692257,0.01659475075873753,0.1470336682658955,0.1301201481943146,1,12,5.84995662264906,0.19302368947579032,9,0.7612008825630037,0.11525252525252526,5000,8.92121368605411,27.0,0.2574796201560447,0.1224,0.1812
base,CR,CR,,4,12,9900,46,3.9184690888151716,0.20125167676767686,0.24885922554996923,0.014246062860994833,0.14990484652992658,0.1298502867698202,1,12,5.707575190076031,0.19677490890151153,8,0.7543805274971942,0.10828282828282829,5000,9.20913152487193,27.0,0.26578936122758173,0.1282,0.1852
base,CR,CR,,4,13,9900,50,4.003198721022978,0.2027696565656567,0.24775158487396173,0.01146292951903002,0.1517737898120675,0.12990738649198103,1,12,5.578443537414966,0.20018791563956032,9,0.7518441128456279,0.10949494949494949,5000,9.448419576505845,29.0,0.2726955736344086,0.1316,0.1692
base,CR,CR,,4,14,9900,50,4.082940117121485,0.20449915151515152,0.2461557355181219,0.007699306379287458,0.15229135347819567,0.12883620979114901,1,11,5.518387515006002,0.20197444185177676,9,0.7405847413529231,0.13232323232323231,5000,9.62299767383852,29.0,0.2777341596127996,0.1352,0.1428
base,CR,CR,,4,15,9900,51,4.128631734606515,0.205385696969697,0.24579699774988395,0.009130811637410769,0.1517379447863747,0.12776262316984913,1,12,5.443718287314926,0.20416423422471433,9,0.744545383124171,0.10636363636363637,5000,9.82492041798712,29.0,0.28356195315007593,0.138,0.1432
base,CR,CR,,4,16,9900,52,4.1908471697259495,0.20566056565656576,0.24481142007747003,0.00699798685262514,0.1500853017801138,0.12538966637925317,1,11,5.365410164065627,0.206512448049927,9,0.7345121467197225,0.1318181818181818,5000,9.97332228214408,29.0,0.28784505374134584,0.1404,0.132
base,CR,CR,,4,17,9900,54,4.253939350766534,0.20646804040404043,0.24418004690451,0.006032025480225106,0.15091440723610894,0.12496707927311035,1,11,5.296735654261704,0.20864821976120895,8,0.7304582644628099,0.1087878787878788,5000,10.11812228214408,29.0,0.2920241991256647,0.1446,0.1336
base,CR,CR,,4,18,9900,54,4.331373915976315,0.20791098989898993,0.24213863064696942,0.004865542322741547,0.1525612698388129,0.12442501549603628,1,11,5.246471068427371,0.21031909891806652,7,0.7266451127435977,0.10404040404040404,5000,10.241268709643007,29.732137494637012,0.29557838989968055,0.1484,0.1232
base,CR,CR,,4,19,9900,55,4.3967260546911495,0.20835288888888903,0.24126162380650823,0.002062777230452688,0.1523875166024606,0.12333822513812154,1,11,5.196639615846339,0.21196527958369496,9,0.7253996939087849,0.12282828282828283,5000,10.371680493905302,29.732137494637012,0.29934226977717054,0.1528,0.1164
base,CR,CR,,4,20,9900,56,4.4270080189672125,0.20906266666666662,0.2406249843711263,0.0020295462556146355,0.15271051282011278,0.12295980904457776,1,10,5.145034333733493,0.21359134104435423,8,0.7184368125701459,0.13060606060606061,5000,10.490280493905303,29.732137494637012,0.30276524382813896,0.1554,0.124
base,CR,CR,,4,21,9900,59,4.485443121922292,0.20885175757575758,0.23850586201250495,0.000773034620518249,0.15297735732837572,0.12220122361382492,1,10,5.093821848739496,0.21524439337639817,8,0.7193088664421998,0.12070707070707071,5000,10.596188340694438,29.732137494637012,0.3058219032830558,0.159,0.12
base,CR,CR,,4,22,9900,59,4.527250821414691,0.20927098989898996,0.23826411244904167,-0.0009280402046566842,0.15424987923627606,0.12187659357470679,1,10,5.0652270508203285,0.2162708061002179,8,0.7125395061728396,0.15313131313131312,5000,10.642765629735496,29.732137494637012,0.3071661937700035,0.1602,0.112
base,CR,CR,,4,23,9900,61,4.569638935408355,0.20980488888888904,0.23820752516250052,0.0008139899355052038,0.15559416066715392,0.12188986365077688,1,11,5.0096473789515805,0.2181395970567159,7,0.7114425568819509,0.12161616161616162,5000,10.756311303204926,29.732137494637012,0.31044329236937607,0.1618,0.1268
base,CR,CR,,4,24,9900,66,4.604780125043974,0.2098067474747476,0.2380786946318388,0.0012298328178962851,0.1550430194726067,0.12121499163272395,1,10,4.964695958383353,0.21968224305595252,7,0.6989582491582491,0.11494949494949495,5000,10.814863070566183,29.732137494637012,0.31213318427760467,0.1638,0.1108
base,CR,CR,,4,25,9900,67,4.644222216905646,0.21017288888888896,0.2389285661749805,0.0006407698687810651,0.15526382398466143,0.12057317034849008,1,10,4.938718847539016,0.22063956973265494,8,0.7077299153147637,0.12818181818181817,5000,10.887209470431515,29.732137494637012,0.31422120998940917,0.165,0.1112
base,CR,CR,,4,26,9900,67,4.685296148590823,0.21081054545454547,0.2388740362784168,0.0006630766601175025,0.15328166961079348,0.11912702713970068,1,10,4.905291396558623,0.2218513226242878,8,0.7007899602081422,0.15454545454545454,5000,10.983898014531754,32.526911934581186,0.317011786528035,0.1672,0.0952
base,CR,CR,,4,27,9900,68,4.72211816878824,0.21076965656565672,0.23871061405841607,0.0008173963918210629,0.1535307293004566,0.11828057397204843,1,10,4.868509643857543,0.22321762584398838,7,0.6983570247933883,0.13323232323232323,5000,11.06251662028711,32.526911934581186,0.3192808375181184,0.1708,0.1152
base,CR,CR,,4,28,9900,69,4.774348123042558,0.21116068686868683,0.2378040794197552,0.002014161894270587,0.1542052704824099,0.11789569179699179,1,10,4.830016166466587,0.22464315885084193,6,0.6956136720742782,0.09505050505050505,5000,11.168773240816442,32.526911934581186,0.322347563106782,0.1734,0.108
base,CR,CR,,4,29,9900,69,4.799333287030606,0.21125482828282838,0.23794920334096087,0.0028713294137103734,0.15418641918652876,0.11753340184994861,1,9,4.804513485394158,0.2255722309241157,6,0.6882587542087543,0.10545454545454545,5000,11.230326211523977,32.526911934581186,0.3241240742492095,0.1752,0.094
base,CR,CR,,4,30,9900,71,4.850154636710051,0.2116699393939394,0.23691553957796124,0.002923399050633309,0.1542621670867594,0.11716523852808106,1,9,4.768870108043218,0.2269000317587353,8,0.6879473727170697,0.15202020202020203,5000,11.305360790721084,32.526911934581186,0.3262896848522199,0.1784,0.0892
base,CR,CR,,5,0,4900,4,0.27712812921102037,0.0188395102040817,0.03612824436332547,0.6504952980918245,0.0,0.0,1,98,33.333333333333336,0.046482951803896395,20,0.8622157642648896,0.08408163265306122,0,,,,,0.0
base,CR,CR,,5,1,9851,11,1.2429768139430435,0.08401989645721253,0.19975132462812648,0.45150102350143323,0.2927593073593067,0.28913848007573806,1,34,13.453833053221288,0.10013879403118749,17,0.8508062332592806,0.08699624403613847,4951,2.4742966351620117,3.0,0.07141191548531083,0.03251868309432438,0.0
base,CR,CR,,5,2,9899,15,1.6484754653921907,0.11395878371552692,0.24138144663645633,0.2879162776791998,0.20245393717393836,0.2051884824036723,1,25,10.004951100440175,0.1266275312358599,17,0.8434466676928236,0.0932417415900596,4999,3.362320992335891,22.0,0.09704163160026899,0.046609321864372874,0.476
base,CR,CR,,5,3,9900,20,2.119056393775305,0.14054363636363632,0.2603313571910002,0.16685155334383484,0.1642217827923714,0.16813048933500627,1,20,8.708281392557023,0.14134318767722465,14,0.8284784205693296,0.09333333333333334,5000,4.391765685424949,24.0,0.1267529509202599,0.0632,0.4216
base,CR,CR,,5,4,9900,23,2.5271327626383226,0.15976662626262628,0.2654989604301263,0.09844538196780969,0.15189253291749438,0.15354747617366749,1,17,7.9201338135254105,0.15255986108405217,12,0.820374375063769,0.08686868686868687,5000,5.361965685424949,24.0,0.15475437945524717,0.0758,0.36
base,CR,CR,,5,5,9900,26,2.8407041380615476,0.1729652121212122,0.2652097746548773,0.06123568447823735,0.14491941421513513,0.1444366689993002,1,16,7.448403361344538,0.16046420118941127,11,0.8024971380471381,0.08555555555555555,5000,6.241565685424949,24.0,0.18014095597490787,0.0852,0.3196
base,CR,CR,,5,6,9900,26,3.0543084323623897,0.1803613737373737,0.2625814514016401,0.050602746432547,0.14435495106308505,0.1399917673913857,1,15,7.0376096038415366,0.16769647809129204,12,0.791646632996633,0.10292929292929293,5000,6.914965685424949,24.0,0.1995762909320924,0.0914,0.2788
base,CR,CR,,5,7,9900,28,3.247398959167167,0.18634836363636365,0.2594544179964862,0.040580315776085736,0.1441193097555084,0.13731178846860081,1,15,6.765033693477391,0.17309303275178428,10,0.7864332006938067,0.10333333333333333,5000,7.486765685424949,26.0,0.2160792973599482,0.0976,0.2624
base,CR,CR,,5,8,9900,30,3.3788755526062215,0.18968311111111125,0.25675235830541876,0.033750274139081875,0.1444434886657746,0.13463559598448882,1,14,6.4946301720688275,0.17843541044345368,9,0.77497378838894,0.09414141414141414,5000,7.894165685424949,26.0,0.22783747297853596,0.1016,0.208
base,CR,CR,,5,9,9900,30,3.469985590748181,0.19214585858585864,0.25496983681623786,0.03373355530943163,0.14400860515977662,0.13222992137292214,1,14,6.290273549419768,0.18287946290071141,9,0.7737672737475768,0.08818181818181818,5000,8.269571562698134,26.0,0.23867225018331775,0.1044,0.2092
base,CR,CR,,5,10,9900,30,3.561797299117399,0.19501305050505047,0.2533166826002709,0.03468369857920834,0.1452746062613455,0.13199630182775052,1,13,6.097860904361744,0.1871232617429256,9,0.7620787011529436,0.10161616161616162,5000,8.614699182617287,26.0,0.24863315142493433,0.1086,0.1828
base,CR,CR,,5,11,9900,32,3.6498767102465255,0.1972701818181819,0.2516793863986637,0.03188699041883266,0.1473601651285729,0.13136449037106623,1,13,5.956004801920768,0.19049131414226256,9,0.7557392561983474,0.11717171717171718,5000,8.922699182617286,26.0,0.25752249381699377,0.1126,0.1876
base,CR,CR,,5,12,9900,35,3.7156964353940434,0.19845705050505047,0.25021118962006283,0.03344929109170624,0.14774147717487562,0.13019145115780145,1,12,5.791528771508603,0.19441808441702801,9,0.7491365013774103,0.12646464646464647,5000,9.132305059890472,27.0,0.2635720341107254,0.1166,0.1756
base,CR,CR,,5,13,9900,38,3.795576372568467,0.20014311111111116,0.24848320639611862,0.03455577019358622,0.14727966023092146,0.12885477830690276,1,12,5.64966818727491,0.19818754378519085,9,0.7483211458014489,0.12151515151515152,5000,9.393945648093966,27.202941017470888,0.27112337428020816,0.1202,0.1668
base,CR,CR,,5,14,9900,40,3.864091096234663,0.20136218181818188,0.24793971847440507,0.03614111974730003,0.1446476747458056,0.12616436470426284,1,12,5.556431852741096,0.2008046680490378,9,0.736925686154474,0.12707070707070708,5000,9.622554216041369,27.202941017470888,0.27772136075502263,0.1254,0.1368
base,CR,CR,,5,15,9900,45,3.927849284277593,0.20257490909090903,0.24776606163705966,0.03218502764372423,0.14529346684863384,0.12499857619627988,1,11,5.480754541816727,0.20306096689758152,7,0.727417482909907,0.10353535353535354,5000,9.797767345985127,27.202941017470888,0.28277827472792677,0.1286,0.1496
base,CR,CR,,5,16,9900,48,3.9902882101422197,0.20361955555555555,0.245934855301544,0.031707010105685225,0.14719735494597697,0.12538032597753673,1,11,5.409673629451781,0.20511361674828663,8,0.7349978879706152,0.11343434343434343,5000,9.98077229166186,32.202484376209235,0.2880600722005265,0.132,0.1344
base,CR,CR,,5,17,9900,52,4.055021578240984,0.20443898989899,0.24500486811032243,0.030770369391519864,0.14850772379727598,0.12523859783072466,1,11,5.340732132853141,0.2072004114315279,8,0.7285669319457198,0.10828282828282829,5000,10.13719913523537,32.202484376209235,0.29257478574544227,0.1352,0.1396
base,CR,CR,,5,18,9900,53,4.102682049586587,0.20480060606060602,0.24521146421645182,0.030501002116187153,0.14845408969434287,0.12439138785902532,1,11,5.271624489795919,0.20929843844031115,7,0.7222172329354146,0.12333333333333334,5000,10.23308085635601,32.202484376209235,0.29534207616161534,0.1388,0.1292
base,CR,CR,,5,19,9900,54,4.152396898178208,0.20588646464646465,0.2439925894280582,0.031417943440105886,0.14950185296108504,0.1243823630650337,1,10,5.210650340136055,0.21120776958402407,8,0.7235457912457913,0.10494949494949495,5000,10.402070700435424,32.202484376209235,0.30021937676162397,0.141,0.12
base,CR,CR,,5,20,9900,55,4.2057104037249164,0.206034101010101,0.24331852502473064,0.030889030166568212,0.14998786948405968,0.12365093027875257,1,10,5.15574293717487,0.2129682735316349,7,0.7190521681461076,0.10606060606060606,5000,10.4717764832688,32.202484376209235,0.3022311903015994,0.1448,0.1132
base,CR,CR,,5,21,9900,55,4.226677181900695,0.20627709090909097,0.2425107619632808,0.03409860507185443,0.15115628784440172,0.12440691773357257,1,10,5.110543417366947,0.21434532085850216,8,0.7156630751964085,0.12262626262626262,5000,10.613463410658882,32.202484376209235,0.3063204877368244,0.1458,0.1148
base,CR,CR,,5,22,9900,55,4.261736735182032,0.20682383838383833,0.24263241033169267,0.03480732354507964,0.15044977173815938,0.12357062196445603,1,10,5.069470988395358,0.21567806373342988,8,0.7149072186511581,0.1192929292929293,5000,10.720403843492212,30.4138126514911,0.3094069491751702,0.1482,0.1064
base,CR,CR,,5,23,9900,55,4.314162722939412,0.20742294949494955,0.24243771555847263,0.0354706455897396,0.15050735492103093,0.12268314210061783,1,10,5.024100840336135,0.21727076722752592,7,0.7116523262932353,0.10111111111111111,5000,10.833813008592456,30.4138126514911,0.3126801079380717,0.151,0.1188
base,CR,CR,,5,24,9900,56,4.352562463652877,0.20806622222222226,0.24075469748475165,0.03438258868852961,0.14974137469319684,0.1215763268936641,1,10,4.991688515406162,0.218384415353443,6,0.7031760483624119,0.07272727272727272,5000,10.947755648324025,30.4138126514911,0.3159686635797243,0.153,0.1088
base,CR,CR,,5,25,9900,58,4.394815126942201,0.20864064646464642,0.23983991280535383,0.03416677985709163,0.1494852389660011,0.1206786758912478,1,10,4.945693797519008,0.21996719030469333,8,0.7051762065095398,0.14676767676767677,5000,11.00430741568528,30.4138126514911,0.3176008324854071,0.155,0.1132
base,CR,CR,,5,26,9900,58,4.430620724006965,0.20929341414141422,0.24000395873661665,0.03482596254548528,0.15074321696735576,0.12055327472432989,1,9,4.899084113645459,0.22158289156932612,7,0.6992963983267013,0.12656565656565658,5000,11.111867959387258,30.4138126514911,0.3207051912543777,0.1578,0.1052
base,CR,CR,,5,27,9900,58,4.471330898066033,0.20968727272727272,0.2389144270818951,0.03377356061023561,0.15112149355972634,0.12022588476882107,1,10,4.871039615846339,0.22261912117227842,7,0.698182761963065,0.10424242424242425,5000,11.186996536127293,30.4138126514911,0.3228735147675929,0.1608,0.0936
base,CR,CR,,5,28,9900,58,4.532107677449864,0.2105092121212122,0.23780966922722313,0.031000864194033508,0.1526510042836567,0.1207542762494293,1,10,4.83972725090036,0.2237943341145982,7,0.6939533312927252,0.12575757575757576,5000,11.266718917269555,30.4138126514911,0.32517442237241057,0.1636,0.0948
base,CR,CR,,5,29,9900,58,4.558508528016593,0.2107261818181818,0.23716585608392177,0.029152510979355662,0.15228064706362632,0.11970407374871671,1,9,4.817174869947979,0.22463432534918726,7,0.6925873992449751,0.12232323232323232,5000,11.32318624074602,31.89043743820395,0.32680415410080493,0.1648,0.09
base,CR,CR,,5,30,9900,58,4.604085142566328,0.21128545454545455,0.23714113733819472,0.02698785429645953,0.15305682217509944,0.11923582969317405,1,9,4.785643537414966,0.22583607042817125,6,0.6921820834608714,0.1096969696969697,5000,11.416462512494274,31.89043743820395,0.32949624733660043,0.167,0.0876
thr0,RWI,RWI,,1,0,4900,4,0.27712812921102037,0.0188395102040817,0.03612824436332547,0.6504952980918245,0.0,0.0,1,98,33.333333333333336,0.046482951803896395,22,0.862310537276135,0.08755102040816326,0,,,,,0.0
thr0,RWI,RWI,,1,1,9454,12,1.214415810173764,0.0876250475989,0.20259918412808944,0.004039187151555603,0.361357691197694,0.34919864771802417,1,38,15.324885794317726,0.08995902569434912,20,0.8468982776499788,0.09900571186799238,4554,1.8966047066843659,8.94427190999916,0.054738859156197466,0.039525691699604744,0.0
thr0,RWI,RWI,,1,2,9881,14,1.3843904651506382,0.09559834024896263,0.21866076611377774,-0.06043865540108193,0.30262578976579124,0.2917504460366458,1,32,13.3264525010004,0.1009231417191662,17,0.8440041339629065,0.09351280234794049,4981,2.1715140787939875,9.848857801796104,0.06267315634927703,0.041758682995382455,0.8032
thr0,RWI,RWI,,1,3,9897,14,1.3984313497630123,0.09633783974941901,0.21928450078036596,-0.060285316169707594,0.2841565456765461,0.27453883905906246,1,31,12.802256902761105,0.10445835311686649,21,0.8453787102028123,0.10154592300697181,4997,2.29345253022552,10.04987562112089,0.06619248312048615,0.04202521512907745,0.9576
thr0,RWI,RWI,,1,4,9900,13,1.3743362034087583,0.09448016161616168,0.21622005422172877,-0.06249465411142149,0.2751986524586531,0.26575794776277356,1,30,12.500831692677071,0.10608776005907478,20,0.8457081216202429,0.10020202020202021,5000,2.359432539910474,9.0,0.06809676525399573,0.0408,0.9644
thr0,RWI,RWI,,1,5,9900,15,1.3591173606425606,0.09341527272727279,0.2156480614563413,-0.07205291378903116,0.2678405683205689,0.25896324328904075,1,29,12.247894677871148,0.1077553860950877,16,0.845109657177839,0.08818181818181818,5000,2.4170932990581875,10.63014581273465,0.06976094132753502,0.0418,0.9624
thr0,RWI,RWI,,1,6,9900,13,1.3552859476877932,0.09420210101010107,0.21683777498291648,-0.061555030056669756,0.261767614607615,0.2539687023332015,1,29,12.118178791516607,0.10852575941948366,18,0.8445495102540558,0.09696969696969697,5000,2.4671896796820505,8.246211251235321,0.07120679808067934,0.0398,0.9588
thr0,RWI,RWI,,1,7,9900,13,1.378114654156177,0.09532541414141416,0.2181156319249993,-0.06198093500853664,0.2558956510156511,0.24827177562709854,1,28,12.082870268107243,0.10898515430640295,17,0.8504378481787574,0.08808080808080808,5000,2.5069813074673584,8.246211251235321,0.07235524419665658,0.0404,0.966
thr0,RWI,RWI,,1,8,9900,14,1.398570698963767,0.09663422222222229,0.2186290290548351,-0.07405814286340205,0.25702727716727686,0.2493340662128451,1,30,12.079341816726691,0.10912172250138343,18,0.8486370676461584,0.09181818181818181,5000,2.533843162103478,10.198039027185569,0.07313051764842994,0.042,0.9704
thr0,RWI,RWI,,1,9,9900,14,1.3928388277184118,0.09610379797979807,0.21941489847676862,-0.07430322474759352,0.250889106449106,0.2440331016593123,1,29,11.887802160864346,0.11054247892208334,18,0.8469774920926433,0.09353535353535354,5000,2.57548786857485,9.486832980505138,0.07433244639726384,0.0422,0.964
thr0,RWI,RWI,,1,10,9900,14,1.3945608627808255,0.09641256565656575,0.21941939035500027,-0.07376503058908636,0.2500133177933175,0.24291292518924712,1,28,11.909062825130052,0.11018432912678483,18,0.846399571472299,0.09090909090909091,5000,2.5682360350503184,10.04987562112089,0.07412314759476456,0.0416,0.9688
thr0,RWI,RWI,,1,11,9900,14,1.3888124423405774,0.0959532121212121,0.2188440014406711,-0.06417687890598131,0.24973561105561085,0.24289682595637274,1,28,11.921806162464986,0.10999998661470314,18,0.8514158453219062,0.08727272727272728,5000,2.599984074446882,10.04987562112089,0.0750394436742212,0.0422,0.972
thr0,RWI,RWI,,1,12,9900,14,1.3810141201305655,0.09510141414141415,0.21724036095879995,-0.07003905883567242,0.2477463669663667,0.24239688540314844,1,28,12.010328931572628,0.10939586085317049,19,0.852388888888889,0.09141414141414142,5000,2.610398671504542,9.219544457292887,0.07534002458045781,0.042,0.97
thr0,RWI,RWI,,1,13,9900,13,1.3673331708109768,0.09432024242424242,0.21641443619984044,-0.07981105832255096,0.24997785547785561,0.2427694262121533,1,28,11.960091236494598,0.10974589064894863,18,0.8504877818589941,0.0902020202020202,5000,2.6179275936193545,9.219544457292887,0.07555732057565819,0.042,0.9712
thr0,RWI,RWI,,1,14,9900,15,1.3902517757586215,0.09615406060606069,0.21883977703481322,-0.06490900443013016,0.2479107692307693,0.24161073825503354,1,28,11.823589915966387,0.11069863663651891,19,0.8502548005305579,0.09393939393939393,5000,2.6348398111892717,9.219544457292887,0.07604543256458025,0.0418,0.9664
thr0,RWI,RWI,,1,15,9900,15,1.3611759621738844,0.09409947474747482,0.216964058685046,-0.06226732295327586,0.24036359418359438,0.23436970518468314,1,29,11.802036974789916,0.11150196087725613,18,0.8505752576267728,0.088989898989899,5000,2.669393392778422,9.219544457292887,0.07704270080359948,0.0414,0.968
thr0,RWI,RWI,,1,16,9900,14,1.4207040508142432,0.0977790707070707,0.22066725509813565,-0.07065832278956655,0.24134424686424735,0.2354183384719348,1,29,11.809399599839937,0.1113140031876683,18,0.8508006529945925,0.0897979797979798,5000,2.680194701077875,9.219544457292887,0.07735444277683334,0.0418,0.9688
thr0,RWI,RWI,,1,17,9900,14,1.3749181793837768,0.09480492929292939,0.21730195927705975,-0.06479282829140419,0.2377124275724269,0.2313358073118765,1,27,11.647972468987595,0.11229152316623252,18,0.8518469696969696,0.0892929292929293,5000,2.6953730891364045,10.63014581273465,0.07779251384310547,0.0426,0.9652
thr0,RWI,RWI,,1,18,9900,14,1.3676256797823008,0.09439648484848484,0.21684222644110837,-0.04891966418798871,0.24109789321789335,0.2359907404793496,1,28,11.758662505002,0.11170904523362293,20,0.8484694418936841,0.09909090909090909,5000,2.6674961903813816,12.206555615733702,0.07698794469420231,0.042,0.9688
thr0,RWI,RWI,,1,19,9900,15,1.38737161568197,0.09551935353535357,0.21859828556748118,-0.06041986967683828,0.24811772893772896,0.2419832473136475,1,28,11.886015846338536,0.11077174847860184,20,0.8503470666258546,0.09565656565656566,5000,2.660475454976266,11.0,0.07678531573037073,0.043,0.9668
thr0,RWI,RWI,,1,20,9900,14,1.3555810562264434,0.09387741414141426,0.2169649409976755,-0.06636326427885161,0.2431826440226444,0.23650872113551302,1,29,11.646963105242097,0.11222867241490127,18,0.8483428272625242,0.0902020202020202,5000,2.678631996807961,11.045361017187261,0.07730934078555803,0.0402,0.9728
thr0,RWI,RWI,,1,21,9900,13,1.364404632064843,0.09459054545454548,0.2170081105633699,-0.0486357778155031,0.2474495282495278,0.24132138067339592,1,29,11.689281152460984,0.11170283057760232,17,0.851589796959494,0.08666666666666667,5000,2.6666936800766305,13.038404810405298,0.0769647830420202,0.0412,0.972
thr0,RWI,RWI,,1,22,9900,14,1.3725887949418791,0.0950926060606061,0.21746117368593534,-0.06321417877618257,0.23770347430347402,0.23271665043816941,1,27,11.604890916366546,0.11219121923769751,19,0.8517163809815324,0.09272727272727273,5000,2.6875721242297366,10.770329614269007,0.07756736628452167,0.0418,0.9684
thr0,RWI,RWI,,1,23,9900,14,1.4017132374348185,0.09727115151515164,0.21968007415258528,-0.06058124524939392,0.23769211899211873,0.23208951017417284,1,27,11.659361024409764,0.11182322563097569,21,0.8527191664115907,0.09505050505050505,5000,2.690503220811818,10.770329614269007,0.07765196213225646,0.0406,0.9708
thr0,RWI,RWI,,1,24,9900,13,1.397426205565074,0.09685709090909089,0.2196164789277457,-0.05796303715588169,0.24026123654123607,0.23437962480091332,1,29,11.783450340136055,0.11134476071515548,19,0.854345587184981,0.0901010101010101,5000,2.701152008351243,10.770329614269007,0.07795930212738063,0.0418,0.9656
thr0,RWI,RWI,,1,25,9900,14,1.4291256067959877,0.09829191919191915,0.22144623575679973,-0.08092846332131866,0.242926373626373,0.23607886182294086,1,29,11.791757022809124,0.1113731600771028,21,0.8512844658708295,0.09464646464646465,5000,2.68183920016451,10.770329614269007,0.07740190548931558,0.0422,0.9676
thr0,RWI,RWI,,1,26,9900,13,1.38737161568197,0.09583991919191925,0.218227600539506,-0.06613222959996025,0.2388635298035296,0.2331415517387258,1,29,11.663374149659864,0.11210914666103831,21,0.8493543822058975,0.09818181818181818,5000,2.6984195229797066,10.770329614269007,0.07788043849735181,0.042,0.9684
thr0,RWI,RWI,,1,27,9900,13,1.3827508813954883,0.09576076767676778,0.21818250707386663,-0.05590454750981038,0.24355816849816855,0.2364523681909222,1,28,11.771810164065625,0.1111368502660718,20,0.850213131313131,0.09545454545454546,5000,2.6698165198945083,12.041594578792296,0.077054912887399,0.0416,0.9744
thr0,RWI,RWI,,1,28,9900,14,1.3620572675185136,0.09414828282828291,0.2158958452538426,-0.06569236020169084,0.2409438716838717,0.23524926934643567,1,28,11.69917919167667,0.1118450832611872,21,0.8478217987960415,0.1009090909090909,5000,2.6829557034673215,12.041594578792296,0.07743412945081089,0.0416,0.9684
thr0,RWI,RWI,,1,29,9900,15,1.39427400463467,0.09586577777777783,0.21807976536099855,-0.054173569647628386,0.23930107226107245,0.23403535481688237,1,28,11.5777181272509,0.11250375682078377,20,0.848003968982757,0.0993939393939394,5000,2.669075447133554,13.038404810405298,0.0770335244149654,0.042,0.9692
thr0,RWI,RWI,,1,30,9900,13,1.3743362034087583,0.09554286868686868,0.21856643485010566,-0.06587435123997339,0.2391056210456219,0.23354358040892348,1,29,11.69239087635054,0.11186918358156393,18,0.8527031068258341,0.08737373737373737,5000,2.681080047897213,13.038404810405298,0.07737999521518664,0.0406,0.9692
thr0,RWI,RWI,,2,0,4900,4,0.27712812921102037,0.0188395102040817,0.03612824436332547,0.6504952980918245,0.0,0.0,1,98,33.333333333333336,0.046482951803896395,20,0.8653470220741358,0.08204081632653061,0,,,,,0.0
thr0,RWI,RWI,,2,1,9463,13,1.1812890586135132,0.08465450702736987,0.19931378100518998,-0.002168831204128406,0.36019791541791835,0.34890488110137674,1,40,15.411654261704681,0.08960289193549159,20,0.8492986622682094,0.09669238085173835,4563,1.8968744245759983,8.246211251235321,0.054746643619470146,0.039886039886039885,0.0
thr0,RWI,RWI,,2,2,9877,14,1.356730422744327,0.09376912017819183,0.21544251070441958,-0.07127967274121165,0.30246519702519814,0.29106828631435544,1,33,13.268966146458583,0.10134586971024453,18,0.8427926839192637,0.09547433431203807,4977,2.169639413440601,8.246211251235321,0.06261905069279397,0.04118947156921841,0.8112
thr0,RWI,RWI,,2,3,9899,13,1.3499153158624433,0.09325665218708967,0.2155746615695125,-0.05843831026930759,0.28648373182373227,0.27718980938520016,1,31,12.526254981992798,0.10555293488953717,18,0.8472122074736843,0.0932417415900596,4999,2.2823378145558952,9.055385138137417,0.06587169574003912,0.04100820164032806,0.9552
thr0,RWI,RWI,,2,4,9900,13,1.3386560424545209,0.09269292929292927,0.21449930327214148,-0.0666475440527429,0.2782145565545568,0.2701560468140442,1,31,12.382799839935974,0.10660287774180033,18,0.8452671819202122,0.09535353535353536,5000,2.3679198610777843,9.055385138137417,0.06834172208466974,0.0394,0.9584
thr0,RWI,RWI,,2,5,9900,14,1.354990774876346,0.09287482828282823,0.21467218830190202,-0.07231977862402693,0.2645534465534468,0.2557095038345833,1,29,12.238674669867947,0.10815141447842745,19,0.8477384348535864,0.09474747474747475,5000,2.4561993146818053,8.246211251235321,0.0708895996472349,0.042,0.9652
thr0,RWI,RWI,,2,6,9900,14,1.375790681753587,0.0947442424242424,0.2172668203034435,-0.06809601564133685,0.2612824220224215,0.2541834805429353,1,29,12.118626650660264,0.10873693241048739,19,0.8429550913172125,0.09656565656565656,5000,2.487416992450303,10.770329614269007,0.07179058869388802,0.042,0.9664
thr0,RWI,RWI,,2,7,9900,15,1.39427400463467,0.09612909090909105,0.2189303777326842,-0.07805657751795164,0.2563127894327898,0.2486255603484733,1,29,12.177615046018408,0.10875935443801542,18,0.8529107080910111,0.08797979797979798,5000,2.525379771718543,10.04987562112089,0.07288625149606191,0.0424,0.9616
thr0,RWI,RWI,,2,8,9900,13,1.4059871976657539,0.09667575757575753,0.21911647791172895,-0.07114098938050127,0.2521388611388616,0.24556558982234183,1,28,11.97261368547419,0.10970395665286502,18,0.8506675951433528,0.08858585858585859,5000,2.5450855609607226,9.0,0.07345499015735898,0.0422,0.97
thr0,RWI,RWI,,2,9,9900,14,1.4057026712644463,0.0964819797979799,0.21846746346150644,-0.06116581454108134,0.2485769785769783,0.24184958719603258,1,29,12.00518799519808,0.10997580885118022,18,0.8522199265381084,0.0890909090909091,5000,2.587555852802376,11.40175425099138,0.07468074653940816,0.0432,0.9632
thr0,RWI,RWI,,2,10,9900,14,1.391977011304425,0.0962581818181818,0.21875643634586264,-0.08005272239311197,0.24927895215895254,0.24264768081206822,1,29,11.79933381352541,0.11124843710642451,18,0.8489915161718192,0.09202020202020202,5000,2.6003107723769205,10.63014581273465,0.07504887266694488,0.042,0.9688
thr0,RWI,RWI,,2,11,9900,16,1.3763720427268202,0.09449179797979812,0.21733957471412044,-0.06792895601968281,0.24348244977244948,0.2372453298718889,1,27,11.591938535414165,0.1126941594170893,20,0.8480574992347721,0.09878787878787879,5000,2.6346891384112365,9.486832980505138,0.0760410839220052,0.0424,0.9696
thr0,RWI,RWI,,2,12,9900,14,1.378114654156177,0.09482694949494963,0.21722288768724327,-0.05973879913534876,0.2444802064602069,0.23836799187381846,1,27,11.693771908763505,0.11172424038482402,19,0.8526211253953679,0.0897979797979798,5000,2.6292632035719827,9.433981132056603,0.07588448329673529,0.0414,0.9648
thr0,RWI,RWI,,2,13,9900,13,1.3821722034536796,0.0953656161616161,0.217765433011103,-0.07293171321743844,0.24983637695637687,0.24411814488828706,1,29,11.892334533813525,0.11046609739511375,19,0.8515989541883485,0.09343434343434344,5000,2.612568290831663,10.0,0.07540264305142927,0.0408,0.9628
thr0,RWI,RWI,,2,14,9900,14,1.3661625086350453,0.09402888888888894,0.2161625100772432,-0.061916759437021074,0.24380739926739975,0.23829420815629368,1,28,11.553158863545418,0.11268221348130558,18,0.8523891898785839,0.0903030303030303,5000,2.660955221000725,12.529964086141668,0.07679916249809635,0.0418,0.9732
thr0,RWI,RWI,,2,15,9900,13,1.3786950351691267,0.09485474747474743,0.21615021339995164,-0.05815604501343412,0.2409163791763786,0.23616048755713562,1,28,11.532001920768307,0.11297057913103062,20,0.8511518212427304,0.09404040404040404,5000,2.6848508015347607,10.04987562112089,0.07748882482609659,0.0428,0.9672
thr0,RWI,RWI,,2,16,9900,14,1.3558761005342634,0.09367842424242423,0.2152636057010199,-0.07623771371178835,0.2446856587856586,0.23959833912380307,1,28,11.617717166866747,0.11216056496157971,18,0.8535485460667278,0.08747474747474747,5000,2.658265415752585,11.704699910719626,0.07672153068050325,0.0406,0.96
thr0,RWI,RWI,,2,17,9900,13,1.3699635031634965,0.0948308282828283,0.2160371713360466,-0.06347243126213067,0.23527556443556483,0.2299517317300364,1,28,11.617963345338135,0.11251275419965846,21,0.8549280940720337,0.09545454545454546,5000,2.692076066095062,11.704699910719626,0.07769735680840092,0.0418,0.96
thr0,RWI,RWI,,2,18,9900,16,1.3740451229854134,0.09491276767676782,0.21661568932780606,-0.06956977097165024,0.23248946719946695,0.22664672348591747,1,28,11.504783353341336,0.11325610590669065,20,0.8476750739720436,0.09797979797979799,5000,2.7247416248794427,11.704699910719626,0.07864013387483698,0.0424,0.9664
thr0,RWI,RWI,,2,19,9900,14,1.361763562443936,0.09411923232323227,0.2163801781794695,-0.06468931479522945,0.23366643800643816,0.2281789173467371,1,27,11.485257462985194,0.11327985993558108,20,0.8515878379757169,0.09606060606060605,5000,2.742998783232945,9.433981132056603,0.0791670628738965,0.042,0.9736
thr0,RWI,RWI,,2,20,9900,14,1.4074089668607344,0.09668989898989899,0.21969416021650867,-0.053080971702438855,0.23790186924186846,0.23312295728614899,1,28,11.688182793117248,0.11205857841824773,21,0.8485467605346394,0.10010101010101011,5000,2.7073051541550712,9.219544457292887,0.07813689115283029,0.0428,0.976
thr0,RWI,RWI,,2,21,9900,14,1.4031393373432304,0.09684743434343446,0.22049738928374005,-0.07194835322843933,0.23693274947275003,0.23165043892403725,1,29,11.815337334933973,0.11130590058688934,20,0.8493101724313848,0.09717171717171717,5000,2.713984226177665,9.848857801796104,0.07832965919851231,0.0422,0.9672
thr0,RWI,RWI,,2,22,9900,14,1.385351940843914,0.09565381818181828,0.21836288534098464,-0.06399745227890985,0.23716780774780705,0.23151451901786846,1,28,11.679636974789917,0.11194996068716098,19,0.8500882154882158,0.09515151515151515,5000,2.7351063542909846,10.04987562112089,0.07893927552594167,0.0422,0.9688
thr0,RWI,RWI,,2,23,9900,15,1.4028542333400145,0.09715507070707075,0.21963535284860353,-0.07116362252411323,0.24246218004218004,0.23609232330064253,1,28,11.715069707883153,0.11182647751392165,20,0.8483596673808796,0.09888888888888889,5000,2.7035112466301428,10.0,0.07802739328597022,0.0422,0.9652
thr0,RWI,RWI,,2,24,9900,15,1.3893883546366725,0.09651119191919189,0.21865511561876055,-0.05514019800503874,0.24000495504495492,0.23371074857940527,1,28,11.420872348939575,0.1137181512147591,18,0.8487080501989593,0.09080808080808081,5000,2.713777905261103,12.727922061357855,0.07832370446711631,0.0418,0.9684
thr0,RWI,RWI,,2,25,9900,16,1.3939870874581297,0.09598981818181818,0.21833040008464888,-0.06239119432260051,0.23829308580308584,0.23272763156039866,1,28,11.538520048019208,0.11304712112138057,19,0.8481169727578817,0.09545454545454546,5000,2.7067057817292333,10.0,0.07811959236479901,0.0426,0.966
thr0,RWI,RWI,,2,26,9900,13,1.3807244475274565,0.09587143434343437,0.21830909373021803,-0.06225836340294978,0.2330790698190701,0.2274618780945395,1,28,11.40710044017607,0.11386865172157278,18,0.848522217120702,0.09171717171717171,5000,2.7154634681750975,9.219544457292887,0.07837235234330417,0.0408,0.9696
thr0,RWI,RWI,,2,27,9900,15,1.392264342716569,0.09605098989898986,0.21848162785977415,-0.04837206737305295,0.23345505827505852,0.22720672202563053,1,28,11.604508043217287,0.11258947199837596,18,0.8483206407509439,0.0906060606060606,5000,2.735765469371485,8.246211251235321,0.07895829857667654,0.0428,0.9668
thr0,RWI,RWI,,2,28,9900,14,1.4045639892863548,0.09677810101010098,0.21956261989593784,-0.06509280837446639,0.23439941391941407,0.22854848254290305,1,28,11.635817206882754,0.11245294738281267,20,0.8532590194878074,0.09212121212121212,5000,2.734210099398803,11.180339887498949,0.0789134082642301,0.0424,0.9712
thr0,RWI,RWI,,2,29,9900,14,1.3752090750136867,0.09494517171717165,0.21693873893443621,-0.06633121003670966,0.23374522810522844,0.227353538774128,1,27,11.43838943577431,0.11353231104373179,22,0.8519365115804513,0.0993939393939394,5000,2.7524023615993762,10.198039027185569,0.07943846426288925,0.0412,0.966
thr0,RWI,RWI,,2,30,9900,13,1.3997142565538154,0.09672589898989914,0.21879392757277158,-0.06472790787191715,0.2379035475635481,0.23105542793522837,1,28,11.341496278511405,0.11432838667164556,21,0.8498011325374962,0.09737373737373738,5000,2.7385404981990695,11.313708498984761,0.07903839007471625,0.0414,0.9652
thr0,RWI,RWI,,3,0,4900,4,0.27712812921102037,0.0188395102040817,0.03612824436332547,0.6504952980918245,0.0,0.0,1,98,33.333333333333336,0.046482951803896395,23,0.8619693669304456,0.09122448979591836,0,,,,,0.0
thr0,RWI,RWI,,3,1,9450,12,1.2096280420029952,0.08666416931216925,0.20187522560592494,0.008502087349827105,0.3648349494949523,0.35358267654847153,1,39,15.299271068427371,0.08979957428246514,19,0.8463703759693179,0.09576719576719576,4550,1.8873684577958425,8.54400374531753,0.05447228714714434,0.04021978021978022,0.0
thr0,RWI,RWI,,3,2,9880,13,1.3536557908124207,0.09311659919028337,0.21579651993672125,-0.05151086569759625,0.3099528094128103,0.2994808657910414,1,33,13.299569107643057,0.10113920611741922,17,0.8476525338474651,0.08947368421052632,4980,2.138898507371739,8.54400374531753,0.061731821993156785,0.041967871485943775,0.8036
thr0,RWI,RWI,,3,3,9900,13,1.342534915747073,0.09270416161616168,0.21542172948460017,-0.059696118685970696,0.2880630680430693,0.27807690677067876,1,31,12.798143897559024,0.10420908809686594,19,0.8443672737475767,0.0995959595959596,5000,2.2737846787667557,7.280109889280518,0.06562483940057341,0.0404,0.96
thr0,RWI,RWI,,3,4,9900,14,1.3641114323983947,0.09443915151515148,0.21670047930632633,-0.06599409897714434,0.2733616938616939,0.26461868594177934,1,31,12.720019527811125,0.10496735492690487,21,0.846640164268952,0.10151515151515152,5000,2.3751122965058866,8.246211251235321,0.06854930656893332,0.0416,0.9616
thr0,RWI,RWI,,3,5,9900,13,1.3599999999999999,0.09411511111111115,0.21609592352720688,-0.06762555283932367,0.2605718081918085,0.2523439706297656,1,30,12.538118927571029,0.1063624467161319,20,0.8470745791245794,0.09797979797979799,5000,2.4541197311595053,9.433981132056603,0.0708295797447589,0.0406,0.9704
thr0,RWI,RWI,,3,6,9900,15,1.3919770113044252,0.0954707474747476,0.2183454824832745,-0.07410040881048092,0.25616266622266615,0.24844212603975752,1,28,12.308888675470188,0.10788626327784488,20,0.8460279461279463,0.1003030303030303,5000,2.4952200935337117,8.246211251235321,0.07201579790573955,0.0438,0.968
thr0,RWI,RWI,,3,7,9900,14,1.3810141201305652,0.09531575757575772,0.21806645682322712,-0.08038524472285546,0.2513393739593736,0.24353946848727642,1,28,12.095806962785113,0.10913152410150743,18,0.8479072033465974,0.09121212121212122,5000,2.5493366372224915,8.54400374531753,0.0735776826002993,0.0428,0.9596
thr0,RWI,RWI,,3,8,9900,15,1.4091131963046828,0.09742456565656576,0.2200800150633596,-0.08245377017971695,0.2505681096681103,0.2416396675588111,1,29,11.73474349739896,0.11149876305047168,18,0.8462354606672788,0.09363636363636364,5000,2.56354520310073,9.219544457292887,0.07398776314248046,0.0426,0.9676
thr0,RWI,RWI,,3,9,9900,14,1.392264342716569,0.0960089696969697,0.21879585613767052,-0.09782609550995393,0.25409000999001047,0.245435705121879,1,28,11.946089475790316,0.11025542754590185,19,0.8468154014896438,0.09777777777777778,5000,2.571860306206398,9.219544457292887,0.07422774950134917,0.0432,0.964
thr0,RWI,RWI,,3,10,9900,14,1.4305243793798135,0.098532888888889,0.22048403969959707,-0.07027347724332043,0.24921843267843283,0.24163453690935185,1,28,11.707301160464185,0.11162491615786702,18,0.8481744413835323,0.09070707070707071,5000,2.585684471710988,9.055385138137417,0.07462673567165695,0.042,0.9712
thr0,RWI,RWI,,3,11,9900,14,1.4068404316055179,0.0969149494949495,0.21917963265914442,-0.052699392743349546,0.24346754800754783,0.23714462821560398,1,28,11.844974789915966,0.11080647023564161,18,0.8458153708805222,0.09404040404040404,5000,2.6308874199753265,9.219544457292887,0.0759313606205279,0.0426,0.9644
thr0,RWI,RWI,,3,12,9900,14,1.3888124423405774,0.09592501010101007,0.21769455519006398,-0.06292759110670582,0.24490237984238025,0.23820132827592042,1,27,11.505655702280912,0.11311286962383212,20,0.8465757524742372,0.10010101010101011,5000,2.6434719922853835,11.40175425099138,0.07629457027027377,0.0422,0.9676
thr0,RWI,RWI,,3,13,9900,13,1.3532183859229816,0.0933249696969698,0.21517117092633556,-0.05988624751868974,0.24297091575091517,0.23721344124751048,1,27,11.531757983193277,0.1130486805648552,21,0.8461546066727885,0.10303030303030303,5000,2.6398363759817935,11.40175425099138,0.07618964092569985,0.0414,0.966
thr0,RWI,RWI,,3,14,9900,14,1.3948476619330155,0.0962949090909091,0.21888156677876605,-0.06590102547666771,0.24210992340992393,0.23614321962221596,1,27,11.287963825530213,0.11444407223002613,19,0.8445913172125294,0.09595959595959595,5000,2.6508321732029274,11.40175425099138,0.07650699614119438,0.0422,0.9668
thr0,RWI,RWI,,3,15,9900,14,1.3490737563232043,0.09319583838383849,0.2157186188809909,-0.054686807587931846,0.24412127428127392,0.23810802028735711,1,28,11.690899399759903,0.11200955287310899,19,0.851191551882461,0.09292929292929293,5000,2.643201146386826,11.40175425099138,0.0762867532510278,0.0408,0.9656
thr0,RWI,RWI,,3,16,9900,13,1.3844854639901425,0.09497086868686866,0.21735702425705114,-0.07117679006265365,0.23904388500388513,0.23275132573620672,1,27,11.354717887154862,0.11388856949334238,18,0.8455370523415978,0.09585858585858587,5000,2.6745997439512945,11.40175425099138,0.0771929639146026,0.0426,0.9684
thr0,RWI,RWI,,3,17,9900,14,1.3588230201170421,0.09337066666666671,0.21587550513647213,-0.06591081639751738,0.23976489954490016,0.23333709896068686,1,28,11.626868347338936,0.11223312031260566,17,0.8500342414039384,0.08474747474747475,5000,2.6640365622172992,11.40175425099138,0.07688809463154081,0.042,0.9676
thr0,RWI,RWI,,3,18,9900,13,1.3428328265275615,0.09327494949494963,0.21488373219076476,-0.05813039754189756,0.24215975357975408,0.23584692349000874,1,26,11.313967827130853,0.11416553625717377,18,0.8481283542495665,0.09323232323232324,5000,2.677680540896941,11.40175425099138,0.077281880339571,0.0382,0.9712
thr0,RWI,RWI,,3,19,9900,15,1.3623509092741122,0.0940325656565657,0.21665403620964438,-0.06422674620058351,0.24318578310578332,0.23664370023154685,1,26,11.49025082032813,0.11304888629086354,19,0.8480009182736459,0.09696969696969697,5000,2.676999797431089,11.40175425099138,0.07726223306116478,0.0416,0.9664
thr0,RWI,RWI,,3,20,9900,14,1.3714226190347014,0.0945199595959596,0.21693083955583134,-0.06316567313057404,0.24217600399600364,0.234296278524958,1,26,11.515215366146458,0.11293753143939943,21,0.8463093612896646,0.10020202020202021,5000,2.6759527043926186,11.40175425099138,0.07723201238410209,0.0416,0.97
thr0,RWI,RWI,,3,21,9900,13,1.38737161568197,0.09661628282828283,0.21912362553489143,-0.06089509513154726,0.23945980019979984,0.23254928504949657,1,27,11.594130132052822,0.11255679002684284,19,0.8453359606162636,0.09646464646464646,5000,2.663939354327838,9.899494936611665,0.07688528906591538,0.041,0.9704
thr0,RWI,RWI,,3,22,9900,15,1.3928388277184118,0.09616383838383835,0.21900018719831021,-0.06601669128120298,0.24687788655788617,0.24005751906728884,1,27,11.598078271308523,0.11243589870552662,19,0.8503369146005512,0.09111111111111111,5000,2.649533576029381,12.041594578792296,0.07646951667721706,0.0422,0.962
thr0,RWI,RWI,,3,23,9900,13,1.3731715115017498,0.09449244444444438,0.21624771872598061,-0.07513498975111779,0.2462972205572206,0.2385945106893389,1,28,11.764865306122449,0.11140601678518851,19,0.8504353892459953,0.09474747474747475,5000,2.655172245897957,12.041594578792296,0.07663225715480655,0.042,0.9636
thr0,RWI,RWI,,3,24,9900,14,1.402569071382939,0.09685999999999995,0.21974816060326377,-0.07964216734861995,0.24300575424575413,0.23588428424478985,1,27,11.549627210884355,0.11262857176533832,19,0.8502162891541681,0.09070707070707071,5000,2.6765504586918527,9.848857801796104,0.07724926447057033,0.0422,0.9668
thr0,RWI,RWI,,3,25,9900,15,1.3997142565538152,0.09657547474747474,0.21935870327399679,-0.06946239931009299,0.24406185592185575,0.23705906394013274,1,28,11.549138695478192,0.11276625490211414,19,0.8485901897765533,0.09292929292929293,5000,2.6632716299510637,10.04987562112089,0.07686601753796515,0.0422,0.96
thr0,RWI,RWI,,3,26,9900,14,1.407124727947029,0.09672327272727288,0.21923145887197046,-0.07873575264619084,0.24471397269397288,0.23807108744347238,1,27,11.587137575030011,0.11226731119516142,17,0.8522879400061218,0.08606060606060606,5000,2.6506748174802492,9.433981132056603,0.076502454618804,0.0424,0.9656
thr0,RWI,RWI,,3,27,9900,14,1.3591173606425606,0.09386218181818196,0.21563068588830453,-0.06793633547687356,0.24059778887778913,0.2357061157631642,1,28,11.667728531412566,0.11197383286207685,20,0.8485274155698398,0.09787878787878788,5000,2.66372991239497,10.770329614269007,0.07687924425730332,0.0412,0.966
thr0,RWI,RWI,,3,28,9900,13,1.3813037319865604,0.09544262626262623,0.21848070845221415,-0.0718250311672356,0.24002640026640046,0.23359146883331217,1,28,11.767253781512606,0.11127744258628587,20,0.8517700438730742,0.09363636363636364,5000,2.6843268756582073,10.770329614269007,0.07747370353874354,0.0412,0.9688
thr0,RWI,RWI,,3,29,9900,13,1.3579396157414365,0.09417567676767691,0.2166172413561064,-0.07373400761845467,0.23983776001775955,0.23385536554022568,1,28,11.536446578631452,0.11284462003530346,19,0.8501565962656873,0.0902020202020202,5000,2.671801753608095,11.661903789690601,0.07711220971275073,0.0414,0.9664
thr0,RWI,RWI,,3,30,9900,15,1.3850631754544627,0.09551725252525256,0.2173708514752041,-0.06590588944589841,0.23661359529359507,0.23084083152342538,1,27,11.543529731892757,0.11282799697212885,20,0.8475937251300889,0.09828282828282828,5000,2.6926392993149952,11.661903789690601,0.07771361256469497,0.042,0.9724
thr0,RWI,RWI,,4,0,4900,4,0.27712812921102037,0.0188395102040817,0.03612824436332547,0.6504952980918245,0.0,0.0,1,98,33.333333333333336,0.046482951803896395,20,0.8645176384839652,0.08183673469387755,0,,,,,0.0
thr0,RWI,RWI,,4,1,9449,13,1.1903341379629504,0.08558848555402698,0.19957037304765002,0.002498215664107675,0.36396816516816877,0.3536526063153932,1,37,15.226092036814725,0.0901355771844006,19,0.8483224651747635,0.09567149962959043,4549,1.897858974604465,6.4031242374328485,0.05477505921136999,0.040008793141349745,0.0
thr0,RWI,RWI,,4,2,9890,13,1.356560356195035,0.09388610717896873,0.21607499623087903,-0.06635046396978457,0.30668819402819536,0.29626379847155393,1,34,13.514445138055223,0.09987641452498519,17,0.8438975239259763,0.09605662285136501,4990,2.1467745957914253,7.211102550927978,0.061959137729107196,0.040480961923847696,0.8016
thr0,RWI,RWI,,4,3,9899,13,1.366993547899916,0.09503820587938172,0.21700893373759267,-0.0652768775666328,0.29325327339327384,0.2831467336825312,1,33,12.910825450180072,0.10369912952067117,18,0.8411416923208472,0.09869683806445095,4999,2.261063321988846,10.0,0.06525768194573449,0.03920784156831366,0.9588
thr0,RWI,RWI,,4,4,9900,14,1.3821722034536794,0.09549729292929299,0.21792560143313122,-0.06650143583787063,0.2712805816405823,0.2625677048070413,1,29,12.125208803521408,0.10856231984897925,17,0.845011003979186,0.09121212121212122,5000,2.3863945109665563,10.63014581273465,0.06887492821595129,0.0418,0.9636
thr0,RWI,RWI,,4,5,9900,14,1.385063175454463,0.09532686868686868,0.217776351697915,-0.05639401845106855,0.2588867754467755,0.2510224804670973,1,28,11.92220056022409,0.11007012695226755,18,0.8450896388123663,0.09585858585858587,5000,2.461210764636147,10.04987562112089,0.07103423761647132,0.0424,0.966
thr0,RWI,RWI,,4,6,9900,14,1.3392535234226566,0.09246149494949507,0.2144945751654567,-0.06575911754847372,0.2548298612498614,0.24809893992932863,1,29,12.03945962384954,0.10948290412653916,18,0.8454627333945516,0.09313131313131313,5000,2.4847452078123116,8.94427190999916,0.07171347697815766,0.0418,0.9712
thr0,RWI,RWI,,4,7,9900,14,1.3585286158193355,0.09319212121212117,0.21537298088007042,-0.054952119958984885,0.254501778221778,0.24829485278542682,1,28,12.072128371348539,0.10927728887957663,18,0.8452631262116111,0.09343434343434344,5000,2.5346331324323073,8.94427190999916,0.07315331737808102,0.0416,0.9668
thr0,RWI,RWI,,4,8,9900,14,1.3810141201305655,0.09520759595959594,0.21743681339527052,-0.059466177220709446,0.2530407170607172,0.24722112509168878,1,28,12.018274509803922,0.10938197105785194,20,0.8518173706764615,0.09474747474747475,5000,2.573036359065334,9.486832980505138,0.07426169215243436,0.0418,0.9652
thr0,RWI,RWI,,4,9,9900,16,1.3597058505426827,0.09329232323232328,0.21524788060031474,-0.07427925054822798,0.2524170795870802,0.245696776288849,1,29,12.083977270908363,0.10909084784481085,20,0.8541294459749006,0.09141414141414142,5000,2.570275025161452,9.486832980505138,0.07418199591045252,0.0426,0.9632
thr0,RWI,RWI,,4,10,9900,14,1.362644487751666,0.09442505050505057,0.21659015502210258,-0.07293640130358572,0.25067886335886286,0.24434906606051193,1,27,11.739523969587836,0.11133575379093677,19,0.8537401540659117,0.0901010101010101,5000,2.5947093667723538,11.40175425099138,0.07488720769195853,0.0408,0.9672
thr0,RWI,RWI,,4,11,9900,13,1.398570698963767,0.09668254545454547,0.2185251904295637,-0.06525704681700097,0.25116623154623174,0.24438712950826602,1,28,11.966594317727091,0.1099162312428429,18,0.8527556167737986,0.08848484848484849,5000,2.599123725552181,9.433981132056603,0.07501461271350164,0.041,0.9688
thr0,RWI,RWI,,4,12,9900,13,1.4079772725438433,0.09759361616161621,0.2198531080944263,-0.0773432120818285,0.24748163170163176,0.24059673738483645,1,28,11.878246338535414,0.1106087112540952,19,0.8513559381695746,0.0906060606060606,5000,2.6190969850349184,9.055385138137417,0.07559107096748703,0.042,0.9632
thr0,RWI,RWI,,4,13,9900,15,1.3830401295696375,0.09528755555555568,0.2179123916486459,-0.06413878681727564,0.24554333444333448,0.2391994245334913,1,28,11.71297030812325,0.11149399142691681,20,0.8551217732884399,0.09070707070707071,5000,2.642854618781559,9.219544457292887,0.07627675194410728,0.0428,0.9676
thr0,RWI,RWI,,4,14,9900,13,1.3954210834009926,0.09633595959595964,0.21924721823647272,-0.061102754912590436,0.24060171162171168,0.23567139353274508,1,28,11.841074029611844,0.11075591004570164,19,0.8569684624017959,0.08626262626262626,5000,2.641756806160946,10.0,0.07624506742376003,0.0408,0.9636
thr0,RWI,RWI,,4,15,9900,15,1.388236291126262,0.09508682828282833,0.21804831650042428,-0.06861612527780751,0.2442160994560992,0.23837725792123188,1,28,11.595456102440977,0.1122085538966858,20,0.8511840373431285,0.09575757575757576,5000,2.657842145489808,10.0,0.07670931446527532,0.0432,0.9688
thr0,RWI,RWI,,4,16,9900,15,1.3948476619330155,0.09619482828282844,0.21886495439966167,-0.06531684318838941,0.24096435342435393,0.23398646743727092,1,28,11.649866986794718,0.1125813908073774,20,0.851701550862157,0.09565656565656566,5000,2.683666149421339,10.0,0.07745463398761711,0.043,0.9624
thr0,RWI,RWI,,4,17,9900,13,1.370255450636851,0.09492836363636359,0.21710888254897065,-0.05586911159104056,0.23833423687423733,0.23308164561428268,1,28,11.546918607442977,0.11308022850993242,19,0.8523565095398428,0.08969696969696969,5000,2.703836869433712,10.0,0.07803679124892993,0.041,0.9672
thr0,RWI,RWI,,4,18,9900,15,1.381882773609976,0.09468541414141418,0.2173218614368141,-0.06542683115773901,0.23526574758574756,0.22918400451371748,1,26,11.405798479391757,0.11391250480620059,20,0.851841429445975,0.09515151515151515,5000,2.724969536665483,10.295630140987,0.0786467117511399,0.043,0.9668
thr0,RWI,RWI,,4,19,9900,16,1.3862178760930766,0.09529220202020205,0.21713389873646302,-0.07040549565323205,0.2380692263292267,0.2327739387956565,1,27,11.138856182472988,0.1154299812055827,20,0.8531923885317825,0.09191919191919191,5000,2.688437187358829,11.045361017187261,0.07759233330512312,0.0422,0.9668
thr0,RWI,RWI,,4,20,9900,15,1.3815932831336435,0.09481644444444459,0.21770472019087522,-0.061141749881749474,0.23940939060939032,0.2326995232318673,1,27,11.451185594237694,0.11358856426520846,20,0.8535967911437609,0.09171717171717171,5000,2.691899258593754,10.198039027185569,0.07769225387847685,0.0428,0.9724
thr0,RWI,RWI,,4,21,9900,14,1.3579396157414363,0.0936933333333334,0.21618380426571296,-0.07734911043660299,0.24585885225885268,0.23940519396156074,1,28,11.577490836334533,0.11248105051197298,18,0.8547002958881749,0.08484848484848485,5000,2.679932628242841,11.661903789690601,0.07734687896137141,0.0412,0.9668
thr0,RWI,RWI,,4,22,9900,13,1.3708391590555036,0.09446242424242435,0.2170977689098422,-0.07251211017816082,0.24115605061605105,0.2344299081248148,1,27,11.266294677871148,0.11459942379956213,21,0.8539941638608307,0.09454545454545454,5000,2.6996078000926462,11.045361017187261,0.07791473395875949,0.0412,0.9656
thr0,RWI,RWI,,4,23,9900,14,1.363524843924745,0.09428363636363635,0.21717580532820302,-0.06601378185561754,0.23972158952158965,0.2337926360966795,1,27,11.210631772709084,0.1146841542575268,20,0.8519547954290381,0.09535353535353536,5000,2.6992637979291554,11.045361017187261,0.07790480553988001,0.0416,0.968
thr0,RWI,RWI,,4,24,9900,14,1.397712416772492,0.09611070707070701,0.21833196611193026,-0.05215656469693302,0.2400941414141414,0.23327695560253697,1,28,11.424378391356543,0.11366134190401853,19,0.8496819406183044,0.09505050505050505,5000,2.7272516706088057,11.045361017187261,0.07871257756285008,0.0424,0.9668
thr0,RWI,RWI,,4,25,9900,14,1.4011423910509595,0.09711466666666668,0.21878764377716547,-0.06280614443798545,0.23980164946164895,0.23251881288576984,1,27,11.263521088435374,0.1147753277077847,18,0.8531152127333944,0.08848484848484849,5000,2.7228283285103396,11.045361017187261,0.07858491326924463,0.0416,0.9644
thr0,RWI,RWI,,4,26,9900,14,1.3939870874581297,0.09645478787878803,0.21858512548906106,-0.0648281106264056,0.23873784215784227,0.23276992260738405,1,28,11.311610084033614,0.11423186381371055,19,0.8545423630241813,0.08969696969696969,5000,2.7011355392376086,13.416407864998739,0.07795882680403651,0.042,0.9644
thr0,RWI,RWI,,4,27,9900,13,1.385929291125633,0.09577236363636366,0.21839183867558484,-0.06705942050287139,0.23814614940614992,0.23163491235245173,1,29,11.554130132052821,0.11278239274888666,18,0.8556299918375677,0.08666666666666667,5000,2.7106106915505594,12.806248474865697,0.07823229392457785,0.0414,0.9672
thr0,RWI,RWI,,4,28,9900,14,1.4110988625890106,0.09760824242424238,0.22088406410833708,-0.07464955071566635,0.2392282095682102,0.2326577179317436,1,28,11.409952140856342,0.11374123311445447,20,0.8513939751045811,0.09373737373737374,5000,2.702259919188638,12.806248474865697,0.07799127809742439,0.042,0.964
thr0,RWI,RWI,,4,29,9900,14,1.4153444810363307,0.09801616161616167,0.2205291596596224,-0.05149679473867148,0.24196218892218868,0.23628400833661917,1,27,11.505974869947979,0.1128119432237295,21,0.8554735588205284,0.09232323232323232,5000,2.6895519733275446,11.045361017187261,0.07762450770177824,0.0412,0.9648
thr0,RWI,RWI,,4,30,9900,15,1.36088206689632,0.09354731313131315,0.21532003379380887,-0.062153618266766596,0.24373298701298696,0.23754994846306993,1,28,11.469611844737894,0.11325378617616615,19,0.8529874043464956,0.09141414141414142,5000,2.687631666516661,11.045361017187261,0.07756908476431153,0.0414,0.9676
thr0,RWI,RWI,,5,0,4900,4,0.27712812921102037,0.0188395102040817,0.03612824436332547,0.6504952980918245,0.0,0.0,1,98,33.333333333333336,0.046482951803896395,20,0.8622157642648896,0.08408163265306122,0,,,,,0.0
thr0,RWI,RWI,,5,1,9453,12,1.2197156389913184,0.08797867343700427,0.20279405854361027,0.009383953170073948,0.36177373737374047,0.35026763076345196,1,37,15.291209923969587,0.09008378487072045,18,0.8504106834696801,0.08960118480905532,4553,1.9040872300736067,8.06225774829855,0.054954816014520694,0.03953437294091808,0.0
thr0,RWI,RWI,,5,2,9890,14,1.3874638734035565,0.09596258847320538,0.21835237093772808,-0.05397149023952075,0.3061267021867027,0.295014555012294,1,33,13.41607330932373,0.10065228768045248,19,0.8462308344264153,0.09797775530839231,4990,2.1637958053446904,8.06225774829855,0.0624503953902954,0.04248496993987976,0.8032
thr0,RWI,RWI,,5,3,9900,16,1.3824615727028364,0.09465086868686878,0.21725058502555805,-0.06671784130434703,0.28614112332112374,0.2759355120809061,1,33,12.999216966786715,0.10350091987673861,17,0.8453290888684829,0.09343434343434344,5000,2.29039141018884,8.06225774829855,0.06610413460065093,0.0434,0.9644
thr0,RWI,RWI,,5,4,9900,14,1.3746272221951665,0.09562092929292931,0.21828473411201108,-0.08714529670757236,0.27638130092130075,0.2665161563425991,1,31,12.3208787515006,0.10729274882433486,17,0.8470201816141211,0.09,5000,2.372386193010673,11.045361017187261,0.06847062712943609,0.0396,0.9616
thr0,RWI,RWI,,5,5,9900,14,1.4011423910509595,0.09676436363636376,0.21992777256199733,-0.07434644937481595,0.26446024864024936,0.25479834277500635,1,30,12.27262168867547,0.10795112006831478,21,0.8444855371900828,0.10454545454545454,5000,2.461371936234259,11.045361017187261,0.07103888927075538,0.0414,0.9644
thr0,RWI,RWI,,5,6,9900,14,1.3798550648528272,0.09497894949494956,0.21741532758101867,-0.08213192339986042,0.25658004884004887,0.24854700372418465,1,28,12.173204961984794,0.1085837065374098,19,0.845284169982655,0.09919191919191919,5000,2.497526629338493,9.219544457292887,0.07208236799180527,0.042,0.9612
thr0,RWI,RWI,,5,7,9900,15,1.41336477952438,0.09742399999999996,0.22017140974380472,-0.07372752695728205,0.25344681762681814,0.24594042673051192,1,28,12.00588843537415,0.10974466591042306,22,0.8475150494847464,0.10282828282828282,5000,2.5463756681605503,9.219544457292887,0.07349222458794902,0.0424,0.9652
thr0,RWI,RWI,,5,8,9900,15,1.4028542333400145,0.09621575757575762,0.2193030209320045,-0.07496749661944016,0.2512086269286271,0.2448850185999324,1,29,12.07588443377351,0.10920060686784963,19,0.8513219314355678,0.08959595959595959,5000,2.5469123392855013,9.219544457292887,0.07350771372230493,0.0432,0.9676
thr0,RWI,RWI,,5,9,9900,14,1.429405470816451,0.0979345454545455,0.22074808776500465,-0.07097839192156678,0.2503167499167503,0.24291463792181478,1,28,11.790769427771108,0.110873064795465,21,0.8495454902560964,0.09909090909090909,5000,2.5891674861115295,9.055385138137417,0.07472726069621177,0.0438,0.9684
thr0,RWI,RWI,,5,10,9900,13,1.3810141201305655,0.09584646464646474,0.2175270769850029,-0.0667068047496576,0.24888630258630218,0.2424392032951532,1,28,11.83044993997599,0.11074330167301194,21,0.850734052647689,0.09878787878787879,5000,2.5997225066791936,9.055385138137417,0.07503189443576111,0.04,0.968
thr0,RWI,RWI,,5,11,9900,14,1.3699635031634965,0.09503292929292928,0.21760598554045696,-0.06333180162858017,0.24894610278610316,0.24269624862393088,1,28,12.030959903961584,0.10959445451588594,22,0.8483470003060912,0.10191919191919192,5000,2.6002999744875837,9.055385138137417,0.07504856102364803,0.041,0.9644
thr0,RWI,RWI,,5,12,9900,15,1.377534028617805,0.09510521212121215,0.21837861210354795,-0.0762494488391867,0.246874600954601,0.24023702031602712,1,29,11.960984393757503,0.11006531877515124,20,0.8496428935822876,0.09757575757575758,5000,2.617599430414464,9.486832980505138,0.07554784929290251,0.042,0.9684
thr0,RWI,RWI,,5,13,9900,15,1.3664552682030977,0.09442242424242431,0.21605792737136523,-0.0597365576767232,0.24278084360084334,0.23668162954179722,1,29,12.057763585434174,0.10967994004257856,20,0.8502184419957148,0.09484848484848485,5000,2.6445898820231877,10.295630140987,0.07632683424636438,0.0416,0.9748
thr0,RWI,RWI,,5,14,9900,14,1.4022838514366482,0.09723208080808088,0.219931664975408,-0.06883795745499509,0.24526516816516786,0.23859312910407804,1,29,11.93456006402561,0.11036729122657411,21,0.8526355729007244,0.09676767676767677,5000,2.6428611000388593,9.486832980505138,0.0762769390029231,0.041,0.964
thr0,RWI,RWI,,5,15,9900,14,1.3954210834009926,0.09645696969696971,0.21934688422231421,-0.07066162523141013,0.24300648906648925,0.23596740999689889,1,29,12.095554701880753,0.1092898383803307,17,0.8526128354249564,0.08494949494949496,5000,2.6480995759676036,10.198039027185569,0.07642812928260871,0.0426,0.9604
thr0,RWI,RWI,,5,16,9900,14,1.360588108135596,0.09393256565656571,0.21590519132503044,-0.06510923978646854,0.2423822510822517,0.23602835277173762,1,29,11.893815766306522,0.11051128360567482,19,0.8538138965411692,0.0902020202020202,5000,2.65320192892184,9.219544457292887,0.0765753908488923,0.0408,0.9732
thr0,RWI,RWI,,5,17,9900,13,1.36088206689632,0.0943597171717172,0.21615905916923725,-0.06349762110758067,0.23849190809190846,0.23221269926436328,1,27,11.699890196078432,0.11191804086579762,20,0.8506885113763902,0.09383838383838383,5000,2.6646872342739205,11.40175425099138,0.07690687400393124,0.04,0.9696
thr0,RWI,RWI,,5,18,9900,14,1.3658696863171098,0.09423349494949496,0.21640011736453582,-0.060333236223471795,0.23692023976023965,0.23236871823828348,1,27,11.759248019207684,0.11143459417657262,21,0.8483714518926642,0.1,5000,2.685627926585094,9.219544457292887,0.07751125382172601,0.0416,0.9704
thr0,RWI,RWI,,5,19,9900,14,1.3876599006961323,0.09567604040404043,0.21801753252272812,-0.07852109266055589,0.23755223887223875,0.23123457660579566,1,27,11.787938535414165,0.11124893568199079,18,0.8515117181920211,0.0904040404040404,5000,2.6949580315212427,9.848857801796104,0.07778053465721714,0.0416,0.97
thr0,RWI,RWI,,5,20,9900,14,1.3815932831336435,0.09461927272727277,0.21667288678001742,-0.06760705031326228,0.23519511599511617,0.22796005303692837,1,28,11.703183353341336,0.11205290797043038,19,0.8514780328537905,0.09212121212121212,5000,2.7070990844545677,9.433981132056603,0.0781309436719069,0.042,0.9628
thr0,RWI,RWI,,5,21,9900,15,1.3928388277184118,0.09560634343434349,0.21787743357956646,-0.07139938970008378,0.23403668109668052,0.2277924238365782,1,28,11.550739975990396,0.11292552998850182,20,0.8465438526680952,0.09656565656565656,5000,2.7303019631449397,10.198039027185569,0.07880061358476448,0.0428,0.9704
thr0,RWI,RWI,,5,22,9900,15,1.395707705789432,0.09639236363636372,0.21947670713324047,-0.08071073042599859,0.24004433122433091,0.23406114768194183,1,26,11.611909403761505,0.11239023649486891,20,0.8506591674318947,0.09585858585858587,5000,2.723171657089551,10.816653826391969,0.07859482224747057,0.0422,0.9668
thr0,RWI,RWI,,5,23,9900,15,1.4008568806269968,0.09667349494949495,0.21929103826909768,-0.0708839222898919,0.23566383838383761,0.22985865475401984,1,27,11.379939175670268,0.11397985677894738,18,0.8499881593714926,0.0890909090909091,5000,2.7418736599939284,11.313708498984761,0.07913459012810142,0.0418,0.9676
thr0,RWI,RWI,,5,24,9900,13,1.3934130758680283,0.09634133333333339,0.21886408394703047,-0.07284951076170039,0.23475418803418815,0.22892789173186717,1,27,11.642689395758303,0.11236247998706314,20,0.8459330833588408,0.10131313131313131,5000,2.7320592959280248,10.816653826391969,0.07885133284712044,0.0416,0.9716
thr0,RWI,RWI,,5,25,9900,15,1.3839075113604955,0.09492941414141409,0.2183680146780297,-0.07421989274821562,0.23369967587967594,0.2275958365067276,1,27,11.601876590636255,0.11247766190955948,20,0.847315442301806,0.09858585858585858,5000,2.729645286218161,10.198039027185569,0.07878166090280636,0.0432,0.97
thr0,RWI,RWI,,5,26,9900,13,1.4204224723651762,0.09844513131313137,0.22085371262895662,-0.06694793038699544,0.23578731712731732,0.2292130085879206,1,28,11.720317246898759,0.11175225110217316,22,0.8486315069890826,0.10313131313131313,5000,2.7236120663162056,11.313708498984761,0.07860753311892626,0.0416,0.9692
thr0,RWI,RWI,,5,27,9900,14,1.4051334456200235,0.09688480808080802,0.2195220251762658,-0.07129346328790201,0.23500677322677352,0.22883791704238055,1,26,11.322622809123649,0.11409731850553903,19,0.8488488878685848,0.09414141414141414,5000,2.7253981073491924,11.045361017187261,0.07865908094447331,0.0424,0.9724
thr0,RWI,RWI,,5,28,9900,16,1.4322011031974526,0.09866856565656579,0.22222239269541347,-0.06912702887149422,0.23749733488733488,0.23080819450697881,1,27,11.633292997198879,0.1121970965478958,20,0.8522251555963679,0.09505050505050505,5000,2.71951390268734,10.295630140987,0.07848925396413513,0.0434,0.966
thr0,RWI,RWI,,5,29,9900,14,1.3638181696985854,0.09423377777777775,0.21760797254551187,-0.06493797732798991,0.2417623953823953,0.2348058108508746,1,28,11.775252180872348,0.11107179880038028,21,0.8556749719416388,0.0905050505050505,5000,2.671262188639035,10.04987562112089,0.07709663705770939,0.042,0.97
thr0,RWI,RWI,,5,30,9900,13,1.363524843924745,0.0943123232323233,0.21757040629336583,-0.07262026286197308,0.24161135531135514,0.23447029591145246,1,27,11.706878911564626,0.1115374269892275,21,0.8502998061422304,0.09878787878787879,5000,2.668412218334378,12.36931687685298,0.07701438263613375,0.041,0.9636
thr0,RW,RW,,1,0,4900,4,0.27712812921102037,0.0188395102040817,0.03612824436332547,0.6504952980918245,0.0,0.0,1,98,33.333333333333336,0.046482951803896395,22,0.862310537276135,0.08755102040816326,0,,,,,0.0
thr0,RW,RW,,1,1,9469,13,1.2965897423626334,0.09339275530679059,0.21178073869848407,0.005496474946076679,0.36545914307914684,0.35228861750722473,1,40,15.382234173669469,0.0894812835123253,21,0.8456248464161965,0.10307318618650332,4569,1.8859996410595559,9.433981132056603,0.05443278104116761,0.04136572554169402,0.0
thr0,RW,RW,,1,2,9882,21,1.8106044957416847,0.12178842339607376,0.24394625101878692,-0.04666183041442146,0.3039675180375189,0.2862356405258574,1,33,13.29591612645058,0.10134832684957508,19,0.8433249082750631,0.09744990892531877,4982,2.1815742964705094,9.0,0.06296350933455383,0.05459654757125652,0.806
thr0,RW,RW,,1,3,9900,24,2.149418526020468,0.13895313131313136,0.254188619423082,-0.07225809308196555,0.286723762599854,0.2640846492467994,1,32,12.515629291716687,0.10673747079206158,20,0.841156351392715,0.10444444444444445,5000,2.3396707729475743,8.246211251235321,0.06752641099164085,0.0666,0.9608
thr0,RW,RW,,1,4,9900,40,2.5394487590813877,0.15202840404040407,0.25833810651215433,-0.08085469989932494,0.27523892159755053,0.2457783175958939,1,28,11.85606818727491,0.11150370489152815,17,0.8406124477094173,0.09707070707070707,5000,2.4695745004744567,12.041594578792296,0.07127562758901505,0.0886,0.9736
thr0,RW,RW,,1,5,9900,54,2.966614231746352,0.16192290909090912,0.2575862396115523,-0.07964475650482211,0.2662382321372822,0.22661585480888954,1,26,11.257227050820328,0.1166277600339541,18,0.8434886287113561,0.09484848484848485,5000,2.6113615737652407,12.041594578792296,0.07536781538528066,0.1108,0.9744
thr0,RW,RW,,1,6,9900,73,3.5586514299661327,0.17118363636363632,0.2557597708704547,-0.07380897089404952,0.2646281201779648,0.21339135383812752,1,25,10.360050900360145,0.12426666702854249,17,0.8460331700846855,0.09,5000,2.7438246494032783,12.041594578792296,0.07919089861142282,0.141,0.9752
thr0,RW,RW,,1,7,9900,80,4.145937770878864,0.17825313131313125,0.2519653602764788,-0.08364400629451084,0.26541324841093844,0.19924661644109606,1,22,9.68991468587435,0.13072400807495158,18,0.8451417049280685,0.09323232323232324,5000,2.874862147917441,12.041594578792296,0.08297283754158963,0.1772,0.9732
thr0,RW,RW,,1,8,9900,105,5.0443631907308175,0.18812036363636375,0.24671112668087714,-0.0877914689955557,0.2705835859569849,0.18149828041668745,1,20,8.92290100040016,0.14017774127522026,17,0.8439011376390163,0.09393939393939393,5000,3.0601113687640575,13.0,0.08831940816486174,0.22,0.9776
thr0,RW,RW,,1,9,9900,118,5.771446958952322,0.19438117171717173,0.24062716522723876,-0.09214712801516978,0.27088852787464873,0.16649870625085114,1,18,8.451214405762306,0.14652019371997624,19,0.8459288848076727,0.09434343434343434,5000,3.2372987693902924,18.601075237738275,0.09343330255358126,0.2578,0.9736
thr0,RW,RW,,1,10,9900,129,6.487526493202167,0.1999861414141415,0.23433963047422735,-0.09809249130219612,0.2836815123938535,0.1567644776168695,1,18,8.089459783913565,0.15305236364871702,19,0.8502376084073054,0.09414141414141414,5000,3.4400581550690235,18.601075237738275,0.09928524282144449,0.2944,0.9836
thr0,RW,RW,,1,11,9900,140,7.3175952334083085,0.2067611717171718,0.22889090510313598,-0.10868012194661174,0.28804951170738013,0.14259978440956275,1,16,7.605904441776711,0.1610284892143115,17,0.8463769819406183,0.0891919191919192,5000,3.6400855646162875,15.297058540778355,0.10505833415671181,0.3386,0.9864
thr0,RW,RW,,1,12,9900,146,7.9560291603286615,0.21243385858585873,0.22315157777180286,-0.12171051719421952,0.2893152287049191,0.13021655343389937,1,15,7.160371348539416,0.1688679844987168,18,0.8495011121314152,0.0893939393939394,5000,3.8493065178470998,16.0,0.1110967649647045,0.3712,0.9824
thr0,RW,RW,,1,13,9900,171,8.559532697525023,0.21319098989898988,0.21695537361696268,-0.1205638006404851,0.30522821264386013,0.12705353238803174,1,15,7.108159103641457,0.17116866220347612,17,0.851571553923069,0.08474747474747475,5000,3.977651829614985,17.46424919657298,0.11480100334366666,0.3984,0.9844
thr0,RW,RW,,1,14,9900,171,9.149907103353563,0.216876888888889,0.2121905865289236,-0.13208685112324692,0.3026391948246759,0.11481355286182063,1,13,6.705212324929972,0.17903575639690888,18,0.8452712937455361,0.09474747474747475,5000,4.237267600931971,17.0,0.12229390425800205,0.4298,0.9828
thr0,RW,RW,,1,15,9900,183,9.429061459127308,0.21508779797979805,0.20971923257515682,-0.12825704874389632,0.30714708950808994,0.11265739637723918,1,14,6.7746941976790716,0.17807699029528562,17,0.8485259412304866,0.08646464646464647,5000,4.343759822706951,17.08800749063506,0.12536742965231673,0.4422,0.982
thr0,RW,RW,,1,16,9900,177,9.971920577301045,0.218171595959596,0.20508253269683482,-0.13634041546042944,0.31441379419552284,0.10712785324184287,1,14,6.552196238495398,0.18382849843322832,14,0.8486521528415467,0.07262626262626262,5000,4.534273854672114,17.0,0.1308659506283885,0.471,0.984
thr0,RW,RW,,1,17,9900,199,10.637330492186468,0.22179345454545452,0.19970932196250413,-0.1415031586314497,0.31685805516331267,0.09873826500721605,1,13,6.3122842737094835,0.19012108875162897,16,0.8469722783389452,0.08292929292929294,5000,4.748945297112281,19.72308292331602,0.137061690737635,0.498,0.9856
thr0,RW,RW,,1,18,9900,202,10.794443014810907,0.22153507070707068,0.19772341027026197,-0.14418941273050004,0.32616635068989763,0.09985151150085451,1,14,6.303185914365747,0.19016975976138045,15,0.849552739516376,0.07818181818181819,5000,4.829488485373784,18.35755975068582,0.13938628806816944,0.5062,0.9824
thr0,RW,RW,,1,19,9900,201,11.159139751790905,0.22368755555555553,0.1970366026890371,-0.1450322538934393,0.3278123140643729,0.09473782821658949,1,12,5.975537414965986,0.19822333046349852,15,0.8457626058565452,0.08060606060606061,5000,4.951890294145304,22.02271554554524,0.1429189880278364,0.5192,0.9876
thr0,RW,RW,,1,20,9900,207,11.462914114656884,0.2232644444444445,0.19497105473461226,-0.14502845846514192,0.33323499338806817,0.09313615975528021,1,13,5.845321168467387,0.20210794006846827,15,0.8450543107846139,0.0809090909090909,5000,5.0845416973457915,22.02271554554524,0.14674750667016193,0.5298,0.9868
thr0,RW,RW,,1,21,9900,221,11.989895746002132,0.2244885656565656,0.18733921899149894,-0.14912207343571574,0.3330480365755699,0.08696440442376262,1,13,5.804512845138055,0.20447095863009426,14,0.8387198041016223,0.08080808080808081,5000,5.252395373872988,20.0,0.15159201576891596,0.5518,0.9824
thr0,RW,RW,,1,22,9900,226,12.380468488712372,0.22549709090909098,0.18616300067788702,-0.15173512771066752,0.33682256283350764,0.08431275302476327,1,11,5.527056262505002,0.21217512036849367,15,0.8422187225793286,0.0809090909090909,5000,5.410644935750438,21.2602916254693,0.15615933570048104,0.5664,0.984
thr0,RW,RW,,1,23,9900,237,12.43932474051546,0.22400812121212121,0.18737514192807325,-0.14540306332273767,0.3405175539604045,0.08442364152117558,1,12,5.568018567426971,0.21083406083934295,15,0.8368308029792879,0.08191919191919192,5000,5.438173592619655,21.400934559032695,0.15695385406575374,0.5654,0.986
thr0,RW,RW,,1,24,9900,252,12.975207127441164,0.22656642424242435,0.18338539332361697,-0.15227281642863053,0.340607738941555,0.07843256749344871,1,11,5.53829243697479,0.21259528382781684,15,0.8341636108560352,0.08747474747474747,5000,5.603428175241943,23.53720459187964,0.16172334941246283,0.586,0.9884
thr0,RW,RW,,1,25,9900,246,12.977765601211944,0.22626743434343433,0.18459652565915302,-0.1512964627227561,0.34002587413265667,0.07929084419214724,1,11,5.467611684673869,0.21476231085796513,15,0.8330919446995206,0.08676767676767677,5000,5.630950378533148,24.351591323771842,0.16251768151778553,0.59,0.9852
thr0,RW,RW,,1,26,9900,267,13.277288879888093,0.22727894949494964,0.18281568135549514,-0.15446742556037624,0.3346563024053312,0.07344581916874952,1,11,5.111587675070028,0.22598318705259882,15,0.8291593153759822,0.0890909090909091,5000,5.743000701820833,25.059928172283335,0.16575162206598418,0.6026,0.9872
thr0,RW,RW,,1,27,9900,273,13.544888334718749,0.22788626262626277,0.18127375326750542,-0.15468264224409686,0.3437171683845941,0.07481919701314137,1,11,4.927633773509403,0.2318362408744162,15,0.8303627129884705,0.08717171717171718,5000,5.831226268482481,25.059928172283335,0.16829794437049345,0.6152,0.9872
thr0,RW,RW,,1,28,9900,289,13.798869518913497,0.22758501010101018,0.17839322892977547,-0.15470371520549628,0.34130197733604034,0.07119297661808893,1,12,5.161469707883153,0.22581717536653909,14,0.8262694265891236,0.08282828282828283,5000,6.001515949778337,27.784887978899608,0.173212760223979,0.622,0.9852
thr0,RW,RW,,1,29,9900,277,14.119546734934518,0.2305044444444444,0.17798188471918672,-0.16288952222130443,0.3463495699569021,0.06945012747474112,1,11,5.0936185674269705,0.22943345939818927,13,0.8260631109070503,0.0696969696969697,5000,6.161396438422914,27.784887978899608,0.17782715115050957,0.641,0.9884
thr0,RW,RW,,1,30,9900,286,14.332424777405949,0.22952739393939403,0.17616330073547753,-0.1580889804035284,0.3406626091764978,0.0661366633772031,1,11,4.8980641856742695,0.23487856908997365,12,0.8255461177430873,0.07090909090909091,5000,6.250268673493406,27.784887978899608,0.18039213727612385,0.6424,0.9868
thr0,RW,RW,,2,0,4900,4,0.27712812921102037,0.0188395102040817,0.03612824436332547,0.6504952980918245,0.0,0.0,1,98,33.333333333333336,0.046482951803896395,20,0.8653470220741358,0.08204081632653061,0,,,,,0.0
thr0,RW,RW,,2,1,9448,13,1.2637204754216813,0.09108327688399664,0.20903547448230508,0.008215096567929323,0.36507751137751443,0.351219512195122,1,40,15.222762384953981,0.0903478616408048,19,0.8478782386373006,0.09303556308213379,4548,1.883760509801939,7.0,0.054368156351525664,0.040457343887423045,0.0
thr0,RW,RW,,2,2,9885,16,1.766673710677781,0.12002974203338401,0.2420853207649891,-0.05918549210526849,0.3045555422355435,0.28766952498372284,1,34,13.180368467386955,0.10247197886415867,18,0.8420777381976698,0.09903894790085989,4985,2.1829760018564945,8.94427190999916,0.06300396465633569,0.051755265797392175,0.7992
thr0,RW,RW,,2,3,9899,21,2.095870072308873,0.13672185069198917,0.2514693063732538,-0.07424678552029565,0.2814450962556529,0.2588667820069204,1,30,12.13735606242497,0.10900959337398193,19,0.8440420129355587,0.10051520355591474,4999,2.3637653152389175,8.602325267042627,0.06822181565465288,0.0632126425285057,0.9668
thr0,RW,RW,,2,4,9900,30,2.3874672772626644,0.14720282828282838,0.25559803298691036,-0.07834238850618484,0.2697924968024157,0.24279084526595532,1,27,11.558018727490996,0.11345239803845816,19,0.840714029180696,0.10171717171717172,5000,2.516072794860266,8.94427190999916,0.07261763817161972,0.0798,0.9732
thr0,RW,RW,,2,5,9900,44,2.7120471972294284,0.15617418181818188,0.25739737039074684,-0.09415128504741506,0.2663069108726311,0.2334302849347507,1,25,11.149429051620649,0.1165380503609731,19,0.8466108968472604,0.09767676767676768,5000,2.585509515277039,10.770329614269007,0.07462168616631581,0.0952,0.9772
thr0,RW,RW,,2,6,9900,47,3.135857139603142,0.1645699393939395,0.2566559477860989,-0.09638706593233906,0.2669814064292485,0.2250371287128713,1,24,10.72246306522609,0.12059640869117227,19,0.8456882716049383,0.09747474747474748,5000,2.688123698768374,10.770329614269007,0.07758328555377066,0.1176,0.9736
thr0,RW,RW,,2,7,9900,65,3.596665122026236,0.17334577777777782,0.2545230789255201,-0.09310428585437082,0.262893134669395,0.21072769786721463,1,23,10.32889475790316,0.12450263978856356,17,0.8449454086317724,0.0892929292929293,5000,2.807239189751481,10.770329614269007,0.08102113744840413,0.1406,0.978
thr0,RW,RW,,2,8,9900,71,4.1066774891632285,0.1812835151515153,0.25262440279726117,-0.08540948551335202,0.2674771312906666,0.20168770719619597,1,22,10.05885106042417,0.1273437517140856,19,0.8511185797367617,0.09252525252525252,5000,2.8991550757768927,11.40175425099138,0.08367396790992815,0.1652,0.9736
thr0,RW,RW,,2,9,9900,91,4.908441707915049,0.19081785858585865,0.2462494469327526,-0.0986947482940414,0.2693951981016059,0.18448856262167423,1,21,9.263055942376951,0.13587310120728596,18,0.8501515202530355,0.0903030303030303,5000,3.0591441212952364,13.0,0.08829149195080913,0.2062,0.9728
thr0,RW,RW,,2,10,9900,89,5.470795189001321,0.1974138585858587,0.24074043085803642,-0.10402440480850814,0.28261428115753495,0.17888972809667675,1,21,8.871821368547419,0.14077798557063687,20,0.8527827517600244,0.09202020202020202,5000,3.1682581744663745,14.0,0.09144068733530143,0.2372,0.9768
thr0,RW,RW,,2,11,9900,104,6.113983971192597,0.20529115151515165,0.2353157304472151,-0.11240065426311785,0.2819479990452944,0.1639359911137338,1,19,8.373042336934773,0.1482282269691884,18,0.8503388582797672,0.08777777777777777,5000,3.3331372581541343,12.529964086141668,0.09619934521903364,0.2696,0.9784
thr0,RW,RW,,2,12,9900,110,6.82079174289906,0.21084452525252528,0.22870843337196933,-0.114785539326375,0.28794261231591683,0.15058975857005258,1,16,7.640034893957583,0.1596485121414533,20,0.8466885062748698,0.09707070707070707,5000,3.515587554822913,13.601470508735444,0.10146513468858429,0.3052,0.9784
thr0,RW,RW,,2,13,9900,119,7.1747891955095096,0.21133995959595975,0.22542782077107182,-0.11970536393536482,0.28746207165781235,0.14417974483459411,1,16,7.474028331332533,0.1624107189515833,20,0.847216008570554,0.09777777777777778,5000,3.6075372171524243,13.341664064126334,0.10411893998495207,0.3214,0.9796
thr0,RW,RW,,2,14,9900,119,7.740284232507228,0.2144086464646464,0.2205525017498989,-0.1272761919646883,0.296941537403535,0.13663370479365122,1,16,7.359026490596238,0.16523758632679403,20,0.8477344505662686,0.09515151515151515,5000,3.766274793995284,17.204650534085253,0.10870034476106255,0.352,0.98
thr0,RW,RW,,2,15,9900,142,8.355740541687492,0.21706076767676774,0.2153951689717563,-0.13004760455447362,0.3007282716930131,0.12748666397057407,1,15,6.92739943977591,0.17331016124598353,19,0.8458463830221409,0.09575757575757576,5000,3.9149658706091155,17.204650534085253,0.11299179245802454,0.3812,0.9832
thr0,RW,RW,,2,16,9900,158,8.956919113177253,0.2201786262626264,0.207883042423644,-0.13316471734105664,0.30267524047111444,0.11783803638819607,1,13,6.401254901960784,0.18510706641186833,18,0.8436516477910418,0.09222222222222222,5000,4.112117392205961,18.027756377319946,0.11868188134955006,0.4088,0.9832
thr0,RW,RW,,2,17,9900,174,9.396254572966827,0.22096654545454553,0.2055979134913565,-0.13233382494958473,0.3104223608385451,0.11393190585341309,1,13,6.396931252501,0.18583592654999617,17,0.8419213600652995,0.09202020202020202,5000,4.202539301257561,16.76305461424021,0.1212915933927427,0.4254,0.9792
thr0,RW,RW,,2,18,9900,188,9.820142565156576,0.22250024242424238,0.2013797744580689,-0.1383441469002997,0.31199512857017214,0.1064151661976599,1,13,6.052929331732693,0.19399475436128497,16,0.8360658351188653,0.09292929292929293,5000,4.355324927244705,18.027756377319946,0.1257012159316546,0.4448,0.9836
thr0,RW,RW,,2,19,9900,193,10.20670367944519,0.22491963636363632,0.20086541873327515,-0.13819733320227304,0.31029504587696954,0.10111257038479537,1,12,6.016029771908763,0.19590865382805356,16,0.8382326650341803,0.08959595959595959,5000,4.488680254072656,18.24828759089466,0.1295500508666502,0.464,0.9852
thr0,RW,RW,,2,20,9900,204,10.438045794112995,0.2239069494949495,0.1979880096617856,-0.14126859440463024,0.31682703156840436,0.10001025896560314,1,12,5.910100040016006,0.1986185110119083,17,0.8410431180491786,0.08838383838383838,5000,4.569260417839473,21.095023109728988,0.13187571536577833,0.4756,0.9816
thr0,RW,RW,,2,21,9900,222,10.775824794418291,0.2240063838383839,0.19662094018781098,-0.1362688839953036,0.31554113799537437,0.09574736960347474,1,11,5.783259223689476,0.2015947973070902,19,0.8382424446485052,0.09696969696969697,5000,4.6765899006822975,21.02379604162864,0.13497340537146837,0.4876,0.9872
thr0,RW,RW,,2,22,9900,211,10.95207742850643,0.22459963636363645,0.19411714153968648,-0.14531879361204714,0.3208161489980731,0.09470662827373731,1,12,5.99414037615046,0.19710019364744452,15,0.8430057188042037,0.07808080808080808,5000,4.771986034744945,23.345235059857504,0.13772668101614916,0.502,0.9824
thr0,RW,RW,,2,23,9900,215,11.424359938307266,0.22549931313131322,0.1926221402184214,-0.14508109239415654,0.32159374661615253,0.08965564875050183,1,12,5.820261224489796,0.20190434136136418,15,0.8425237220691767,0.08212121212121212,5000,4.933641519301897,20.223748416156685,0.14239230098946418,0.5236,0.9864
thr0,RW,RW,,2,24,9900,234,11.94025125363784,0.22670804040404047,0.1891883322784953,-0.15143950709671497,0.3292292932891573,0.08582198443579767,1,12,5.759561424569828,0.20493271063114998,16,0.8416924599530661,0.08080808080808081,5000,5.072738616801787,26.0,0.14640685204601675,0.55,0.9868
thr0,RW,RW,,2,25,9900,224,12.223223797345772,0.22829353535353536,0.18830984707566556,-0.1543826711664332,0.32875759504941693,0.08281916581461764,1,11,5.388569827931173,0.2145504328253668,13,0.83883931741659,0.07212121212121213,5000,5.252059513476728,27.018512172212592,0.15158232233366178,0.5646,0.9876
thr0,RW,RW,,2,26,9900,229,12.221849287239637,0.22530141414141425,0.1888783068539409,-0.15233823873314264,0.33128297503848264,0.08306788128122244,1,11,5.520801600640256,0.21104463689083136,14,0.8397645648403225,0.07696969696969697,5000,5.19060179585055,27.018512172212592,0.14980856033816306,0.562,0.9892
thr0,RW,RW,,2,27,9900,230,12.443922211264422,0.22512698989899005,0.18786975725684266,-0.15613591774856223,0.33434054817190556,0.08112656063982417,1,11,5.435748699479792,0.21395073841369158,15,0.8382364401591677,0.0796969696969697,5000,5.269085266937603,26.92582403567252,0.15207371113884527,0.5762,0.9864
thr0,RW,RW,,2,28,9900,231,12.645821444255805,0.22508080808080821,0.18590759691913533,-0.15558426690227703,0.339520596479163,0.08097867393928555,1,11,5.384699799919968,0.2164592070248013,14,0.837819293949597,0.07616161616161617,5000,5.374651507084958,26.92582403567252,0.15512051131323557,0.5832,0.9848
thr0,RW,RW,,2,29,9900,248,12.789683342444409,0.22520064646464655,0.18604796820860547,-0.1544307374709837,0.34228789462387416,0.08076475027291577,1,11,5.328763825530212,0.2175201752966699,15,0.8401350117334967,0.07828282828282829,5000,5.404731960320872,24.186773244895647,0.1559886783525939,0.5892,0.9888
thr0,RW,RW,,2,30,9900,235,12.856126943990558,0.2251666262626264,0.18683281139390379,-0.15621724336503476,0.3338809787423053,0.07738051965046455,1,10,5.2668011204481795,0.21953661871097643,16,0.8412604071013161,0.07686868686868686,5000,5.498315979659854,24.73863375370596,0.15868965364587095,0.594,0.9872
thr0,RW,RW,,3,0,4900,4,0.27712812921102037,0.0188395102040817,0.03612824436332547,0.6504952980918245,0.0,0.0,1,98,33.333333333333336,0.046482951803896395,23,0.8619693669304456,0.09122448979591836,0,,,,,0.0
thr0,RW,RW,,3,1,9433,13,1.2661149394900924,0.09156802713876822,0.209352295220944,-0.0028907694799540852,0.36018357864358025,0.34726143421795597,1,38,15.26841968787515,0.09011425413923183,19,0.8517837176224372,0.09275946146506944,4533,1.8970350275883494,6.082762530298219,0.05475127886351555,0.04037061548643282,0.0
thr0,RW,RW,,3,2,9889,18,1.7756448293507348,0.12054674891293371,0.2429949275761981,-0.05909135152703969,0.302421671922849,0.2864455081205213,1,31,13.059484273709483,0.10280489509591202,20,0.8446138577690573,0.10021235716452624,4989,2.188463859780922,7.280109889280518,0.06316235247480717,0.05131288835437964,0.792
thr0,RW,RW,,3,3,9898,24,2.091636067770873,0.13584910082845014,0.25180017201732796,-0.08112071680261114,0.28386404238916296,0.26248529352103533,1,29,12.153105722288915,0.10890046528920343,18,0.846356109749226,0.09345322287330773,4998,2.3576761709124803,8.06225774829855,0.06804607380792442,0.06462585034013606,0.964
thr0,RW,RW,,3,4,9900,31,2.417767565337909,0.14806133333333338,0.25578763710149144,-0.085774098005976,0.2717027677955831,0.24580887687133152,1,27,11.388478271308523,0.11439327053815755,19,0.8471161157024795,0.09616161616161616,5000,2.48548081340976,10.0,0.07173470766004478,0.0798,0.9776
thr0,RW,RW,,3,5,9900,35,2.7882611068549514,0.16005814141414154,0.25800593127065935,-0.10160417451937837,0.269021001247776,0.2350880781325902,1,26,11.124081952781113,0.11697745314924655,20,0.8416735384144474,0.10282828282828282,5000,2.565685736714839,9.433981132056603,0.0740495421561088,0.0968,0.9708
thr0,RW,RW,,3,6,9900,44,3.205620064823653,0.1685050505050505,0.2567155364655235,-0.09531097141309408,0.2632682366690942,0.2197460450137057,1,25,10.441436414565826,0.122856422882387,19,0.8438200795837161,0.09626262626262626,5000,2.6892274752281273,9.433981132056603,0.07761514219946886,0.1204,0.974
thr0,RW,RW,,3,7,9900,51,3.705887208213439,0.17637462626262623,0.2526185930778581,-0.09541722578530144,0.26407574201335804,0.20967610154654215,1,24,10.082414725890356,0.12672399530205233,20,0.8473300428527701,0.09909090909090909,5000,2.7836838918604925,10.0,0.08034129618833935,0.1484,0.9744
thr0,RW,RW,,3,8,9900,60,4.266427076606373,0.18537854545454557,0.2491997823729223,-0.09567487825061789,0.26274348871879133,0.19536275079168539,1,21,9.511709643857543,0.13313539782628137,18,0.8449921589633709,0.09363636363636364,5000,2.904902945381922,10.0,0.08383986005585028,0.1758,0.9772
thr0,RW,RW,,3,9,9900,83,4.852298424458248,0.18961357575757587,0.24460556646739984,-0.09315093725534304,0.2674588318299316,0.18323650435475142,1,20,8.996332933173269,0.1397874932520863,18,0.841677257422712,0.09545454545454546,5000,3.0240673575984505,11.40175425099138,0.08727912389072442,0.2022,0.974
thr0,RW,RW,,3,10,9900,104,5.62088960930563,0.197662787878788,0.23772718544624646,-0.0955675244522888,0.27528270430058543,0.17194285238099646,1,17,8.426524209683874,0.14743208447354836,19,0.8427827415569838,0.09919191919191919,5000,3.166969133826249,11.661903789690601,0.0914034836872256,0.2374,0.9816
thr0,RW,RW,,3,11,9900,131,6.348480133071222,0.2026753535353536,0.2338889910154679,-0.10007173540890518,0.28180202704528107,0.15922682883746753,1,17,8.038036014405762,0.15374109473577946,18,0.8473923681257016,0.088989898989899,5000,3.316690742517062,11.704699910719626,0.09572467408703918,0.2712,0.9788
thr0,RW,RW,,3,12,9900,157,7.032609757408696,0.2072870303030303,0.22934078115067863,-0.09750599248762935,0.28169061347932584,0.1453157369753702,1,16,7.618102280912365,0.16071879045768603,18,0.8428397612488521,0.09292929292929293,5000,3.474305080791228,13.45362404707371,0.10027366051176952,0.2994,0.982
thr0,RW,RW,,3,13,9900,177,7.601631403850097,0.21154278787878789,0.22474036571575298,-0.102976214745025,0.29331335328122415,0.13800012789631871,1,16,7.39279199679872,0.16584766986248378,16,0.8430800122436487,0.0902020202020202,5000,3.6385271709547604,15.132745950421556,0.10501335657606593,0.3296,0.98
thr0,RW,RW,,3,14,9900,180,8.236746930675968,0.21613127272727284,0.21857690676888314,-0.11467048713273907,0.2964842302907163,0.12707337277334602,1,15,7.057774789915967,0.17252636216568998,14,0.8341933170084685,0.08858585858585859,5000,3.8166286574522776,18.439088914585774,0.11015363285532302,0.36,0.984
thr0,RW,RW,,3,15,9900,211,8.863588438098871,0.21873143434343434,0.21383410357873173,-0.11540511123247388,0.29994702624591735,0.1181738567109746,1,15,6.934362224889956,0.1752513044582913,16,0.8383742526272828,0.0898989898989899,5000,4.018433606246307,18.439088914585774,0.11597802664182352,0.3878,0.9816
thr0,RW,RW,,3,16,9900,193,9.500736813531885,0.2221510303030303,0.2051780706117931,-0.1310776687094662,0.30846138618887264,0.11120669688647719,1,14,6.650205682272909,0.18176869608005258,16,0.8364856086113662,0.09282828282828283,5000,4.2426023457175805,20.024984394500787,0.12244787300142262,0.4232,0.9828
thr0,RW,RW,,3,17,9900,196,10.077221839376168,0.22516533333333344,0.20056788972006231,-0.13827736468184942,0.30897763015745827,0.10288775416227501,1,13,6.289826970788315,0.18962130429527785,16,0.8343099377614529,0.09494949494949495,5000,4.473007949106659,21.213203435596427,0.12909772461692448,0.453,0.9824
thr0,RW,RW,,3,18,9900,197,10.778682665335316,0.22746606060606056,0.19326606912558686,-0.14518876255567312,0.3170381810727447,0.09583920124641493,1,13,6.124805762304922,0.19469126652103844,15,0.8300585960616261,0.09545454545454546,5000,4.70572345410592,20.223748416156685,0.13581424346068893,0.4848,0.9836
thr0,RW,RW,,3,19,9900,202,11.316183102088797,0.2306066262626263,0.19010941044627108,-0.15147458959999507,0.3186887000640463,0.09031052857230355,1,13,5.959700040016006,0.19985411463464284,13,0.8341217324762779,0.07838383838383839,5000,4.91961792463633,20.396078054371138,0.14198755899417298,0.5108,0.9836
thr0,RW,RW,,3,20,9900,198,11.98432309310793,0.2335635151515152,0.18476633253243382,-0.15864338453972776,0.32886864308582087,0.08536595199122715,1,11,5.655924449779912,0.20832442575875948,14,0.8334793133353741,0.08131313131313131,5000,5.117222911951831,20.396078054371138,0.14769073558711474,0.5402,0.986
thr0,RW,RW,,3,21,9900,212,12.147921632937875,0.23211292929292937,0.1836048488698232,-0.15681265696971566,0.326423901334414,0.08354646543306993,1,12,5.831764065626251,0.20359159602657798,14,0.8323552698704214,0.08343434343434343,5000,5.243064669338902,23.769728648009426,0.1513227176281282,0.5446,0.9844
thr0,RW,RW,,3,22,9900,213,12.684510238870084,0.2341546262626264,0.17949111273931287,-0.1680158173182122,0.3267477611830207,0.07706144368743718,1,11,5.5479308523409365,0.21150272426430894,13,0.8356254055708601,0.07646464646464647,5000,5.456291109033142,23.769728648009426,0.15747675278878376,0.5746,0.9868
thr0,RW,RW,,3,23,9900,218,13.185021805063501,0.23433183838383842,0.17490420699795717,-0.17061393379031367,0.33604430114481015,0.07560511381527846,1,13,5.697079471788715,0.20878854429550708,14,0.8403004438322622,0.07505050505050505,5000,5.5908157261803755,24.020824298928627,0.16135933519781775,0.5966,0.9872
thr0,RW,RW,,3,24,9900,236,13.836849352363421,0.23887826262626266,0.1691130680103098,-0.18286199764616326,0.33619333418542846,0.06943745106893068,1,11,5.355739735894358,0.21908500442601286,14,0.8365147127844096,0.07888888888888888,5000,5.905545549613334,24.020824298928627,0.1704429103974541,0.628,0.9872
thr0,RW,RW,,3,25,9900,222,14.159406767234282,0.23806048484848485,0.16628404091410517,-0.18158875490537904,0.3419080371826848,0.06873924774143814,1,12,5.248178631452581,0.2233385567329385,14,0.8356934853586369,0.07525252525252525,5000,6.032347991735014,24.041630560342615,0.17410261924215834,0.6418,0.9896
thr0,RW,RW,,3,26,9900,240,14.810590805231234,0.24125458585858595,0.16087386062748915,-0.1893611558447304,0.3500358785404314,0.06545374963524948,1,11,5.200307643057223,0.2249341397626872,14,0.8367302316090196,0.07171717171717172,5000,6.23007805078821,24.041630560342615,0.17980940559321676,0.6708,0.9872
thr0,RW,RW,,3,27,9900,227,14.714863234158855,0.23946331313131308,0.1607427905481805,-0.18901237810326535,0.3482750464407864,0.06519797032140509,1,11,5.1991081232492995,0.22464136801618195,14,0.8371318947046221,0.0706060606060606,5000,6.242094343539442,26.30589287593181,0.18015621384175223,0.6682,0.9884
thr0,RW,RW,,3,28,9900,237,15.08392521858949,0.24137741414141423,0.1580366535226002,-0.194536980755605,0.3544982860158179,0.06392492221901086,1,11,5.137248179271709,0.22648244887565414,14,0.835721533516988,0.07262626262626262,5000,6.377433975571531,29.154759474226502,0.18406231880392293,0.686,0.9884
thr0,RW,RW,,3,29,9900,231,14.968152858652934,0.24035337373737375,0.16122337755567032,-0.19268020174507236,0.3474444988217391,0.06340567756372556,1,11,5.156960704281713,0.22580674734540282,13,0.83573649117437,0.0701010101010101,5000,6.3347133188957745,26.30589287593181,0.1828293365168956,0.6814,0.9896
thr0,RW,RW,,3,30,9900,243,15.299542476819363,0.24269333333333343,0.15709333206387024,-0.1971831846764247,0.3525527567488507,0.06187708216215318,1,10,4.937510044017607,0.23363801368166315,14,0.8370557902254874,0.06898989898989899,5000,6.506460829547621,28.178005607210743,0.18778622751419477,0.6974,0.9856
thr0,RW,RW,,4,0,4900,4,0.27712812921102037,0.0188395102040817,0.03612824436332547,0.6504952980918245,0.0,0.0,1,98,33.333333333333336,0.046482951803896395,20,0.8645176384839652,0.08183673469387755,0,,,,,0.0
thr0,RW,RW,,4,1,9467,14,1.3006856038259207,0.09344713214323441,0.2125816763032856,0.003899852039061522,0.36231874569874845,0.34966665112592665,1,39,15.525876590636255,0.08911859352547022,21,0.8508591646605189,0.09876412802366114,4567,1.8907644543261655,6.324555320336759,0.05457030070532709,0.0418217648346836,0.0
thr0,RW,RW,,4,2,9891,18,1.7596579667651324,0.12003109897886977,0.24336896077855755,-0.04851263964468705,0.3021773809850276,0.2849885805246038,1,31,13.185534693877552,0.10196787139614238,18,0.8454782342373648,0.09341825902335456,4991,2.190907473722272,8.06225774829855,0.06323287884168596,0.05049088359046283,0.8096
thr0,RW,RW,,4,3,9898,25,2.093547572901079,0.13693877551020406,0.2533786923810112,-0.06397809553905333,0.28449524036953744,0.2633422123666455,1,30,12.541488595438175,0.10627861346503799,17,0.8447409587083055,0.09173570418266316,4998,2.3475614754107497,8.246211251235321,0.06775414851082602,0.06402561024409764,0.9584
thr0,RW,RW,,4,4,9900,33,2.435405510382203,0.15055850505050516,0.2585556435432644,-0.09420652894784828,0.2723457450277995,0.2454229340639077,1,28,11.816074589835935,0.11127980709881075,19,0.851081935516784,0.09323232323232324,5000,2.4883099621463787,8.602325267042627,0.07181636113990798,0.0794,0.9692
thr0,RW,RW,,4,5,9900,44,2.8039971469315015,0.16094509090909104,0.2596053605906416,-0.09392484686977295,0.26596522946803425,0.23246017156862747,1,27,11.264953341336534,0.11579294719530583,20,0.8471974084277115,0.09818181818181818,5000,2.605241000762282,10.816653826391969,0.07519116645976477,0.0966,0.9724
thr0,RW,RW,,4,6,9900,54,3.3870341008026474,0.1739683636363636,0.25702274282181786,-0.10261908477442655,0.26677887712878484,0.21990874855156434,1,25,10.812344137655062,0.1198593580694388,20,0.8484523109886745,0.09858585858585858,5000,2.7271706599801666,9.219544457292887,0.07871023947448849,0.1248,0.9724
thr0,RW,RW,,4,7,9900,63,3.927136361268857,0.18342933333333344,0.25446213905320114,-0.1035839824595609,0.26605963679610606,0.20576173877383638,1,22,10.118306522609043,0.12651975078226757,21,0.8479450515253547,0.1006060606060606,5000,2.864019509732573,9.219544457292887,0.08265990272581523,0.1528,0.972
thr0,RW,RW,,4,8,9900,68,4.438197832454069,0.19053979797979803,0.24926744305812978,-0.10597022120759354,0.26418738068025566,0.1923118221840438,1,23,9.917473549419768,0.12955714147870673,18,0.8528319253137436,0.08616161616161616,5000,2.990248964630063,11.40175425099138,0.08630307429901919,0.1786,0.9788
thr0,RW,RW,,4,9,9900,88,5.24739935587144,0.19855571717171716,0.240589341621627,-0.11455945772062695,0.27627306651187106,0.18065230697484624,1,20,9.238196718687474,0.13669039263027824,18,0.8524723395571883,0.08525252525252525,5000,3.1276286524568087,11.40175425099138,0.0902680583341042,0.219,0.98
thr0,RW,RW,,4,10,9900,96,5.817284589909625,0.2037183838383838,0.23493773426847303,-0.11861065901526871,0.27998012963830204,0.16926422943984695,1,19,8.633486354541816,0.144357495031908,17,0.8475009998979697,0.08696969696969697,5000,3.2884829573311465,12.206555615733702,0.09491055505898961,0.2454,0.9748
thr0,RW,RW,,4,11,9900,114,6.544004889973723,0.20949806060606058,0.2285007134340734,-0.11870228046380339,0.2935933780391832,0.159982956128419,1,18,8.314820648259303,0.14990998442839557,18,0.8500251147842056,0.0890909090909091,5000,3.391606891498945,13.416407864998739,0.09788686661624207,0.2828,0.9776
thr0,RW,RW,,4,12,9900,109,6.934378126407587,0.21143470707070722,0.2233230494493262,-0.12794796718734075,0.2958755316716841,0.15238502507483576,1,16,7.715098839535814,0.1585338454036293,18,0.8485028160391795,0.09080808080808081,5000,3.544174319840991,14.560219778561036,0.10229019164354222,0.3004,0.9772
thr0,RW,RW,,4,13,9900,119,7.43731134214509,0.21379814141414144,0.219882157272495,-0.13261164601859604,0.29519357980439126,0.1417944061024337,1,16,7.6223958383353345,0.16043537743835465,17,0.850008606264667,0.08696969696969697,5000,3.681219741690182,17.72004514666935,0.10624552826069054,0.3248,0.9824
thr0,RW,RW,,4,14,9900,125,7.98037593099473,0.2182494141414142,0.21493274086750935,-0.13356967089801886,0.3038382313214202,0.13457020173377623,1,16,7.360129651860745,0.16619951457639331,18,0.8500121263136415,0.08808080808080808,5000,3.8356491979385567,18.110770276274835,0.1107025942087794,0.352,0.9808
thr0,RW,RW,,4,15,9900,146,8.461063762908303,0.2209282828282828,0.20920691336132882,-0.14058595244751454,0.3065386209675463,0.12706731225671697,1,15,7.039308523409364,0.17174314439550933,19,0.8481964136312622,0.09242424242424242,5000,4.012777832206746,19.0,0.11581479251218138,0.3718,0.98
thr0,RW,RW,,4,16,9900,145,8.859435647940561,0.2218849696969698,0.20540938140101314,-0.14316815210501965,0.30667853269060236,0.1197155203456968,1,14,6.80661512605042,0.17713008862819185,17,0.8446844862769108,0.09161616161616161,5000,4.146725031949359,17.11724276862369,0.11968070978805691,0.395,0.9808
thr0,RW,RW,,4,17,9900,143,9.154190297344709,0.22324298989899005,0.2006991051100276,-0.14263743964071085,0.3176479577761288,0.11933716963816758,1,13,6.593347098839536,0.1821061506249741,16,0.8374481940618307,0.09323232323232324,5000,4.2394905612267815,19.026297590440446,0.12235806222938037,0.4052,0.9844
thr0,RW,RW,,4,18,9900,154,9.68396612963924,0.2260775757575757,0.1978626615463619,-0.1491785442947114,0.31418124353465127,0.10846273124717334,1,13,6.300839055622249,0.1885416211763871,17,0.8457380420365269,0.09222222222222222,5000,4.369227114663038,21.02379604162864,0.12610245393152517,0.4324,0.9856
thr0,RW,RW,,4,19,9900,159,9.734639181808435,0.22668242424242435,0.19623852676384218,-0.15187773729836412,0.3178166049453666,0.1109904686513837,1,13,6.314034413765506,0.18849729442315272,16,0.8418433425160698,0.08888888888888889,5000,4.447036301450461,21.02379604162864,0.1283481438750353,0.433,0.988
thr0,RW,RW,,4,20,9900,160,10.142031354713907,0.22856917171717184,0.19310257250725718,-0.15447578122035324,0.32022886426017644,0.10510746686691969,1,13,6.129087795118047,0.19368318153768338,16,0.8414701561065197,0.08454545454545455,5000,4.615611970554971,23.08679276123039,0.1332134907634785,0.452,0.9812
thr0,RW,RW,,4,21,9900,182,10.563787199674177,0.23059773737373734,0.1885725337526843,-0.15733131756704974,0.32568201929641233,0.10158173076923077,1,13,6.158703801520608,0.1931884404893048,14,0.8407037598204264,0.0811111111111111,5000,4.754174896571409,23.08679276123039,0.13721262482908148,0.4698,0.9852
thr0,RW,RW,,4,22,9900,199,10.829552160638961,0.23223329292929296,0.18674114610602432,-0.16520248958985898,0.3194394514251827,0.09510150762178822,1,13,5.990496358543417,0.19793984284001093,15,0.8421014641363127,0.08444444444444445,5000,4.946092275151433,23.08679276123039,0.1427516484952644,0.4878,0.9844
thr0,RW,RW,,4,23,9900,232,11.490900747983162,0.23454913131313138,0.18146884962334633,-0.16209173553019715,0.32516921788112757,0.08923227107497464,1,12,5.828983753501401,0.20298807602694757,15,0.8395235792266095,0.08595959595959596,5000,5.19789907855016,23.769728648009426,0.15001917087208672,0.5136,0.9896
thr0,RW,RW,,4,24,9900,247,11.905225743344811,0.23661963636363637,0.17866740841322382,-0.16705414926957818,0.3289472307901325,0.08536853416695159,1,11,5.5723159663865545,0.20948768993311612,14,0.8383589225589229,0.08505050505050506,5000,5.367365935239065,24.331050121192877,0.15491023877213136,0.5366,0.9836
thr0,RW,RW,,4,25,9900,295,12.322304979183075,0.23696800000000007,0.17666037790001357,-0.15506989102584778,0.33270876964265433,0.08182124371387535,1,12,5.678707963185274,0.20805169305817567,14,0.8384969390878481,0.08272727272727273,5000,5.507044534403492,24.041630560342615,0.1589415728397152,0.5462,0.9856
thr0,RW,RW,,4,26,9900,283,12.471407298296372,0.23600844444444458,0.17367176307257035,-0.16477246847980603,0.3355230483056193,0.0813188401387452,1,12,5.76766162464986,0.20540732216696203,17,0.8312786093255792,0.09404040404040404,5000,5.593930992736041,24.351591323771842,0.1614492464674796,0.5604,0.9844
thr0,RW,RW,,4,27,9900,321,12.91792553005319,0.23860876767676764,0.17212477124863523,-0.1596401444005715,0.332282374531314,0.0760666765307706,1,12,5.712460024009604,0.20754906202596474,16,0.8356327211509031,0.08757575757575757,5000,5.786064157352226,24.758836806279895,0.16699449804261982,0.5744,0.9876
thr0,RW,RW,,4,28,9900,335,13.272045810650294,0.2388140606060607,0.1683334095839652,-0.15745420655750433,0.3317654838798518,0.07281462596815984,1,12,5.557326610644258,0.21300884468072945,14,0.8288256555453525,0.08636363636363636,5000,5.971862431790365,25.495097567963924,0.17235691517682256,0.5888,0.9868
thr0,RW,RW,,4,29,9900,342,13.613610836218289,0.2402108686868687,0.16623241955191825,-0.15839537359149394,0.34154253121430067,0.07282848776197567,1,11,5.416997839135655,0.21703802670851893,13,0.830652336496276,0.08303030303030302,5000,6.049018460107026,28.178005607210743,0.17458375398629733,0.6016,0.9876
thr0,RW,RW,,4,30,9900,353,13.986965360649178,0.2398933333333333,0.16195362765690827,-0.15876708026382896,0.3396830460672103,0.06821230977601164,1,12,5.3708635454181675,0.21926152490433404,14,0.8331852719110295,0.0797979797979798,5000,6.216023112613386,28.178005607210743,0.17940375897719327,0.6164,0.9904
thr0,RW,RW,,5,0,4900,4,0.27712812921102037,0.0188395102040817,0.03612824436332547,0.6504952980918245,0.0,0.0,1,98,33.333333333333336,0.046482951803896395,20,0.8622157642648896,0.08408163265306122,0,,,,,0.0
thr0,RW,RW,,5,1,9452,13,1.2877132600078327,0.09330038087177317,0.21111421155427418,0.019007261876980572,0.36121116439116663,0.34758866022810603,1,40,15.340738215286114,0.08991235818036002,18,0.8503034699769993,0.09130342784595853,4552,1.8946047999293938,7.615773105863909,0.054681138844843116,0.03976274165202109,0.0
thr0,RW,RW,,5,2,9885,16,1.757366211123908,0.12008137582195255,0.24233990058319915,-0.058619732076801635,0.30881183039183085,0.2905774401907244,1,33,13.169063465386154,0.10204879816535158,17,0.8483954039998168,0.0911482043500253,4985,2.1749311542208245,9.433981132056603,0.06277177827605836,0.05015045135406219,0.8
thr0,RW,RW,,5,3,9900,20,2.0974269951538242,0.13650024242424252,0.25287909318735036,-0.08411085280216218,0.28346547768708735,0.2606510194981556,1,29,12.199161264505802,0.10842884627917884,17,0.8449179063360882,0.09414141414141414,5000,2.357346871054671,8.94427190999916,0.06803656971965907,0.0658,0.966
thr0,RW,RW,,5,4,9900,28,2.417602117801852,0.14987955555555565,0.2574329613263847,-0.08379940531439573,0.2758474886459719,0.24818635080591975,1,27,11.628636414565827,0.11268682856794952,18,0.8459795939189879,0.09525252525252526,5000,2.4704962839657374,10.295630140987,0.07130223164442201,0.0794,0.9772
thr0,RW,RW,,5,5,9900,37,2.6902787959614893,0.15699333333333332,0.2581708587482568,-0.08273183147034167,0.2637254735814398,0.2308168396621752,1,25,11.00387931172469,0.1177052953988845,18,0.844560264258749,0.09686868686868687,5000,2.5899192786410685,10.295630140987,0.07474895855726003,0.0932,0.9728
thr0,RW,RW,,5,6,9900,42,3.043024810940588,0.16431418181818191,0.2550497473947723,-0.09666433299195025,0.26470852362520014,0.22375535382041134,1,25,10.69153805522209,0.12069999040338787,18,0.8462289358228753,0.09383838383838383,5000,2.6857399584991954,10.295630140987,0.07751448723095745,0.1104,0.9724
thr0,RW,RW,,5,7,9900,53,3.621160035126865,0.1765532121212121,0.254011700886646,-0.09113159834065923,0.26271279495802,0.21113322889551114,1,23,10.222355822328932,0.12550399930273073,19,0.8441129425568822,0.09696969696969697,5000,2.811819484274261,10.0,0.0811533316246037,0.1372,0.9784
thr0,RW,RW,,5,8,9900,73,4.251399769487692,0.1845045656565658,0.251419388229503,-0.0897681768874697,0.259705251861347,0.19310435670299997,1,21,9.800921008403362,0.13017854474416413,18,0.844686812570146,0.09515151515151515,5000,2.9316747600136375,10.198039027185569,0.08461253481792193,0.1688,0.974
thr0,RW,RW,,5,9,9900,89,4.804331379078675,0.18904290909090915,0.24747631588383412,-0.08862704515358978,0.27026695300597725,0.1870686113393591,1,20,9.455258263305321,0.13429445038070895,20,0.849294995408632,0.09656565656565656,5000,3.0099644050941863,13.0,0.08687209150907066,0.197,0.976
thr0,RW,RW,,5,10,9900,115,5.607922966660651,0.1958650101010102,0.2423455657275467,-0.08628145268012381,0.2729427407957815,0.16889416522134318,1,19,8.845592316926771,0.14231291645374633,18,0.8431216610549945,0.09676767676767677,5000,3.1747330962702,13.0,0.0916275632991846,0.2326,0.9776
thr0,RW,RW,,5,11,9900,123,6.190508864382637,0.20190214141414153,0.2367296989067818,-0.0934388636587082,0.27910052407238256,0.15964986126740602,1,18,8.374997038815525,0.14893709549563233,18,0.844258208346087,0.09838383838383838,5000,3.3369986063630117,14.7648230602334,0.09631078952527934,0.2636,0.9836
thr0,RW,RW,,5,12,9900,144,6.931724172238823,0.20551066666666662,0.23208430876546665,-0.09101151431797495,0.28101171465681857,0.14569608537050144,1,17,8.077220968387355,0.15495171427361173,17,0.8420370880522395,0.09484848484848485,5000,3.528369352973934,15.0,0.10183403657219019,0.2996,0.9812
thr0,RW,RW,,5,13,9900,164,7.643350050861206,0.2100484444444446,0.22438046732625547,-0.10346945859492455,0.28573866438389545,0.13451184874305822,1,16,7.736464505802321,0.16066430706193013,17,0.8387964799510255,0.09414141414141414,5000,3.7227892046752205,14.7648230602334,0.10744528536954784,0.3368,0.9764
thr0,RW,RW,,5,14,9900,182,8.391805526821983,0.2135837171717172,0.21922125077400728,-0.11017132070869198,0.29387792942065616,0.12438033423621403,1,16,7.618904201680672,0.16382415024973246,18,0.8433984593408836,0.09090909090909091,5000,3.867021553006387,15.620499351813308,0.11160804747450409,0.3706,0.9776
thr0,RW,RW,,5,15,9900,194,9.190603897459622,0.21918658585858597,0.213324594833579,-0.11746575832602058,0.3019497651637408,0.1140603818670588,1,14,7.002911884753901,0.17495656846732477,15,0.8370902356902357,0.0890909090909091,5000,4.115274092182052,16.64331697709324,0.11877298844992823,0.4096,0.982
thr0,RW,RW,,5,16,9900,218,9.91818531788956,0.22263729292929302,0.2079662395934265,-0.1258757166318451,0.3024750992086875,0.10315922515681225,1,13,6.580910444177671,0.1837725513497662,16,0.8347833945515765,0.0892929292929293,5000,4.345794748706015,18.110770276274835,0.12542616067162904,0.4456,0.9828
thr0,RW,RW,,5,17,9900,231,10.428230914205919,0.2224651313131314,0.2015101052464151,-0.12798809243323953,0.30949203573279194,0.09890287268333961,1,13,6.574170788315326,0.18518839825596128,16,0.8343212529333742,0.0893939393939394,5000,4.54432983614564,18.027756377319946,0.13115618135048712,0.4688,0.9836
thr0,RW,RW,,5,18,9900,221,10.862854136920001,0.22374351515151525,0.19991893678554035,-0.1347106166210942,0.31487944119159145,0.09391231887412621,1,13,6.598472028811525,0.18646830959800942,16,0.8274241097847157,0.0898989898989899,5000,4.662868417594287,19.026297590440446,0.1345773827698574,0.4934,0.9852
thr0,RW,RW,,5,19,9900,261,11.656997898258368,0.22577862626262624,0.1928724187308424,-0.13824754746574228,0.32720166839473513,0.08879239821282486,1,13,6.414998319327731,0.1913815325290956,15,0.8340384858687888,0.0798989898989899,5000,4.884066106121852,26.92582403567252,0.14096148013886275,0.529,0.9872
thr0,RW,RW,,5,20,9900,270,12.230094030709658,0.22971709090909087,0.1873509017303693,-0.14587717508895445,0.3227003648170201,0.08083702251083268,1,12,5.865591356542617,0.20367158655670056,16,0.832323283338435,0.08404040404040404,5000,5.138793813663564,19.235384061671343,0.14831330419432592,0.5588,0.9872
thr0,RW,RW,,5,21,9900,246,12.70077163010185,0.23268670707070704,0.18436558704276257,-0.15672540490983025,0.3275585956962396,0.07779155638638509,1,12,5.886889155662265,0.20471119024233073,13,0.8330134067952248,0.07434343434343435,5000,5.3592363291395,21.840329667841555,0.15467560613534043,0.586,0.9876
thr0,RW,RW,,5,22,9900,260,13.296766524234378,0.2343002424242424,0.17868601552949684,-0.1609170475050687,0.32762320272328777,0.07250451620479909,1,12,5.688985994397759,0.2111587350207038,14,0.8325849964289357,0.07414141414141415,5000,5.581363382398864,23.08679276123039,0.1610865263657356,0.6114,0.9852
thr0,RW,RW,,5,23,9900,270,13.73951964225824,0.23612985858585867,0.17508337390123918,-0.16983857719430595,0.3326403372926286,0.06983801678950065,1,12,5.697102521008404,0.20976463497375866,13,0.8285122691562083,0.06515151515151515,5000,5.751551713115327,21.840329667841555,0.16599841708934496,0.6348,0.9848
thr0,RW,RW,,5,24,9900,268,14.25793813985739,0.23792650505050505,0.17342442264057945,-0.17571763695211318,0.32921853910181975,0.06489698374863229,1,11,5.626915406162465,0.2122602540236874,13,0.830252601775329,0.0695959595959596,5000,5.9860512022021855,23.40939982143925,0.1727664243921245,0.6544,0.9896
thr0,RW,RW,,5,25,9900,270,14.801486411843912,0.23900092929292938,0.16867580484523192,-0.18095139861114856,0.3393330973987724,0.06312598031913495,1,12,5.579908123249299,0.21450007202881152,14,0.8296497296194264,0.07676767676767676,5000,6.124944626881749,23.40939982143925,0.176775097145314,0.6774,0.9856
thr0,RW,RW,,5,26,9900,288,15.251045865775895,0.23997543434343438,0.16449625787741726,-0.18495519306732675,0.3462529752209038,0.06139440112901565,1,12,5.516331972789116,0.2172215179751554,12,0.8277765891235589,0.07202020202020203,5000,6.318366036449805,25.709920264364882,0.18235752940377248,0.6974,0.9872
thr0,RW,RW,,5,27,9900,291,15.790858114744747,0.24157268686868694,0.1603781192098863,-0.19055658045707607,0.3498357670794112,0.058880001683337846,1,11,5.431015606242497,0.22012419584861362,13,0.8283000510152024,0.06676767676767677,5000,6.466713013623815,23.853720883753127,0.18663904587431404,0.72,0.986
thr0,RW,RW,,5,28,9900,292,15.983191170726828,0.241106101010101,0.15944002096853188,-0.19314280416674084,0.345629220290038,0.056103610804566884,1,11,5.146063545418167,0.2288979650388294,12,0.8261319049076625,0.0697979797979798,5000,6.626882577344336,23.345235059857504,0.19126177994151694,0.7286,0.9896
thr0,RW,RW,,5,29,9900,293,16.267193980524116,0.24258876767676774,0.15780500038912557,-0.19472414428734466,0.36009383551047647,0.05830421879108907,1,11,5.202498599439776,0.2273094068449891,12,0.8289268033874093,0.06575757575757575,5000,6.681233573940846,31.016124838541646,0.1928304312989716,0.7386,0.9892
thr0,RW,RW,,5,30,9900,318,16.42276468807856,0.24203252525252528,0.1551641947506997,-0.19701030722654728,0.34882817638762015,0.054143801677341105,1,11,5.127528131252501,0.23084436516309262,11,0.8311732680338743,0.06111111111111111,5000,6.750296133285521,25.495097567963924,0.1948236804434091,0.7456,0.9888
thr0,RWD,RWD,,1,0,4900,4,0.27712812921102037,0.0188395102040817,0.03612824436332547,0.6504952980918245,0.0,0.0,1,98,33.333333333333336,0.046482951803896395,22,0.862310537276135,0.08755102040816326,0,,,,,0.0
thr0,RWD,RWD,,1,1,9468,13,1.365161030794536,0.09888508660752016,0.21950947594670356,0.014900933248571528,0.3640866910866946,0.348937685827552,1,38,15.309742456982793,0.08993430980378503,19,0.849293604820828,0.09516265314744402,4568,1.8841780083353155,6.708203932499369,0.054380205985978154,0.04203152364273205,0.0
thr0,RWD,RWD,,1,2,9885,26,2.3072789168195507,0.14886810318664656,0.2618907425798827,-0.06205283787982239,0.30614299643115733,0.2790232185748599,1,31,12.743500600240097,0.10503300772675808,18,0.8482117031752867,0.09246332827516439,4985,2.215894775950773,7.0710678118654755,0.06395404989676069,0.07061183550651956,0.8132
thr0,RWD,RWD,,1,3,9899,61,4.130650234527247,0.19639240327305796,0.2551083080294761,-0.10942383993072995,0.3025670790368747,0.2322953429598869,1,25,10.597907643057223,0.12247541586264646,18,0.8463367934105983,0.09202949792908374,4999,2.5643318072659795,8.54400374531753,0.07401046571959709,0.15223044608921785,0.9704
thr0,RWD,RWD,,1,4,9900,132,7.531746145483131,0.23423717171717184,0.2067048301544414,-0.13604923136005034,0.3239269587242266,0.1566738633021798,1,18,8.157145098039216,0.15371740849880527,19,0.8439082848688907,0.09868686868686868,5000,3.3249236801454187,14.866068747318506,0.09596228902687987,0.3018,0.986
thr0,RWD,RWD,,1,5,9900,223,11.694750959297936,0.2522730909090909,0.13870389534412808,-0.16629847769696,0.3446342065857295,0.09499847578163172,1,14,6.383537735094038,0.19146528683357014,17,0.835120380573411,0.08666666666666667,5000,4.692268387014148,21.0,0.13542591002469254,0.4898,0.99
thr0,RWD,RWD,,1,6,9900,400,16.935548411551366,0.2577158787878788,0.08972581502617168,-0.17763407217701563,0.36697352948470147,0.056259132976132484,1,11,5.210377591036415,0.23113144040877534,11,0.8094162381389652,0.0707070707070707,5000,6.528986724981861,26.1725046566048,0.18843635867394376,0.7002,0.9948
thr0,RWD,RWD,,1,7,9900,577,22.288221104430924,0.2595017373737374,0.0696395023666792,-0.20073083483042228,0.3803884937397943,0.03556240789946973,1,8,4.225627210884354,0.274285219992759,10,0.7763700591776347,0.08515151515151514,5000,8.835581281599813,34.0147027033899,0.2550081404058838,0.8806,0.9948
thr0,RWD,RWD,,1,8,9900,824,27.781274268830796,0.26043042424242424,0.0560886398938073,-0.2058269244706267,0.3933540110706933,0.02463278738977815,1,7,3.8691374149659863,0.30002343642218793,8,0.7066084787266605,0.0802020202020202,5000,11.434126287886203,34.539832078341085,0.33000605041255915,0.9748,0.9892
thr0,RWD,RWD,,1,9,9900,963,32.565969968665144,0.2608185454545455,0.05157036076780428,-0.23542455997485215,0.40497152460300506,0.01783621410629572,1,6,3.645174549819928,0.32190219554488464,5,0.6589687888990919,0.12434343434343434,5000,13.243680666606146,34.539832078341085,0.3822325064174033,0.9988,0.9524
thr0,RWD,RWD,,1,10,9900,1100,35.936388243673015,0.2610834343434343,0.050996452921095774,-0.23876187931161885,0.42634914198024,0.016039453573474496,1,6,3.3529181272509003,0.3450334213685475,8,0.6134516324864812,0.17363636363636364,5000,14.883707586827724,34.539832078341085,0.4295661454630019,0.9972,0.9236
thr0,RWD,RWD,,1,11,9900,1115,37.22685052485639,0.26095531313131315,0.050454155819319356,-0.24456395257798766,0.4225844829515368,0.014726739026857973,1,5,3.3532699479791916,0.3472864559156996,7,0.599242357922661,0.11393939393939394,5000,15.510549885263222,34.539832078341085,0.44765775525721835,0.997,0.8944
thr0,RWD,RWD,,1,12,9900,1110,37.21938204753002,0.26070012121212116,0.05716939616633695,-0.24396911951246514,0.4216775719112291,0.014889081839953203,1,5,3.382690356142457,0.34581295985060695,8,0.5961802061014183,0.1618181818181818,5000,15.861754830173147,34.539832078341085,0.4577940572217921,0.9902,0.8764
thr0,RWD,RWD,,1,13,9900,1111,37.75879235356978,0.2611337777777778,0.05404766185289256,-0.2513469505428334,0.4292814027598291,0.014553679594264984,1,5,3.4051335734293717,0.3452407309590503,7,0.6036468880726457,0.1686868686868687,5000,15.795081689268525,34.539832078341085,0.45586977028070375,0.9942,0.87
thr0,RWD,RWD,,1,14,9900,1101,37.61098775623953,0.2609171313131313,0.05588624621087391,-0.25344512538395003,0.43610587123379246,0.015095214839762384,1,5,3.4221525410164064,0.3443039349072962,8,0.595969921436588,0.1606060606060606,5000,15.950135921131405,34.539832078341085,0.4603448681909859,0.9916,0.868
thr0,RWD,RWD,,1,15,9900,1122,38.02372943307902,0.26079604040404036,0.050688907896647324,-0.2548985472593548,0.4346455618639423,0.014493302192227909,1,5,3.336804481792717,0.3488409390422836,7,0.5940921130496888,0.177979797979798,5000,15.787505312296679,34.539832078341085,0.4556511046670867,0.9958,0.8652
thr0,RWD,RWD,,1,16,9900,1106,37.67947982655811,0.26074529292929305,0.054629316883669704,-0.2548513277822569,0.43355420940268385,0.01490407647189352,1,5,3.319120288115246,0.349589622515673,8,0.5906976737067645,0.17020202020202022,5000,15.95803938575752,34.539832078341085,0.460572974045353,0.9922,0.864
thr0,RWD,RWD,,1,17,9900,1145,37.92221512517432,0.26079224242424237,0.05087573961589681,-0.2558730916268674,0.4165368189913199,0.013610013471759143,1,5,3.3158716286514607,0.3499090782979859,7,0.6002605142332417,0.1621212121212121,5000,15.790124852643576,34.539832078341085,0.4557267085341431,0.9958,0.8664
thr0,RWD,RWD,,1,18,9900,1142,37.91491527090625,0.26098226262626256,0.050708968652992,-0.2560525155355303,0.4395035203623258,0.014928965591921237,1,5,3.4162026410564224,0.34491602507669733,8,0.5994964034282215,0.16111111111111112,5000,15.93845496462559,34.539832078341085,0.4600077382499244,0.9964,0.864
thr0,RWD,RWD,,1,19,9900,1143,37.80134389145444,0.2607902626262626,0.050666213526327365,-0.25619204173471255,0.4293405898289259,0.014480086915028698,1,5,3.373821528611445,0.3469953794851274,9,0.5871681869197019,0.19373737373737374,5000,15.893392903869605,34.539832078341085,0.45870717952605516,0.9962,0.8632
thr0,RWD,RWD,,1,20,9900,1163,37.74070481588811,0.2607509494949496,0.053601478724244124,-0.2533269274502475,0.4359188631686153,0.014990597411840934,1,5,3.3333122048819526,0.34897566493263976,9,0.5930631568207326,0.1191919191919192,5000,15.839493753058703,34.539832078341085,0.45715156911631694,0.9932,0.8668
thr0,RWD,RWD,,1,21,9900,1183,37.9177636471351,0.2609814949494951,0.050513488297904814,-0.25410974924483065,0.4296712831949648,0.014428333754979353,1,5,3.292256102440976,0.3511757716419901,9,0.596734715845322,0.11777777777777777,5000,15.902311896254794,34.539832078341085,0.45896459503613346,0.9968,0.8652
thr0,RWD,RWD,,1,22,9900,1176,37.70192568026201,0.26064816161616156,0.05494803159623888,-0.25177730479737903,0.43243274519235936,0.01491463185971727,1,5,3.2936105642256903,0.35089648125917033,9,0.6010197990001019,0.17454545454545456,5000,15.902318804765569,34.539832078341085,0.458964794426126,0.9914,0.8668
thr0,RWD,RWD,,1,23,9900,1179,37.78851677427946,0.26115474747474754,0.05154731338423896,-0.25416317132493593,0.4307555348535252,0.014630372279499081,1,5,3.296245218087235,0.3509237401627318,8,0.598708728701153,0.1709090909090909,5000,15.860551552732892,34.539832078341085,0.45775932882841847,0.9966,0.8676
thr0,RWD,RWD,,1,24,9900,1183,37.7536329377717,0.26093171717171715,0.054504930497006165,-0.2510304517949586,0.4301020835779101,0.014659662659666985,1,5,3.257905082032813,0.3527777884487128,8,0.597206269768391,0.18373737373737373,5000,15.893361021072941,34.539832078341085,0.45870625934067866,0.9932,0.8648
thr0,RWD,RWD,,1,25,9900,1195,37.85069616268636,0.26079002020202036,0.05024290911931518,-0.2530361940518258,0.4321231419211565,0.01462929020432925,1,5,3.3212276910764307,0.3497084006936108,7,0.5997376747270686,0.17303030303030303,5000,15.936114710898138,34.539832078341085,0.45994019501399064,0.9964,0.864
thr0,RWD,RWD,,1,26,9900,1193,37.771417765289144,0.26102735353535356,0.05487829639206724,-0.2505376640000695,0.4350793053815007,0.014944450384424723,1,5,3.2748840336134455,0.35193830598906234,10,0.594338807264565,0.1811111111111111,5000,15.922668327468825,34.539832078341085,0.4595521122015293,0.9928,0.8624
thr0,RWD,RWD,,1,27,9900,1196,37.82479609991309,0.2610617777777777,0.051255694166891595,-0.25271928752603967,0.4319846876948189,0.01463243617595328,1,5,3.2839036414565825,0.3515610404161665,8,0.595459937761453,0.11454545454545455,5000,15.920545238657196,34.539832078341085,0.45949083667109,0.9964,0.8656
thr0,RWD,RWD,,1,28,9900,1192,37.66095059873024,0.26092133333333334,0.05532750075078217,-0.2500290736322455,0.4302208310011644,0.014794383966478444,1,5,3.260869467787115,0.35255695344804594,8,0.597798729721457,0.12505050505050505,5000,15.902827114626099,34.539832078341085,0.4589794650118127,0.9922,0.8664
thr0,RWD,RWD,,1,29,9900,1190,37.763718037290765,0.26078755555555566,0.05047507322057047,-0.2532022723944871,0.43878475135745404,0.015044316150504746,1,5,3.2616240096038416,0.35268414565826334,9,0.5976851086623812,0.12313131313131313,5000,15.927172827792928,34.539832078341085,0.4596821188433673,0.996,0.8668
thr0,RWD,RWD,,1,30,9900,1200,37.82288196317145,0.2611425454545455,0.052610791496090256,-0.2522239957645378,0.4111010084624638,0.013371960569196989,1,5,3.286644897959184,0.35144034146992126,7,0.5975809866340168,0.16393939393939394,5000,15.94816153826736,34.539832078341085,0.46028788453744207,0.995,0.8636
thr0,RWD,RWD,,2,0,4900,4,0.27712812921102037,0.0188395102040817,0.03612824436332547,0.6504952980918245,0.0,0.0,1,98,33.333333333333336,0.046482951803896395,20,0.8653470220741358,0.08204081632653061,0,,,,,0.0
thr0,RWD,RWD,,2,1,9413,13,1.3539113117187551,0.09884806119196865,0.2183599482907,0.01491952346223153,0.3698403507603537,0.3553684012421191,1,39,15.496837134853942,0.08898318395015194,19,0.8528216473802838,0.09093806437905025,4513,1.8708039003601922,7.211102550927978,0.05399420915162996,0.04077110569465987,0.0
thr0,RWD,RWD,,2,2,9885,23,2.3587149043494002,0.15211180576631267,0.26197904865580923,-0.0563687177022253,0.31092053260091473,0.28381180223285485,1,31,12.66289075630252,0.10514735674227096,19,0.8425568033395684,0.10075872534142641,4985,2.2121544740681545,7.0710678118654755,0.06384609916921438,0.0700100300902708,0.7864
thr0,RWD,RWD,,2,3,9898,46,4.0223054881498,0.19699668619923227,0.2541236447300862,-0.11296699312540408,0.29899878451462397,0.2318775224910374,1,26,10.59212292917167,0.12212262876541895,20,0.8465420281414786,0.09850474843402708,4998,2.5855609292724653,9.486832980505138,0.07462317005141027,0.14585834333733494,0.9648
thr0,RWD,RWD,,2,4,9900,109,7.262836911290243,0.23489107070707083,0.20563666691012364,-0.15734951958073246,0.3255422782295217,0.16456665972449494,1,19,8.405906042416968,0.14917013796667866,21,0.851525987144169,0.09666666666666666,5000,3.271650462698822,12.649110640673518,0.09442474399373235,0.2974,0.986
thr0,RWD,RWD,,2,5,9900,168,10.898036520401277,0.2513307474747475,0.14038167602751175,-0.19606472436175812,0.35145143542005164,0.10736655804799809,1,14,6.741457543017207,0.18149781313524407,19,0.8518450209162329,0.0904040404040404,5000,4.469390498275015,16.0,0.12899331955514226,0.4674,0.9888
thr0,RWD,RWD,,2,6,9900,254,14.181960372247554,0.25668993939393947,0.0973006228448635,-0.21566524209716123,0.3673170674679849,0.07508486549678355,1,12,5.70823337334934,0.2093708614759035,16,0.8394144730129577,0.08969696969696969,5000,5.986342859358565,20.12461179749811,0.1727748420555146,0.6182,0.9932
thr0,RWD,RWD,,2,7,9900,349,17.577963477035674,0.25855232323232324,0.07209608684217027,-0.2167001622936228,0.36753218313551717,0.05131295094548741,1,9,4.854449299719888,0.24111432052185958,11,0.8195111111111111,0.0692929292929293,5000,7.392581976991324,25.553864678361276,0.2133610141391028,0.7596,0.9952
thr0,RWD,RWD,,2,8,9900,491,21.741057931940663,0.25972226262626275,0.06260751322145434,-0.21809889411081315,0.3733329368299814,0.03623113672556306,1,8,4.172902761104441,0.2765500142914309,9,0.7765394755637179,0.08383838383838384,5000,9.049892703171993,34.20526275297414,0.26119348977239065,0.9024,0.9976
thr0,RWD,RWD,,2,9,9900,681,25.57786543087597,0.2603406464646465,0.05417465912418037,-0.22604514239821583,0.3586738021821645,0.025545756928867687,1,6,3.815367106842737,0.3013591356542617,6,0.7343135445362718,0.0708080808080808,5000,10.858517102342761,34.52535300326414,0.3133931051712925,0.988,0.9952
thr0,RWD,RWD,,2,10,9900,920,31.67409035789347,0.26086812121212133,0.049688978249123446,-0.2445294267538649,0.37628530584799086,0.017840292521821184,1,6,3.5896950780312125,0.32535321328531414,5,0.6543060453014999,0.11040404040404041,5000,13.404628656647665,34.52535300326414,0.3868777070368606,0.9994,0.976
thr0,RWD,RWD,,2,11,9900,1113,36.1341500522705,0.2608408888888889,0.05046042502650668,-0.25955033670475663,0.4225910020796367,0.01572147307662454,1,5,3.5039228491396557,0.3367278964919301,5,0.5995425721865117,0.050101010101010104,5000,15.043888457167593,34.539832078341085,0.43418920585621357,0.9972,0.9508
thr0,RWD,RWD,,2,12,9900,1121,36.8402823007642,0.26106795959595974,0.049363519297168985,-0.27222457674053685,0.4419771955265499,0.01582251945591428,1,5,3.504547739095638,0.33720095504868614,6,0.5987078308335884,0.055353535353535356,5000,15.410116341592758,34.539832078341085,0.44475909240872935,0.9976,0.9416
thr0,RWD,RWD,,2,13,9900,1114,36.814225511342755,0.2610530909090909,0.05077883699940678,-0.2737378386825885,0.4277977439065215,0.015039001666272367,1,5,3.4980478591436577,0.33758343870881685,6,0.5996292113049688,0.0809090909090909,5000,15.337382206022763,34.539832078341085,0.4426598760623912,0.9964,0.9316
thr0,RWD,RWD,,2,14,9900,1101,36.74565552551757,0.26106044444444443,0.049808567410938,-0.27422583307488363,0.44115558181015685,0.015888976446098414,1,5,3.4785187675070026,0.3385663492063492,7,0.6039214569941843,0.08636363636363636,5000,15.445661400892993,34.539832078341085,0.44578497618296914,0.9968,0.9292
thr0,RWD,RWD,,2,15,9900,1090,36.7495414937384,0.26097644444444446,0.04811517115433434,-0.275425658972693,0.4357688063393859,0.015552730764873747,1,5,3.4536278511404563,0.33992141389889285,7,0.5997842465054586,0.08414141414141414,5000,15.334556127514603,34.539832078341085,0.44257831119393054,0.9976,0.9288
thr0,RWD,RWD,,2,16,9900,1089,36.660605559646726,0.2609704646464648,0.048297667178032244,-0.275877941864886,0.4392821254878804,0.015913567452937018,1,5,3.4790703481392558,0.33980218220621583,6,0.601197541067238,0.07737373737373737,5000,15.357440028944682,34.539832078341085,0.4432387749441842,0.9974,0.9296
thr0,RWD,RWD,,2,17,9900,1081,36.72391046716022,0.2611586262626262,0.04854666055671581,-0.27758968294696407,0.4259037797905842,0.015103330929736106,1,5,3.3331377350940374,0.35016843003868214,6,0.5981202071217222,0.0701010101010101,5000,15.494089150563278,34.539832078341085,0.4471826737417227,0.998,0.9292
thr0,RWD,RWD,,2,18,9900,1128,37.825494048326725,0.2609301414141414,0.04611654994972054,-0.28017749109584106,0.4201097109052261,0.0141666415360954,1,5,3.2978477791116445,0.3569025796985461,6,0.5772868482807877,0.10575757575757576,5000,15.925228397962638,34.539832078341085,0.45962599967934525,0.999,0.9148
thr0,RWD,RWD,,2,19,9900,1232,40.09382994925778,0.2611829898989899,0.04629954071173883,-0.2802610376056882,0.42758534636564016,0.013014088248627702,1,5,3.2210112845138057,0.3677508603441377,8,0.549806024895419,0.17616161616161616,5000,16.876937953475675,34.539832078341085,0.4870937662272352,0.999,0.8924
thr0,RWD,RWD,,2,20,9900,1294,41.35568642883346,0.26121652525252537,0.04589129689267886,-0.2817362976712639,0.4278329745847064,0.012110820740273408,1,5,3.1906042416966787,0.37232093904228364,11,0.5379727425772879,0.23464646464646466,5000,17.2292279517693,34.539832078341085,0.49726138446142376,0.9998,0.8744
thr0,RWD,RWD,,2,21,9900,1305,41.60299989183472,0.2613148686868687,0.045774492945991736,-0.28252239063683593,0.4360084260391269,0.012280803935448607,1,5,3.18558431372549,0.3729601760704282,9,0.5365350678502193,0.2175757575757576,5000,17.283781766817615,34.539832078341085,0.49883588946388335,0.9996,0.876
thr0,RWD,RWD,,2,22,9900,1314,41.69974580258254,0.26103563636363636,0.045878173535130094,-0.2816960572420069,0.42901395527192254,0.011952665677710212,1,5,3.183445218087235,0.37326117113512075,9,0.5376865064789306,0.2307070707070707,5000,17.177101205790365,34.539832078341085,0.4957569283159995,0.999,0.8748
thr0,RWD,RWD,,2,23,9900,1300,41.75847698372152,0.26113276767676763,0.0452749655350626,-0.2833349565866291,0.43488735451504706,0.012231003980480567,1,5,3.1808259303721487,0.37364436974789916,9,0.530591511070299,0.26262626262626265,5000,17.260906980150793,34.539832078341085,0.49817568877938107,0.9994,0.8744
thr0,RWD,RWD,,2,24,9900,1261,41.838938801073816,0.2613134949494951,0.0471981554394,-0.28717109092741816,0.42112172965243916,0.01160979496408138,1,5,3.173637775110044,0.3747250900360144,10,0.5268660340781554,0.2682828282828283,5000,17.25764311614259,34.539832078341085,0.49808148876415365,0.9994,0.88
thr0,RWD,RWD,,2,25,9900,1251,42.098940604247986,0.26132395959595955,0.04649691587355083,-0.2877250146303468,0.4319989496784747,0.011943996017354457,1,6,3.1644392156862744,0.37605999733226625,7,0.5307432710947863,0.21161616161616162,5000,17.387135113400518,34.539832078341085,0.5018188222078463,0.999,0.8812
thr0,RWD,RWD,,2,26,9900,1204,42.2886462304009,0.26132686868686883,0.04649691587355083,-0.2901109057821962,0.42311559031270607,0.011471752491405952,1,5,3.157527651060424,0.37712680272108845,10,0.5218948831751863,0.2683838383838384,5000,17.398716694511943,34.539832078341085,0.5021530840258362,0.9992,0.8792
thr0,RWD,RWD,,2,27,9900,1226,42.390140363060844,0.26124028282828293,0.0456479275162066,-0.29180234751386513,0.43288824524034536,0.011830663902261368,1,5,3.154796318527411,0.3776679951980792,10,0.5229830272421182,0.22262626262626262,5000,17.429128221618278,34.539832078341085,0.5030308063541271,0.9996,0.8768
thr0,RWD,RWD,,2,28,9900,1327,42.72423200011909,0.26133696969696985,0.0471981554394,-0.28818672622622793,0.4138557594264301,0.010608848238113392,1,5,3.150135574229692,0.37835643057222884,9,0.5273603560861138,0.23707070707070707,5000,17.442437771061627,34.539832078341085,0.5034149399323283,0.9992,0.8756
thr0,RWD,RWD,,2,29,9900,1391,42.964264220396004,0.2613470303030303,0.045774492945991736,-0.28348721943737915,0.44278024057161003,0.011759244216340798,1,5,3.148408483393357,0.37859887955182076,9,0.5255685338230793,0.2396969696969697,5000,17.368765796888063,34.539832078341085,0.5012886561559394,0.9996,0.8728
thr0,RWD,RWD,,2,30,9900,1457,43.26697585919312,0.2613490101010101,0.04649691587355083,-0.27829144951519813,0.41615447010983453,0.010344410966445745,1,5,3.1471849539815926,0.3787492757102841,10,0.5263226915620853,0.22656565656565655,5000,17.436821519831533,34.539832078341085,0.503252846490302,0.9996,0.87
thr0,RWD,RWD,,3,0,4900,4,0.27712812921102037,0.0188395102040817,0.03612824436332547,0.6504952980918245,0.0,0.0,1,98,33.333333333333336,0.046482951803896395,23,0.8619693669304456,0.09122448979591836,0,,,,,0.0
thr0,RWD,RWD,,3,1,9474,13,1.3352630302678195,0.09708456829216816,0.21715222354376756,0.003030863073181293,0.3669932445332475,0.3532992565055762,1,40,15.355307242897158,0.08968879445552815,21,0.8495427849845953,0.09710787418197171,4574,1.8711493403626993,7.280109889280518,0.054004179068702036,0.03935286401399213,0.0
thr0,RWD,RWD,,3,2,9879,20,2.242193069296219,0.14726024901305812,0.2609575951236809,-0.056979621207857045,0.30491683268915537,0.2805816248439199,1,32,12.789024409763906,0.10458668267038151,20,0.8462710826509421,0.09899787427877316,4979,2.2184587376457627,7.810249675906654,0.06402804968048435,0.06366740309299056,0.8124
thr0,RWD,RWD,,3,3,9899,40,3.739394517833068,0.1933294676229922,0.2574462167171057,-0.1162280673851019,0.2940634349988079,0.23721676825012794,1,25,10.849432893157262,0.11958913531041176,21,0.8498833317017077,0.0988988786746136,4999,2.559340134060563,9.0,0.07386639853702495,0.1314262852570514,0.964
thr0,RWD,RWD,,3,4,9900,78,6.712317036612618,0.23134282828282826,0.21271256529622617,-0.1550111015009699,0.31718549760362924,0.17325578600783484,1,19,8.614533493397358,0.14526720444228178,18,0.8545594990307112,0.08555555555555555,5000,3.1494810101273463,10.295630140987,0.09089875018282874,0.2762,0.9812
thr0,RWD,RWD,,3,5,9900,146,10.524675766977337,0.2502670303030303,0.1499583136659589,-0.1881855420045029,0.35652619280240716,0.11503171972614255,1,15,6.870291156462585,0.17746222831101585,16,0.854680343842465,0.07515151515151515,5000,4.297034171967981,15.811388300841896,0.12401885722403594,0.46,0.9872
thr0,RWD,RWD,,3,6,9900,211,13.706669909208436,0.25621830303030313,0.1021164478994506,-0.21950373700462628,0.3674101225860848,0.07910690326983111,1,12,5.821042336934774,0.2056776227951498,16,0.8486642383430262,0.0801010101010101,5000,5.734132017775928,21.93171219946131,0.165495658530133,0.6086,0.9896
thr0,RWD,RWD,,3,7,9900,298,17.02978567099422,0.2580209292929294,0.07663485608712592,-0.23097490944425922,0.370332304944899,0.05549330085261876,1,10,4.788851540616246,0.24240335397651122,11,0.8195699316396288,0.07242424242424242,5000,7.2503801729405355,27.313000567495326,0.2092568565904794,0.7702,0.996
thr0,RWD,RWD,,3,8,9900,416,21.37433975588486,0.25979555555555556,0.06334736753899903,-0.2533707186898687,0.3771163846580459,0.03725691306563934,1,8,4.230042096838735,0.2727880599858991,10,0.7870892510968269,0.07909090909090909,5000,9.014957929378113,31.016124838541646,0.2601852197540694,0.9372,0.9952
thr0,RWD,RWD,,3,9,9900,679,25.631449432289234,0.26017616161616175,0.0571408373173219,-0.22933147818785773,0.37507322277291905,0.027042154740469494,1,8,3.8080339335734292,0.3009837664589645,6,0.7319826650341803,0.06070707070707071,5000,10.644564212997476,34.23448553724738,0.3072181035831086,0.992,0.9944
thr0,RWD,RWD,,3,10,9900,979,30.274200237165637,0.2607431515151515,0.05314080524036919,-0.21593423811551393,0.3966078751953799,0.020876040940002488,1,7,3.5978689075630252,0.3221443304941024,6,0.6713562799714314,0.13535353535353536,5000,12.179361379209746,34.438350715445125,0.3515146539494185,0.9974,0.9932
thr0,RWD,RWD,,3,11,9900,1130,32.88154497586754,0.2608949494949495,0.05003385965106416,-0.21022824384454533,0.3883717948399044,0.017433765985001442,1,6,2.960260264105642,0.367712914499133,7,0.6480825476992144,0.09777777777777778,5000,13.433192632326909,34.539832078341085,0.38770210625728674,0.9984,0.978
thr0,RWD,RWD,,3,12,9900,1440,39.121308771563356,0.2610793535353535,0.04688457121235297,-0.21954141915974856,0.4147349561122847,0.01308788234177969,1,5,2.6200153661464585,0.4074485260770975,6,0.570625079073564,0.1398989898989899,5000,15.18813219055741,34.539832078341085,0.4383522965510545,0.9998,0.932
thr0,RWD,RWD,,3,13,9900,1897,47.102628376768955,0.2612612525252527,0.04657431046477356,-0.22535827406201797,0.42338089572645066,0.009425968478058152,1,5,2.3403226890756303,0.448578487394958,12,0.4966608254259769,0.33171717171717174,5000,17.48173065947154,34.539832078341085,0.5045489916811878,0.9996,0.8512
thr0,RWD,RWD,,3,14,9900,2041,51.50835272069958,0.2614408484848485,0.04539170248188631,-0.2518366380894878,0.4405391677344315,0.008174254098205677,1,5,2.219284513805522,0.46612739495798317,16,0.47254133761861045,0.4161616161616162,5000,18.795511637044,34.539832078341085,0.5424666830377338,1.0,0.7436
thr0,RWD,RWD,,3,15,9900,2102,54.126370652390875,0.2614837575757576,0.04700427981925695,-0.27001243480627235,0.46196795078966696,0.007728808434488075,1,4,2.160130932372949,0.47440130718954243,15,0.4621792878277727,0.40484848484848485,5000,18.842991107072997,34.539832078341085,0.5438370118224133,0.9994,0.7204
thr0,RWD,RWD,,3,16,9900,2096,55.33502326736657,0.26139911111111114,0.05094413739800096,-0.28212585359954284,0.4708830187749869,0.007564751625015015,1,4,2.1343740696278513,0.4787411764705882,15,0.4521083154780125,0.41404040404040404,5000,19.043585640503107,34.539832078341085,0.5496264712043473,0.9956,0.7088
thr0,RWD,RWD,,3,17,9900,2029,55.39977617283304,0.26139349494949493,0.052009303269720183,-0.28893296947331937,0.46575312133881996,0.007456733506157734,1,4,2.1275787114845937,0.4797961051087101,16,0.4469752525252524,0.42707070707070705,5000,18.897655234245832,34.539832078341085,0.5454147005983951,0.9948,0.6944
thr0,RWD,RWD,,3,18,9900,2044,55.81151852440498,0.2613081212121213,0.051581197488233504,-0.28995019017852186,0.4690795901616769,0.0074201856813131215,1,4,2.1208086434573827,0.48098647458983596,17,0.4542646770737679,0.4197979797979798,5000,19.067353402015957,34.539832078341085,0.5503124444835048,0.9946,0.6916
thr0,RWD,RWD,,3,19,9900,1984,55.6290787268673,0.26139454545454543,0.05224244391240568,-0.2932995339773239,0.46227248486001227,0.00735149365555505,1,4,2.115857543017207,0.4818505268774176,15,0.45237561473319055,0.4209090909090909,5000,19.000892132639176,34.539832078341085,0.548394272472787,0.9946,0.686
thr0,RWD,RWD,,3,20,9900,1970,56.30445808281969,0.2613994343434345,0.05256649361624116,-0.29832791634916966,0.4688633072405755,0.007296003619722727,1,3,2.0863747098839536,0.4866606375883687,18,0.4414635190286706,0.43626262626262624,5000,19.296170145920506,34.539832078341085,0.5569164392289715,0.9938,0.708
thr0,RWD,RWD,,3,21,9900,1889,55.78981985989917,0.26045822222222226,0.0644852905853379,-0.2924576499654249,0.4494097909184078,0.007203083095360658,1,3,2.090828331332533,0.4859183673469388,16,0.4346460769309253,0.4297979797979798,5000,19.303864391069325,34.539832078341085,0.5571385066951283,0.9778,0.7008
thr0,RWD,RWD,,3,22,9900,1918,56.49095502821669,0.260636202020202,0.06543151093007595,-0.2948042841996593,0.45220162245143947,0.007046875412041227,1,3,2.067615206082433,0.48978722155528875,18,0.4280343077237017,0.4582828282828283,5000,19.48377717599843,34.539832078341085,0.5623310597663743,0.9772,0.7228
thr0,RWD,RWD,,3,23,9900,2002,56.90610512062831,0.2606491717171717,0.06511543926841994,-0.2952802599532629,0.4554028328722483,0.006981118645492446,1,4,2.0544432172869147,0.4919918900893691,16,0.4259129017447199,0.4490909090909091,5000,19.590918261474826,34.539832078341085,0.5654233123412333,0.9782,0.708
thr0,RWD,RWD,,3,24,9900,2105,57.9615527742313,0.2612446464646465,0.050649490068465634,-0.30224859898209405,0.4749425663808105,0.0069588688674968105,1,3,2.0337066026410566,0.49543865546218485,15,0.4389057800224468,0.43707070707070705,5000,19.534898050168486,34.539832078341085,0.5638064849413061,0.9944,0.6976
thr0,RWD,RWD,,3,25,9900,2156,57.43113441331279,0.26101143434343443,0.06340761547055758,-0.2931688518950272,0.46216217599740467,0.006942027142545964,1,3,2.0408265706282513,0.49425199413098575,17,0.42616743189470463,0.448989898989899,5000,19.487231527429934,34.539832078341085,0.5624307575346117,0.9806,0.6904
thr0,RWD,RWD,,3,26,9900,2227,58.04081322655637,0.2607159595959596,0.06005308671955998,-0.29085857789655806,0.46803830212828945,0.0068777883399370205,1,3,2.0357006802721087,0.49510630919034276,16,0.4249776349352107,0.4441414141414141,5000,19.58059551312726,34.539832078341085,0.56512538232666,0.9832,0.6936
thr0,RWD,RWD,,3,27,9900,2248,57.66690558717366,0.2602319191919191,0.06672338192525207,-0.2845675011252683,0.46438755257673947,0.006940256755183241,1,3,2.0404629051620646,0.4943126050420168,15,0.4277556677890011,0.4302020202020202,5000,19.47494209502066,34.539832078341085,0.562076066065488,0.975,0.6984
thr0,RWD,RWD,,3,28,9900,2294,57.99055785211934,0.26012937373737377,0.06602380212089028,-0.28225843225313973,0.465838761312503,0.006884607453081466,1,4,2.0377994397759105,0.49475750300120047,17,0.4222895673910824,0.447979797979798,5000,19.512498593774787,34.539832078341085,0.5631600030020867,0.9738,0.702
thr0,RWD,RWD,,3,29,9900,2296,58.680245398259885,0.26133034343434347,0.052149569740587036,-0.29275614127997707,0.4829024775687802,0.006892274423116768,1,4,2.0257920768307325,0.4967586501267173,15,0.4329748699112336,0.4317171717171717,5000,19.411134598591314,34.539832078341085,0.5602344859260706,0.993,0.6996
thr0,RWD,RWD,,3,30,9900,2308,58.82519868219741,0.26125325252525267,0.050894668247010784,-0.29270192660645905,0.48606167323090166,0.006905305013890492,1,4,2.023868747499,0.4970792850473523,16,0.42885148964391395,0.4392929292929293,5000,19.528668030015787,34.539832078341085,0.5636266772067386,0.9944,0.6892
thr0,RWD,RWD,,5,0,4900,4,0.27712812921102037,0.0188395102040817,0.03612824436332547,0.6504952980918245,0.0,0.0,1,98,33.333333333333336,0.046482951803896395,20,0.8622157642648896,0.08408163265306122,0,,,,,0.0
thr0,RWD,RWD,,5,1,9442,13,1.3496395963367407,0.0980877356492269,0.21804176309024498,0.007455611195219879,0.36297740037740245,0.34916453644242157,1,38,15.418844017607043,0.08938717312154654,19,0.8504830615939877,0.09277695403516205,4542,1.8799512278183255,7.0710678118654755,0.05425821475470669,0.04095112285336856,0.0
thr0,RWD,RWD,,5,2,9894,30,2.3072080443687777,0.1489493834647262,0.26207116623395366,-0.07139916988846456,0.31125708447839445,0.2843232586948703,1,32,12.922878271308523,0.10399786064332156,21,0.8461119236455446,0.10066707095209218,4994,2.2113366845847024,10.198039027185569,0.06382249653699676,0.07008410092110533,0.8012
thr0,RWD,RWD,,5,3,9899,73,4.137519952821981,0.19596856248105876,0.25590564456926346,-0.10416078517258813,0.29589141838583066,0.22870778267254038,1,24,10.61423225290116,0.12177754309090003,19,0.8485929628820742,0.09314072128497829,4999,2.604260953401646,9.219544457292887,0.07516288082161826,0.15263052610522104,0.9688
thr0,RWD,RWD,,5,4,9899,133,7.234077091101532,0.23191595110617236,0.21064858045794912,-0.12681349979874487,0.3211306822240777,0.16311945514831078,1,18,8.023842176870748,0.15423263081871796,18,0.8478876066393618,0.09162541670875846,4999,3.260906216569271,13.341664064126334,0.09411464892038775,0.2930586117223445,0.984
thr0,RWD,RWD,,5,5,9900,251,11.55633159787309,0.2510009696969697,0.14798882792075302,-0.1563259072459763,0.35391275834595437,0.09955233516250148,1,14,6.272059223689475,0.19177942405289342,16,0.8408879655137232,0.09202020202020202,5000,4.590766452336553,17.46424919657298,0.13249641180779123,0.4808,0.9864
thr0,RWD,RWD,,5,6,9900,412,16.247609054873273,0.2571301818181819,0.09799723160715192,-0.17004742895560343,0.36370301918090914,0.05916599956335056,1,11,5.009023129251701,0.2335073073385198,14,0.8144521936537089,0.08717171717171718,5000,6.462358813892911,26.40075756488817,0.186513377133238,0.6794,0.9944
thr0,RWD,RWD,,5,7,9900,589,21.30307020126442,0.25899357575757587,0.07100810132996857,-0.18160320314900885,0.38767914794432545,0.03943320372956853,1,8,4.247835454181673,0.2717667508908325,10,0.7918850831547802,0.06505050505050505,5000,8.487593153130133,31.38470965295043,0.244964680593095,0.8292,0.9952
thr0,RWD,RWD,,5,8,9900,725,26.3040529196548,0.2600826666666667,0.060976338440085376,-0.20712782962778328,0.39860680779198887,0.02705951550642981,1,8,3.911608163265306,0.29721527773013967,8,0.741572298745026,0.07090909090909091,5000,10.252043491438233,34.058772731852805,0.29588936627817886,0.9536,0.9956
thr0,RWD,RWD,,5,9,9900,792,29.73297159720165,0.2606477171717172,0.05403176850271284,-0.24195647793952146,0.4120450950115371,0.022400879368082004,1,7,3.402909643857543,0.3292969027611044,6,0.7013662279359248,0.055656565656565654,5000,12.298987607897786,34.132096331752024,0.354967246500973,0.996,0.996
thr0,RWD,RWD,,5,10,9900,917,32.0966914182755,0.2608434747474748,0.04972981548160987,-0.2564489525277381,0.41083638433809044,0.01910702633354347,1,6,3.0135474989996,0.36181538748832864,6,0.6684912049790839,0.0702020202020202,5000,13.051356383878973,34.52535300326414,0.3766817388866595,0.9982,0.9944
thr0,RWD,RWD,,5,11,9900,1099,34.672975067046096,0.2608808484848486,0.047006013849678493,-0.24826882264033515,0.39358928909033486,0.01572097090455725,1,6,2.876654981992797,0.37859209283713485,5,0.621939256198347,0.10585858585858586,5000,14.3415188783589,34.539832078341085,0.41391776536336594,0.9996,0.962
thr0,RWD,RWD,,5,12,9900,1767,43.62179271877762,0.2612867878787879,0.04603722318377376,-0.21181611944338039,0.4053774529423667,0.010393594988974634,1,5,2.525239535814326,0.42655323462718425,9,0.5327079736761555,0.24414141414141413,5000,15.90598461233661,34.539832078341085,0.45907059513600385,1.0,0.9268
thr0,RWD,RWD,,5,13,9900,2196,50.53182759410152,0.261318303030303,0.046806859700696465,-0.21480728552313055,0.42751768665655493,0.008143322475570033,1,5,2.322132693077231,0.45945851407229554,13,0.48891663095602483,0.35545454545454547,5000,17.547669989865344,34.539832078341085,0.5064520997492841,0.9996,0.8344
thr0,RWD,RWD,,5,14,9900,2226,52.126047231686385,0.26125474747474753,0.046860150092850134,-0.2251327750946294,0.4482598427613454,0.00813613267169113,1,5,2.25779143657463,0.4654096732026144,14,0.48257146719722477,0.38323232323232326,5000,18.112673421426646,34.539832078341085,0.5227589470084949,0.9992,0.7244
thr0,RWD,RWD,,5,15,9900,2201,51.657030499245685,0.26143357575757586,0.048305199024428806,-0.2251123229022589,0.4305640746770282,0.007989849794466564,1,5,2.202703481392557,0.4706458263305322,15,0.4725700744821955,0.41828282828282826,5000,18.230483387763773,34.539832078341085,0.5261591195018966,0.9984,0.7532
thr0,RWD,RWD,,5,16,9900,2243,53.36316332452566,0.26147999999999993,0.04735671574023483,-0.23778258837048086,0.43327377865295574,0.007544565360599464,1,4,2.1078597839135655,0.48329257036147794,16,0.4576277165595348,0.42303030303030303,5000,18.909148014406934,34.539832078341085,0.5457463994876441,0.9986,0.7756
thr0,RWD,RWD,,5,17,9900,2307,54.56080644565291,0.26121426262626257,0.04861373150059885,-0.2437167176971638,0.436345019930879,0.007268030219468494,1,4,2.080358863545418,0.48769950646925436,17,0.44266133047648193,0.44232323232323234,5000,19.273448360888985,34.539832078341085,0.5562606544013612,0.9972,0.7936
thr0,RWD,RWD,,5,18,9900,2325,56.02822146026054,0.2613217373737373,0.04918991322150301,-0.2594494703163484,0.4477223138654508,0.00703400910716701,1,4,2.076605362144858,0.4883816193143924,16,0.43703341495765746,0.43555555555555553,5000,19.39581648232297,34.539832078341085,0.559792382093893,0.9968,0.828
thr0,RWD,RWD,,5,19,9900,2304,57.49324134191775,0.2614495353535353,0.04705267157078052,-0.2799672776625215,0.4657407861080324,0.006950850988810692,1,4,2.0722314525810326,0.4890410030678938,16,0.4380873788388941,0.4402020202020202,5000,19.41339968702434,34.539832078341085,0.5602998597787637,0.9984,0.8536
thr0,RWD,RWD,,5,20,9900,2269,57.73045643332469,0.26136856565656563,0.04496524176649065,-0.2885023867102772,0.47158369664363053,0.006963489325223786,1,4,2.07042368947579,0.4894117647058824,16,0.4346473574125091,0.44202020202020204,5000,19.656976310870608,34.539832078341085,0.5673298468179563,0.9996,0.8404
thr0,RWD,RWD,,5,21,9900,2242,57.58430341681664,0.2612646464646464,0.04726426142501911,-0.28985367447678095,0.46859884174387434,0.006959858054495985,1,4,2.070036974789916,0.4894071228491397,16,0.4337973472094685,0.44222222222222224,5000,19.5675087028092,34.539832078341085,0.5647476773340069,0.9974,0.8296
thr0,RWD,RWD,,5,22,9900,2222,57.576689727701435,0.2615453333333333,0.047412817694336994,-0.2928145423987012,0.4686076246441785,0.00696309330274393,1,4,2.0684068827531013,0.48967677737761767,15,0.4313641669217426,0.43767676767676766,5000,19.68783679601503,34.539832078341085,0.5682205267492351,0.9986,0.8292
thr0,RWD,RWD,,5,23,9900,2205,57.45196950496997,0.26153632323232334,0.04877252363529729,-0.2934899731977954,0.4666753546308219,0.006967115111771141,1,4,2.069406962785114,0.4895739095638255,15,0.4322411488623609,0.43242424242424243,5000,19.621700888555257,34.539832078341085,0.566311745171899,0.9976,0.8252
thr0,RWD,RWD,,5,24,9900,2188,57.43736762770383,0.26154529292929296,0.047318555159175935,-0.2953606382573694,0.46715954043240143,0.006977756002520798,1,4,2.0671097238895557,0.48989435774309725,16,0.4234335169880625,0.4536363636363636,5000,19.696780208105974,34.539832078341085,0.568478647048682,0.9986,0.8256
thr0,RWD,RWD,,5,25,9900,2162,57.29700166675391,0.2613593939393939,0.04668994413618004,-0.297051556087018,0.46532127422708836,0.006985538293908404,1,4,2.0678472989195678,0.4898308656796052,16,0.4358738904193449,0.4441414141414141,5000,19.625028104462718,34.539832078341085,0.5664077736180475,0.9984,0.8248
thr0,RWD,RWD,,5,26,9900,2149,57.23344476789773,0.26154242424242424,0.047412817694336994,-0.29788055484963183,0.4629368751354018,0.006974143256983031,1,4,2.067558543417367,0.48981955448846204,19,0.4260066472808897,0.4590909090909091,5000,19.714398646509228,34.539832078341085,0.5689871416310844,0.9984,0.826
thr0,RWD,RWD,,5,27,9900,2142,57.196650251566304,0.2615381818181819,0.04824910859001285,-0.29790501139128306,0.4625807609791357,0.006972869735624048,1,4,2.0679094037615044,0.48981886087768445,16,0.4331933833282317,0.4506060606060606,5000,19.650975493749463,34.539832078341085,0.5671566542269758,0.998,0.8236
thr0,RWD,RWD,,5,28,9900,2138,57.21701844731164,0.2612695353535355,0.04572080157485099,-0.29898262805397025,0.46352930369228934,0.006980966375708948,1,4,2.0666343337334934,0.4899718287314926,18,0.43543873074176087,0.44676767676767676,5000,19.700987422461843,34.539832078341085,0.5686000735711694,0.999,0.826
thr0,RWD,RWD,,5,29,9900,2122,57.06464404515286,0.26134973737373746,0.04807390549822849,-0.29897769432171095,0.4624034514014227,0.007013330595135269,1,4,2.0683463785514205,0.48980589569161,17,0.4313658912355883,0.45464646464646463,5000,19.6241989012776,34.539832078341085,0.5663838415692648,0.9978,0.826
thr0,RWD,RWD,,5,30,9900,2127,57.193412208050674,0.2615492929292931,0.04572588743904867,-0.300284043867628,0.4643383921184324,0.007003953945839745,1,4,2.0659924769907962,0.49013962918500736,17,0.42994705132129357,0.44696969696969696,5000,19.664183161170055,34.539832078341085,0.5675378473370476,0.9996,0.8244
thr0,RWD,RWD,,4,0,4900,4,0.27712812921102037,0.0188395102040817,0.03612824436332547,0.6504952980918245,0.0,0.0,1,98,33.333333333333336,0.046482951803896395,20,0.8645176384839652,0.08183673469387755,0,,,,,0.0
thr0,RWD,RWD,,4,1,9486,13,1.3663508187870346,0.09909609951507492,0.21987589788256037,0.004314087156987904,0.35995651015651253,0.34509138582555715,1,37,14.97734805922369,0.09132319300644916,17,0.8487458397694637,0.08981657179000632,4586,1.8978660425215215,7.280109889280518,0.05477526320206711,0.04012211077191452,0.0
thr0,RWD,RWD,,4,2,9886,23,2.311986712764587,0.14897406433340077,0.26094222024169367,-0.06707576665975205,0.30874241235410194,0.2828278786908858,1,31,12.824058583433374,0.10445508604512238,18,0.8495402207868465,0.0910378312765527,4986,2.2233302767625,7.615773105863909,0.06416864961290314,0.07079823505816285,0.8196
thr0,RWD,RWD,,4,3,9899,54,4.0026830201753425,0.1961362965956157,0.2550534975208141,-0.11577540579641582,0.2959765833720273,0.23062584726615454,1,25,10.541139975990395,0.1225842026048527,19,0.8493871545380339,0.09445398525103546,4999,2.596157943751357,9.433981132056603,0.07492901579828194,0.14582916583316663,0.9684
thr0,RWD,RWD,,4,4,9899,123,7.207154179008521,0.23312108293767042,0.20739189336547204,-0.14116941751904816,0.31806296340317186,0.16294913882268292,1,18,8.411114205682273,0.1491731032452288,17,0.8458497549158002,0.09213051823416507,4999,3.2769850862291894,12.083045973594572,0.0945787092375446,0.29345869173834765,0.9816
thr0,RWD,RWD,,4,5,9899,220,11.332602144256189,0.25105174260026275,0.14483059763664893,-0.1655872254762945,0.3481319976185359,0.10138498349546779,1,14,6.65175094037615,0.18412873031285995,16,0.8417059477202217,0.08162440650570765,4999,4.482603999924654,17.0,0.12937468104982305,0.47589517903580714,0.9884
thr0,RWD,RWD,,4,6,9899,388,15.876922603577812,0.2569767451257703,0.09308125984483558,-0.185214298482977,0.3737292917562482,0.0633959785082471,1,11,5.246559743897559,0.2255911275794589,13,0.8289798078891581,0.07435094453985251,4999,6.16752827699329,20.024984394500787,0.17800412521721382,0.6781356271254251,0.9932
thr0,RWD,RWD,,4,7,9900,484,18.796489033859487,0.2589101414141415,0.07125927888715113,-0.2068489314799535,0.38356726158426063,0.0486451838014047,1,10,4.428615286114446,0.25986040994175447,11,0.8236431537598206,0.06434343434343434,5000,7.804515477004352,26.0,0.22525003337408733,0.8216,0.9956
thr0,RWD,RWD,,4,8,9900,643,21.650533480725137,0.25966965656565666,0.062189844668520726,-0.19577761920886866,0.3639125691970423,0.03526526495935456,1,9,3.8513709483793517,0.2920472973951485,11,0.7794488368533824,0.10474747474747474,5000,8.896714688177546,33.61547262794322,0.256772542297645,0.9098,0.996
thr0,RWD,RWD,,4,9,9900,786,26.17770043376614,0.2603543434343434,0.05666547869472626,-0.20835751870393987,0.36068577398043256,0.025074100257486232,1,8,3.558434253701481,0.3187275965624345,6,0.70143891439649,0.09828282828282828,5000,11.088594777934233,34.438350715445125,0.3200334922982463,0.9794,0.9856
thr0,RWD,RWD,,4,10,9900,985,33.533589130899784,0.26091802020202026,0.052915578558129055,-0.2228762104495083,0.3727505608182898,0.016018207287663615,1,6,2.8442737094837933,0.3800361477924503,7,0.6343942658912355,0.14222222222222222,5000,13.76906119790136,34.539832078341085,0.3973957772901477,0.997,0.9372
thr0,RWD,RWD,,4,11,9900,1456,40.22838798659475,0.26116686868686867,0.05096054412385387,-0.22158621728597178,0.4081697795822551,0.012524074644307291,1,5,2.5674833133253303,0.4161666586634654,10,0.5687112386491173,0.24666666666666667,5000,15.442124071203835,34.539832078341085,0.4456828835376428,0.9982,0.7936
thr0,RWD,RWD,,4,12,9900,1882,46.60284111510799,0.2613062626262628,0.050334781713089236,-0.22483309679140778,0.4228661625430219,0.009459312345933175,1,4,2.2910101640656264,0.45427080165399497,13,0.5218167840016324,0.3181818181818182,5000,16.91061525351653,34.539832078341085,0.4880657436652328,0.9986,0.6784
thr0,RWD,RWD,,4,13,9900,2096,51.121212818163855,0.2613106666666667,0.05003963215748653,-0.23729357581626298,0.43174716182838446,0.008186239573810629,1,4,2.183856262505002,0.4707015339469121,15,0.4805905009692888,0.39474747474747474,5000,18.39418455004856,34.539832078341085,0.5308837808055575,0.9978,0.6916
thr0,RWD,RWD,,4,14,9900,2088,53.95363935824904,0.26146925252525266,0.05157678671255139,-0.263172175053722,0.45811645557895253,0.0076722596683473365,1,4,2.172875230092037,0.4724887555022009,15,0.4637988725640239,0.4097979797979798,5000,19.092542837814594,34.539832078341085,0.5510394494168713,0.9956,0.6964
thr0,RWD,RWD,,4,15,9900,1981,52.69495611536269,0.2603991515151516,0.07156598073523038,-0.26027639693438404,0.4433570537139831,0.007933422537248661,1,4,2.1887951980792315,0.4697251700680272,16,0.46384142434445463,0.40515151515151515,5000,19.176196116871257,34.539832078341085,0.5534538086368492,0.971,0.6376
thr0,RWD,RWD,,4,16,9900,1993,54.44978604182022,0.26103410101010116,0.05741905422101643,-0.2732947066497458,0.4669916611672894,0.0077430492449030094,1,4,2.1654479391756705,0.47376486594637857,15,0.4647260432608917,0.397979797979798,5000,19.225888462974133,34.539832078341085,0.5548880043471518,0.9886,0.6356
thr0,RWD,RWD,,4,17,9900,1871,54.10422534331307,0.26125507070707066,0.06053136496571712,-0.2785634438732337,0.4617471321454753,0.007754335774945327,1,4,2.157121088435374,0.4749430438842203,13,0.45026979389858185,0.4023232323232323,5000,19.352369422860253,34.539832078341085,0.5585384347319052,0.9862,0.6156
thr0,RWD,RWD,,4,18,9900,1897,55.3235212183751,0.2611622222222223,0.055574742058501846,-0.28310169935575613,0.4636238632379671,0.007288207883528363,1,4,2.1275723089235696,0.4798295851674003,14,0.45948110396898273,0.40606060606060607,5000,19.338612863173086,34.539832078341085,0.558141399766983,0.9908,0.6172
thr0,RWD,RWD,,4,19,9900,1946,54.59935530754919,0.2606987474747475,0.06327420944765896,-0.27723571203967273,0.4565919126966492,0.0075607333057522395,1,4,2.127074829931973,0.47994082966519946,16,0.45144051627384957,0.415959595959596,5000,19.428606968019448,34.539832078341085,0.5607387647385617,0.9806,0.6192
thr0,RWD,RWD,,4,20,9900,2055,55.688131590133274,0.2610889696969698,0.0547449478252105,-0.2805529095852974,0.47503429164828975,0.007534661878119164,1,4,2.107893077230892,0.48310398826197143,14,0.45127518110396897,0.4088888888888889,5000,19.445839030140306,34.539832078341085,0.5612361079213978,0.9908,0.6284
thr0,RWD,RWD,,4,21,9900,2121,56.07136880797543,0.26114096969696976,0.05730823928984572,-0.27850507650068423,0.4789858194569757,0.0074750419281601685,1,3,2.0994829931972787,0.4844759237028145,17,0.4523349097030914,0.42272727272727273,5000,19.505424073469225,34.539832078341085,0.5629558217252824,0.9882,0.6088
thr0,RWD,RWD,,4,22,9900,2148,55.16852000915015,0.26033430303030314,0.07063647391264889,-0.26675828194733564,0.46030522467884366,0.0075213692868383785,1,4,2.111853381352541,0.48248109910630915,16,0.44912572186511585,0.41484848484848486,5000,19.329579476391313,34.539832078341085,0.557880682662882,0.971,0.6244
thr0,RWD,RWD,,4,23,9900,2216,56.41891172293206,0.2607511515151515,0.05803751186195296,-0.2731194356254688,0.47834918570436713,0.007381821551005281,1,3,2.0958524209683875,0.48508101907429635,16,0.45246006529945915,0.4103030303030303,5000,19.40003599859781,34.539832078341085,0.5599141636682304,0.9858,0.6296
thr0,RWD,RWD,,4,24,9900,2226,55.626835250623415,0.260310101010101,0.07131014586440207,-0.2628469250625633,0.46261173783082893,0.007412283030424198,1,3,2.1014706682673068,0.4841446445244764,14,0.4482805887154372,0.41545454545454547,5000,19.279487497240073,34.539832078341085,0.5564349529428455,0.97,0.6232
thr0,RWD,RWD,,4,25,9900,2240,55.668138104305235,0.2600296565656566,0.07333489297998338,-0.2611585681326695,0.44240747878989367,0.006849754641144442,1,4,2.1030181672669066,0.4838881152460984,14,0.45023242526272833,0.4116161616161616,5000,19.333318966086118,34.539832078341085,0.5579886099494688,0.9666,0.638
thr0,RWD,RWD,,4,26,9900,2257,56.23631566879181,0.2610714747474747,0.06412078592260251,-0.26644654636605997,0.47291609847967064,0.0073768009345390045,1,3,2.0977837535014006,0.48475913031879414,15,0.4464552647689013,0.4090909090909091,5000,19.34062849656313,34.539832078341085,0.5581995739726355,0.9802,0.6364
thr0,RWD,RWD,,4,27,9900,2270,56.06970661596153,0.2602505454545454,0.06848136334061863,-0.2626248791931394,0.4673304630391657,0.007373433479904949,1,4,2.0978577030812326,0.48474976657329594,16,0.44485151515151505,0.4253535353535354,5000,19.412985475688288,34.539832078341085,0.5602879050177609,0.9728,0.6292
thr0,RWD,RWD,,4,28,9900,2278,56.940839473966314,0.2609026666666667,0.05504027542663405,-0.272570044449699,0.4855635745717783,0.007323603145779083,1,4,2.0933166866746697,0.4856070161397893,15,0.45135853994490355,0.41828282828282826,5000,19.276809005853668,34.539832078341085,0.5563576476602873,0.9894,0.6192
thr0,RWD,RWD,,4,29,9900,2272,57.089032221609784,0.2611837171717173,0.05534947751663314,-0.27510162264135574,0.4888078209968958,0.007347816693241084,1,3,2.0905747899159666,0.4859606242496999,16,0.45135582593612883,0.4114141414141414,5000,19.351130453490406,34.539832078341085,0.5585026762158602,0.9902,0.6008
thr0,RWD,RWD,,4,30,9900,2258,56.312634461548676,0.2604647272727274,0.06774520769589491,-0.26666452332551244,0.4717106197790941,0.00737055038452296,1,4,2.098420808323329,0.4846558089902627,15,0.44441233547597186,0.4226262626262626,5000,19.400733175137614,34.539832078341085,0.5599342852298215,0.9738,0.6112
thr0,N2Vp1q2,N2V,2.0,1,0,4900,4,0.27712812921102037,0.0188395102040817,0.03612824436332547,0.6504952980918245,0.0,0.0,1,98,33.333333333333336,0.046482951803896395,22,0.862310537276135,0.08755102040816326,0,,,,,0.0
thr0,N2Vp1q2,N2V,2.0,1,1,9485,13,1.2818174597032137,0.09233071164997364,0.21104695947742605,0.027911400685035774,0.3586329226329251,0.34605909421917846,1,38,15.390012965186074,0.08967758696532242,19,0.852670162276591,0.0907749077490775,4585,1.9008973472622646,6.082762530298219,0.05486275120770068,0.04034896401308615,0.0
thr0,N2Vp1q2,N2V,2.0,1,2,9881,19,1.8259619273139296,0.1238518773403503,0.24571751774949924,-0.05011576864600404,0.31502282723124897,0.2975799099372876,1,34,13.418243457382953,0.10046031809574334,19,0.8482332428708022,0.0954356846473029,4981,2.14544125694054,7.615773105863909,0.06192065556816513,0.05259987954226059,0.8112
thr0,N2Vp1q2,N2V,2.0,1,3,9900,23,2.2597344976788754,0.1444341818181818,0.2569392954196123,-0.07181508103550352,0.29144100810737034,0.2682698855670241,1,30,12.459285794317728,0.10662127916617953,18,0.8497039434751555,0.09111111111111111,5000,2.312949239060525,8.246211251235321,0.06675518740734539,0.071,0.9552
thr0,N2Vp1q2,N2V,2.0,1,4,9900,34,2.7406568555731305,0.16081442424242431,0.2595188147541484,-0.09667669266576955,0.287003565894225,0.25587634953849314,1,28,11.901831772709084,0.11061695728636216,20,0.8529508876645241,0.09333333333333334,5000,2.441561128970276,9.055385138137417,0.07046711963168835,0.0926,0.9624
thr0,N2Vp1q2,N2V,2.0,1,5,9900,39,3.224655020308374,0.17313636363636364,0.25718095108686323,-0.10874098033171743,0.28568120319948714,0.2419699163251785,1,28,11.572340616246498,0.11372167933561328,19,0.8573921538618511,0.08606060606060606,5000,2.5580945644850406,9.055385138137417,0.0738304495291355,0.1146,0.9632
thr0,N2Vp1q2,N2V,2.0,1,6,9900,49,3.8266434377924474,0.18464670707070718,0.2528109006730359,-0.11484815965067931,0.28433785353510227,0.22559093212919873,1,26,11.072528851540616,0.11819430421691073,20,0.8571916284052651,0.08969696969696969,5000,2.6818606295730962,12.041594578792296,0.07740252397421876,0.1446,0.968
thr0,N2Vp1q2,N2V,2.0,1,7,9900,62,4.388257057192525,0.19537830303030312,0.24672251263386055,-0.1251457499326047,0.2823629424672472,0.20875144471208373,1,24,10.522533173269307,0.12337003242530083,20,0.8585424089378636,0.08797979797979798,5000,2.845514749692503,11.40175425099138,0.08212582757036367,0.1672,0.9656
thr0,N2Vp1q2,N2V,2.0,1,8,9900,84,5.095645199579735,0.20589406060606064,0.23907776704067701,-0.12267749012230872,0.28754110328778204,0.19482989154657554,1,22,9.75006962785114,0.1311358922258697,21,0.8585657841036629,0.0905050505050505,5000,3.0214000035292345,12.041594578792296,0.08720214004786042,0.1974,0.9728
thr0,N2Vp1q2,N2V,2.0,1,9,9900,92,5.657985507227815,0.21208266666666664,0.23164031635650797,-0.1332287074212178,0.2869742977915393,0.17971140024326415,1,20,9.11954317727091,0.13810700136852502,21,0.8587008774614836,0.08868686868686869,5000,3.1849411046430034,14.035668847618199,0.09192218174583025,0.2228,0.976
thr0,N2Vp1q2,N2V,2.0,1,10,9900,103,6.208510288305884,0.217595797979798,0.22299678342034435,-0.13346645795634657,0.2949435440293545,0.17209700916959464,1,19,8.909661144457782,0.1417940753455126,20,0.857165625956535,0.08616161616161616,5000,3.349403755138167,14.142135623730951,0.09666882074244425,0.2472,0.976
thr0,N2Vp1q2,N2V,2.0,1,11,9900,98,6.789226760095732,0.22263571717171726,0.2165871442794545,-0.1512559732900081,0.2959797296290998,0.1581526263627354,1,18,8.565788555422168,0.146685195257342,20,0.8577314151617184,0.08686868686868687,5000,3.532610333121533,15.0,0.10195643762611854,0.2754,0.9764
thr0,N2Vp1q2,N2V,2.0,1,12,9900,106,7.259090852165993,0.22753507070707069,0.2096146624732247,-0.1586075845243649,0.2999729566783073,0.15060725129487407,1,17,8.130098759503802,0.1527087308847785,20,0.8604188654218956,0.08666666666666667,5000,3.6917603150438443,15.0,0.10654974503195458,0.298,0.976
thr0,N2Vp1q2,N2V,2.0,1,13,9900,118,7.90544116416029,0.23142557575757583,0.20298068305378542,-0.1653388947713619,0.3078371296458422,0.139905065881005,1,16,7.878961824729892,0.1569887692162002,21,0.8628532700744819,0.08414141414141414,5000,3.879571049956196,16.492422502470642,0.11197024479669551,0.3318,0.9784
thr0,N2Vp1q2,N2V,2.0,1,14,9900,116,8.175328739567602,0.23324165656565654,0.19855629583876389,-0.17403110911579112,0.3143251759005664,0.13745864928676185,1,17,7.767638895558223,0.1588561121638263,22,0.866400545862667,0.08151515151515151,5000,4.024153659760554,20.223748416156685,0.11614311597360613,0.3452,0.9752
thr0,N2Vp1q2,N2V,2.0,1,15,9900,119,8.72188053116987,0.23670424242424248,0.1899702916845915,-0.1798217523003223,0.3255593319315738,0.13217846293024935,1,16,7.741587194877951,0.16015532507641753,24,0.8675556779920415,0.08676767676767677,5000,4.1806317309691705,20.223748416156685,0.12065930802497773,0.3682,0.9776
thr0,N2Vp1q2,N2V,2.0,1,16,9900,125,8.999244412727105,0.23793050505050517,0.18487034177390024,-0.1855109489389421,0.32198689958329957,0.12444253303562486,1,15,7.129475470188075,0.1701384824183864,22,0.8668735741250895,0.08323232323232323,5000,4.3515061672936035,20.223748416156685,0.1255910007864649,0.3798,0.9804
thr0,N2Vp1q2,N2V,2.0,1,17,9900,126,9.319871243745805,0.24063062626262632,0.1786205537920527,-0.18591660353684433,0.3267443952824661,0.12204446502487534,1,15,7.176559583833534,0.17055462817294753,23,0.8650110907050302,0.08656565656565657,5000,4.464447739475228,20.223748416156685,0.1288506641157505,0.3888,0.9812
thr0,N2Vp1q2,N2V,2.0,1,18,9900,132,9.658322835772264,0.24161256565656575,0.1731226943012886,-0.19382780518639123,0.32897194090766707,0.11678335278101906,1,15,7.080265706282513,0.17277488547555775,21,0.8669790786654423,0.0798989898989899,5000,4.618783245972994,20.223748416156685,0.13330501853299254,0.4076,0.9816
thr0,N2Vp1q2,N2V,2.0,1,19,9900,140,10.062882290874718,0.24389082828282826,0.16674339452053727,-0.1995909534044598,0.3344169285317787,0.11208960196837275,1,14,6.866482593037215,0.17632291178564888,21,0.8682285889194981,0.07727272727272727,5000,4.743090915234131,20.223748416156685,0.1368927244876066,0.428,0.9804
thr0,N2Vp1q2,N2V,2.0,1,20,9900,130,10.123991307779752,0.24403385858585858,0.16486019744863106,-0.20507200105408532,0.3372308337601418,0.1120039465587127,1,14,6.853436734693878,0.1769911467235357,21,0.8685381950821344,0.07777777777777778,5000,4.8055063849510855,23.706539182259394,0.1386941286462924,0.43,0.9804
thr0,N2Vp1q2,N2V,2.0,1,21,9900,141,10.50112374938987,0.2458871515151515,0.16080143026063723,-0.20361853732027357,0.3400703915734894,0.10775866246668281,1,14,6.7734495398159265,0.1794305603791078,20,0.8706931231506988,0.07313131313131313,5000,4.951385965999814,20.223748416156685,0.14290443236042336,0.4498,0.982
thr0,N2Vp1q2,N2V,2.0,1,22,9900,149,10.688236524328978,0.24579753535353532,0.1594263503328506,-0.20405945113045124,0.34154884285084386,0.10541584242756949,1,14,6.64385850340136,0.18187347229267994,20,0.8670867105397411,0.07565656565656566,5000,5.04348946160668,20.223748416156685,0.14556267751612134,0.4618,0.9816
thr0,N2Vp1q2,N2V,2.0,1,23,9900,152,11.013010487600564,0.24683894949494944,0.15463726848573922,-0.2093740455582857,0.343847555925595,0.10110123752930272,1,13,6.612288115246098,0.18336218285649256,21,0.8671941791653912,0.07878787878787878,5000,5.156148367442265,21.213203435596427,0.1488141826703009,0.4794,0.9816
thr0,N2Vp1q2,N2V,2.0,1,24,9900,156,11.137216887535233,0.24690719191919186,0.15344778208644372,-0.21015743454520236,0.34171757993050733,0.09927758269777012,1,13,6.576532372949179,0.18435553124657567,19,0.8689194725028059,0.07232323232323232,5000,5.2587964836116665,20.223748416156685,0.15177676140578694,0.488,0.9836
thr0,N2Vp1q2,N2V,2.0,1,25,9900,172,11.385218487143758,0.24766654545454547,0.1527633499180252,-0.2106723505059135,0.34693940940146567,0.09699961394483314,1,13,6.556707803121249,0.18449985106885464,20,0.8705959749005204,0.07222222222222222,5000,5.413814515598162,20.223748416156685,0.15625081453329076,0.5004,0.9784
thr0,N2Vp1q2,N2V,2.0,1,26,9900,174,11.596723675245523,0.2479196767676768,0.14926822681158625,-0.21359375175342796,0.3466089775800706,0.09485108595047609,1,13,6.605186714685875,0.18425904845765592,20,0.8705524385266808,0.07242424242424242,5000,5.507213484719477,21.37755832643195,0.15894644899947505,0.5102,0.9832
thr0,N2Vp1q2,N2V,2.0,1,27,9900,176,11.84057431039559,0.24865345454545462,0.1443505125208912,-0.21915322408309507,0.3516568814289071,0.09210812407438555,1,13,6.530425610244098,0.18582520058128701,22,0.872852142638506,0.07333333333333333,5000,5.588909590786195,21.213203435596427,0.16130432126871228,0.524,0.9824
thr0,N2Vp1q2,N2V,2.0,1,28,9900,178,11.965483692688732,0.24961325252525257,0.1415546837594932,-0.22268803372675638,0.3571632202794112,0.09325828167807526,1,13,6.542991916766707,0.18576385427475461,20,0.8699636465666768,0.07131313131313131,5000,5.62894002743065,21.213203435596427,0.16245965976688176,0.5286,0.9844
thr0,N2Vp1q2,N2V,2.0,1,29,9900,172,12.05636761217905,0.2500267070707072,0.1402361086694771,-0.22460887325247267,0.3603509106839512,0.09294852579705279,1,14,6.580763505402161,0.1848077196468553,21,0.8726349097030917,0.07121212121212121,5000,5.669843838079242,21.213203435596427,0.16364020514998337,0.5366,0.9804
thr0,N2Vp1q2,N2V,2.0,1,30,9900,180,12.191702096097984,0.2504305050505051,0.1377800914714217,-0.222681062278698,0.35917777557798203,0.0913548691531822,1,13,6.495318447378952,0.18691883394983033,18,0.8725418885827977,0.06454545454545454,5000,5.737504065122501,21.213203435596427,0.16559298087891847,0.5394,0.9828
thr0,N2Vp1q2,N2V,2.0,2,0,4900,4,0.27712812921102037,0.0188395102040817,0.03612824436332547,0.6504952980918245,0.0,0.0,1,98,33.333333333333336,0.046482951803896395,20,0.8653470220741358,0.08204081632653061,0,,,,,0.0
thr0,N2Vp1q2,N2V,2.0,2,1,9441,12,1.278754143688301,0.09296244041944712,0.2107736656704776,0.013050705555274713,0.3647752380952408,0.35135896352626395,1,38,15.24288819527811,0.090030820654246,20,0.8507499808066603,0.0935282279419553,4541,1.8831864223722383,8.0,0.05435158732644259,0.03919841444615724,0.0
thr0,N2Vp1q2,N2V,2.0,2,2,9875,18,1.7871765441612084,0.12194130632911393,0.24470342484407615,-0.05207251110622666,0.3185964047064049,0.3016220712602246,1,33,13.68703737494998,0.09907511689578966,17,0.8477047088607594,0.08951898734177215,4975,2.13938815441838,8.06225774829855,0.0617459539420167,0.05105527638190955,0.7964
thr0,N2Vp1q2,N2V,2.0,2,3,9900,24,2.131478360199793,0.1398449696969697,0.2541721830384748,-0.06779980715542532,0.29716243493841843,0.2770431477212989,1,31,12.743844737895158,0.10490035354224263,20,0.8531594174063872,0.09252525252525252,5000,2.2970204520449062,8.54400374531753,0.06629545870061804,0.0628,0.9512
thr0,N2Vp1q2,N2V,2.0,2,4,9900,31,2.5299802370769617,0.15544832323232338,0.2585405284396618,-0.09266062307918566,0.2847431232063059,0.25695016272595383,1,28,11.990085954381753,0.11005553781333932,21,0.8510812621161106,0.09898989898989899,5000,2.4297435465003328,9.055385138137417,0.07012604646018925,0.0806,0.9588
thr0,N2Vp1q2,N2V,2.0,2,5,9900,34,2.9191779664830304,0.16704775757575763,0.25869056608065105,-0.10604308397932646,0.27744784983605747,0.24364578069732185,1,27,11.565638735494197,0.11343266146027293,21,0.8548866034078152,0.09333333333333334,5000,2.528617617442423,9.055385138137417,0.0729797005845432,0.1,0.9628
thr0,N2Vp1q2,N2V,2.0,2,6,9900,41,3.4009410462399963,0.17797050505050516,0.25532203670459136,-0.10669587430420491,0.2762274961750394,0.22935901453607505,1,26,11.038997038815527,0.11825514182113313,20,0.8531019079685744,0.09070707070707071,5000,2.6392466597393787,8.54400374531753,0.07617262082961875,0.1222,0.9644
thr0,N2Vp1q2,N2V,2.0,2,7,9900,47,3.881443030626625,0.1872981818181818,0.2521972050453397,-0.11269207668307975,0.2782336541961088,0.21993359285550723,1,25,10.695780072028812,0.12123728873466295,20,0.8533239822467097,0.09161616161616161,5000,2.7524286357769694,10.04987562112089,0.0794392225750993,0.1478,0.97
thr0,N2Vp1q2,N2V,2.0,2,8,9900,63,4.5376645975655805,0.19782573737373732,0.2463974997018675,-0.11661332380066677,0.27685443754089956,0.20330836321965917,1,22,9.975986234493798,0.1282457871453892,20,0.8560198857259462,0.09090909090909091,5000,2.922602306398207,11.180339887498949,0.08435069018635168,0.178,0.9684
thr0,N2Vp1q2,N2V,2.0,2,9,9900,67,5.12694841011688,0.205218585858586,0.23924562087998255,-0.12940005595668858,0.28229606781764255,0.1904503526858383,1,21,9.21038143257303,0.13652811902351566,20,0.8590785991225386,0.08585858585858586,5000,3.0709344358469863,13.601470508735444,0.08863177812925259,0.2048,0.9676
thr0,N2Vp1q2,N2V,2.0,2,10,9900,78,5.860102388184015,0.21257478787878803,0.23094993669794806,-0.1305035991038216,0.2877065663759534,0.1764183283378502,1,19,8.88217719087635,0.14151766948186992,21,0.8581756045301498,0.09101010101010101,5000,3.2302705267221055,13.601470508735444,0.09323045691886699,0.2386,0.9732
thr0,N2Vp1q2,N2V,2.0,2,11,9900,92,6.439316733940022,0.2182563636363637,0.22346018568120915,-0.1411685194477571,0.2840705480469547,0.1600229352080373,1,18,8.445953101240496,0.147784330537867,18,0.8563264411794715,0.08404040404040404,5000,3.4545837645035826,16.15549442140351,0.09970447371662997,0.2674,0.9732
thr0,N2Vp1q2,N2V,2.0,2,12,9900,106,7.031130776766991,0.22346832323232335,0.2141656956733025,-0.1490628428187589,0.2918760206116849,0.15135375736738704,1,18,7.935700680272109,0.1555445832102078,22,0.8587572033465974,0.0903030303030303,5000,3.653022271118476,16.15549442140351,0.10543170692789212,0.2928,0.9788
thr0,N2Vp1q2,N2V,2.0,2,13,9900,129,7.671922835899746,0.2289230303030303,0.20590460173773825,-0.1570284748498358,0.29653412454209427,0.13895594766365665,1,16,7.590686194477791,0.16183929393180294,19,0.8528265279053159,0.0893939393939394,5000,3.873019140662193,16.492422502470642,0.1117811468582666,0.3174,0.9768
thr0,N2Vp1q2,N2V,2.0,2,14,9900,153,8.211991232338233,0.23107587878787883,0.20068482452203543,-0.15676220704401367,0.3012398699657113,0.130029318604225,1,15,7.209086194477791,0.1681126132886277,20,0.8541950668299153,0.09111111111111111,5000,4.053974886310615,19.849433241279208,0.11700380134164078,0.3422,0.9808
thr0,N2Vp1q2,N2V,2.0,2,15,9900,182,8.834840123058255,0.23373733333333346,0.19269306006454442,-0.15271620698073704,0.3100959531650642,0.12332305691370217,1,15,7.010871868747499,0.1726599822879534,18,0.8529310835629018,0.08626262626262626,5000,4.234544626856128,18.027756377319946,0.12221531513824599,0.3684,0.9796
thr0,N2Vp1q2,N2V,2.0,2,16,9900,180,9.246664263397909,0.2350661414141415,0.18754994983107645,-0.1622762139642617,0.3178406727710902,0.11893331204670894,1,15,7.16748843537415,0.17067975646868808,19,0.8549109937761452,0.08393939393939394,5000,4.402841713652419,20.591260281974,0.12707262172304593,0.3926,0.9776
thr0,N2Vp1q2,N2V,2.0,2,17,9900,190,9.858884318217756,0.2375137373737375,0.1831354766455078,-0.16368835218036404,0.31758602732061975,0.10850240783137287,1,14,6.759543177270908,0.17858629881611873,19,0.855711131517192,0.08202020202020202,5000,4.636717284791049,21.93171219946131,0.13382262181716845,0.4194,0.9816
thr0,N2Vp1q2,N2V,2.0,2,18,9900,186,10.365905652667305,0.24031090909090924,0.1764428652101221,-0.16780658987948352,0.327639356685481,0.10596431371195573,1,13,6.523777511004401,0.18350202053248874,18,0.8582513519028672,0.07565656565656566,5000,4.803698550192643,23.40939982143925,0.1386419518211104,0.4452,0.982
thr0,N2Vp1q2,N2V,2.0,2,19,9900,183,10.648567978841099,0.24108860606060611,0.1715770469359395,-0.17726024224904685,0.3259495581147263,0.10049560519006126,1,15,6.716629051620648,0.18094463430571475,19,0.8630900061218242,0.07393939393939394,5000,5.0211929643450635,22.47220505424423,0.14491916713202352,0.4576,0.9832
thr0,N2Vp1q2,N2V,2.0,2,20,9900,191,11.125106741060959,0.242813292929293,0.16613853498094308,-0.1777110411062627,0.3297188465513283,0.09616159987097814,1,14,6.642899079631853,0.18345393701669807,19,0.8631402714008777,0.07484848484848484,5000,5.215299421000782,22.47220505424423,0.1505213708778746,0.4796,0.984
thr0,N2Vp1q2,N2V,2.0,2,21,9900,194,11.565569592544936,0.24357862626262627,0.1597645301057221,-0.18683519679851165,0.3337137568585183,0.09124309005519471,1,13,6.377143817527011,0.18920410103968327,19,0.8611608305274973,0.07737373737373737,5000,5.350673763843419,22.47220505424423,0.15442847764614812,0.4984,0.9844
thr0,N2Vp1q2,N2V,2.0,2,22,9900,187,11.787484888643547,0.24513094949494962,0.1586962167441288,-0.19271510993031615,0.3384059820318897,0.09007840983694552,1,13,6.3440998799519805,0.1899570318579202,18,0.8643364911743698,0.07090909090909091,5000,5.470246275757971,26.92582403567252,0.15787951985097623,0.5134,0.9832
thr0,N2Vp1q2,N2V,2.0,2,23,9900,184,12.0655542765345,0.24566145454545452,0.1548536995626783,-0.19934261087683358,0.34595611448551683,0.0891927499201533,1,13,6.331051780712285,0.19088009473342007,19,0.8645342771145802,0.07161616161616162,5000,5.562823159165897,26.92582403567252,0.1605514276892971,0.5268,0.9844
thr0,N2Vp1q2,N2V,2.0,2,24,9900,191,12.170258830443993,0.2460088484848486,0.15419286040444036,-0.19976026026074623,0.34179703614069995,0.08723763266207243,1,12,6.179663865546218,0.19359191024173017,18,0.8661233394551577,0.06838383838383838,5000,5.660148086451854,23.40939982143925,0.1633603712020476,0.5322,0.9832
thr0,N2Vp1q2,N2V,2.0,2,25,9900,187,12.356536731625088,0.24582278787878797,0.15045994192491294,-0.2046943161274017,0.3439772932581289,0.08496971426147909,1,14,6.149079791916766,0.19524767887752284,18,0.8661855780022446,0.06727272727272728,5000,5.671092780514418,24.20743687382041,0.16367625150366602,0.537,0.9816
thr0,N2Vp1q2,N2V,2.0,2,26,9900,192,12.616148382133115,0.2477955959595961,0.14691775068323268,-0.207161473614223,0.3545637680474748,0.08627606396303095,1,14,6.15954093637455,0.1952185551161302,18,0.8640210590756046,0.07090909090909091,5000,5.815788980729771,23.40939982143925,0.16785240107036817,0.5506,0.9828
thr0,N2Vp1q2,N2V,2.0,2,27,9900,212,12.961388814475091,0.24928068686868698,0.1400167329736675,-0.2161333499718863,0.3532390325160349,0.0814348036839554,1,13,5.980943097238896,0.1998658988195123,18,0.8653186358534841,0.06858585858585858,5000,5.917817219891738,22.80350850198276,0.1707970892248151,0.569,0.982
thr0,N2Vp1q2,N2V,2.0,2,28,9900,211,13.148901094768338,0.2503009696969698,0.1366659798927382,-0.2174374186986525,0.35552597860578844,0.0795467720685112,1,11,5.749028571428571,0.20576159405753638,18,0.8643732680338742,0.06909090909090909,5000,6.034329281548204,26.476404589747453,0.17415980224062375,0.5754,0.9872
thr0,N2Vp1q2,N2V,2.0,2,29,9900,201,13.227607493420722,0.24920593939393942,0.1357669531446232,-0.21804359682746047,0.353963305101637,0.07891163567996658,1,12,5.752554141656662,0.20590332503564196,17,0.8626636465666768,0.06878787878787879,5000,6.043308354387414,26.30589287593181,0.17441895176280225,0.58,0.9848
thr0,N2Vp1q2,N2V,2.0,2,30,9900,210,13.339085425920324,0.24893898989899,0.13443760477344513,-0.21456705666524883,0.3512734979091265,0.07719594942974406,1,12,5.651321008403361,0.20909451375355337,17,0.8617573359861237,0.06818181818181818,5000,6.1721496208380575,26.30589287593181,0.17813750413847218,0.5846,0.9888
thr0,N2Vp1q2,N2V,2.0,3,0,4900,4,0.27712812921102037,0.0188395102040817,0.03612824436332547,0.6504952980918245,0.0,0.0,1,98,33.333333333333336,0.046482951803896395,23,0.8619693669304456,0.09122448979591836,0,,,,,0.0
thr0,N2Vp1q2,N2V,2.0,3,1,9459,13,1.2985700443179797,0.09383127180463058,0.21233155649545812,0.01545501920956348,0.36469179043179334,0.3513475641085525,1,38,15.246993837535014,0.09000898444867148,21,0.8466513035414688,0.10138492441061422,4559,1.8926204273162353,7.211102550927978,0.0546238668721425,0.039262996271112086,0.0
thr0,N2Vp1q2,N2V,2.0,3,2,9883,17,1.802453616601548,0.12260495800870186,0.24434420761613213,-0.04871603183437283,0.31785160493101744,0.3007591575977986,1,33,13.479361664665866,0.10014985147239909,20,0.847093862708513,0.09905899018516645,4983,2.140446323923086,7.211102550927978,0.061776494302523736,0.05318081477021874,0.7956
thr0,N2Vp1q2,N2V,2.0,3,3,9898,22,2.1671505346883495,0.1414438472418671,0.2551679016505656,-0.06843975346100524,0.2949131719295494,0.27446233305088164,1,29,12.526715006002402,0.10618717156132682,19,0.8518088636237531,0.09123055162659123,4998,2.30061288171558,8.602325267042627,0.06639914161413107,0.06522609043617447,0.9532
thr0,N2Vp1q2,N2V,2.0,3,4,9900,27,2.5299802370769617,0.15551587878787876,0.2585603103533393,-0.10016527603392605,0.28233881569725605,0.2544798651139082,1,29,12.100185034013606,0.10942682819253674,19,0.8466326650341804,0.09383838383838383,5000,2.4217180746399847,8.602325267042627,0.06989441929387603,0.0812,0.9656
thr0,N2Vp1q2,N2V,2.0,3,5,9900,40,2.9851633121154357,0.16743745454545467,0.25846939203586344,-0.10089018811192703,0.2748763171694502,0.23850239180383442,1,29,11.482488355342136,0.1142762621339521,19,0.846813427201306,0.09343434343434344,5000,2.537379222684564,8.602325267042627,0.07323257366539208,0.103,0.9652
thr0,N2Vp1q2,N2V,2.0,3,6,9900,62,3.5459272412163227,0.18006921212121219,0.25635354864517323,-0.09984022499104782,0.27703397678548003,0.22724844167408725,1,25,10.57571380552221,0.12175673732042011,19,0.8518223599632688,0.0906060606060606,5000,2.667700333247842,10.295630140987,0.07699383656380251,0.1268,0.9676
thr0,N2Vp1q2,N2V,2.0,3,7,9900,77,4.148541912527822,0.18993490909090904,0.2506219771653014,-0.10797425510847274,0.27874248903633864,0.21225047488919252,1,25,10.384159103641457,0.12480982024729166,17,0.8530328946025917,0.08545454545454545,5000,2.793773694620972,10.44030650891055,0.08063250304355445,0.1574,0.9692
thr0,N2Vp1q2,N2V,2.0,3,8,9900,93,4.872124793147236,0.19819620202020216,0.24324630028256222,-0.10030441109883954,0.2860203696079303,0.19766754939906295,1,22,9.46817286914766,0.13384297172606496,19,0.8513884858687888,0.09121212121212122,5000,2.949162334699291,12.041594578792296,0.0851172524769722,0.1906,0.974
thr0,N2Vp1q2,N2V,2.0,3,9,9900,116,5.664132766805524,0.205112686868687,0.23644700425016077,-0.09759299531662637,0.2869040829452829,0.17887690933699166,1,20,8.98741512605042,0.14044563304946725,18,0.8504222375267829,0.08949494949494949,5000,3.1339125813606157,13.038404810405298,0.09044942195616036,0.2314,0.9696
thr0,N2Vp1q2,N2V,2.0,3,10,9900,156,6.695729982608319,0.21302416161616167,0.22877786694461624,-0.10259764511319411,0.28786347101900034,0.1546379336646621,1,20,8.430200240096038,0.14873718398413363,16,0.848113468013468,0.08232323232323233,5000,3.378868372703882,13.601470508735444,0.09751921383982326,0.279,0.9756
thr0,N2Vp1q2,N2V,2.0,3,11,9900,185,7.722745625747361,0.21967652525252523,0.22018830475464127,-0.10050029089778263,0.29039866206942894,0.13697844945092585,1,18,7.777416886754702,0.16013458406010342,15,0.846277900214264,0.07919191919191919,5000,3.658092249090514,18.601075237738275,0.10557803410358577,0.3204,0.9808
thr0,N2Vp1q2,N2V,2.0,3,12,9900,203,8.587432678047612,0.22538808080808082,0.21238362566264837,-0.11343859750477257,0.2979951962971044,0.12348152942347904,1,16,7.356446258503401,0.16793576228315724,17,0.8485013161922251,0.08383838383838384,5000,3.8996557669014758,17.0,0.11254991988037795,0.3676,0.9808
thr0,N2Vp1q2,N2V,2.0,3,13,9900,226,9.528357675906168,0.22831587878787873,0.20475504782236326,-0.11639016105529748,0.3078703620087864,0.1127668342536883,1,15,6.905052901160464,0.17623608873896987,17,0.846835705540251,0.08434343434343435,5000,4.1881890695283746,16.64331697709324,0.1208774241614241,0.409,0.9844
thr0,N2Vp1q2,N2V,2.0,3,14,9900,235,10.493807697875924,0.2322348686868687,0.19593387590342912,-0.13034370879392587,0.3093273604111516,0.09924426895875978,1,13,6.5857494997999195,0.18424737928560259,16,0.8405447658402205,0.08363636363636363,5000,4.49140675586144,23.021728866442675,0.1296287418014978,0.4598,0.9828
thr0,N2Vp1q2,N2V,2.0,3,15,9900,238,10.851211913883168,0.23153402020202019,0.19399621214346138,-0.13256605268029453,0.30821742922829354,0.09377173217613843,1,12,6.1040412965186075,0.19504355832953668,16,0.8416524334251607,0.08333333333333333,5000,4.696765372504159,23.021728866442675,0.1355556997771368,0.4802,0.9856
thr0,N2Vp1q2,N2V,2.0,3,16,9900,232,11.64717991618572,0.23276105050505058,0.18796785071630479,-0.14473917905787392,0.32773910871000983,0.08986932908824381,1,14,6.457088755502201,0.18839461154114215,16,0.8420219824507704,0.07797979797979798,5000,4.8710498588985995,23.021728866442675,0.1405858117030602,0.518,0.9832
thr0,N2Vp1q2,N2V,2.0,3,17,9900,259,12.217331950962125,0.2364805656565656,0.1814995129629616,-0.15277915319155533,0.32845326652846163,0.08447706076750286,1,13,6.077745018007203,0.197584475580442,15,0.8453975818794002,0.0707070707070707,5000,5.161628552086706,23.021728866442675,0.14897234902639225,0.554,0.982
thr0,N2Vp1q2,N2V,2.0,3,18,9900,250,12.873663037379842,0.24028711111111112,0.17409000877036623,-0.16564381225444666,0.32729903420737094,0.07730926608433211,1,13,5.929543017206883,0.2029412368024133,15,0.8450157534945416,0.07,5000,5.408982685981773,21.840329667841555,0.1561113606766668,0.5926,0.9856
thr0,N2Vp1q2,N2V,2.0,3,19,9900,262,13.363532467128593,0.24265822222222222,0.1680060843746731,-0.17681075380956823,0.3350112095997566,0.07494395656376612,1,12,5.837055462184874,0.2058702106181578,15,0.8446073359861237,0.0696969696969697,5000,5.62251070652052,19.697715603592208,0.16227409991325004,0.62,0.9852
thr0,N2Vp1q2,N2V,2.0,3,20,9900,259,14.043019618301473,0.2457441212121212,0.1607533526004847,-0.192127882594955,0.3391721212387034,0.06898697209030652,1,12,5.851422809123649,0.2058363178113958,14,0.8456305428017549,0.06575757575757575,5000,5.90339929238438,19.697715603592208,0.17038096619170862,0.6568,0.986
thr0,N2Vp1q2,N2V,2.0,3,21,9900,260,14.60079449893053,0.24785923232323226,0.15330797327275547,-0.19941660765596358,0.35433934202671635,0.06881461071623675,1,12,5.541522849139656,0.21392742585057106,14,0.8478290684624018,0.06080808080808081,5000,6.082337177590557,18.867962264113206,0.17554538219336036,0.6854,0.9856
thr0,N2Vp1q2,N2V,2.0,3,22,9900,272,15.222693585564942,0.24953862626262624,0.1472870632598802,-0.20997108921406601,0.35370815700960423,0.06290291508804455,1,11,5.443919967987195,0.21758943643258166,14,0.8454783746556471,0.06272727272727273,5000,6.325825779909436,24.08318915758459,0.18257282879912826,0.717,0.9884
thr0,N2Vp1q2,N2V,2.0,3,23,9900,274,15.615812498874337,0.2500789494949496,0.1435108130059812,-0.21081303986190636,0.36027331105310634,0.06241478604433135,1,11,5.330959903961585,0.22231916631587698,13,0.8472654780124476,0.05444444444444444,5000,6.497024978996048,25.079872407968907,0.18751389470148946,0.7336,0.9868
thr0,N2Vp1q2,N2V,2.0,3,24,9900,272,16.029822207373357,0.25072646464646464,0.13828427931353796,-0.2206586487406966,0.36079844131661304,0.05867560340978491,1,12,5.364529171668668,0.22113270009879854,12,0.8433023722069178,0.05444444444444444,5000,6.6149897470835555,25.079872407968907,0.1909185350058068,0.7542,0.982
thr0,N2Vp1q2,N2V,2.0,3,25,9900,282,16.2872219853479,0.2511927676767678,0.13426003772698714,-0.2215503314055112,0.37069187076428073,0.05967758060484879,1,11,5.201719727891157,0.22592400758283115,12,0.8463095296398326,0.05282828282828283,5000,6.772146973017711,25.079872407968907,0.19545432848215405,0.7692,0.9864
thr0,N2Vp1q2,N2V,2.0,3,26,9900,270,16.399951219439647,0.2516315555555555,0.1318646719752505,-0.2278730394907578,0.3637181520102204,0.057174838030570344,1,11,5.074031852741096,0.2299585998555266,13,0.8461545250484644,0.05333333333333334,5000,6.827112826420143,23.769728648009426,0.1970407255300955,0.7794,0.9876
thr0,N2Vp1q2,N2V,2.0,3,27,9900,281,16.514333168493362,0.2516274343434344,0.13198370914409888,-0.22797403277209616,0.36723583041138363,0.05698660518011197,1,11,5.120140856342537,0.22970297186695748,13,0.8468174267931844,0.052525252525252523,5000,6.862625854980051,23.259406699226016,0.19806568484908252,0.7836,0.9888
thr0,N2Vp1q2,N2V,2.0,3,28,9900,286,16.86722265223294,0.25259212121212116,0.12464917769928269,-0.23505366104862527,0.37097891838638114,0.05561646354833462,1,10,4.983613285314125,0.2341726458202328,13,0.8459709315375982,0.05292929292929293,5000,7.053659594501704,23.259406699226016,0.20357920536545746,0.803,0.9884
thr0,N2Vp1q2,N2V,2.0,3,29,9900,295,16.9162643630324,0.2521443636363636,0.12475244595650486,-0.23351520595862701,0.3668213306024963,0.05460010135896089,1,10,4.870582793117247,0.2381598462877214,12,0.8440019028670545,0.05383838383838384,5000,7.121359913422541,23.259406699226016,0.2055331382061683,0.8034,0.9896
thr0,N2Vp1q2,N2V,2.0,3,30,9900,285,16.972424694191456,0.2522865858585859,0.1257672805293921,-0.23540192664832033,0.3680921644196877,0.054780009659649034,1,9,4.86084193677471,0.23867179138321995,12,0.8419394500561166,0.05454545454545454,5000,7.0830307015324125,23.259406699226016,0.20442689960841132,0.8078,0.99
thr0,N2Vp1q2,N2V,2.0,4,0,4900,4,0.27712812921102037,0.0188395102040817,0.03612824436332547,0.6504952980918245,0.0,0.0,1,98,33.333333333333336,0.046482951803896395,20,0.8645176384839652,0.08183673469387755,0,,,,,0.0
thr0,N2Vp1q2,N2V,2.0,4,1,9453,13,1.2944907261158731,0.09368382524066443,0.21262414823349668,0.026642611256945378,0.36049393495393794,0.34776778056729407,1,39,15.371237454981992,0.08999751017295365,17,0.850468993072667,0.08674494869353644,4553,1.8987176512696222,6.082762530298219,0.054799841909034454,0.04107182077750934,0.0
thr0,N2Vp1q2,N2V,2.0,4,2,9875,17,1.8098618731825917,0.12357780253164563,0.24526418211913595,-0.05561237775129624,0.3129768070491613,0.2967521320190497,1,34,13.632478591436575,0.09971131047813564,18,0.8518822496394809,0.08941772151898734,4975,2.151252207885803,7.211102550927978,0.062088368336268726,0.05206030150753769,0.802
thr0,N2Vp1q2,N2V,2.0,4,3,9898,22,2.161606217607638,0.1415027278238028,0.25612853655421125,-0.07591985601601833,0.2968676791079588,0.2758648528640052,1,31,12.667933413365347,0.10542084161254403,20,0.8527433754381578,0.09244291776116387,4998,2.288185414608831,7.280109889280518,0.06604046625641045,0.06302521008403361,0.9556
thr0,N2Vp1q2,N2V,2.0,4,4,9899,23,2.5077223450773016,0.15462083038690788,0.25867145737152253,-0.07974033575664015,0.2819319747746007,0.2548785918223014,1,27,11.700161984793917,0.11195693249965169,22,0.8536357528238971,0.0974845944034751,4999,2.437124789549977,9.0,0.07033908021586228,0.08061612322464493,0.9628
thr0,N2Vp1q2,N2V,2.0,4,5,9900,34,2.8953756233000236,0.1649632323232324,0.25948203561096606,-0.09329389042087446,0.2789682843735597,0.2444832693987618,1,26,11.361047779111646,0.11487172402491085,21,0.8566998061422303,0.09161616161616161,5000,2.5436710025594125,9.055385138137417,0.07341416387825896,0.1034,0.9632
thr0,N2Vp1q2,N2V,2.0,4,6,9900,47,3.418771709254656,0.17745422222222218,0.2577168714305874,-0.10378990957179036,0.2765394191776815,0.22991409802930773,1,23,10.661360544217686,0.12034691283644977,19,0.8532159983675134,0.09,5000,2.649242668502568,10.04987562112089,0.07646112064926165,0.1262,0.9632
thr0,N2Vp1q2,N2V,2.0,4,7,9900,54,3.9193877072828607,0.18514719191919204,0.251827266860562,-0.11444814865704667,0.2773296968575213,0.21900581461634935,1,23,10.33652949179672,0.12379500374589825,21,0.8536367972655854,0.09202020202020202,5000,2.762146716292,10.04987562112089,0.07971970096825419,0.1486,0.9632
thr0,N2Vp1q2,N2V,2.0,4,8,9900,57,4.550076922426697,0.197016606060606,0.2451228565534809,-0.11939035229146999,0.28587509946031864,0.21012427558879931,1,22,9.583462505002,0.13173259193179307,20,0.8541655239261299,0.08949494949494949,5000,2.872649772118336,10.816653826391969,0.08290898505464758,0.178,0.9688
thr0,N2Vp1q2,N2V,2.0,4,9,9900,73,5.104037617416235,0.20584723232323232,0.23797116923260406,-0.11893499764609554,0.28322886583003626,0.19224908975779642,1,20,8.769671708683473,0.1412831953846294,21,0.853473268033874,0.09383838383838383,5000,3.020649022014135,10.816653826391969,0.08718046559390644,0.1952,0.9704
thr0,N2Vp1q2,N2V,2.0,4,10,9900,87,5.748599829523707,0.21243729292929303,0.2309009917843994,-0.13103538898035286,0.292430271995893,0.18109382967873533,1,19,8.557131652661065,0.14528927507193143,20,0.8595908325681052,0.08585858585858586,5000,3.196390109911142,13.038404810405298,0.0922526172259503,0.227,0.972
thr0,N2Vp1q2,N2V,2.0,4,11,9900,107,6.449434083700678,0.21791947474747486,0.22469372333649143,-0.13001096919679056,0.2943637931910104,0.1647607508589069,1,18,8.024703641456583,0.15329185293901695,21,0.8532585501479443,0.09535353535353536,5000,3.3664323889919148,13.152946437965905,0.09716029268009028,0.262,0.976
thr0,N2Vp1q2,N2V,2.0,4,12,9900,105,7.086776418090245,0.22222339393939405,0.21721797933362538,-0.14547521819605647,0.29988011850849194,0.15234678488186096,1,18,7.717817366946779,0.15853917679443066,21,0.8559617181920215,0.08969696969696969,5000,3.6282170710154227,15.811388300841896,0.1047157916135428,0.2974,0.9724
thr0,N2Vp1q2,N2V,2.0,4,13,9900,131,7.8273878145905105,0.22577183838383852,0.20875997755450032,-0.1413057398434904,0.30746814782708154,0.1415299152957069,1,17,7.632100520208083,0.16143086772765822,19,0.8573260687684934,0.08363636363636363,5000,3.791236273339596,14.866068747318506,0.10942077052893238,0.3336,0.9796
thr0,N2Vp1q2,N2V,2.0,4,14,9900,136,8.428665374779094,0.22950307070707066,0.20184966617097996,-0.1484426605171574,0.3068300527582688,0.12987012987012986,1,16,7.150955742296919,0.1700200870731243,17,0.8555026731966127,0.08050505050505051,5000,4.070471766524432,16.1245154965971,0.11747992607093105,0.3626,0.9812
thr0,N2Vp1q2,N2V,2.0,4,15,9900,151,8.945255725802365,0.23211628282828278,0.19565297793433864,-0.15091545708550927,0.3126825327492016,0.12309381119088589,1,15,6.857363425370148,0.17573405624742955,18,0.8545682787470666,0.08212121212121212,5000,4.2323156802739135,16.492422502470642,0.12215098439362612,0.3822,0.9792
thr0,N2Vp1q2,N2V,2.0,4,16,9900,176,9.47054380698384,0.23473874747474754,0.18991104402992234,-0.1558407547876238,0.31717246170931973,0.11505242993655258,1,15,6.676526290516207,0.17991942951450757,20,0.8548416743189468,0.08555555555555555,5000,4.41432282030362,16.15549442140351,0.12740398369727407,0.4078,0.9832
thr0,N2Vp1q2,N2V,2.0,4,17,9900,183,9.949391941219321,0.23657898989898984,0.18505192894715944,-0.15569113256565387,0.31921103146501756,0.10962516775381542,1,14,6.4572427370948375,0.184925905701608,19,0.8540067646158556,0.08272727272727273,5000,4.6006213038135435,17.46424919657298,0.13278083761623885,0.4298,0.9828
thr0,N2Vp1q2,N2V,2.0,4,18,9900,186,10.511365277641149,0.23778787878787888,0.1773382008341377,-0.16369061145801708,0.3223810795392025,0.10130239716579792,1,14,6.206877631052421,0.19093652470512013,18,0.8530748290990715,0.07818181818181819,5000,4.751257808190807,19.6468827043885,0.1371284332790715,0.4568,0.9808
thr0,N2Vp1q2,N2V,2.0,4,19,9900,190,10.810883405161672,0.2399458585858587,0.17423190040140532,-0.16607973818295552,0.3223967677041816,0.09830290491234937,1,14,6.087367426970788,0.19458296573374603,17,0.8501421487603306,0.08121212121212121,5000,4.892460250298594,19.026297590440446,0.14120374774170485,0.4708,0.984
thr0,N2Vp1q2,N2V,2.0,4,20,9900,197,11.20906775784677,0.24104791919191926,0.16971171110667954,-0.1747698275446908,0.3273347129876249,0.0938056942215444,1,14,5.991707082833133,0.19697458457064704,18,0.8488693653708805,0.08666666666666667,5000,5.104071819676555,23.259406699226016,0.14731117532067156,0.4928,0.9816
thr0,N2Vp1q2,N2V,2.0,4,21,9900,203,11.595861330664489,0.24263676767676778,0.16627625250761155,-0.17771363408838906,0.33043313866754126,0.0904483743892336,1,14,5.861162705082033,0.20136674561310822,17,0.8529493010917255,0.07909090909090909,5000,5.243340443167003,23.259406699226016,0.151330676874819,0.5138,0.9852
thr0,N2Vp1q2,N2V,2.0,4,22,9900,194,12.009129860235504,0.24491062626262639,0.15846411101903884,-0.1887667991797697,0.328953129493051,0.08556889164007042,1,12,5.798616406562625,0.20339244060106004,18,0.8497416539128658,0.08515151515151514,5000,5.500802556148845,20.615528128088304,0.15876141997637316,0.5348,0.9856
thr0,N2Vp1q2,N2V,2.0,4,23,9900,194,12.361812164889095,0.2456923636363637,0.15393781228878037,-0.1934460699698032,0.3346598854421166,0.08370259627166449,1,12,5.65130212084834,0.20686780484199446,17,0.8509367870625447,0.08060606060606061,5000,5.640346495444131,21.540659228538015,0.16278886755797237,0.5548,0.9868
thr0,N2Vp1q2,N2V,2.0,4,24,9900,207,12.851863678081868,0.24748327272727266,0.14847559714513028,-0.20360591485864177,0.3379947980344721,0.07860828960144889,1,12,5.65623881552621,0.20790520255432615,17,0.8517055147433934,0.07747474747474747,5000,5.814353328279193,22.847319317591726,0.16781096598533835,0.5816,0.9868
thr0,N2Vp1q2,N2V,2.0,4,25,9900,212,13.05909644653871,0.2480506262626263,0.14576440362489085,-0.20534392911751045,0.34281683008697533,0.07808777952521097,1,12,5.634353581432573,0.2082809245833976,17,0.8544500969288847,0.07545454545454545,5000,5.930550136244972,22.847319317591726,0.17116458030635195,0.589,0.9856
thr0,N2Vp1q2,N2V,2.0,4,26,9900,226,13.37612798981828,0.24906723232323236,0.14079422693569155,-0.2099574725475357,0.353194795930338,0.07754681526155278,1,12,5.734323169267707,0.20623284031072744,17,0.8516660595857568,0.07777777777777778,5000,6.061884275296946,21.37755832643195,0.17495508072777838,0.6042,0.9864
thr0,N2Vp1q2,N2V,2.0,4,27,9900,208,13.52863629491162,0.2497626666666668,0.13987244740823707,-0.21309833684466825,0.3461597349089771,0.07389803826592395,1,12,5.609459143657463,0.20966387718723853,18,0.854598204264871,0.07464646464646464,5000,6.122679975052875,21.213203435596427,0.1767097358936722,0.6154,0.9864
thr0,N2Vp1q2,N2V,2.0,4,28,9900,234,13.891493800164186,0.2510441616161616,0.13230875968906144,-0.2163118498111043,0.3556184473833155,0.07335216724513682,1,12,5.6074689075630255,0.210747931172469,16,0.8539406029996939,0.06757575757575758,5000,6.336847605666831,22.135943621178654,0.18289093523725522,0.6342,0.9896
thr0,N2Vp1q2,N2V,2.0,4,29,9900,245,14.207828827797723,0.25206254545454554,0.1288093263765568,-0.21909626054719003,0.34833922468341744,0.06873605206398285,1,12,5.709853221288515,0.208268829263307,16,0.8521874043464954,0.06868686868686869,5000,6.469914722995679,22.135943621178654,0.1867314520134256,0.6482,0.986
thr0,N2Vp1q2,N2V,2.0,4,30,9900,243,14.436149070995354,0.25240379797979795,0.12645594748727884,-0.22052896180047515,0.3569738195765339,0.06968156079887906,1,12,5.603131172468988,0.2116205917403036,16,0.8507742679318437,0.07141414141414142,5000,6.524504465100858,22.135943621178654,0.18830699392468261,0.6612,0.9868
thr0,N2Vp1q2,N2V,2.0,5,0,4900,4,0.27712812921102037,0.0188395102040817,0.03612824436332547,0.6504952980918245,0.0,0.0,1,98,33.333333333333336,0.046482951803896395,20,0.8622157642648896,0.08408163265306122,0,,,,,0.0
thr0,N2Vp1q2,N2V,2.0,5,1,9421,13,1.3000945196407838,0.0943566500371511,0.21279461629650268,0.010174262217938863,0.36515146631146844,0.3519216277317257,1,39,15.380767346938775,0.08944676469748984,22,0.8490435736634414,0.10115698970385309,4521,1.8842488398298827,10.0,0.054382250289248764,0.0404777704047777,0.0
thr0,N2Vp1q2,N2V,2.0,5,2,9881,18,1.7928014279333895,0.12143159599230846,0.24434070069414848,-0.04643134212099858,0.3159909607386088,0.3009800121809424,1,33,13.779168947579032,0.09874441616071872,19,0.8465976473132186,0.09563809331039369,4981,2.129798000098468,7.0710678118654755,0.061469167690905054,0.0536036940373419,0.7848
thr0,N2Vp1q2,N2V,2.0,5,3,9899,24,2.1486440747597078,0.13896805737953333,0.2542338766429395,-0.0714121386458168,0.2960361735766517,0.27526123020575244,1,33,12.939695558223288,0.10378909585067028,20,0.8484747010570984,0.09728255379331245,4999,2.273900485704957,8.54400374531753,0.06562818176266771,0.06721344268853771,0.9492
thr0,N2Vp1q2,N2V,2.0,5,4,9900,29,2.5915246477701115,0.1567816969696969,0.25835705664524744,-0.09686727503504292,0.28730848743791493,0.2592226571135066,1,29,12.27303593437375,0.10819324449640132,18,0.8484259718396083,0.09191919191919191,5000,2.4063315613777334,10.198039027185569,0.06945034142177176,0.0856,0.9644
thr0,N2Vp1q2,N2V,2.0,5,5,9900,31,2.9808723555362113,0.16906549494949497,0.2586846444515969,-0.10120270944490632,0.28038571842227905,0.2442127739747535,1,26,11.494678191276511,0.11374503691933806,17,0.8469361136618714,0.08737373737373737,5000,2.530632339651869,10.198039027185569,0.07303784849215571,0.104,0.966
thr0,N2Vp1q2,N2V,2.0,5,6,9900,36,3.393051723743686,0.17781664646464646,0.2554813740833108,-0.10342593619286408,0.2791648304195932,0.2326566062316795,1,26,10.797479951980792,0.11955994918009887,19,0.8488642536475871,0.09363636363636364,5000,2.6194069737747228,10.198039027185569,0.07560001770789548,0.1254,0.9724
thr0,N2Vp1q2,N2V,2.0,5,7,9900,49,4.020646714149355,0.18779139393939404,0.25055117350173456,-0.10785994307285199,0.27954793231604375,0.21679535591500876,1,24,10.32083649459784,0.12475793533263446,22,0.8507144934190389,0.09909090909090909,5000,2.7659676449431747,11.045361017187261,0.07982997870538382,0.1546,0.9648
thr0,N2Vp1q2,N2V,2.0,5,8,9900,58,4.687003307018249,0.1968462626262626,0.24555352529130295,-0.11463475027627594,0.2845105817487202,0.2032552517505835,1,22,9.694930452180872,0.13159908030583184,21,0.8481768799102134,0.0995959595959596,5000,2.9136535819890246,12.083045973594572,0.08409241656542504,0.1908,0.9696
thr0,N2Vp1q2,N2V,2.0,5,9,9900,70,5.429622454646363,0.20665563636363649,0.2381000113015556,-0.12638740434517468,0.28798158542548846,0.1867899277707647,1,20,9.16424649859944,0.1377848703476405,21,0.8517100908070607,0.09717171717171717,5000,3.0881333244256766,12.083045973594572,0.08912816387385927,0.2268,0.9668
thr0,N2Vp1q2,N2V,2.0,5,10,9900,80,5.994464112829436,0.21153018181818184,0.23109238944803676,-0.12927185959694437,0.2891257906977446,0.17297773859378443,1,19,8.745869867947178,0.1435386629433572,19,0.8502854096520763,0.09272727272727273,5000,3.2482208418167233,12.083045973594572,0.09374852996081963,0.2518,0.9736
thr0,N2Vp1q2,N2V,2.0,5,11,9900,96,6.689394591440992,0.2191307878787878,0.22264989571368782,-0.14035993365335653,0.2983877329430597,0.1613268725440563,1,18,8.088087394957983,0.15271890224305168,22,0.854038970513213,0.09565656565656566,5000,3.434987030990783,15.264337522473747,0.09913888256740522,0.2798,0.9716
thr0,N2Vp1q2,N2V,2.0,5,12,9900,117,7.432738391736923,0.2240593131313131,0.21416169105838315,-0.1443954152613366,0.3030602338656254,0.14672336713553594,1,16,7.616451060424169,0.16070461164241476,20,0.8555398683807773,0.0897979797979798,5000,3.638455358571092,15.264337522473747,0.10501128396286327,0.315,0.978
thr0,N2Vp1q2,N2V,2.0,5,13,9900,126,7.9552246982721995,0.22779527272727274,0.20762356817430846,-0.14893105651857846,0.30721353778057636,0.13866476984046336,1,16,7.20856918767507,0.16828904175989406,22,0.8516008009386796,0.09595959595959595,5000,3.843499274916976,15.524174696260024,0.11092915921548457,0.342,0.976
thr0,N2Vp1q2,N2V,2.0,5,14,9900,162,8.584264674391163,0.2299818181818183,0.20252964733577197,-0.14403598417744407,0.30486802414267594,0.12655958162121778,1,14,6.810607763105242,0.17634048860392199,18,0.8547904805632079,0.08040404040404041,5000,4.113100572938652,16.0312195418814,0.11871025742151815,0.3706,0.9804
thr0,N2Vp1q2,N2V,2.0,5,15,9900,165,9.056003533568216,0.2330034343434344,0.1970282102734068,-0.15429990957701611,0.3135545245958128,0.12168609886447357,1,14,6.916924529811925,0.17500771371085896,20,0.8565275124987246,0.08393939393939394,5000,4.263371738035734,16.1245154965971,0.12304730884425079,0.3954,0.9808
thr0,N2Vp1q2,N2V,2.0,5,16,9900,179,9.48792917342873,0.23454698989899003,0.1933532373874573,-0.15368692376877177,0.31291886511094547,0.11404487554823955,1,14,6.579908123249299,0.18192858191739347,19,0.8559884246505458,0.08181818181818182,5000,4.444774048882205,21.93171219946131,0.12828285186965688,0.4152,0.9784
thr0,N2Vp1q2,N2V,2.0,5,17,9900,189,10.053974338538964,0.23617874747474743,0.18623760100145142,-0.1585573437319124,0.31778422247228183,0.1072302820985215,1,13,6.445836894757903,0.18586357563116265,18,0.8527161667176818,0.08202020202020202,5000,4.669333731334854,18.24828759089466,0.1347639814306106,0.443,0.9832
thr0,N2Vp1q2,N2V,2.0,5,18,9900,198,10.495484743450394,0.23636905050505064,0.1821262844006384,-0.15971667247455795,0.3172154115957554,0.10072162248668781,1,13,6.02813381352541,0.19548861288193817,18,0.8529014335271909,0.08252525252525253,5000,4.859510132693968,17.204650534085253,0.14025275788051608,0.4672,0.9824
thr0,N2Vp1q2,N2V,2.0,5,19,9900,204,11.020598894796962,0.24016707070707066,0.17797181647306817,-0.16535398298114068,0.3234057905351742,0.09581754226710541,1,12,5.95952525010004,0.1977352973166178,17,0.8542181920212224,0.07676767676767676,5000,5.087805548798377,17.72004514666935,0.14684170632301535,0.4932,0.9836
thr0,N2Vp1q2,N2V,2.0,5,20,9900,213,11.290668713588225,0.2400029494949496,0.17573245765769957,-0.16540133051497383,0.330953664938939,0.09524394686140869,1,12,6.067936614645858,0.1956297200207644,19,0.8561214825017855,0.08040404040404041,5000,5.183418726092297,19.4164878389476,0.14960124616119178,0.5064,0.9824
thr0,N2Vp1q2,N2V,2.0,5,21,9900,218,11.574765656375078,0.24110751515151518,0.17199670587587695,-0.17598911860091132,0.32665597910799027,0.08930955135458117,1,12,5.847350140056022,0.20068490213978807,18,0.8566350678502194,0.07868686868686868,5000,5.259882695712685,21.633307652783937,0.15180811111772313,0.5218,0.982
thr0,N2Vp1q2,N2V,2.0,5,22,9900,226,11.90902179022274,0.2421150303030304,0.17011231039305758,-0.17367997323875942,0.32473367700002265,0.08551237036645253,1,12,5.790400640256102,0.2026665836666557,16,0.8526457198245075,0.07757575757575758,5000,5.408747236997468,22.090722034374522,0.1561045652655066,0.535,0.9856
thr0,N2Vp1q2,N2V,2.0,5,23,9900,230,12.343710949305319,0.24325280808080807,0.1649980358722152,-0.18156390747456957,0.3353539300750151,0.08311869852143323,1,11,5.755063305322129,0.2038982847280326,17,0.8553014947454342,0.07333333333333333,5000,5.509245839528309,20.248456731316587,0.1590051058103772,0.5562,0.9848
thr0,N2Vp1q2,N2V,2.0,5,24,9900,230,12.480544859900949,0.2428740202020203,0.1647794739035181,-0.17816588533045996,0.33859602364584024,0.08294043227348194,1,12,5.78461112444978,0.20381397020568692,17,0.8548886083052748,0.07474747474747474,5000,5.57366013262027,20.248456731316587,0.16086419901244506,0.5654,0.9844
thr0,N2Vp1q2,N2V,2.0,5,25,9900,238,12.674762325187798,0.24368036363636358,0.16432767368389414,-0.1810861741634745,0.33461176683863275,0.0791437694935393,1,11,5.660993997599039,0.20676503088392645,17,0.8548394245485156,0.0708080808080808,5000,5.656383250163151,20.248456731316587,0.16325171237470887,0.5728,0.9876
thr0,N2Vp1q2,N2V,2.0,5,26,9900,237,12.999692304050892,0.24426565656565669,0.1615854255166593,-0.18214602298354193,0.3408155566503721,0.0786600797860932,1,11,5.71649587835134,0.20634283417263008,17,0.8562545148454239,0.0696969696969697,5000,5.744598148925987,20.615528128088304,0.165797726787643,0.5924,0.9876
thr0,N2Vp1q2,N2V,2.0,5,27,9900,243,13.174824477009171,0.24487454545454557,0.16109777918141516,-0.1843867756945247,0.3367933436345465,0.0759778336684438,1,11,5.588396958783513,0.2089457458250255,17,0.8537510713192533,0.07393939393939394,5000,5.859740053891751,20.248456731316587,0.16912089502437888,0.5972,0.9824
thr0,N2Vp1q2,N2V,2.0,5,28,9900,247,13.45008550158697,0.24531074747474757,0.15724713860033987,-0.18694913349388975,0.34390865367182366,0.07558062578273753,1,11,5.61338743497399,0.2089713494748549,17,0.8560122691562083,0.06787878787878789,5000,5.937109481089651,20.248456731316587,0.1713538928459362,0.6098,0.9828
thr0,N2Vp1q2,N2V,2.0,5,29,9900,257,13.710667379817805,0.24644949494949508,0.15315838416527677,-0.1876912789667625,0.34954129116790467,0.07453391589727368,1,11,5.557350940376151,0.2107585532337033,16,0.8553355933068052,0.06575757575757575,5000,6.02237704823595,19.4164878389476,0.1738148428436679,0.6214,0.986
thr0,N2Vp1q2,N2V,2.0,5,30,9900,254,13.816946116997055,0.24616864646464642,0.1518930132221288,-0.1938704290467936,0.3417143154519842,0.07083345542629979,1,10,5.4753389355742295,0.21290537459428216,18,0.8533940057137027,0.0703030303030303,5000,6.073906088366767,19.4164878389476,0.17530204830099586,0.629,0.9872
h30,RWI,RWI,,1,0,4900,4,0.27712812921102037,0.0188395102040817,0.03612824436332547,0.6504952980918245,0.0,0.0,1,98,33.333333333333336,0.046482951803896395,22,0.862310537276135,0.08755102040816326,0,,,,,0.0
h30,RWI,RWI,,1,1,9453,12,1.1752898536105891,0.0840573786099652,0.19815215762175065,0.01114454352226183,0.355061789321792,0.34506987029688996,1,38,15.164411364545819,0.0906639343063369,22,0.8463590585274765,0.10536337670580768,4553,1.9197239029981379,7.615773105863909,0.05540611387003629,0.03953437294091808,0.0
h30,RWI,RWI,,1,2,9895,15,1.2962036876972691,0.089230560889338,0.21056382165592266,-0.03789547869585389,0.345994993894996,0.33481725125471407,1,35,14.244455222088835,0.09577784086462504,20,0.8450782330181916,0.09984840828701365,4995,2.0314786740312973,8.0,0.05863152433646474,0.04044044044044044,0.194
h30,RWI,RWI,,1,3,9900,13,1.3293607486307093,0.09158226262626257,0.2129300987860936,-0.06587734847472704,0.3409757065157093,0.32902979481595657,1,35,14.26295094037615,0.0958299550520543,19,0.8474395775941233,0.09686868686868687,5000,2.0641655069384583,8.0,0.0595749154060225,0.0416,0.2236
h30,RWI,RWI,,1,4,9900,14,1.3514436725220922,0.09296905050505044,0.2152135630260718,-0.06755696789956518,0.3353956132756154,0.32381234902741873,1,35,14.255248659463785,0.09602941328015059,18,0.8496975767778798,0.09171717171717171,5000,2.10474287803907,9.219544457292887,0.06074603925369456,0.042,0.2336
h30,RWI,RWI,,1,5,9900,15,1.3652838532700808,0.09420420202020208,0.21700327012327747,-0.0794957676213755,0.33213625041625205,0.3197436404189842,1,34,14.171857863145258,0.09644423049685723,19,0.8479838791960005,0.09444444444444444,5000,2.124704446313352,9.219544457292887,0.06132216008185224,0.0416,0.22
h30,RWI,RWI,,1,6,9900,14,1.3646977687385584,0.09428686868686875,0.216703887606079,-0.08599561324698142,0.328194030414032,0.3158563442317466,1,34,14.15801200480192,0.09652754309230199,20,0.8518933221099891,0.09595959595959595,5000,2.1580671435192205,9.219544457292887,0.06228505760972747,0.0412,0.216
h30,RWI,RWI,,1,7,9900,15,1.3836184445142383,0.0952279191919192,0.21822456880567842,-0.09006805680374701,0.3273202841602854,0.31450896320221156,1,35,14.208589035614246,0.09637619701652606,19,0.8511320477502295,0.09313131313131313,5000,2.1732835166408226,9.219544457292887,0.06272422498194583,0.0426,0.2244
h30,RWI,RWI,,1,8,9900,14,1.3997142565538152,0.09649313131313142,0.21952528797450355,-0.09466339565669823,0.3246974580974595,0.3118085601138718,1,34,14.198611924769908,0.09647399370592538,20,0.8541857310478524,0.09313131313131313,5000,2.190315171144349,9.219544457292887,0.06321578410007928,0.0416,0.2248
h30,RWI,RWI,,1,9,9900,13,1.404563989286355,0.09695802020202016,0.2196118389082188,-0.09510293601712931,0.32118640248640373,0.3085636993828726,1,35,14.113055782312925,0.09684665732040273,19,0.8523931231506988,0.09242424242424242,5000,2.208590475995326,9.219544457292887,0.06374323683429876,0.042,0.2156
h30,RWI,RWI,,1,10,9900,13,1.4159096016342285,0.09794820202020205,0.22088801679131156,-0.09637137127105748,0.31922478854478975,0.30670008730672826,1,34,14.119615526210485,0.09682863643275494,20,0.8525495867768594,0.09242424242424242,5000,2.2328939324051036,9.219544457292887,0.06444467107240592,0.0414,0.2228
h30,RWI,RWI,,1,11,9900,15,1.4161920773680383,0.09704440404040415,0.2195053040969169,-0.10774854439310357,0.31700239760239823,0.3039498697458283,1,34,13.942516846738695,0.09773915922032222,18,0.8537545607591063,0.088989898989899,5000,2.253037019411467,9.219544457292887,0.06502603080368062,0.0432,0.2308
h30,RWI,RWI,,1,12,9900,14,1.405702671264446,0.09676282828282834,0.21997712335264516,-0.09887265696214252,0.31448449550449603,0.3027135168643805,1,33,13.97050980392157,0.0975954061051559,19,0.8518552137536983,0.09090909090909091,5000,2.265801650729444,9.219544457292887,0.06539443722671277,0.042,0.2192
h30,RWI,RWI,,1,13,9900,15,1.407693148381422,0.09641773737373738,0.2189065367124219,-0.10495905271931309,0.31261890775890827,0.3003592308234134,1,33,13.956173829531812,0.09774078138291682,20,0.8570182940516273,0.0893939393939394,5000,2.2928370522844324,9.219544457292887,0.06617471950310598,0.0444,0.22
h30,RWI,RWI,,1,14,9900,15,1.4167568598739868,0.0974056565656567,0.22011387932563958,-0.10248823837473915,0.30977497169497253,0.298534153794162,1,33,13.921842657062825,0.09783574240942247,20,0.854973645546373,0.09232323232323232,5000,2.311302828975034,9.219544457292887,0.06670766954056724,0.0438,0.2272
h30,RWI,RWI,,1,15,9900,15,1.4099645385611654,0.0969999191919193,0.21945064273976211,-0.1061905693226575,0.30985814407814516,0.2979589536996605,1,33,13.867212164865947,0.09808862095216674,20,0.8574957759412303,0.08959595959595959,5000,2.3140202278358872,9.219544457292887,0.06678609775124879,0.043,0.22
h30,RWI,RWI,,1,16,9900,14,1.4201408380861384,0.09774359595959603,0.22029023651429802,-0.10820059767318528,0.3087784237984247,0.29645637697278576,1,34,13.891000240096039,0.09809402144695406,20,0.8546142995612694,0.0902020202020202,5000,2.3313109485501005,8.48528137423857,0.06728513390915176,0.0436,0.2288
h30,RWI,RWI,,1,17,9900,16,1.4249210504445502,0.09803147474747487,0.22060516965616334,-0.11554557938048031,0.3098872105672116,0.2982011654421079,1,34,13.914919887955183,0.09789027816829744,21,0.8557687276808491,0.09353535353535354,5000,2.3387993625551413,9.486832980505138,0.06750126077949041,0.0438,0.2228
h30,RWI,RWI,,1,18,9900,14,1.4327595750857853,0.09856238383838378,0.22148992144551166,-0.11703378933672035,0.30763997335997334,0.29643751582857303,1,34,13.954220728291316,0.09767951339127451,21,0.8577065146413632,0.09181818181818181,5000,2.3405358509737315,9.486832980505138,0.06755137844219396,0.0426,0.22
h30,RWI,RWI,,1,19,9900,14,1.426043477598071,0.09858832323232325,0.2214163874173595,-0.12227783333720492,0.3030737218337228,0.29210415200562984,1,34,13.930769107643057,0.09778314978019104,21,0.8584024742373226,0.09,5000,2.3562147825096886,9.486832980505138,0.06800389594467701,0.0424,0.2348
h30,RWI,RWI,,1,20,9900,14,1.4463747785411636,0.09989426262626266,0.2227616728667954,-0.11884886880070644,0.3059109890109898,0.29378682001602857,1,33,13.996229531812725,0.09744962809971677,21,0.8578183144577084,0.0905050505050505,5000,2.3607835225617264,8.06225774829855,0.06813575664150455,0.0428,0.238
h30,RWI,RWI,,1,21,9900,16,1.4458215657542253,0.09973058585858596,0.22234365352606378,-0.12182038740268548,0.30853400155400157,0.2963681613025689,1,33,13.88531668667467,0.09784173163413006,21,0.8608514539332721,0.08878787878787879,5000,2.3681384368292324,8.06225774829855,0.06834803050899839,0.0434,0.2392
h30,RWI,RWI,,1,22,9900,14,1.4604109010822945,0.10076080808080823,0.22375469101176843,-0.12655115602394137,0.30676355644355724,0.29412425885857196,1,33,13.874118927571029,0.09786586099265172,20,0.8612533568003264,0.08272727272727273,5000,2.3831064710273093,9.0,0.0687800304470593,0.0436,0.2396
h30,RWI,RWI,,1,23,9900,16,1.4521707888537077,0.10018816161616173,0.22266487175875982,-0.12353030075285434,0.3020960717060724,0.28969414145957495,1,32,13.89668443377351,0.09782086394505475,20,0.8602177634935213,0.08777777777777777,5000,2.4080895067108607,9.0,0.06950107836324154,0.0434,0.2556
h30,RWI,RWI,,1,24,9900,14,1.4617797371697283,0.10052820202020207,0.22370618121397834,-0.12378461438453403,0.30288733710733784,0.29047893339327613,1,32,13.993839135654262,0.09737186500562431,23,0.8601829609223548,0.09262626262626263,5000,2.4039616482239645,9.0,0.06938194217026755,0.0438,0.2476
h30,RWI,RWI,,1,25,9900,14,1.4496896219536097,0.09975345454545459,0.22286325190427367,-0.11589647174643415,0.2995585991786004,0.288043860265692,1,33,13.979250900360144,0.09745974251683794,19,0.8618277114580146,0.0811111111111111,5000,2.4140947137005453,9.0,0.06967439765241847,0.0432,0.246
h30,RWI,RWI,,1,26,9900,15,1.444437606821423,0.09911074747474746,0.22195698155777008,-0.12095076211284932,0.29952106338106427,0.2874880476967208,1,33,13.900722849139656,0.09785854971989397,21,0.8629737730843793,0.08404040404040404,5000,2.4162513000549626,9.0,0.06973663997223165,0.0428,0.2668
h30,RWI,RWI,,1,27,9900,16,1.4374978260853126,0.09864666666666677,0.22182812288419843,-0.11268272428708183,0.30215110778110854,0.29037430898425964,1,33,13.973282753101241,0.09750386882462804,21,0.8648830527497198,0.08262626262626263,5000,2.420194930309776,9.0,0.06985045906185086,0.0448,0.2504
h30,RWI,RWI,,1,28,9900,15,1.426043477598071,0.09809543434343437,0.2213126932618051,-0.11501085312320793,0.303087643467644,0.29197748064743134,1,33,13.948509643857543,0.09759836702190101,20,0.8663774257728803,0.07939393939393939,5000,2.4240177580034525,9.055385138137417,0.06996079160819807,0.043,0.258
h30,RWI,RWI,,1,29,9900,16,1.4218298069740978,0.09773381818181814,0.2204538492819174,-0.1094338865036075,0.30104446109446154,0.29056099106074473,1,32,13.97916574629852,0.09742304889759705,21,0.8645184930109174,0.08343434343434343,5000,2.4360179650723452,9.055385138137417,0.07030713559979222,0.043,0.2528
h30,RWI,RWI,,1,30,9900,14,1.41336477952438,0.0974529696969697,0.21976543665431256,-0.12013583239401371,0.30108031302031313,0.29047250193648333,1,32,13.98837807122849,0.09735966847282251,22,0.8646139424548517,0.08393939393939394,5000,2.438584092059923,9.0,0.07038119787711067,0.0426,0.2444
h30,RWI,RWI,,2,0,4900,4,0.27712812921102037,0.0188395102040817,0.03612824436332547,0.6504952980918245,0.0,0.0,1,98,33.333333333333336,0.046482951803896395,20,0.8653470220741358,0.08204081632653061,0,,,,,0.0
h30,RWI,RWI,,2,1,9432,12,1.2240590835413134,0.08839533502968622,0.2034597885412372,0.0021253163098941077,0.35936340548340867,0.34758139315527187,1,37,15.230534453781512,0.09012187217854054,20,0.8498771405393798,0.09732824427480916,4532,1.9027372266814333,6.324555320336759,0.05491585288989904,0.040379523389232126,0.0
h30,RWI,RWI,,2,2,9893,15,1.3948020074548215,0.09607366825027808,0.22022364253904006,-0.044244304756590955,0.3549214962814982,0.3407589361341691,1,36,14.162906762705083,0.09576090590579418,19,0.8516037910095721,0.09289396543010209,4993,2.0089624095143135,7.810249675906654,0.057981671139446404,0.04265972361305828,0.182
h30,RWI,RWI,,2,3,9900,15,1.3997142565538154,0.09645098989899004,0.22034852484052705,-0.054914192588730544,0.34596396048396255,0.33248305311667625,1,36,14.122138775510203,0.0960512814371639,20,0.8505919651056014,0.09434343434343434,5000,2.0553000306597897,7.810249675906654,0.05931904445112066,0.0432,0.2296
h30,RWI,RWI,,2,4,9900,14,1.4088293012285058,0.0972467474747476,0.2215868299690199,-0.07289623342745699,0.3411412409812434,0.3280226513966953,1,36,14.07473581432573,0.0964032250754186,20,0.8536901132537498,0.09323232323232324,5000,2.093491690817178,8.06225774829855,0.06042131309936806,0.0424,0.2176
h30,RWI,RWI,,2,5,9900,15,1.4065560778013793,0.0968046464646466,0.22067227636839037,-0.08524023335768753,0.33632256854257003,0.32374860878263195,1,35,14.087585114045618,0.09631640571592548,19,0.8540617334965822,0.08767676767676767,5000,2.1195290007358025,8.06225774829855,0.06117278895272787,0.0432,0.2224
h30,RWI,RWI,,2,6,9900,16,1.4093970341958293,0.09697640404040397,0.22061796642821005,-0.09561959750867857,0.3308527117327132,0.31799805609161724,1,35,14.003721808723489,0.0967752629361722,20,0.8565244056728906,0.0897979797979798,5000,2.150515257311114,7.810249675906654,0.06206709883631926,0.0432,0.238
h30,RWI,RWI,,2,7,9900,14,1.3948476619330155,0.09622387878787886,0.21992662790748352,-0.09582200295713071,0.33055778221778354,0.3173808852551452,1,35,14.098080832332933,0.09635891207691882,21,0.8577963371084584,0.0901010101010101,5000,2.167974319706642,7.0710678118654755,0.06257099358787178,0.0416,0.2152
h30,RWI,RWI,,2,8,9900,14,1.4011423910509595,0.09665139393939404,0.22011412915444,-0.10100215680019614,0.32722375180375324,0.31470364420394015,1,34,14.177868907563026,0.09601678057317145,21,0.8576449239873482,0.09111111111111111,5000,2.189464380078231,7.615773105863909,0.06319122899264154,0.0418,0.2256
h30,RWI,RWI,,2,9,9900,15,1.4068404316055179,0.0965306262626262,0.22026764905227492,-0.09102560217906526,0.3248985192585204,0.31334704572990335,1,35,14.167985274109643,0.09618429754127909,21,0.8579282981328438,0.08959595959595959,5000,2.212021913699733,7.615773105863909,0.06384227327797244,0.0436,0.232
h30,RWI,RWI,,2,10,9900,15,1.4127986409959488,0.09695155555555557,0.22027040998236758,-0.09171373444633518,0.3221702697302711,0.3106770136473107,1,35,14.185729331732693,0.09614185927485978,20,0.8573221967146207,0.08949494949494949,5000,2.2472352486299627,7.615773105863909,0.06485858298888504,0.043,0.234
h30,RWI,RWI,,2,11,9900,16,1.417039166713468,0.09704981818181824,0.2198024029023362,-0.10569112691395462,0.31998342768342936,0.3083725252752823,1,35,14.272651140456183,0.0957500893295863,19,0.8588969492908887,0.08454545454545455,5000,2.2564971861235468,8.94427190999916,0.06512589640964583,0.043,0.2288
h30,RWI,RWI,,2,12,9900,17,1.4102482051043355,0.09695345454545468,0.22004471299068468,-0.0989770055639088,0.31956532558944534,0.307166802828408,1,35,14.322834413765506,0.09562035806206043,20,0.8577412866034076,0.0892929292929293,5000,2.2754805168275203,8.94427190999916,0.06567378383292283,0.0432,0.2408
h30,RWI,RWI,,2,13,9900,16,1.4319217855734998,0.09855717171717182,0.22188263744954353,-0.10165864984982229,0.31807993783993915,0.3056943056943057,1,34,14.243903961584634,0.09599641349513478,21,0.8597669727578819,0.08868686868686869,5000,2.287458547454271,8.06225774829855,0.06601948777910387,0.0432,0.2388
h30,RWI,RWI,,2,14,9900,15,1.448033148791836,0.0996295757575758,0.2230437022737203,-0.10891751681167562,0.31845657675657824,0.3051919751437529,1,34,14.228423529411765,0.0961329546614976,21,0.8599156922762982,0.0892929292929293,5000,2.304484670417977,8.06225774829855,0.06651088724869378,0.043,0.2388
h30,RWI,RWI,,2,15,9900,14,1.4485855169785455,0.09981991919191913,0.22311126368019443,-0.11886124304256906,0.31637842823843043,0.30299025741238,1,33,14.289447298919567,0.09579877642014666,18,0.8615177992041629,0.0796969696969697,5000,2.3123942111538405,7.615773105863909,0.06673916846871011,0.0438,0.2384
h30,RWI,RWI,,2,16,9900,15,1.4647866738880444,0.10052610101010107,0.22404603385793082,-0.10942452562352968,0.31100517482517637,0.2985250737463127,1,34,14.261072108843537,0.09592712239753283,20,0.8599736812570146,0.08666666666666667,5000,2.3329154586328205,7.615773105863909,0.06733144247894661,0.045,0.2612
h30,RWI,RWI,,2,17,9900,15,1.4488616221019865,0.09967478787878803,0.22317062191844486,-0.10766782213390219,0.3106601798201814,0.29800933475791486,1,34,14.124714845938376,0.0965918554831474,19,0.863700923375166,0.07808080808080808,5000,2.347318942469353,10.0,0.06774714864602917,0.0444,0.258
h30,RWI,RWI,,2,18,9900,14,1.4527215837867902,0.10006303030303032,0.2239884992756154,-0.10309044972445806,0.30440418914419004,0.2924268405813398,1,34,14.051258263305321,0.09713840716482552,22,0.8643480971329458,0.08777777777777777,5000,2.382700580270981,10.0,0.06876831583047886,0.0436,0.2644
h30,RWI,RWI,,2,19,9900,14,1.4411106827721456,0.09895543434343446,0.2229746427010525,-0.11079989502908832,0.3030279165279169,0.29200888838883887,1,34,14.086345898359344,0.09687860593462776,22,0.8640438169574534,0.08585858585858586,5000,2.3932698243608916,9.055385138137417,0.06907336008223362,0.0434,0.2476
h30,RWI,RWI,,2,20,9900,15,1.4516197849299244,0.09978694949494948,0.22331373201267476,-0.12230022967403915,0.3022976978576983,0.29058783840769165,1,33,14.038224569827932,0.09707058006353143,20,0.8657472247729824,0.08151515151515151,5000,2.41072981063035,9.055385138137417,0.06957728149817477,0.044,0.2656
h30,RWI,RWI,,2,21,9900,15,1.42884568795934,0.09792181818181822,0.22091657412743274,-0.11604813388550639,0.30141005217005323,0.2899943709541233,1,34,14.054459543817527,0.09706519428236425,22,0.8643012549739824,0.08656565656565657,5000,2.4138746271939278,9.055385138137417,0.06966804562542757,0.0432,0.2628
h30,RWI,RWI,,2,22,9900,14,1.4361058456812992,0.09872703030303032,0.22251901268616664,-0.11057596497830964,0.3006760816960826,0.2891708634611597,1,33,13.989754301720689,0.09738961507183387,22,0.8630111876339152,0.08959595959595959,5000,2.4276070764061046,9.055385138137417,0.07006438472584513,0.044,0.2536
h30,RWI,RWI,,2,23,9900,14,1.4549226783578568,0.10027608080808093,0.22390061224991462,-0.11174546216812051,0.3011471528471547,0.2899907243443798,1,32,13.965043617446979,0.09758691529527881,21,0.8648113712886443,0.08252525252525253,5000,2.4460623724276656,9.055385138137417,0.07059703227546353,0.0428,0.2424
h30,RWI,RWI,,2,24,9900,14,1.436384349678038,0.09905438383838394,0.22223736390999876,-0.11357842890636526,0.2974901076701094,0.28587505451067,1,33,13.940452661064425,0.09766372578589763,21,0.8667090858075707,0.08131313131313131,5000,2.4590916482402556,9.055385138137417,0.07097307673591383,0.0426,0.2516
h30,RWI,RWI,,2,25,9900,14,1.4335968749965942,0.09902698989898995,0.22225178321441266,-0.11251632237299361,0.29832527472527565,0.2874769616050199,1,32,13.94290612244898,0.0975807247640811,21,0.8645557749209267,0.08565656565656565,5000,2.4583808251060923,10.04987562112089,0.07095256131312236,0.0416,0.2504
h30,RWI,RWI,,2,26,9900,13,1.4436065946094871,0.09989951515151518,0.2231568298395741,-0.12251145183671533,0.2952173648573655,0.28429401094033435,1,32,13.919629611844737,0.09781235078323369,23,0.8657325783083359,0.08646464646464647,5000,2.4730283399609556,10.04987562112089,0.0713753105817511,0.042,0.2508
h30,RWI,RWI,,2,27,9900,14,1.4427751037497145,0.09970589898989912,0.22291456281044625,-0.11995995945076972,0.2975435497835498,0.28649978905920404,1,32,14.057285634253702,0.09716765616705884,20,0.8688339608203249,0.07858585858585859,5000,2.4686179951004923,10.04987562112089,0.07124802140794682,0.0418,0.2412
h30,RWI,RWI,,2,28,9900,14,1.4458215657542253,0.09998303030303024,0.2229800458837873,-0.12046451957207566,0.29677341991342,0.286286750748724,1,32,14.019394957983193,0.09730946567787281,22,0.8650843842465055,0.08545454545454545,5000,2.4716926960391365,10.04987562112089,0.07133676189300137,0.0418,0.2572
h30,RWI,RWI,,2,29,9900,14,1.4524462124292243,0.10028537373737367,0.22345227130011627,-0.12647046728989977,0.2991179553779551,0.28787687117857896,1,33,14.092982793117248,0.09704108041919318,21,0.8679756198347106,0.08050505050505051,5000,2.4781697767239943,9.486832980505138,0.07152370016543219,0.0432,0.244
h30,RWI,RWI,,2,30,9900,14,1.4527215837867902,0.10038589898989914,0.22427348820295137,-0.12741336930672337,0.29752858252858316,0.2864813201023248,1,33,14.03780712284914,0.09730894258978881,20,0.8666488623609835,0.07909090909090909,5000,2.477898653561616,9.486832980505138,0.07151587514393609,0.0424,0.246
h30,RWI,RWI,,3,0,4900,4,0.27712812921102037,0.0188395102040817,0.03612824436332547,0.6504952980918245,0.0,0.0,1,98,33.333333333333336,0.046482951803896395,23,0.8619693669304456,0.09122448979591836,0,,,,,0.0
h30,RWI,RWI,,3,1,9478,12,1.2231149741541063,0.08801916016037148,0.2030720869213538,0.008887760356012334,0.36226943722944016,0.3510846898440661,1,40,15.430582793117248,0.08951389927437371,20,0.8497371118002257,0.09685587676725048,4578,1.89853160892089,6.708203932499369,0.054794472447549696,0.039318479685452164,0.0
h30,RWI,RWI,,3,2,9892,14,1.3593141800187327,0.09365713708046908,0.2157987454016276,-0.046365759619797,0.3522937706737734,0.339934086762189,1,35,14.319301160464185,0.09514205743538541,18,0.8500856612923824,0.09169025475131419,4992,2.0104703338786405,7.211102550927978,0.058025192100406894,0.042067307692307696,0.1988
h30,RWI,RWI,,3,3,9899,14,1.3534664236692389,0.0930242246691586,0.21528317869634034,-0.05645946703760354,0.3451512398712425,0.33321560261644745,1,35,14.319455142056823,0.09517763443384873,20,0.8522429247797951,0.09445398525103546,4999,2.0480734954272246,7.211102550927978,0.059110475795307184,0.042008401680336066,0.2188
h30,RWI,RWI,,3,4,9900,14,1.3317657451669191,0.09198214141414152,0.2139990551280756,-0.06141889038834376,0.34097552225552497,0.328186638388123,1,34,14.238041456582634,0.0956116466096543,18,0.8530300122436487,0.0893939393939394,5000,2.086987999525546,7.280109889280518,0.060233606804875946,0.0404,0.2264
h30,RWI,RWI,,3,5,9900,14,1.3558761005342634,0.09383527272727288,0.21549259494092926,-0.07095602253673819,0.3388159640359666,0.32514193712397255,1,34,14.17475662264906,0.09592170973440588,19,0.8522744464850526,0.09242424242424242,5000,2.1140067005465912,7.211102550927978,0.061013407078787496,0.0416,0.2168
h30,RWI,RWI,,3,6,9900,14,1.3673331708109768,0.09448731313131309,0.21637808729407704,-0.07720092881919981,0.33124464424464584,0.31835697649798855,1,33,14.119883153261304,0.0963250642313251,19,0.853983170084685,0.08858585858585859,5000,2.1434995444695613,7.211102550927978,0.06186461483121233,0.0406,0.2144
h30,RWI,RWI,,3,7,9900,13,1.3511476603243628,0.09340359595959602,0.215830672129744,-0.08272726125526608,0.3260859873459889,0.31406978386777795,1,35,14.22034893957583,0.09601123677147543,23,0.8553836700336703,0.09787878787878788,5000,2.175362888236842,8.246211251235321,0.06278423876791121,0.0412,0.2232
h30,RWI,RWI,,3,8,9900,14,1.3658696863171098,0.09407951515151525,0.2170552460343478,-0.08583551462633554,0.3242778576978594,0.3116883116883117,1,34,14.170597519007604,0.09630079377536893,19,0.8574186715641258,0.08555555555555555,5000,2.1982411477562476,7.280109889280518,0.06344453968415273,0.042,0.2412
h30,RWI,RWI,,3,9,9900,14,1.4005713120009275,0.09702925252525252,0.22013811616834783,-0.09272599197112738,0.32352987900988106,0.31162626832018037,1,34,14.310909323729492,0.09567002453615682,22,0.8581135496377921,0.09373737373737374,5000,2.197422910602197,7.615773105863909,0.06342092413148956,0.0418,0.2252
h30,RWI,RWI,,3,10,9900,15,1.398856676003657,0.09679462626262625,0.22008270642696662,-0.1011734847203979,0.32276553668553865,0.31021506891789047,1,34,14.30638399359744,0.09576302120491477,21,0.8576615549433732,0.09202020202020202,5000,2.215195693051645,8.06225774829855,0.06393387331477762,0.0418,0.2448
h30,RWI,RWI,,3,11,9900,14,1.4105318146004362,0.09736840404040414,0.2211091885755093,-0.0957920618950622,0.32160644910645014,0.30788083667863936,1,34,14.349039455782313,0.09562621590089891,19,0.8584895061728397,0.08626262626262626,5000,2.2325131942447043,8.06225774829855,0.06443368239750491,0.0422,0.2452
h30,RWI,RWI,,3,12,9900,14,1.4079772725438433,0.09726343434343443,0.22041693260455933,-0.10118488291430092,0.3161615362415375,0.303651424224495,1,36,14.377153421368547,0.09553003057537998,20,0.8585841291704929,0.08737373737373737,5000,2.2559918952221785,8.06225774829855,0.0651113129556528,0.0412,0.2448
h30,RWI,RWI,,3,13,9900,13,1.3847743498491005,0.09596513131313134,0.21914409455130507,-0.10217668844897743,0.31501245643245745,0.3029405542627459,1,36,14.419852741096438,0.0952253317677096,23,0.8607185644322008,0.09171717171717171,5000,2.2711858638545714,8.06225774829855,0.06554983370067731,0.0414,0.2472
h30,RWI,RWI,,3,14,9900,15,1.3902517757586212,0.09617341414141412,0.21895226612797553,-0.09987514532134435,0.3145754023754034,0.30307089278664484,1,35,14.344071708683474,0.09556000980150818,21,0.8612895010713192,0.08444444444444445,5000,2.2938873647808804,8.06225774829855,0.06620503309855919,0.042,0.2472
h30,RWI,RWI,,3,15,9900,13,1.3902517757586212,0.09595907070707077,0.21903752806086405,-0.088685757760964,0.31150884004884044,0.30078675765608254,1,35,14.323040896358544,0.09576422979880872,22,0.861581165187226,0.0897979797979798,5000,2.3126542276835926,9.055385138137417,0.06674667293611454,0.0418,0.2512
h30,RWI,RWI,,3,16,9900,15,1.38737161568197,0.09573410101010116,0.21924635511023102,-0.10751764801099659,0.3124794161394162,0.3007868686014045,1,35,14.21335094037615,0.09631112772973291,20,0.8604782063054791,0.08424242424242424,5000,2.335140230135692,9.055385138137417,0.06739565272450869,0.0424,0.2452
h30,RWI,RWI,,3,17,9900,14,1.3752090750136867,0.0950036363636364,0.21816775039069086,-0.10591465557850878,0.3082406216006228,0.29728242465289534,1,34,14.11491700680272,0.09673151989432287,22,0.8611984032241607,0.0904040404040404,5000,2.353193318762121,9.055385138137417,0.06791669196488051,0.0412,0.2692
h30,RWI,RWI,,3,18,9900,13,1.3916896205691842,0.09599296969696969,0.21916476728323664,-0.10097467396291665,0.306718088578089,0.2951402106331684,1,33,14.043312044817927,0.09700861539805963,20,0.8594554892357923,0.08424242424242424,5000,2.372908567384783,9.055385138137417,0.06848570363809942,0.0414,0.2528
h30,RWI,RWI,,3,19,9900,14,1.4005713120009275,0.09653967676767672,0.2197686420073328,-0.10838740594457745,0.3055822688422696,0.2943348365276212,1,32,14.06916462585034,0.09694818220499989,23,0.8621405009692887,0.08848484848484849,5000,2.3709476516080232,9.055385138137417,0.06842910866491236,0.0434,0.2316
h30,RWI,RWI,,3,20,9900,16,1.3962807740565648,0.09640715151515167,0.21994719845184457,-0.10547461702504277,0.30489867576867546,0.2941010642046656,1,34,14.116536854741897,0.09673287914923488,20,0.8613546372819103,0.08383838383838384,5000,2.376521204989031,8.54400374531753,0.06858996978291301,0.0426,0.2468
h30,RWI,RWI,,3,21,9900,16,1.434991289172168,0.09867850505050502,0.221942912349467,-0.10262831688048617,0.30781071151071193,0.2957288765088208,1,33,14.133481552621049,0.09668283822349065,19,0.8642353943475154,0.0795959595959596,5000,2.3859067347940783,8.54400374531753,0.06886085026332842,0.0434,0.2472
h30,RWI,RWI,,3,22,9900,15,1.42828568570857,0.09812444444444446,0.22139577945071676,-0.10911973199538784,0.30324313464313507,0.29181795153255086,1,34,14.118021928771508,0.09680448459668592,21,0.8608167329864299,0.08696969696969697,5000,2.3950726660375876,8.54400374531753,0.06912539279958047,0.0424,0.2416
h30,RWI,RWI,,3,23,9900,14,1.4449913494550752,0.09927915151515165,0.222565739218792,-0.1084771692966309,0.30413991341991387,0.2927528895638235,1,34,14.194432653061224,0.09659778959114113,21,0.8647055912661974,0.08373737373737374,5000,2.402098131756441,9.219544457292887,0.069328158287368,0.0432,0.2236
h30,RWI,RWI,,3,24,9900,14,1.4170391667134679,0.09768060606060613,0.22078590561802253,-0.10619044669861516,0.29973195027195115,0.28898307471345297,1,33,14.068574949979991,0.09722811922384547,20,0.865857636975819,0.0803030303030303,5000,2.4235854153030805,10.63014581273465,0.06994831354880095,0.0424,0.2576
h30,RWI,RWI,,3,25,9900,15,1.3951344021276229,0.09613030303030312,0.2192560111599097,-0.10668126349994717,0.3009207925407933,0.2901425127923204,1,33,14.069787274909965,0.09722126019041756,24,0.8614304815835118,0.09212121212121212,5000,2.4269717532818476,10.44030650891055,0.07004604834668567,0.0418,0.232
h30,RWI,RWI,,3,26,9900,15,1.3862178760930766,0.0958166464646466,0.2189896184069881,-0.11435515360765482,0.2984450815850824,0.288111690875758,1,33,14.103177270908363,0.0970886522825044,21,0.8648310937659422,0.08474747474747475,5000,2.442548033050811,10.44030650891055,0.07049560316506497,0.0418,0.2432
h30,RWI,RWI,,3,27,9900,15,1.3991425945914162,0.0969455757575759,0.2202345900357505,-0.10601862400492877,0.2966565301365302,0.2862800366429427,1,34,14.082160224089636,0.0972275430551451,21,0.8651758136924805,0.08191919191919192,5000,2.4551912649096725,10.0,0.07086050581745333,0.0416,0.2456
h30,RWI,RWI,,3,28,9900,14,1.4144963768069536,0.09764133333333347,0.22090361549224086,-0.10463136074882781,0.2928663980463987,0.28280922136630565,1,34,13.981745018007203,0.0976843004215202,22,0.8658348025711664,0.08484848484848485,5000,2.460623901461405,10.0,0.07101729986420648,0.0424,0.2492
h30,RWI,RWI,,3,29,9900,15,1.4192955999368135,0.09748105050505051,0.22067304364268311,-0.11983004113870767,0.2957446153846158,0.2848534339537634,1,34,14.073890036014406,0.09714667698436619,20,0.8640408019589839,0.08292929292929294,5000,2.4555737832093025,10.0,0.07087154586984501,0.0432,0.2324
h30,RWI,RWI,,3,30,9900,15,1.4240786495134317,0.09713810101010112,0.22034258455592484,-0.11658235447073126,0.2934662448662459,0.28305392508762295,1,33,14.027990396158463,0.09747822741126977,20,0.8653451535557596,0.08050505050505051,5000,2.4748934690453424,9.899494936611665,0.0714291410071943,0.0442,0.2524
h30,RWI,RWI,,4,0,4900,4,0.27712812921102037,0.0188395102040817,0.03612824436332547,0.6504952980918245,0.0,0.0,1,98,33.333333333333336,0.046482951803896395,20,0.8645176384839652,0.08183673469387755,0,,,,,0.0
h30,RWI,RWI,,4,1,9466,12,1.2269882477024792,0.08856856116627942,0.2032822999665876,0.015639591631797803,0.35756655122655484,0.34656786271450857,1,39,15.499933733493398,0.08939905617046133,19,0.851494678498188,0.09338685822945278,4566,1.9084253522376544,7.211102550927978,0.055080020732880444,0.04007884362680683,0.0
h30,RWI,RWI,,4,2,9897,14,1.3622078549178902,0.09414400323330296,0.2167589183182266,-0.03259859307651099,0.348821234321237,0.33558905386886684,1,37,14.5425181272509,0.09441089301481727,18,0.8435586347400862,0.09699909063352531,4997,2.016651483930574,7.211102550927978,0.058203589370498875,0.04142485491294777,0.2024
h30,RWI,RWI,,4,3,9900,14,1.3401492454200763,0.09243886868686868,0.21487186081873028,-0.058614288159567395,0.3419760728160749,0.32945599479880716,1,36,14.431376390556222,0.09491662001544375,18,0.8457107897153352,0.09575757575757576,5000,2.0578413434775387,7.280109889280518,0.059392390554245014,0.0412,0.2224
h30,RWI,RWI,,4,4,9900,15,1.3786950351691267,0.09477175757575762,0.21814376836280247,-0.06391265080435816,0.3390353246753259,0.3258845437616387,1,35,14.472256742697079,0.09486068162304905,19,0.8501596520763188,0.09525252525252526,5000,2.08348235289667,7.211102550927978,0.06013242858023424,0.0424,0.226
h30,RWI,RWI,,4,5,9900,15,1.3795651488784428,0.09491890909090905,0.2175101259004288,-0.07655952941908764,0.33769856809857013,0.32430487959710524,1,35,14.467964145658263,0.09506155315998052,19,0.8514554688297112,0.09101010101010101,5000,2.1123479383061197,7.211102550927978,0.060965532710272656,0.0422,0.2228
h30,RWI,RWI,,4,6,9900,16,1.3937001112147476,0.09582670707070706,0.21874098998457198,-0.0803745577093244,0.3331122999223016,0.31964023908875605,1,35,14.407580952380952,0.09537923622255944,18,0.8511844913784308,0.09080808080808081,5000,2.1351749820844836,7.211102550927978,0.061624355463338915,0.0428,0.2096
h30,RWI,RWI,,4,7,9900,15,1.3968536072187376,0.09641507070707078,0.21952897048541856,-0.0796209458998112,0.3301032123432134,0.3170112901179754,1,35,14.309737334933974,0.09583222847653046,19,0.8518379961228445,0.09343434343434344,5000,2.160398878561194,7.615773105863909,0.0623523549836095,0.0424,0.2144
h30,RWI,RWI,,4,8,9900,15,1.4207040508142432,0.09786739393939392,0.22071552175070977,-0.09451793398433113,0.32905196581196705,0.3154538159395194,1,35,14.346267787114845,0.09575120682999562,21,0.8510804611774309,0.09555555555555556,5000,2.181259548722271,9.219544457292887,0.0629544252420174,0.0434,0.2304
h30,RWI,RWI,,4,9,9900,15,1.4419431334140747,0.0995159595959596,0.2226057641415182,-0.10145482643920338,0.3272126917526926,0.31351343749560523,1,35,14.372105962384953,0.09573209305326048,21,0.8525533108866443,0.09535353535353536,5000,2.2017854944783513,9.219544457292887,0.0635468348515844,0.0428,0.2392
h30,RWI,RWI,,4,10,9900,14,1.4285657142742856,0.09872210101010115,0.22182094923929582,-0.10139105864218646,0.32419287379287476,0.31038995764083366,1,35,14.36329475790316,0.09585925635808883,19,0.8565694929088867,0.08737373737373737,5000,2.21847848907902,8.602325267042627,0.06402861973650045,0.0422,0.2148
h30,RWI,RWI,,4,11,9900,15,1.4358272876638052,0.09843705050505047,0.2216880485360204,-0.10671538671624016,0.3204302497502509,0.30728001688119855,1,34,14.37299911964786,0.09591313561257624,21,0.8558906591164168,0.09323232323232324,5000,2.2412464070325395,8.602325267042627,0.0646857360294977,0.0436,0.216
h30,RWI,RWI,,4,12,9900,15,1.4243595051811884,0.09789313131313127,0.22108055779402544,-0.1045360817622218,0.3169962459762469,0.3045858904340972,1,35,14.28074205682273,0.09620252403260647,18,0.8559787062544639,0.08505050505050506,5000,2.2678791461635637,8.602325267042627,0.0654543968638291,0.0434,0.2332
h30,RWI,RWI,,4,13,9900,15,1.444714504668656,0.09904743434343444,0.22269315623532318,-0.11024878051143684,0.3140928094128105,0.3015312794409213,1,34,14.253603201280512,0.09641025035754588,20,0.8583773747576778,0.08777777777777777,5000,2.2819537655044884,8.602325267042627,0.06586061150785308,0.044,0.2324
h30,RWI,RWI,,4,14,9900,15,1.4310835055998652,0.09878690909090904,0.22184217877555076,-0.1118669773674327,0.3105346120546135,0.29760229639218777,1,35,14.230610644257704,0.09654922988623789,19,0.8572556422813998,0.08717171717171718,5000,2.2987891489782655,8.602325267042627,0.06634650594941159,0.0428,0.2084
h30,RWI,RWI,,4,15,9900,14,1.4551975810864997,0.10005850505050518,0.2230349231448763,-0.10964498209916591,0.3099346053946061,0.2976178764668681,1,34,14.274188715486195,0.09634498174271827,20,0.8575633302724209,0.08767676767676767,5000,2.314036095943024,8.602325267042627,0.06678655572864312,0.044,0.22
h30,RWI,RWI,,4,16,9900,16,1.4579437574886076,0.09985927272727269,0.22365753739964708,-0.1185535628398041,0.31059861027861163,0.29841916672521607,1,34,14.18943737494998,0.09663518064141265,22,0.8579984848484852,0.09404040404040404,5000,2.332363495647074,8.94427190999916,0.06731551199853088,0.0444,0.2236
h30,RWI,RWI,,4,17,9900,15,1.4683323874382121,0.10105410101010115,0.22496274956355225,-0.11545924089319179,0.31251273393273515,0.3001558923079084,1,34,14.199615846338535,0.09649426675687371,20,0.8586329099071525,0.08707070707070708,5000,2.331182068529685,8.94427190999916,0.06728141423827849,0.0434,0.2316
h30,RWI,RWI,,4,18,9900,15,1.4724129855444767,0.10123115151515161,0.22497095796729097,-0.11743191707187114,0.3114128205128214,0.2990816928304642,1,34,14.134797919167667,0.0968004729694743,21,0.8597740638710337,0.08949494949494949,5000,2.3410768856473805,9.0,0.06756699351511618,0.044,0.2168
h30,RWI,RWI,,4,19,9900,14,1.4813507349712962,0.10215296969696963,0.2255703776155028,-0.11963954436039805,0.30980873570873635,0.29692214846107423,1,34,14.119853701480592,0.09693110817572236,23,0.8570914498520561,0.09424242424242424,5000,2.353557123502534,9.0,0.06792719191585904,0.043,0.2328
h30,RWI,RWI,,4,20,9900,14,1.4891608375189027,0.10252412121212129,0.22575043760252872,-0.11575228595178491,0.3085993051393058,0.29587542087542085,1,33,14.114450580232093,0.09690892901626884,22,0.8599043720028569,0.0902020202020202,5000,2.3694751825325513,9.219544457292887,0.0683866109968163,0.0448,0.2364
h30,RWI,RWI,,4,21,9900,15,1.4947909552843834,0.10264896969696968,0.22610814141501986,-0.11260168798488324,0.3072243290043303,0.2949888500862541,1,33,14.171232653061224,0.09669483589830716,18,0.8603309356188145,0.0811111111111111,5000,2.37568937404718,9.219544457292887,0.06856596189312593,0.045,0.2532
h30,RWI,RWI,,4,22,9900,15,1.494255667548228,0.10256953535353541,0.22627480821930243,-0.11467072708443724,0.30764336774336837,0.2956282696812017,1,34,14.224897318927571,0.09645260594658656,21,0.86148426691154,0.08565656565656565,5000,2.3863840059884445,9.219544457292887,0.06887462502651215,0.0452,0.2328
h30,RWI,RWI,,4,23,9900,14,1.4955935276671932,0.1032172525252526,0.2270780303755402,-0.12104655762208276,0.30619086469086454,0.29405082463816895,1,33,14.123990396158463,0.09678438618412892,21,0.8634582797673707,0.08565656565656565,5000,2.388522436999356,9.219544457292887,0.06893634335585562,0.044,0.2504
h30,RWI,RWI,,4,24,9900,14,1.4713259326199617,0.10170496969696985,0.2249356660324659,-0.11307049116211305,0.30464447108447124,0.29261100345437696,1,33,14.115930852340936,0.09690602221185594,21,0.8641802979287826,0.08393939393939394,5000,2.4101504986836098,9.219544457292887,0.06956056168568651,0.0434,0.2368
h30,RWI,RWI,,4,25,9900,15,1.4808105888330214,0.1025475555555555,0.22591985178306112,-0.12187343710570867,0.3012199711399712,0.28922511193139555,1,33,14.1201575030012,0.09696789720534153,21,0.8649699061320274,0.08292929292929294,5000,2.4261046129320953,9.219544457292887,0.07002102137437749,0.044,0.2448
h30,RWI,RWI,,4,26,9900,15,1.465332726721136,0.10134977777777787,0.22427894165650047,-0.12154796557154787,0.3009699567099574,0.289161703562198,1,33,14.075778151260504,0.09714085096353613,21,0.864156392204877,0.08595959595959596,5000,2.4398278925225214,12.041594578792296,0.07041709582574522,0.0436,0.2364
h30,RWI,RWI,,4,27,9900,14,1.4883547964111246,0.1023968080808082,0.22529521836906197,-0.12278829497357403,0.3017806393606397,0.28961656635380273,1,33,14.111253781512605,0.09696191359054863,22,0.8641869401081521,0.08737373737373737,5000,2.4446116919801577,12.041594578792296,0.07055516345988118,0.044,0.2436
h30,RWI,RWI,,4,28,9900,14,1.4870104236352883,0.10286161616161626,0.22519586130454483,-0.12272140189176836,0.3043364879564888,0.2924570658884274,1,33,14.129575990396159,0.09693352411547292,20,0.865059453117029,0.08040404040404041,5000,2.4404545886868587,12.041594578792296,0.07043518321788997,0.0434,0.2384
h30,RWI,RWI,,4,29,9900,15,1.4837789592793127,0.10245531313131329,0.22532888559039302,-0.12870604868584307,0.3027203174603185,0.29090653943306205,1,33,14.069543657462985,0.09732103198597322,22,0.8673699265381081,0.08373737373737374,5000,2.446879015009557,12.041594578792296,0.07062060180638031,0.0438,0.2384
h30,RWI,RWI,,4,30,9900,15,1.4762113669796746,0.10214820202020203,0.22509300392290987,-0.1359011054362082,0.3026054545454547,0.29076819407008087,1,33,14.05057286914766,0.0974206012210884,22,0.8649233598612388,0.08666666666666667,5000,2.4602536971790046,12.041594578792296,0.07100661521283873,0.0434,0.2404
h30,RWI,RWI,,5,0,4900,4,0.27712812921102037,0.0188395102040817,0.03612824436332547,0.6504952980918245,0.0,0.0,1,98,33.333333333333336,0.046482951803896395,20,0.8622157642648896,0.08408163265306122,0,,,,,0.0
h30,RWI,RWI,,5,1,9470,13,1.2047505965966567,0.0870364519535376,0.20228295626748566,0.011018454192075562,0.3598877122877156,0.34812526330571547,1,37,15.454708923569427,0.08931089093684848,19,0.8485868172598625,0.09398099260823653,4570,1.9017671966876306,7.0710678118654755,0.05488785636799813,0.03894967177242888,0.0
h30,RWI,RWI,,5,2,9891,15,1.3334152241518769,0.09196768779698727,0.21506793274142516,-0.05334543734613586,0.35271122211122435,0.33978780968029804,1,36,14.540228571428571,0.09441028213730354,19,0.847579103584853,0.09827115559599636,4991,2.000219103067875,7.810249675906654,0.057729326189312986,0.04087357243037468,0.1876
h30,RWI,RWI,,5,3,9900,15,1.3558761005342634,0.09305402020202025,0.21640898910487621,-0.07603251084917369,0.34497885225885416,0.3314125921532074,1,36,14.52641856742697,0.09455765893814294,19,0.8487574686256506,0.09202020202020202,5000,2.04233737585517,7.810249675906654,0.0589449227729767,0.0416,0.2236
h30,RWI,RWI,,5,4,9900,15,1.3687950905814938,0.09445797979797987,0.21767164985991666,-0.07469828859687672,0.3401450616050639,0.3261679604798871,1,35,14.56246530612245,0.0944988855359234,18,0.8474846087133968,0.09222222222222222,5000,2.07721399637239,7.810249675906654,0.059951514400429604,0.042,0.228
h30,RWI,RWI,,5,5,9900,14,1.3876599006961323,0.09631656565656566,0.21951171000197142,-0.0741479975003497,0.33512448218448393,0.3212578438976239,1,35,14.544388955582233,0.09467101438840325,18,0.8508008876645242,0.08959595959595959,5000,2.113392631477876,7.810249675906654,0.06099568412357911,0.0404,0.2244
h30,RWI,RWI,,5,6,9900,14,1.3859292911256331,0.09550032323232327,0.21915465060277986,-0.06819928509376294,0.33281998889999015,0.3197619484127544,1,35,14.510416646658664,0.09482565507674928,19,0.8526103254769921,0.09232323232323232,5000,2.1357564429483804,7.810249675906654,0.06164113729680242,0.0418,0.226
h30,RWI,RWI,,5,7,9900,14,1.3870832707519762,0.09549729292929299,0.2190140296315609,-0.07855448761087623,0.3314871728271749,0.3186016668311875,1,35,14.535175030012004,0.09464047061654708,19,0.8525481787572697,0.09141414141414142,5000,2.1507106596721,7.810249675906654,0.06207273844180959,0.0424,0.228
h30,RWI,RWI,,5,8,9900,14,1.3959942693292118,0.09624727272727274,0.21969487144655267,-0.08524118353769754,0.32553496503496643,0.3127960081190798,1,36,14.419528771508604,0.09529502885805415,22,0.8509260585654524,0.09919191919191919,5000,2.1919966910410724,8.0,0.06326431528871901,0.0422,0.2276
h30,RWI,RWI,,5,9,9900,15,1.4059871976657539,0.09674016161616161,0.22017268316471283,-0.09572680139671647,0.3268614274614289,0.3138252159089308,1,35,14.476400480192076,0.09497786067152891,21,0.8552570094888279,0.09323232323232324,5000,2.203588318490987,8.06225774829855,0.06359886705911993,0.0424,0.2188
h30,RWI,RWI,,5,10,9900,14,1.4042791745233567,0.09672040404040416,0.2198477018247913,-0.09360187622017278,0.3229335908535919,0.3106392571823088,1,35,14.393609283713486,0.09550778328228895,20,0.8552897051321297,0.09121212121212122,5000,2.229968335553551,8.06225774829855,0.0643602339551508,0.0418,0.2308
h30,RWI,RWI,,5,11,9900,14,1.4088293012285058,0.09698331313131314,0.22043129439385703,-0.10496892419313493,0.31972127206127215,0.3072729577821916,1,35,14.356494277711084,0.0956892637455985,21,0.8568940567289052,0.09222222222222222,5000,2.2523408280953925,8.06225774829855,0.06500593767712555,0.0426,0.2412
h30,RWI,RWI,,5,12,9900,14,1.42492105044455,0.09789749494949507,0.2215750189850009,-0.10242572086576301,0.318236481296482,0.3056751963516595,1,34,14.258350700280111,0.09610314083112012,20,0.859484919906132,0.08696969696969697,5000,2.2636162221618163,8.06225774829855,0.06533136247732631,0.0436,0.2256
h30,RWI,RWI,,5,13,9900,14,1.42464030548065,0.09842436363636375,0.2219956582054514,-0.09598823270726776,0.31987396825396913,0.3073263424590048,1,34,14.189235694277711,0.09645506549989874,20,0.8590540659116418,0.088989898989899,5000,2.2729952908103805,8.06225774829855,0.06560205647906565,0.0426,0.2464
h30,RWI,RWI,,5,14,9900,14,1.4223923509355636,0.09792602020202024,0.22154357715138273,-0.10253677479398107,0.318907721167722,0.30651632247983446,1,34,14.246023529411765,0.0961939631655214,20,0.8574552545658608,0.08757575757575757,5000,2.2960934719514934,8.54400374531753,0.06626870466347203,0.0434,0.248
h30,RWI,RWI,,5,15,9900,13,1.4221111067704943,0.09785923232323235,0.22100378126174058,-0.09970771099042638,0.3158810323010324,0.30331099724083566,1,34,14.239669947979191,0.09636609755140782,20,0.8612151872257935,0.08676767676767677,5000,2.317576320865238,8.602325267042627,0.06688873193474201,0.0426,0.2312
h30,RWI,RWI,,5,16,9900,15,1.4308039698015937,0.0986443232323233,0.22212666251536434,-0.10477857535061133,0.313325556665557,0.30144792941871756,1,34,14.159753181272508,0.09675075933324723,20,0.8599791449852057,0.08555555555555555,5000,2.336485694529767,8.602325267042627,0.06743448484683096,0.0422,0.2368
h30,RWI,RWI,,5,17,9900,14,1.4235167719419397,0.09818371717171726,0.22110449073794924,-0.10277578383444406,0.31028307914307907,0.29830661167494826,1,34,14.122084353741496,0.09691577521134064,22,0.8592020304050606,0.0898989898989899,5000,2.344799232636957,9.219544457292887,0.06767442603749409,0.0422,0.2496
h30,RWI,RWI,,5,18,9900,15,1.4266043600101608,0.09798525252525248,0.22134544344388002,-0.11336382453537706,0.31445650349650317,0.3019337949670664,1,34,14.125455302120848,0.09684599468790035,21,0.8592314712784408,0.0892929292929293,5000,2.3548134999586168,10.770329614269007,0.06796345282654553,0.0424,0.25
h30,RWI,RWI,,5,19,9900,15,1.4436065946094871,0.09927430303030316,0.22259648339920274,-0.11847500967661063,0.31306205794205805,0.3005779533981129,1,33,14.10918575430172,0.09684310268986066,23,0.8615400775431076,0.09313131313131313,5000,2.3647529237131875,10.770329614269007,0.06825031951789018,0.043,0.244
h30,RWI,RWI,,5,20,9900,15,1.4252017401055894,0.0979999191919192,0.22105922482020934,-0.11142940162561639,0.30992588522588543,0.29773248694526155,1,34,14.099423769507803,0.09686511869553648,20,0.8627496837057443,0.08515151515151514,5000,2.3810479473659667,9.219544457292887,0.06872061836378712,0.044,0.2528
h30,RWI,RWI,,5,21,9900,15,1.4305243793798132,0.09794703030303031,0.2215087537001921,-0.1083803228062527,0.31020505938505955,0.2973151718121183,1,33,14.119274909963986,0.09676862484903682,22,0.8615207223752678,0.09080808080808081,5000,2.3845178156956366,9.219544457292887,0.06882076397300076,0.0442,0.2516
h30,RWI,RWI,,5,22,9900,15,1.4347125147568762,0.09771664646464662,0.2210450229115769,-0.10497140525091367,0.31023974469974597,0.29746345718265077,1,33,14.046690036014406,0.09714029399257076,23,0.8628684062850732,0.09171717171717171,5000,2.38779906012254,9.219544457292887,0.0689154656132046,0.0444,0.2596
h30,RWI,RWI,,5,23,9900,15,1.42464030548065,0.09785111111111111,0.22115715810326406,-0.1097558881178397,0.3109366278166277,0.29778309522133856,1,34,14.07133893557423,0.09713444093131109,25,0.8631720640750943,0.09414141414141414,5000,2.39664905741886,9.219544457292887,0.06917088982143768,0.0432,0.2564
h30,RWI,RWI,,5,24,9900,15,1.4316424134538623,0.09777701010101025,0.22067246431334298,-0.12253265484718875,0.3101469241869243,0.29776276910088645,1,34,14.036829771908764,0.09736680234889364,21,0.8640720079583715,0.08272727272727273,5000,2.4080622415994024,9.219544457292887,0.06950029145119248,0.0434,0.2508
h30,RWI,RWI,,5,25,9900,15,1.4059871976657539,0.09607955555555558,0.219194572543191,-0.12200061881470767,0.3065035320235319,0.294467377675087,1,33,14.096505482192876,0.09716147955248079,23,0.8648049229670437,0.08727272727272728,5000,2.4208942972458862,9.219544457292887,0.06987064384156766,0.0444,0.2412
h30,RWI,RWI,,5,26,9900,15,1.3813037319865604,0.09522214141414143,0.21794902337800942,-0.12205935925793372,0.3044635053835057,0.2930049511235242,1,34,14.099987835134053,0.09712858435652927,22,0.8645797622691561,0.08515151515151514,5000,2.4204145411159974,8.246211251235321,0.06985679735941418,0.0432,0.2328
h30,RWI,RWI,,5,27,9900,14,1.4116656828017036,0.09737551515151521,0.21986063886698853,-0.12981723060477268,0.3043648995449,0.2921872139044212,1,34,14.129633613445378,0.09704627743624773,21,0.8656228344046528,0.08454545454545455,5000,2.4288723391628095,9.848857801796104,0.07010090210850835,0.0426,0.2332
h30,RWI,RWI,,5,28,9900,13,1.4352700094407325,0.0994436363636364,0.22195293924081613,-0.1314759401433431,0.30460448884448926,0.29201074799881827,1,34,14.075295718287315,0.09725907411429978,22,0.8661303999591878,0.08555555555555555,5000,2.4428959503198304,8.602325267042627,0.07050564457976764,0.0424,0.2444
h30,RWI,RWI,,5,29,9900,17,1.4496896219536095,0.10012937373737385,0.22281011478830626,-0.13040639073760882,0.30322162902457084,0.2902368735502917,1,34,14.043442977190876,0.09747100208254297,23,0.8677049637792065,0.08656565656565657,5000,2.455489118493864,8.602325267042627,0.07086910231905262,0.0434,0.2524
h30,RWI,RWI,,5,30,9900,13,1.4438836518224034,0.10009620202020209,0.22326601642073415,-0.12161053205697885,0.30185651903651983,0.2900694659279467,1,34,14.139455782312925,0.09699679394469536,21,0.866037970615243,0.08252525252525253,5000,2.4441851102792747,9.899494936611665,0.07054285167157814,0.0428,0.248
h30,RW,RW,,1,0,4900,4,0.27712812921102037,0.0188395102040817,0.03612824436332547,0.6504952980918245,0.0,0.0,1,98,33.333333333333336,0.046482951803896395,22,0.862310537276135,0.08755102040816326,0,,,,,0.0
h30,RW,RW,,1,1,9435,13,1.2758118983611964,0.09221880233174362,0.2095735061688477,0.018061735539493976,0.36137543789544035,0.3485857557000705,1,39,15.665061544617847,0.08847859841082191,19,0.8491762650146639,0.09390567037625862,4535,1.8887918076137635,7.280109889280518,0.05451336715972608,0.04057331863285557,0.0
h30,RW,RW,,1,2,9891,17,1.6612032265800594,0.11202410271964425,0.23646208870934166,-0.03255949707078701,0.35495925538513967,0.33799287146357765,1,35,14.46311068427371,0.09472653309899755,19,0.8499043987511598,0.09402487109493479,4991,2.0119523702636157,7.280109889280518,0.05806796589541837,0.05129232618713685,0.2156
h30,RW,RW,,1,3,9900,27,1.9595917942265424,0.12475466666666679,0.24533748904370795,-0.05962736854496801,0.34546340122897473,0.3231707317073171,1,34,14.234181352541016,0.09619545559381171,19,0.8473112896643201,0.09686868686868687,5000,2.0781900100623845,7.280109889280518,0.05997968362078577,0.0666,0.2596
h30,RW,RW,,1,4,9900,50,2.4033310217279684,0.13603284848484853,0.24911811274771953,-0.06765667319697534,0.34335447579217204,0.30995140502852314,1,34,13.948869147659064,0.09808364884898746,18,0.8495786093255793,0.08828282828282828,5000,2.148187096496142,7.280109889280518,0.06199990461999437,0.0904,0.2732
h30,RW,RW,,1,5,9900,69,3.0667246371332393,0.1495749090909091,0.2516132774805335,-0.07819121484521908,0.33934410687398464,0.2901549885378252,1,33,13.601725490196078,0.10054486036679267,18,0.8473810223446585,0.09353535353535354,5000,2.2527192765097075,9.055385138137417,0.06501686026651703,0.123,0.3076
h30,RW,RW,,1,6,9900,85,3.894303532083754,0.1628388686868687,0.2501789497072377,-0.08089161811122313,0.33849854407103264,0.26510032584462356,1,27,12.75714861944778,0.10599621259890979,19,0.8536242934394451,0.09111111111111111,5000,2.399688112589367,10.770329614269007,0.06925860151610974,0.165,0.3264
h30,RW,RW,,1,7,9900,124,5.18196873784472,0.17837987878787875,0.24645784464582315,-0.08241318630449086,0.34583280321059384,0.22974508689774087,1,24,11.670452821128452,0.1142829092474411,17,0.8525634578104275,0.08434343434343435,5000,2.6314993899080363,13.152946437965905,0.0759490229915198,0.2232,0.3752
h30,RW,RW,,1,8,9900,169,6.868769904429759,0.19315575757575765,0.23859761500688592,-0.08619682492523109,0.3548233359233391,0.1879309398115827,1,21,10.578855222088835,0.1250218918909349,19,0.8541317773696563,0.08626262626262626,5000,2.988728542318469,16.64331697709324,0.08625919262853773,0.2986,0.4144
h30,RW,RW,,1,9,9900,191,8.632496741962894,0.20811195959595974,0.22799363563837502,-0.10294197888582741,0.3604696658002249,0.1488512786252459,1,18,9.298626650660264,0.1400016667623348,17,0.8520540046933986,0.08333333333333333,5000,3.5059274186965363,17.4928556845359,0.10118632865747629,0.377,0.464
h30,RW,RW,,1,10,9900,228,10.397461228588448,0.21993119191919197,0.21426769682165692,-0.118262051653825,0.3601272407412509,0.11724987969082999,1,17,8.207791276510605,0.15637198941509442,15,0.8505426027956332,0.07777777777777778,5000,4.069812528535523,22.0,0.117460899472875,0.4588,0.5208
h30,RW,RW,,1,11,9900,235,11.829623831720093,0.2298347070707072,0.1999872759470074,-0.14067464964225268,0.3573294539703818,0.09660563686928231,1,15,7.497051620648259,0.1705756829529459,15,0.842523227221712,0.07404040404040405,5000,4.715427448654703,24.08318915758459,0.13609431531171104,0.5328,0.588
h30,RW,RW,,1,12,9900,296,13.75994186034229,0.23926141414141422,0.18246980636754406,-0.16061765849207285,0.3576115834407041,0.07649961661718735,1,13,6.438000160064026,0.19290389722500165,14,0.8357824354657688,0.08040404040404041,5000,5.559522833040265,28.071337695236398,0.1604561753226211,0.6202,0.6656
h30,RW,RW,,1,13,9900,355,15.841287826436334,0.2470434747474748,0.16099522604444114,-0.18027392147610524,0.36370892361809676,0.06208152468268484,1,11,5.6734729091636655,0.21434998522352666,12,0.8197691102948679,0.07686868686868686,5000,6.661059575287888,27.294688127912362,0.19224817941116937,0.7078,0.7344
h30,RW,RW,,1,14,9900,470,18.65437214167231,0.25255688888888894,0.14085027045627524,-0.18809438457344846,0.36671403848058,0.04714294226300424,1,10,5.188791996798719,0.2343427806678227,12,0.801603469033772,0.08272727272727273,5000,7.978219602001479,29.068883707497267,0.23026339519880343,0.7926,0.8104
h30,RW,RW,,1,15,9900,494,21.099763031844695,0.2561326464646465,0.11985938845514761,-0.21212104810173069,0.37122331243804674,0.037996313647185316,1,9,4.553518047218888,0.2593597221745841,9,0.7771979491888582,0.0707070707070707,5000,9.314356008811913,30.14962686336267,0.2688262978047579,0.866,0.8452
h30,RW,RW,,1,16,9900,506,23.07434939494503,0.25836537373737367,0.09961779576194216,-0.2335801813093812,0.37955212829321794,0.03327202877227399,1,8,4.302093637454982,0.27225323729491796,7,0.7600708295071933,0.04414141414141414,5000,10.414203352488755,30.59411708155671,0.30056954331430513,0.9176,0.8688
h30,RW,RW,,1,17,9900,517,24.640373373794482,0.2594588282828283,0.08657955891673504,-0.2552273363040901,0.38450342822871175,0.02965763200607172,1,8,4.130097158863546,0.2816609226547762,6,0.7555243801652893,0.03686868686868687,5000,11.401433625176015,32.28002478313795,0.32906249108613395,0.95,0.8824
h30,RW,RW,,1,18,9900,531,25.844241138017576,0.25997062626262624,0.07551188474687676,-0.2695169366510009,0.3871188627763514,0.027276531025642727,1,8,3.9872691476590636,0.2903687067207835,6,0.7400011529435773,0.03393939393939394,5000,12.191231892628851,33.54101966249684,0.3518572547875742,0.9696,0.8904
h30,RW,RW,,1,19,9900,519,27.06880122945972,0.2602508282828284,0.0676990334157176,-0.2798221569561419,0.3823844327460187,0.024544700977643417,1,7,3.910857462985194,0.2960943676518227,6,0.7274497296194266,0.05202020202020202,5000,13.155859697515252,34.0,0.3796978614061974,0.9812,0.9452
h30,RW,RW,,1,20,9900,531,28.132685616556415,0.2604254141414142,0.061517266427290766,-0.28845649117723743,0.38661158139098223,0.023289450548203944,1,7,3.7438453781512604,0.3056373398883363,5,0.7041684317926743,0.023535353535353534,5000,13.911671419659536,34.539832078341085,0.4015117223869527,0.9892,0.968
h30,RW,RW,,1,21,9900,525,29.057391486504777,0.26053470707070714,0.05584463034283335,-0.29971289348801405,0.391898426192377,0.02210382739742847,1,7,3.653107643057223,0.31193734026944114,5,0.7039490817263545,0.01888888888888889,5000,14.479984509465925,34.48187929913333,0.4179140913518171,0.9946,0.9716
h30,RW,RW,,1,22,9900,538,29.58548292659763,0.26058828282828284,0.052300510605697466,-0.30628111873968134,0.3995581416255282,0.021796197255542157,1,7,3.649238895558223,0.31245541035461805,5,0.7046712937455362,0.01797979797979798,5000,14.77454200329342,34.0147027033899,0.42641546283486753,0.9974,0.9736
h30,RW,RW,,1,23,9900,531,29.96909074363118,0.2606175757575757,0.050275947686324506,-0.3104969226127512,0.4053461454846229,0.021540626146436634,1,7,3.7104793917567025,0.30995437641723356,4,0.7045231660034691,0.01575757575757576,5000,14.966593832128792,34.539832078341085,0.4319583669372663,0.9988,0.9728
h30,RW,RW,,1,24,9900,540,30.16971991915073,0.26063672727272724,0.04906896717601167,-0.31241374044025977,0.4100421110922557,0.02152746517579354,1,7,3.7841142857142858,0.30694874445016096,4,0.7050623558820528,0.014848484848484849,5000,15.105716657991568,34.17601498127012,0.4359736605529971,0.9992,0.9712
h30,RW,RW,,1,25,9900,539,30.286736370893447,0.2606452525252525,0.047643600045626504,-0.313949658547934,0.4128863823722697,0.021481899670484136,1,7,3.7782197679071627,0.3071346092722803,4,0.7052918528721559,0.01404040404040404,5000,15.17391514892471,34.539832078341085,0.4379419713858752,0.9998,0.9712
h30,RW,RW,,1,26,9900,537,30.36617855443783,0.26074513131313126,0.046771014011558906,-0.3140114629347435,0.42361391557389244,0.022144899147435303,1,7,3.7408688275310125,0.30948146191810055,4,0.705301311090705,0.014545454545454545,5000,15.180185436915659,34.539832078341085,0.43812294131070756,1.0,0.9696
h30,RW,RW,,1,27,9900,557,30.43269294689512,0.26075082828282836,0.046634892532865936,-0.31430849182305803,0.42251443435473285,0.02201446100698584,1,6,3.653298119247699,0.3134369000933707,4,0.7047705693296602,0.01494949494949495,5000,15.229214290212274,34.539832078341085,0.43953798762253765,1.0,0.9708
h30,RW,RW,,1,28,9900,543,30.444546309643044,0.2607491717171717,0.0463687571879091,-0.3147211976403124,0.42375553313664316,0.022039840403684795,1,6,3.685789835934374,0.31176096038415374,4,0.7044968370574431,0.015555555555555555,5000,15.225634165865142,34.539832078341085,0.43943465985913566,1.0,0.9712
h30,RW,RW,,1,29,9900,558,30.489893407488328,0.26075519191919194,0.04594910504457458,-0.31455423387094117,0.42256892941740687,0.021917028970785422,1,6,3.6102661864745897,0.31569506736027747,4,0.70394394959698,0.01494949494949495,5000,15.241613726024237,34.438350715445125,0.43989585395500813,1.0,0.9696
h30,RW,RW,,1,30,9900,565,30.53772748584937,0.26075927272727273,0.0455735554813427,-0.3145428589790936,0.4237910636153021,0.02191056709655412,1,6,3.6787102040816326,0.31233138588768844,4,0.7037069788797061,0.015353535353535354,5000,15.306650533987357,34.539832078341085,0.44177291387082235,1.0,0.9704
h30,RW,RW,,2,0,4900,4,0.27712812921102037,0.0188395102040817,0.03612824436332547,0.6504952980918245,0.0,0.0,1,98,33.333333333333336,0.046482951803896395,20,0.8653470220741358,0.08204081632653061,0,,,,,0.0
h30,RW,RW,,2,1,9466,13,1.2889919161887713,0.09288806253961557,0.21148113486296388,0.00906047308650502,0.36048414696415004,0.3473831557663893,1,39,15.247076430572228,0.09026968955591763,19,0.848926773811989,0.09380942319881681,4566,1.900183444379772,7.810249675906654,0.05484214689874888,0.04007884362680683,0.0
h30,RW,RW,,2,2,9896,19,1.7060708543316716,0.11499333063864192,0.23972351438489714,-0.039253815506456714,0.35946960923493715,0.3396312788713638,1,34,14.161749179671869,0.09625191535151915,19,0.8468820274100444,0.0957962813257882,4996,2.0135901635689435,7.810249675906654,0.05811523506898487,0.052642113690952765,0.2036
h30,RW,RW,,2,3,9899,29,1.9839030621479468,0.12560218203858975,0.24603669063890846,-0.05879907943346256,0.3517475695428888,0.32708103469412775,1,34,13.987983353341336,0.09733550545809842,21,0.8517587539186701,0.09677745226790585,4999,2.0710721613028897,7.810249675906654,0.05977425181975316,0.0680136027205441,0.2468
h30,RW,RW,,2,4,9900,47,2.5234896472940007,0.13951608080808087,0.2515147387698281,-0.07278866266520982,0.3467480182653897,0.3106397447298216,1,31,13.382506922769108,0.10080347512971935,20,0.8525360932557905,0.09535353535353536,5000,2.166503170327405,8.54400374531753,0.06252853400819028,0.0956,0.292
h30,RW,RW,,2,5,9900,71,3.3088970972213687,0.15263632323232335,0.2525043506392512,-0.07514736693740495,0.3468093974087242,0.28826921673114825,1,29,12.852127731092438,0.10453620200045807,19,0.8556651668197124,0.08878787878787879,5000,2.2886601608618005,10.04987562112089,0.06605416814599484,0.1332,0.302
h30,RW,RW,,2,6,9900,97,4.443602142406541,0.1675302626262627,0.25131918384994917,-0.07163663397877462,0.34546265580389,0.25113209571842476,1,25,11.85203905562225,0.11233534932480753,19,0.8496994235282112,0.09232323232323232,5000,2.492445239251432,10.44030650891055,0.07193571144533936,0.186,0.3512
h30,RW,RW,,2,7,9900,145,6.29043718671445,0.1839565656565656,0.24388677290270966,-0.07697712146381583,0.3528894717478892,0.2018648809019242,1,21,10.486694517807123,0.12493742450798156,18,0.8534063309866342,0.08818181818181818,5000,2.8254022720154737,13.038404810405298,0.08154535127028652,0.2646,0.384
h30,RW,RW,,2,8,9900,160,8.165782265037441,0.19832658585858587,0.2347531474153056,-0.09501252908890083,0.3614155512585951,0.15930672075228175,1,19,9.599953261304522,0.13663284314749372,18,0.8493071931435568,0.09,5000,3.276942086614323,16.278820596099706,0.0945774682041054,0.3452,0.4092
h30,RW,RW,,2,9,9900,203,10.387453971017152,0.21357826262626256,0.2212197228632332,-0.11499386802888271,0.3691663804227771,0.12040888574210107,1,17,8.304127731092438,0.15496638616735078,16,0.8425590960106111,0.0897979797979798,5000,3.926307732874212,19.026297590440446,0.1133191356302259,0.4374,0.4612
h30,RW,RW,,2,10,9900,269,12.830713152432331,0.2264949090909092,0.20667496244587033,-0.1332729423563436,0.37483789370778114,0.0898932524462981,1,15,7.3544525010004005,0.17361295612572922,13,0.8349452657892054,0.07868686868686868,5000,4.782540479395278,21.540659228538015,0.1380312981338597,0.5242,0.4924
h30,RW,RW,,2,11,9900,307,15.251911355630153,0.23578323232323228,0.189626016809654,-0.15603505025055805,0.37652754868135285,0.0684611616437136,1,13,6.265080112044818,0.19841087367303453,12,0.8240364197530865,0.0708080808080808,5000,5.865182697760964,25.019992006393608,0.1692779778973382,0.6082,0.5512
h30,RW,RW,,2,12,9900,357,17.82414093301554,0.24431846464646467,0.1689466767582198,-0.18723517841644172,0.37544431312631826,0.052322322515801066,1,11,5.4689283713485395,0.22228972231894203,11,0.8096679063360881,0.06828282828282828,5000,7.238366437139678,25.019992006393608,0.20891012213937044,0.707,0.654
h30,RW,RW,,2,13,9900,379,19.783872219563083,0.2507594343434343,0.14741422192430317,-0.21785372193269006,0.38432118734578236,0.044298623063683304,1,10,5.075545738295318,0.23742705488544627,10,0.8027086827874708,0.0601010101010101,5000,8.408724237340088,25.45584412271571,0.2426884052796268,0.7938,0.7372
h30,RW,RW,,2,14,9900,386,21.346887360924544,0.2549694545454546,0.12697160236882093,-0.2466788332146717,0.39335129254868345,0.03959443364884348,1,9,4.801033053221288,0.24813142158450685,8,0.8012590500969288,0.04494949494949495,5000,9.386595410998794,26.0,0.2709112354029296,0.8616,0.7872
h30,RW,RW,,2,15,9900,364,22.44725372957681,0.25713696969696964,0.1091452066832259,-0.26719330417227666,0.4036931172266474,0.036982517537591804,1,8,4.660370068027211,0.2542823685664742,7,0.79976996224875,0.03535353535353535,5000,10.017402469562388,26.0,0.28911727412662985,0.9092,0.7836
h30,RW,RW,,2,16,9900,369,23.403521102603342,0.2584123232323232,0.09474249976212049,-0.28074508491172306,0.42053631915609496,0.035450446383523376,1,9,4.597810964385754,0.25812472099951095,7,0.7979702734414856,0.035555555555555556,5000,10.591094570137967,28.42534080710379,0.30567488941765625,0.9412,0.7752
h30,RW,RW,,2,17,9900,380,24.10095433795102,0.25920072727272725,0.08159443288684136,-0.2909082087950822,0.43020887162124627,0.03430500215208576,1,9,4.489115966386555,0.2628592053964443,7,0.7964371135598408,0.03363636363636364,5000,10.997284809600053,29.068883707497267,0.3173981495309391,0.9642,0.7564
h30,RW,RW,,2,18,9900,390,24.51030803560004,0.25955119191919196,0.07328133581097802,-0.2965779313013884,0.43866626522796376,0.033794535860550715,1,8,4.437193117246899,0.2659562628861068,7,0.7949903836343231,0.033535353535353536,5000,11.258657993672102,30.4138126514911,0.32494177201574176,0.9754,0.7432
h30,RW,RW,,2,19,9900,402,24.924574219031307,0.2598396767676767,0.0664631053751022,-0.3007297379002568,0.43791132255315623,0.03265010040814105,1,8,4.345201760704282,0.270022855237333,7,0.7904415008672584,0.03565656565656566,5000,11.509543930106432,30.4138126514911,0.33218271678949896,0.9846,0.7404
h30,RW,RW,,2,20,9900,437,25.35411603665172,0.25997329292929305,0.06135179303184929,-0.2997394242090718,0.43698513404912537,0.03154646481210301,1,8,4.251862344937975,0.27445313630213986,7,0.7826937557392102,0.040606060606060604,5000,11.828812646126934,31.89043743820395,0.3413972912433283,0.9902,0.7668
h30,RW,RW,,2,21,9900,539,26.203358563359775,0.2600851313131314,0.05891476872147089,-0.2934869227847488,0.42741963559649876,0.029023131753235405,1,7,4.141562224889956,0.2816078240820138,6,0.7568764870931538,0.02808080808080808,5000,12.270017247800023,32.69556544854363,0.3541311184161345,0.9922,0.8056
h30,RW,RW,,2,22,9900,486,26.777214194161427,0.26016436363636375,0.05718843055465404,-0.2985945367496951,0.42501276329488147,0.027752383439989554,1,7,4.002091396558623,0.28839756778902037,6,0.7564556524844402,0.025757575757575757,5000,12.676815520296522,32.202484376209235,0.36587192727561396,0.9944,0.8096
h30,RW,RW,,2,23,9900,515,27.213173280600703,0.26021555555555564,0.05558004927032588,-0.29985166797541746,0.42768671963694616,0.027133264400465096,1,7,3.9719833533413365,0.290366586253549,6,0.755526150392817,0.025555555555555557,5000,12.921020256216803,33.61547262794322,0.3729200425722303,0.9956,0.8112
h30,RW,RW,,2,24,9900,509,27.462556326751525,0.26033915151515163,0.05442653158969817,-0.3017519259294769,0.4316353357269743,0.026898446276284356,1,7,3.9063775910364145,0.2929023335048305,6,0.7558127844097541,0.023636363636363636,5000,13.03181542989217,33.24154027718932,0.3761177576182953,0.9964,0.8132
h30,RW,RW,,2,25,9900,524,27.69685902769482,0.2603624242424243,0.05314975612705251,-0.3037188057815665,0.4336000448872418,0.026630251225663152,1,7,4.052643137254902,0.2874010564225691,5,0.7532680695847364,0.02070707070707071,5000,13.197601897340865,33.61547262794322,0.3809026039595988,0.9972,0.8196
h30,RW,RW,,2,26,9900,539,27.855311881219354,0.2603813737373737,0.052111477160166175,-0.30558502920200864,0.4383438125806395,0.026613867793521997,1,7,4.007711884753902,0.29072286667047775,5,0.7521129017447199,0.021919191919191918,5000,13.303330959214462,33.24154027718932,0.38395410341344827,0.998,0.8232
h30,RW,RW,,2,27,9900,526,27.929683134615043,0.26038884848484845,0.05155721037868533,-0.3059038927327518,0.4369090863427706,0.026406871650990038,1,7,3.9384444977991198,0.2934926427713943,5,0.7516897051321293,0.021717171717171718,5000,13.356261035487208,33.61547262794322,0.3854817448771699,0.998,0.8264
h30,RW,RW,,2,28,9900,538,28.00685630341256,0.2603964040404041,0.0504792204823035,-0.30675255104601423,0.4327484347554924,0.025982184734239095,1,7,3.868427050820328,0.29738568875169114,5,0.748790628507295,0.025252525252525252,5000,13.473726110808574,33.61547262794322,0.3888719632980812,0.998,0.8352
h30,RW,RW,,2,29,9900,532,28.104803859838626,0.26041244444444445,0.049639056135370056,-0.3058279192331617,0.4138437485313014,0.024739122116799794,1,7,3.813783433373349,0.3018554751424379,5,0.7376748188960311,0.034545454545454546,5000,13.77615376792279,33.61547262794322,0.3976004795088494,0.998,0.8876
h30,RW,RW,,2,30,9900,631,28.923955469472016,0.2605796767676769,0.048574395789271585,-0.2933564032464929,0.40204954190850856,0.022734534019234427,1,7,3.8247945578231293,0.3035211280702757,5,0.712261932455872,0.06080808080808081,5000,14.348242275956949,33.61547262794322,0.4141118127117004,0.999,0.9736
h30,RW,RW,,3,0,4900,4,0.27712812921102037,0.0188395102040817,0.03612824436332547,0.6504952980918245,0.0,0.0,1,98,33.333333333333336,0.046482951803896395,23,0.8619693669304456,0.09122448979591836,0,,,,,0.0
h30,RW,RW,,3,1,9470,13,1.260564952709697,0.09097292502639931,0.20918705505710758,0.006624778782912944,0.36531949161949473,0.35060145344765875,1,39,15.272481792717088,0.09006705088023655,20,0.8506030882830122,0.09408658922914467,4570,1.8919727466969884,6.324555320336759,0.05460517383712566,0.03982494529540481,0.0
h30,RW,RW,,3,2,9895,18,1.645400863011807,0.11132503284487116,0.23659159278056413,-0.03669275000862248,0.35657697851168657,0.33789579214124593,1,34,14.090666346538615,0.09657039719161876,20,0.8490456973563502,0.09853461344113189,4995,2.0187850634195543,8.54400374531753,0.05826516767763597,0.05065065065065065,0.2252
h30,RW,RW,,3,3,9900,22,1.9487431847218863,0.1251496565656567,0.24646527546106253,-0.06602954119303457,0.3521571115056277,0.3273769708552317,1,34,13.994980072028811,0.09735339632966016,20,0.8518794306703397,0.09303030303030303,5000,2.0855789797756557,8.54400374531753,0.06019294037957092,0.0644,0.2732
h30,RW,RW,,3,4,9900,31,2.2604424345689496,0.13548896969696966,0.251155180130259,-0.07332227653034398,0.3456463916008903,0.3154015621870619,1,32,13.795680512204882,0.09876261331864888,20,0.8526155902458932,0.09353535353535354,5000,2.149300909873334,9.055385138137417,0.06203205094619801,0.0808,0.2672
h30,RW,RW,,3,5,9900,46,2.7600000000000002,0.14885559595959608,0.2537938331106803,-0.08667473917619456,0.34458465553833295,0.30123029603998464,1,31,13.384463225290116,0.10130706044496186,20,0.8532791857973678,0.09282828282828283,5000,2.2388306295343066,8.94427190999916,0.06461601306415736,0.1056,0.3036
h30,RW,RW,,3,6,9900,64,3.5016567507395697,0.16248408080808074,0.2536938773469819,-0.08536201193443409,0.3416515666386918,0.2774020397208803,1,29,12.922871228491397,0.10491492231420878,19,0.8539795429037855,0.08787878787878788,5000,2.376071657586565,10.04987562112089,0.0685769951699845,0.1444,0.3404
h30,RW,RW,,3,7,9900,88,4.606256614649253,0.17684335353535352,0.24970298736536944,-0.08696474253133912,0.34549094980146094,0.24563821950962855,1,24,11.842192557022809,0.11276618506070506,18,0.854592215080094,0.08636363636363636,5000,2.5896001233285157,11.661903789690601,0.07473974725580053,0.1974,0.3664
h30,RW,RW,,3,8,9900,108,6.114114817371358,0.19186763636363646,0.24115538148497678,-0.09845000684707535,0.35345967531213274,0.20527439341872333,1,22,10.88469243697479,0.12164966874571743,18,0.8531767217630852,0.08676767676767677,5000,2.90806102454242,13.341664064126334,0.08393100696156099,0.2716,0.4088
h30,RW,RW,,3,9,9900,123,7.741524397688093,0.20736064646464647,0.23017789400663796,-0.11128879640413633,0.361207617679865,0.16733834418708426,1,18,9.036680272108844,0.1412542939661745,17,0.8536069788797062,0.08343434343434343,5000,3.3395681229295726,15.811388300841896,0.09638494963093594,0.3494,0.4592
h30,RW,RW,,3,10,9900,183,9.6304517028019,0.22081321212121208,0.2151641118213066,-0.12801592177556104,0.363120042843512,0.1297495120364346,1,16,7.937930052020809,0.15849897534194055,17,0.8507957657381899,0.08212121212121212,5000,3.9409423818350393,19.1049731745428,0.11374151356983757,0.4342,0.522
h30,RW,RW,,3,11,9900,252,11.810063505333067,0.23332662626262635,0.19664618917055324,-0.1467425104160888,0.3636653287962727,0.09825616108377427,1,14,7.204091556622649,0.17492611241677267,15,0.8420204570962146,0.0801010101010101,5000,4.781612851226912,22.20360331117452,0.1380045253922976,0.5362,0.6108
h30,RW,RW,,3,12,9900,272,14.006712676427684,0.24242957575757584,0.175591946579268,-0.1703454856541476,0.36281669687965734,0.0750805595662692,1,12,6.221681952781112,0.19756868354268114,13,0.8354863177226814,0.0704040404040404,5000,5.8474168043519805,23.08679276123039,0.16876522754210027,0.637,0.6892
h30,RW,RW,,3,13,9900,299,15.92266309384206,0.24891486868686874,0.156082868783837,-0.1944588368217108,0.36951272871841695,0.06186465744041596,1,10,5.438557182873149,0.21927216562815602,10,0.8298866799306195,0.05858585858585859,5000,6.791855968153627,26.30589287593181,0.19602315967035727,0.7296,0.7364
h30,RW,RW,,3,14,9900,310,17.3788146891553,0.25314468686868685,0.13759504523075555,-0.2223420853997354,0.3746983156801804,0.05454704430349949,1,10,5.033817366946779,0.23384888749150454,10,0.8262689623507804,0.05797979797979798,5000,7.686111298464934,29.154759474226502,0.22183271102445282,0.809,0.7696
h30,RW,RW,,3,15,9900,310,18.645642922677673,0.2558484040404041,0.1216865836288695,-0.24124074468750564,0.3699773790612216,0.047377868065508075,1,9,4.75027675070028,0.2456531133088156,10,0.8138141771247831,0.06494949494949495,5000,8.474933361236278,29.154759474226502,0.2445992999932356,0.8668,0.8116
h30,RW,RW,,3,16,9900,337,19.9252001244655,0.25760173737373737,0.10666688883485799,-0.25487883943849615,0.3854296392195996,0.04405648267008986,1,9,4.602848179271708,0.2526119185451959,8,0.8126290837669623,0.042222222222222223,5000,9.099990272627666,29.154759474226502,0.2626393808370058,0.9094,0.844
h30,RW,RW,,3,17,9900,328,20.802115277057762,0.25848492929292943,0.09548361126570167,-0.26726010196130423,0.39418883256903386,0.041833355759101305,1,9,4.540880032012805,0.2564719505580009,8,0.811942383430262,0.042222222222222223,5000,9.682031650838757,27.202941017470888,0.2794379688151375,0.9354,0.8408
h30,RW,RW,,3,18,9900,353,21.65548429382266,0.25916169696969704,0.08489051274571242,-0.2762070523399771,0.4040245980544092,0.039526017705603114,1,8,4.372225050020008,0.2639016437051011,8,0.8099972298745025,0.04141414141414142,5000,10.039357076558677,28.30194339616981,0.2897509170443997,0.9554,0.8384
h30,RW,RW,,3,19,9900,382,22.337090231272292,0.2595374949494951,0.07696697857382062,-0.28069083942872336,0.41367541232533506,0.03839552723963074,1,8,4.386566466586634,0.26441750223899085,8,0.8076840067340068,0.042323232323232325,5000,10.396517756418934,28.653097563788805,0.3000591104608236,0.9684,0.8472
h30,RW,RW,,3,20,9900,416,23.022945076596958,0.2597943838383838,0.06933255910746186,-0.28434498204778563,0.4145657849617194,0.03627519908956363,1,8,4.255498039215686,0.27071553192705655,8,0.798665539230691,0.04494949494949495,5000,10.767351186159953,33.60059523282288,0.3107619199653354,0.9804,0.8668
h30,RW,RW,,3,21,9900,402,23.499361693458827,0.25996092929292924,0.06278866696896136,-0.2885462929877792,0.4179662288397145,0.03527886101823578,1,7,4.3086594637855145,0.2687475858914995,7,0.7952688603203755,0.03434343434343434,5000,11.07025129374962,33.60059523282288,0.3195040718061023,0.9886,0.8676
h30,RW,RW,,3,22,9900,435,23.870936303379473,0.26003620202020206,0.06014658975815115,-0.2886063653470565,0.4251816088547182,0.034849542447664854,1,7,4.2836750700280115,0.27066378094094784,7,0.7979298745026016,0.028383838383838383,5000,11.185460020993336,33.60059523282288,0.32282916863409833,0.9916,0.8664
h30,RW,RW,,3,23,9900,431,24.092870314680233,0.26008084848484847,0.05781801281355942,-0.2903652418833916,0.43266082476604945,0.034798278786688175,1,7,4.251503481392557,0.2722441144076678,7,0.7984092031425365,0.027373737373737373,5000,11.315655532267675,33.60059523282288,0.32658680654847116,0.9944,0.8676
h30,RW,RW,,3,24,9900,434,24.237887696744533,0.260105898989899,0.056640567241243674,-0.29085300899032746,0.430199889797578,0.03424292397602547,1,7,4.263725010004001,0.2719643621258027,7,0.79817621161106,0.02727272727272727,5000,11.393125872594197,33.60059523282288,0.32882271687441866,0.9956,0.868
h30,RW,RW,,3,25,9900,434,24.331987177376206,0.2601269090909091,0.054961957183446736,-0.29168300624867843,0.4336062430759849,0.034234724481025026,1,7,4.265850340136055,0.2717847824844224,7,0.7981762983369046,0.026262626262626262,5000,11.52773765706609,34.40930106817051,0.3327078150633043,0.9972,0.8688
h30,RW,RW,,3,26,9900,441,24.380287118899975,0.2601333333333333,0.05474369770842988,-0.291328623394846,0.43247877535204726,0.0340515042402644,1,7,4.289491476590636,0.27137875188170507,7,0.7976488929701049,0.02595959595959596,5000,11.542705727281502,34.40930106817051,0.33313981604087956,0.9972,0.8692
h30,RW,RW,,3,27,9900,436,24.44364948202293,0.2601418989898989,0.05423889671393927,-0.2912433022679735,0.43282115957115874,0.03389001107468606,1,7,4.299545098039216,0.2712629646144172,7,0.7968075451484541,0.026767676767676767,5000,11.56514165596191,33.60059523282288,0.3337873506250483,0.9972,0.8708
h30,RW,RW,,3,28,9900,437,24.46764394051867,0.2601467070707071,0.0536588603882668,-0.29191345688778325,0.43236028135397125,0.03375201997943294,1,7,4.191670908363346,0.2754814741134549,7,0.7959279461279463,0.027171717171717173,5000,11.617594726777662,32.802438933713454,0.33530122499516574,0.9978,0.8732
h30,RW,RW,,3,29,9900,435,24.516688193962903,0.26015143434343435,0.0536588603882668,-0.29173957141699375,0.43126691125527605,0.033569842030730275,1,8,4.306256902761104,0.2715386870938852,7,0.795204372002857,0.026868686868686868,5000,11.619276302851533,33.60059523282288,0.33534975780516224,0.9978,0.8748
h30,RW,RW,,3,30,9900,444,24.56441328426144,0.2601585454545454,0.05328454278867365,-0.29246772187210734,0.4336936945879147,0.03358893300809095,1,7,4.272255462184874,0.27226100268678893,7,0.7949941434547496,0.026363636363636363,5000,11.703439174679236,33.421549934136806,0.3377788246375501,0.9982,0.8772
h30,RW,RW,,4,0,4900,4,0.27712812921102037,0.0188395102040817,0.03612824436332547,0.6504952980918245,0.0,0.0,1,98,33.333333333333336,0.046482951803896395,20,0.8645176384839652,0.08183673469387755,0,,,,,0.0
h30,RW,RW,,4,1,9470,15,1.3360479033328108,0.09675488912354813,0.21549201913408064,0.022632132430670124,0.36483655233655443,0.35099060552506745,1,39,15.554180712284914,0.08919468112278112,17,0.8504754970121841,0.08859556494192186,4570,1.8899832807924222,6.4031242374328485,0.054547754864388585,0.04048140043763676,0.0
h30,RW,RW,,4,2,9898,16,1.6784938010013621,0.11457486360880997,0.23944499812787418,-0.024713554500361057,0.35774686757686963,0.34058333333333335,1,35,14.241239215686274,0.09569075280636213,19,0.8502064613309139,0.09244291776116387,4998,1.999583896898211,6.708203932499369,0.05771099318563866,0.049019607843137254,0.2148
h30,RW,RW,,4,3,9899,20,1.9464509652184923,0.12726776442064858,0.2489210574613198,-0.06879263831647628,0.35178477740697733,0.32794384738286747,1,34,14.116661704681873,0.09672890847449186,20,0.8508203590683522,0.09495908677644206,4999,2.0645288766744994,7.0710678118654755,0.05958540280212179,0.0632126425285057,0.2532
h30,RW,RW,,4,4,9900,32,2.3224125387191656,0.13905806060606074,0.2530162365149149,-0.0837487857192092,0.3474531129308722,0.3157873754152824,1,33,13.861017046818727,0.09839544116139774,20,0.8476771145801448,0.09858585858585858,5000,2.1385351527599217,8.0,0.0617213350335653,0.0846,0.2828
h30,RW,RW,,4,5,9900,41,2.8639832401744254,0.1523214141414142,0.25555556927191153,-0.08860855438843207,0.34415721026437435,0.2986630438922817,1,32,13.64088611444578,0.1002349496216711,19,0.8499432915008671,0.09323232323232324,5000,2.2367571340836303,9.055385138137417,0.06455616887256826,0.1134,0.3076
h30,RW,RW,,4,6,9900,70,3.7543574683293013,0.16541632323232336,0.253441176659656,-0.08928301513985121,0.3452158163331543,0.2738514054826013,1,27,12.554637535014006,0.10712251321888,18,0.8540451076420774,0.08636363636363636,5000,2.3803733115720775,12.0,0.06870114736196303,0.1596,0.3352
h30,RW,RW,,4,7,9900,104,4.852545723638264,0.17978117171717178,0.2494428054741326,-0.08152454494430778,0.3519592445973094,0.24433848604276,1,23,11.564540696278511,0.11446847332851783,19,0.8527471278440976,0.09121212121212122,5000,2.5882999367542974,12.0,0.07470222191933369,0.2072,0.3612
h30,RW,RW,,4,8,9900,141,6.458111178974856,0.19463830303030316,0.2414595573425526,-0.08967135227711026,0.35895123071366125,0.2007758492067439,1,22,10.75553837535014,0.12295956217537687,19,0.8518237322722174,0.09080808080808081,5000,2.923826336128462,14.317821063276353,0.08438601752196952,0.272,0.4004
h30,RW,RW,,4,9,9900,180,8.076930109887048,0.20743418181818196,0.23175061560230248,-0.09656605465658391,0.35934818350723313,0.16074213283218042,1,18,9.314600080032013,0.1391443201656287,17,0.8467468676665649,0.08757575757575757,5000,3.407652092978204,21.587033144922902,0.09834995521915997,0.3402,0.44
h30,RW,RW,,4,10,9900,225,10.156692374981137,0.21948775757575767,0.2174206739041153,-0.111027308961937,0.3601572181929964,0.12089275585446885,1,16,7.746981352541017,0.16215779987119724,16,0.8413598408325682,0.08868686868686869,5000,4.065742254870869,19.235384061671343,0.11734342526432144,0.432,0.4836
h30,RW,RW,,4,11,9900,297,12.679242879604445,0.23168206060606056,0.1984141714897714,-0.13239527896402414,0.36618455627374824,0.08938922742353282,1,14,6.803877070828332,0.18343114827815907,14,0.8329598255280073,0.08454545454545455,5000,5.062633336936544,22.360679774997898,0.14611519849832286,0.5378,0.5836
h30,RW,RW,,4,12,9900,302,15.130366816439052,0.2413789090909091,0.17775420280971976,-0.16368622507379155,0.3672666838593554,0.06790575975278287,1,13,5.923084113645459,0.20655922981735708,14,0.8210461585552494,0.0794949494949495,5000,6.2436095088843055,24.515301344262525,0.1801999437882817,0.6472,0.6632
h30,RW,RW,,4,13,9900,367,17.338165992976304,0.24873406060606063,0.15482558886794462,-0.1893062066341058,0.3774568732769017,0.055249812615216325,1,10,5.36750700280112,0.224218239930893,12,0.8127395928986835,0.07151515151515152,5000,7.405375229594653,24.73863375370596,0.21373024661539858,0.7454,0.7528
h30,RW,RW,,4,14,9900,359,19.141431503416875,0.2537475555555555,0.13244156290347203,-0.21930564359109217,0.3851024093987258,0.04737312939576563,1,9,5.0620741096438575,0.23643391909144612,9,0.8074364044485255,0.0602020202020202,5000,8.368174353116146,26.019223662515376,0.2415180747444807,0.8256,0.7996
h30,RW,RW,,4,15,9900,414,20.745698349296415,0.25665062626262625,0.11427064319021345,-0.23905786245234284,0.3915083584519705,0.04141714263101661,1,9,4.709800400160064,0.25077395059611146,9,0.8043175696357514,0.05484848484848485,5000,9.317341325360433,28.792360097775937,0.2689124585221231,0.8882,0.8272
h30,RW,RW,,4,16,9900,403,21.906656522618874,0.25815333333333346,0.09907803010000323,-0.2560963443451123,0.39601989074847754,0.037770147444960614,1,9,4.615922849139656,0.2560812332552068,8,0.7981597388021628,0.0502020202020202,5000,10.036174744152744,29.410882339705484,0.28965907015361503,0.9274,0.83
h30,RW,RW,,4,17,9900,446,22.866114667778614,0.2590213333333333,0.08629155736072867,-0.2652592546856108,0.39920877077730244,0.03512343473455923,1,9,4.504490756302521,0.2619160132624479,8,0.7894102795633099,0.05090909090909091,5000,10.725679932747578,31.064449134018133,0.30955922503193,0.9536,0.842
h30,RW,RW,,4,18,9900,440,23.767524061205872,0.2595115555555556,0.07638810059687837,-0.27223005450163995,0.39213447409678653,0.03200895398688659,1,8,4.253014805922369,0.2741287029097353,6,0.7716232986429956,0.04303030303030303,5000,11.496362395897961,31.89043743820395,0.33180227792316214,0.97,0.8972
h30,RW,RW,,4,19,9900,543,24.89197461030362,0.25981810101010105,0.06881703620528465,-0.26735970939088594,0.38812353257167514,0.029056215681459892,1,8,4.050030572228891,0.2850810979629947,7,0.7566502142638506,0.058787878787878785,5000,12.373532471776464,33.12099032335839,0.3571187231846971,0.981,0.9528
h30,RW,RW,,4,20,9900,467,25.18375666972662,0.25996698989899003,0.06165468287593195,-0.2813027466066114,0.3833109113838015,0.028415681220501924,1,8,3.987799599839936,0.28771322967282154,6,0.7451212886440158,0.061515151515151516,5000,12.881932149228664,33.54101966249684,0.3717919011226361,0.9902,0.958
h30,RW,RW,,4,21,9900,521,26.147596447857307,0.26020262626262625,0.057275516377333226,-0.27759075607341865,0.3898234029851588,0.027051473846017186,1,7,3.8353075630252103,0.2968109041711923,5,0.7450966585042343,0.02202020202020202,5000,13.4481106926143,33.54101966249684,0.3881326638732608,0.9944,0.9664
h30,RW,RW,,4,22,9900,515,26.291123977494763,0.26023660606060606,0.054169260294599265,-0.2817219972339837,0.3899932139220066,0.02665309794678388,1,7,3.8822719487795116,0.29569372663351057,5,0.7446630343842464,0.023232323232323233,5000,13.62397452686283,33.12099032335839,0.39320835814928534,0.9966,0.9656
h30,RW,RW,,4,23,9900,532,26.468789167621555,0.26026892929292944,0.053077250871571585,-0.2839896107359457,0.39470768339409557,0.02663372355319649,1,8,3.9695148459383756,0.2910140943996646,5,0.7470884348535864,0.018585858585858588,5000,13.682714987387834,33.54101966249684,0.39490369602549974,0.9974,0.9692
h30,RW,RW,,4,24,9900,516,26.880699395663054,0.2603126868686869,0.05202998390684772,-0.2901879595065748,0.4016321359979603,0.026263657441472514,1,8,3.9064739495798317,0.2941611093961394,5,0.7466675645342311,0.018787878787878787,5000,13.811095831533446,33.28663395418648,0.3986089599222269,0.9984,0.97
h30,RW,RW,,4,25,9900,495,27.21980161573556,0.26034327272727276,0.051189922690593755,-0.29277562566730264,0.4082373436872669,0.026342802278176855,1,7,3.892141816726691,0.2951390697231273,5,0.745867238036935,0.018686868686868686,5000,13.750794607564734,33.54101966249684,0.39686857606989523,0.9986,0.9672
h30,RW,RW,,4,26,9900,511,27.50213082653779,0.2603729292929293,0.04961105244316811,-0.2940101149984488,0.416166492610797,0.02629375512220812,1,8,4.018869947979192,0.2898734495703043,5,0.7464674727068666,0.017777777777777778,5000,13.832491494153922,33.54101966249684,0.39922647086618274,0.9994,0.9676
h30,RW,RW,,4,27,9900,519,27.686270965949895,0.2603895757575758,0.048916037032369554,-0.29487478276991363,0.4183299340149756,0.026102837328450236,1,7,3.985582713085234,0.29218882600659307,5,0.7464801805938169,0.017777777777777778,5000,13.857169779391482,33.61547262794322,0.39993872322698004,0.9992,0.9668
h30,RW,RW,,4,28,9900,525,27.756080414928906,0.2603965252525253,0.04815069550233926,-0.295042746163727,0.4202666533794649,0.02609383543317163,1,7,3.952594157663065,0.29353711541759564,5,0.7458656922762984,0.01787878787878788,5000,13.998255845528993,33.61547262794322,0.4040106789043991,0.9996,0.966
h30,RW,RW,,4,29,9900,527,27.88708661728579,0.260408,0.04781766466068304,-0.29538628689274704,0.4207838889737129,0.02588841267705791,1,7,3.946834093637455,0.2936134080298786,5,0.7455747576777881,0.01787878787878788,5000,13.87975499044469,33.61547262794322,0.4005905663245414,0.9998,0.9644
h30,RW,RW,,4,30,9900,540,27.97910649037957,0.26041672727272736,0.04717604708401272,-0.295322822255201,0.4207763009224812,0.025709472172187275,1,7,3.8498906762705083,0.2981885485622821,5,0.7445102897663504,0.018383838383838384,5000,13.92802601329697,33.61547262794322,0.4019837405120376,0.9998,0.9648
h30,RW,RW,,5,0,4900,4,0.27712812921102037,0.0188395102040817,0.03612824436332547,0.6504952980918245,0.0,0.0,1,98,33.333333333333336,0.046482951803896395,20,0.8622157642648896,0.08408163265306122,0,,,,,0.0
h30,RW,RW,,5,1,9465,13,1.2943013559445884,0.09380183835182265,0.2126562942326244,0.014630921429212287,0.3585613630813652,0.3460138729042894,1,39,15.520056342537014,0.08915661539178536,19,0.8479276864272379,0.09455890121500264,4565,1.9033491765943795,7.0,0.0549335146830905,0.040306681270536694,0.0
h30,RW,RW,,5,2,9894,21,1.6809547763101778,0.11332088134222773,0.23828893783015728,-0.04188826999945496,0.3531170315305624,0.334894581034315,1,37,14.540074909963986,0.09463019694581822,19,0.8501629502359129,0.09551243177683444,4994,2.021974573686368,8.06225774829855,0.0583572217322616,0.05186223468161794,0.2144
h30,RW,RW,,5,3,9900,32,1.9585709075752147,0.12414210101010115,0.24554521068336885,-0.07157096896221539,0.3439135598502736,0.3206962880100405,1,34,14.21148843537415,0.09652321122689744,17,0.8476063156820732,0.08828282828282828,5000,2.094036577165498,8.246211251235321,0.0604370393374037,0.0656,0.2512
h30,RW,RW,,5,4,9900,43,2.352190468478265,0.13573882828282824,0.25000693592538337,-0.07526636260362352,0.33907771506505835,0.30738226559185405,1,34,13.86300600240096,0.09868338912049816,19,0.850647357412509,0.09313131313131313,5000,2.1765761511343573,8.54400374531753,0.06281925535657223,0.0864,0.2856
h30,RW,RW,,5,5,9900,60,2.929573347776089,0.14801507070707065,0.25265599827629304,-0.06737945717385699,0.34015246169790986,0.2933136453127366,1,30,13.273976790716286,0.10238906908764726,21,0.8519087950209162,0.09404040404040404,5000,2.269329323092023,10.198039027185569,0.06549625114709579,0.1142,0.2924
h30,RW,RW,,5,6,9900,105,4.055712021334848,0.16269539393939403,0.25076586708980625,-0.06325977240848359,0.34116125156865096,0.2614714434876332,1,28,12.687644337735094,0.1072150093767442,20,0.8557855626976837,0.09111111111111111,5000,2.442095822201962,11.40175425099138,0.07048255168107528,0.1614,0.338
h30,RW,RW,,5,7,9900,153,5.363580893395754,0.1765712727272728,0.24730494938882885,-0.06302639699388513,0.3418838635424688,0.22290079258720372,1,24,11.566295318127251,0.11607282698553778,21,0.8537873278236915,0.09484848484848485,5000,2.7038713389834217,14.035668847618199,0.07803778609188275,0.2174,0.3788
h30,RW,RW,,5,8,9900,207,7.2680671433332265,0.1928952727272728,0.23871906029250173,-0.07505882415822666,0.3539750050395856,0.17749500144939387,1,20,10.102052340936375,0.13125665940594142,19,0.8509266605448423,0.09080808080808081,5000,3.0777659290841437,16.0,0.08882894528001276,0.3016,0.416
h30,RW,RW,,5,9,9900,261,9.215291639443649,0.20660157575757587,0.228444487353294,-0.08856670057978261,0.35712603513190805,0.13672277567846103,1,18,8.586257543017206,0.15087208687561135,16,0.8473502448729717,0.08373737373737374,5000,3.5840165514131006,17.029386365926403,0.10344009826077664,0.386,0.4384
h30,RW,RW,,5,10,9900,301,11.483588289380632,0.22156036363636367,0.21267638571979344,-0.11636765700831446,0.3633031484736521,0.10261882416466322,1,16,7.655483953581433,0.16837177561711775,16,0.8381855984083257,0.08878787878787879,5000,4.378889685615098,21.02379604162864,0.12638133023535775,0.4922,0.5116
h30,RW,RW,,5,11,9900,384,14.361643360005846,0.2345286868686869,0.19224082142821183,-0.13790019574558604,0.3677176423451226,0.0735546028701096,1,14,6.454008483393357,0.1945161672696607,13,0.8260478879706153,0.07848484848484849,5000,5.451857483535888,25.079872407968907,0.15734879170085111,0.6054,0.5976
h30,RW,RW,,5,12,9900,516,17.936019625323787,0.24409797979797987,0.17013555779964032,-0.15280371894270198,0.3756109822841796,0.051587858080801643,1,11,5.463706442577031,0.223846068135768,12,0.8090137434955617,0.08353535353535353,5000,6.795206408917916,27.018512172212592,0.19611985842074064,0.707,0.6684
h30,RW,RW,,5,13,9900,565,21.123162641990902,0.2505358383838385,0.14836829663421425,-0.17662619104870655,0.3844752801559512,0.039631580712279416,1,10,4.879339575830332,0.2468954917840152,10,0.7885066268748088,0.060505050505050506,5000,8.250178393098617,28.635642126552707,0.23811253419423534,0.7914,0.6936
h30,RW,RW,,5,14,9900,590,23.421152832429065,0.2551348282828283,0.12751556118236718,-0.1994263157095871,0.3938458713321611,0.03324202196776435,1,9,4.514700600240096,0.26311293685728254,8,0.7682483573104787,0.05555555555555555,5000,9.516222313244944,30.675723300355934,0.27465246240711155,0.8604,0.71
h30,RW,RW,,5,15,9900,551,24.255984828491304,0.25749074747474743,0.10862173767825739,-0.23548113099221385,0.3876612040222319,0.030707171723579483,1,8,4.210601040416167,0.2770068915185122,8,0.7590032751760026,0.05656565656565657,5000,10.881771162619444,33.83784863137726,0.31406425226156853,0.9094,0.7936
h30,RW,RW,,5,16,9900,576,25.956656179099806,0.2589245252525254,0.0910686949003864,-0.2548553585386645,0.3818598940322569,0.0266434462546654,1,8,3.972431212484994,0.2918997801025172,6,0.739446612590552,0.05272727272727273,5000,12.231196154385998,34.48187929913333,0.3530106833791494,0.9466,0.8996
h30,RW,RW,,5,17,9900,679,28.035206437620538,0.25984254545454544,0.07718565859556603,-0.2570139678388915,0.38352236594376765,0.023155663222877064,1,7,3.6509787915166068,0.3112340296118447,6,0.7119071523313948,0.06252525252525253,5000,13.57878829856316,34.539832078341085,0.39190421576369594,0.9688,0.958
h30,RW,RW,,5,18,9900,698,29.481614609786895,0.2604054545454546,0.06724998138504283,-0.26532446395813847,0.38274287422987363,0.02075127817726078,1,7,3.599322929171669,0.3160410350806989,7,0.6940993776145291,0.06161616161616162,5000,14.398087685994467,34.539832078341085,0.4155504260769475,0.983,0.958
h30,RW,RW,,5,19,9900,686,30.277463566157586,0.26066804040404046,0.06062139019045769,-0.27435216710618965,0.3964665949802731,0.020708753357586457,1,7,3.509399279711885,0.3218176207625908,7,0.6859019487807365,0.05333333333333334,5000,14.902164194257796,34.539832078341085,0.4300988308618388,0.9904,0.9568
h30,RW,RW,,5,20,9900,706,30.78430769076999,0.2607467474747476,0.05615796573365015,-0.27875583717439695,0.3995773827042327,0.02018434282978214,1,7,3.5176374549819927,0.3220458278549515,7,0.6824269666360574,0.06535353535353536,5000,15.180313813399897,34.539832078341085,0.4381266464487708,0.9944,0.9596
h30,RW,RW,,5,21,9900,687,31.13375017565343,0.2607915151515152,0.05259673099386282,-0.28155010680170184,0.4036061991294811,0.01981180271625268,1,6,3.4718946778711484,0.32603518207282917,6,0.6815834761759003,0.032424242424242425,5000,15.386085767422209,34.48187929913333,0.44406553396171705,0.9974,0.9592
h30,RW,RW,,5,22,9900,707,31.437302683277398,0.2608192727272727,0.05013462954721226,-0.2833392444665307,0.4091682558554888,0.01980768286846723,1,7,3.5591273309323728,0.3211509861087292,5,0.6817033619018468,0.03494949494949495,5000,15.515491962995586,34.539832078341085,0.44780039103998187,0.9984,0.9612
h30,RW,RW,,5,23,9900,712,31.565867642122566,0.26083171717171716,0.04897695489793998,-0.2840142981688712,0.4143414311031479,0.01987651568135171,1,7,3.543537094837935,0.3222356279654719,4,0.6793022293643506,0.016565656565656565,5000,15.559788638448847,34.539832078341085,0.4490788595949623,0.9992,0.9572
h30,RW,RW,,5,24,9900,711,31.61500909378329,0.26083608080808096,0.04832574666949859,-0.28477124247087315,0.41489504239694036,0.01985895679015156,1,7,3.5487833533413364,0.32183891308904516,5,0.6795532241607999,0.023333333333333334,5000,15.583412863318044,34.539832078341085,0.4497606901910964,0.9996,0.9556
h30,RW,RW,,5,25,9900,719,31.700889577423535,0.26084444444444443,0.04787949970207262,-0.28423110103764637,0.4157235717293139,0.01977291307935209,1,7,3.5573333333333332,0.3216447584748185,4,0.6794836802367106,0.01585858585858586,5000,15.659243669655709,34.48187929913333,0.4519492811047375,0.9994,0.9568
h30,RW,RW,,5,26,9900,698,31.69233345779386,0.2608432727272727,0.04787949970207262,-0.2851415715936712,0.4174368823144472,0.019846481869891006,1,7,3.573852901160464,0.3207827435736199,5,0.6802294255688196,0.035454545454545454,5000,15.581036387168494,34.539832078341085,0.4496921015216811,0.9996,0.9564
h30,RW,RW,,5,27,9900,701,31.690440198899104,0.2608436767676767,0.0476335280976067,-0.2851399960444836,0.4150795033053263,0.0197852798967869,1,6,3.545200800320128,0.32213103374683205,5,0.680007922660953,0.031818181818181815,5000,15.68104204341885,34.539832078341085,0.45257841489684997,0.9998,0.9544
h30,RW,RW,,5,28,9900,709,31.743219748475422,0.26084731313131315,0.047313814992569446,-0.284858729302048,0.4203102722609298,0.01992849656036529,1,7,3.5819041216486593,0.3204792926694487,5,0.6798946434037343,0.019797979797979797,5000,15.64631247359577,34.539832078341085,0.45157606737319317,0.9998,0.9552
h30,RW,RW,,5,29,9900,706,31.77630563800644,0.26084759595959595,0.04738469214490355,-0.2848932792619684,0.41881277348987667,0.019810246679316888,1,7,3.6060939575830333,0.3196102944034757,5,0.6787192327313539,0.01818181818181818,5000,15.656483013580972,34.539832078341085,0.4518696044259224,0.9998,0.9556
h30,RW,RW,,5,30,9900,701,31.74289211776394,0.2608461010101011,0.04738469214490355,-0.285254937250123,0.41794829469716643,0.019838526771393847,1,7,3.668840656262505,0.31640158082280534,5,0.6798047036016734,0.018484848484848486,5000,15.612734766247266,34.539832078341085,0.45060696432981256,0.9998,0.956
h30,RWD,RWD,,1,0,4900,4,0.27712812921102037,0.0188395102040817,0.03612824436332547,0.6504952980918245,0.0,0.0,1,98,33.333333333333336,0.046482951803896395,22,0.862310537276135,0.08755102040816326,0,,,,,0.0
h30,RWD,RWD,,1,1,9473,13,1.394508314783386,0.10055986487913016,0.22146478516824672,0.009240538828564293,0.3596044888444918,0.3459720763575709,1,37,15.077116926770708,0.09083841225849158,20,0.8472106030229494,0.09659030930011613,4573,1.905197902447485,6.708203932499369,0.054986871686653185,0.04307894161382025,0.0
h30,RWD,RWD,,1,2,9897,24,2.1106421392552552,0.13493418207537644,0.2547524619032873,-0.05015194555259632,0.3493356326959282,0.3236978603846985,1,33,13.611161264505803,0.09935774312834643,18,0.8496143091871945,0.09144185106597959,4997,2.0731243377534834,8.0,0.05983348071299423,0.06984190514308586,0.2908
h30,RWD,RWD,,1,3,9900,48,3.537343636120189,0.16884202020202022,0.2582602557442812,-0.091684520931918,0.3465694150899515,0.28257020285446055,1,27,12.434876990796319,0.10765989945618167,20,0.8502077798183857,0.09717171717171717,5000,2.3043254363372316,10.198039027185569,0.06650629151406964,0.1472,0.436
h30,RWD,RWD,,1,4,9900,112,6.8330959308354515,0.20867793939393953,0.23622305257030776,-0.11183472225951022,0.3654202633562427,0.19439277381928244,1,20,9.805994717887154,0.13235885709472253,17,0.8465688144066934,0.09171717171717171,5000,2.9522264692449913,14.866068747318506,0.08520568800006334,0.3024,0.602
h30,RWD,RWD,,1,5,9900,217,12.060381420170756,0.24170905050505054,0.18396090989198552,-0.15864664977080717,0.3923300852471021,0.10255109378245793,1,14,7.011403281312525,0.17825624202217238,15,0.8353341240689726,0.08707070707070708,5000,4.552917887215041,19.4164878389476,0.13140404539735853,0.5418,0.7716
h30,RWD,RWD,,1,6,9900,319,17.89683770949494,0.25652533333333327,0.11858950800627127,-0.218893712924231,0.40309697521795496,0.055299981445106304,1,10,5.314418887555022,0.2274777021919879,10,0.8097285021936537,0.07373737373737374,5000,7.259134948533555,26.570660511172846,0.20950953255740148,0.7924,0.9088
h30,RWD,RWD,,1,7,9900,523,23.51556080556022,0.2600809696969697,0.06728164939724882,-0.26000416662802855,0.4220834918975634,0.03520701297162827,1,8,4.578926930772309,0.2610129899578879,6,0.7830756657483929,0.04202020202020202,5000,9.842453775057374,33.95585369269929,0.28406799215747763,0.9744,0.966
h30,RWD,RWD,,1,8,9900,700,26.236966288044815,0.26049818181818196,0.04998297340835835,-0.2544870828972437,0.4076607364937069,0.02783049384217761,1,8,4.132227290916367,0.28570938927952133,6,0.7561803438424651,0.06454545454545454,5000,11.98874024430234,34.0147027033899,0.3460130418216429,0.9996,0.9612
h30,RWD,RWD,,1,9,9900,906,30.19040907308147,0.260791393939394,0.04844915422963154,-0.23756864104489184,0.43478552301835377,0.022883111420940294,1,8,3.8836814725890356,0.3052748550848911,5,0.6909980359147025,0.04080808080808081,5000,13.408839683251397,34.539832078341085,0.3869992435865445,1.0,0.9632
h30,RWD,RWD,,1,10,9900,912,31.333407092111766,0.26089224242424236,0.047732528778459564,-0.25119307096551485,0.44465860543478375,0.02177063846339069,1,7,4.037656342537015,0.2980971474304007,5,0.6920512855831037,0.04090909090909091,5000,14.631204343754508,34.539832078341085,0.4222785227916278,1.0,0.922
h30,RWD,RWD,,1,11,9900,892,31.390189550240056,0.2609045656565656,0.04738664132754493,-0.2584298393282089,0.4450046089842812,0.021693785821742702,1,7,3.9096025610244096,0.3040001318622687,6,0.6929745842260994,0.040303030303030306,5000,14.583745019555867,34.539832078341085,0.4209087754458568,1.0,0.894
h30,RWD,RWD,,1,12,9900,878,31.697873745726227,0.26092597979797993,0.04710648730415161,-0.2590766451217911,0.4353629186470214,0.020689311503927662,1,6,3.7647426970788316,0.31183476590636255,4,0.6855034435261708,0.03424242424242424,5000,14.863326708814869,34.539832078341085,0.4289779227262907,1.0,0.8924
h30,RWD,RWD,,1,13,9900,1048,34.41605439326245,0.2610452525252527,0.04682061829586856,-0.2503378749725855,0.4452513931473588,0.018200374542715104,1,5,3.448927410964386,0.33593911698012535,6,0.6372769921436588,0.11727272727272728,5000,15.757642105651358,34.539832078341085,0.45478920769047926,1.0,0.886
h30,RWD,RWD,,1,14,9900,1083,36.045859679025554,0.2611341818181818,0.04682061829586856,-0.2643596862292091,0.4541818375825299,0.016943965573264927,1,6,3.6696211284513804,0.325353570761638,5,0.6168833894500562,0.04686868686868687,5000,16.616614455908596,34.539832078341085,0.4795804392708319,1.0,0.8912
h30,RWD,RWD,,1,15,9900,998,35.289329832117815,0.26111002020202023,0.046528319213667305,-0.2759513903573012,0.4456699481506441,0.017381469979614553,1,6,3.6733218087234896,0.3250210377484327,6,0.6192637230894806,0.13545454545454547,5000,16.3896637426462,34.539832078341085,0.47303030097111903,1.0,0.8904
h30,RWD,RWD,,1,16,9900,1033,35.70417342552548,0.26112545454545466,0.046528319213667305,-0.27100701662408744,0.4499714581615169,0.017139061355854086,1,6,3.6710088835534216,0.3252854368414032,6,0.6266149168452199,0.05141414141414141,5000,16.60144745332522,34.539832078341085,0.47914269680646543,1.0,0.8852
h30,RWD,RWD,,1,17,9900,999,35.32965892844141,0.2611123636363637,0.046315687756664975,-0.2764269077007653,0.4448168516441479,0.017299272627474382,1,6,3.6698464985994397,0.3253213712151527,5,0.6186450668299153,0.1201010101010101,5000,16.38503457399204,34.539832078341085,0.4728966962141145,1.0,0.8872
h30,RWD,RWD,,1,18,9900,1021,35.52186932018077,0.261121292929293,0.046205707571379845,-0.27435785442427985,0.4442430614366651,0.017122159826268926,1,6,3.6705891956782715,0.32537960784313724,5,0.6280728037955311,0.07656565656565656,5000,16.665558609491097,34.539832078341085,0.4809930410217552,1.0,0.8864
h30,RWD,RWD,,1,19,9900,1021,35.49086643067481,0.26111773737373745,0.04607194688016495,-0.2740310294158068,0.443974803828297,0.017123450252889513,1,6,3.669668507402961,0.3254532746431906,5,0.6193108560350986,0.11717171717171718,5000,16.4627933414779,34.539832078341085,0.4751409309808884,1.0,0.886
h30,RWD,RWD,,1,20,9900,1028,35.53452405759785,0.26112080808080806,0.046142824032499065,-0.2735836896393483,0.44264142475369056,0.01704671725911812,1,6,3.669552300920368,0.32547673469387756,6,0.6272374349556169,0.060909090909090906,5000,16.689778541995803,34.539832078341085,0.48169206463456987,1.0,0.8856
h30,RWD,RWD,,1,21,9900,1029,35.52754424386802,0.26111834343434337,0.046142824032499065,-0.27323363801837797,0.44334243865560563,0.017075004889853765,1,6,3.4517666266506604,0.3364494651193811,5,0.6295314355677993,0.05808080808080808,5000,16.42586023465056,34.539832078341085,0.47407498607117815,1.0,0.886
h30,RWD,RWD,,1,22,9900,1021,35.55634401903548,0.2611220606060607,0.04585691014639094,-0.27265601539340695,0.44192526641160923,0.016997558867678498,1,5,3.187620008003201,0.3573974549819928,6,0.6168346393225181,0.04494949494949495,5000,16.68762592720746,34.539832078341085,0.48162993694011597,1.0,0.8864
h30,RWD,RWD,,1,23,9900,1013,35.46651378413164,0.26111773737373745,0.04585691014639094,-0.27372151341242007,0.4393500539973786,0.016981442545022398,1,5,3.1929152460984396,0.3570806776043751,5,0.615486914600551,0.0401010101010101,5000,16.43113281449916,34.539832078341085,0.47422716064119014,1.0,0.8872
h30,RWD,RWD,,1,24,9900,1026,35.58427742697609,0.2611217777777779,0.04585691014639094,-0.27182429974344885,0.4403740299871023,0.01692112136492928,1,5,3.1847369347739094,0.35780769374416427,6,0.6272151515151515,0.07525252525252525,5000,16.666764839401452,34.539832078341085,0.48102785462784836,1.0,0.888
h30,RWD,RWD,,1,25,9900,1041,35.64171713035162,0.2611227474747475,0.04585691014639094,-0.2701285788778661,0.4396825168866283,0.016847145928304545,1,5,3.1819086034413764,0.3582067547018808,7,0.6262720334659728,0.051616161616161615,5000,16.46037201455878,34.539832078341085,0.47507104785092996,1.0,0.8868
h30,RWD,RWD,,1,26,9900,1051,35.704565534396295,0.2611247272727273,0.04556456620605222,-0.26914597428749704,0.43812628121394664,0.01673618013655606,1,5,3.1799046018407364,0.35852197945845,5,0.6158383481277421,0.04242424242424243,5000,16.709753697768434,34.539832078341085,0.4822685776183284,1.0,0.886
h30,RWD,RWD,,1,27,9900,1058,35.771418758556386,0.2611269090909092,0.045635443358386325,-0.26812603643541055,0.4347882988430449,0.016564738270540606,1,5,3.172842256902761,0.359412068827531,6,0.6236773900622387,0.07404040404040405,5000,16.467199028013823,34.539832078341085,0.47526808570845297,1.0,0.8816
h30,RWD,RWD,,1,28,9900,1098,36.11529315954669,0.26113608080808093,0.045635443358386325,-0.2632878416443259,0.43528775194996094,0.016268752564157652,1,5,3.1536419367747097,0.36173101240496197,7,0.6171259055198449,0.10434343434343435,5000,16.67625105647281,34.539832078341085,0.4813016410939286,1.0,0.8732
h30,RWD,RWD,,1,29,9900,1172,36.718311508020086,0.2611507474747474,0.04555221531134417,-0.2548096996446221,0.4299677179693387,0.015578164227298307,1,5,3.1186749899959985,0.3665387755102041,6,0.6113132741556984,0.09242424242424242,5000,16.560825390193745,34.539832078341085,0.4779702830796877,1.0,0.8508
h30,RWD,RWD,,1,30,9900,1397,38.89136665122479,0.26119680808080803,0.04555221531134417,-0.23296542381539911,0.43242585458712474,0.013984925333596028,1,5,3.039271068427371,0.37861075630252106,7,0.5865884093459851,0.12383838383838384,5000,16.914321620683204,34.539832078341085,0.48817271498593173,1.0,0.8068
h30,RWD,RWD,,2,0,4900,4,0.27712812921102037,0.0188395102040817,0.03612824436332547,0.6504952980918245,0.0,0.0,1,98,33.333333333333336,0.046482951803896395,20,0.8653470220741358,0.08204081632653061,0,,,,,0.0
h30,RWD,RWD,,2,1,9461,13,1.3642824341022644,0.09863211077053169,0.21901814844508993,0.01738450576401618,0.36514636474636775,0.3505133852405621,1,39,15.672599279711886,0.08873165181197772,21,0.8487579130502434,0.09808688299334109,4561,1.88873630929162,6.708203932499369,0.054511765394830894,0.04143828107871081,0.0
h30,RWD,RWD,,2,2,9896,26,2.115721569583295,0.13428124494745353,0.2540936656226762,-0.04487141713150669,0.35353894136607994,0.3264410350602345,1,35,14.284425130052021,0.0962424976821857,20,0.8523069234917842,0.09357316087308003,4996,2.0578713630223917,8.06225774829855,0.059393256963377,0.07025620496397118,0.2816
h30,RWD,RWD,,2,3,9900,65,3.686190445432791,0.17055979797979792,0.2576215387257241,-0.08569663870389162,0.3524798531642027,0.2819879990174634,1,29,12.750762064825931,0.10601039819359018,21,0.8559606927864502,0.09373737373737374,5000,2.328960158770529,11.180339887498949,0.0672172865869363,0.147,0.4684
h30,RWD,RWD,,2,4,9900,133,7.205386873721633,0.21302363636363641,0.23197798896685665,-0.1132994525880154,0.37352815355388513,0.187953974738578,1,21,10.060887715086034,0.1304119905701019,19,0.854393464952556,0.08838383838383838,5000,3.038765566914605,13.45362404707371,0.08770333627761227,0.3118,0.636
h30,RWD,RWD,,2,5,9900,227,12.007264467812808,0.2446705858585858,0.17560703539097391,-0.16054912256472753,0.3982513972963804,0.1050312391949374,1,14,7.0885685474189675,0.17599369648980695,17,0.8482811804917866,0.08454545454545455,5000,4.521450800291964,18.110770276274835,0.13049585802807306,0.5342,0.806
h30,RWD,RWD,,2,6,9900,347,17.036642861784713,0.2568386262626263,0.10995908710267228,-0.20231396927590672,0.4122680600982269,0.06164607469680074,1,10,5.440710364145659,0.22101385354141656,13,0.8318977808386899,0.07282828282828283,5000,6.7131020210319505,27.313000567495326,0.19375020252525751,0.7472,0.8708
h30,RWD,RWD,,2,7,9900,451,21.689186245684738,0.25971894949494945,0.06798882394243104,-0.23165487573580137,0.40468546171829733,0.03954859915861174,1,9,4.64686418567427,0.25457334044729,9,0.7923498724619936,0.07202020202020203,5000,9.266616341046875,29.068883707497267,0.2674484593227885,0.9126,0.9496
h30,RWD,RWD,,2,8,9900,606,26.10970700716498,0.26046715151515154,0.05463061108832707,-0.25350484078188906,0.4165098085771764,0.028479754609223445,1,7,4.013782472989195,0.2913335856247261,5,0.7573299765330069,0.037070707070707073,5000,11.374420647378216,33.61547262794322,0.32828285599303736,0.995,0.9792
h30,RWD,RWD,,2,9,9900,870,29.340770269370914,0.26075090909090903,0.04871517720738068,-0.24404947330387763,0.4286894431058331,0.02373299528485273,1,6,3.6041920768307323,0.31751426970788316,5,0.7258365472910927,0.06484848484848485,5000,13.035892319751792,34.0,0.37623542278016836,0.9998,0.9836
h30,RWD,RWD,,2,10,9900,1197,33.36704961485207,0.26094141414141414,0.046047495824178906,-0.21127349422256486,0.4266063800391516,0.01860351401992045,1,5,3.4772212885154063,0.33505938908896893,5,0.6649830986634017,0.06515151515151515,5000,14.512262904979917,34.539832078341085,0.418845694305032,1.0,0.97
h30,RWD,RWD,,2,11,9900,1456,37.51807031285058,0.26109709090909106,0.046047495824178906,-0.2044888590798088,0.44583289259247594,0.01543805712753998,1,5,3.3533714285714287,0.35092422035480864,6,0.6119661259055197,0.18848484848484848,5000,15.98141767115797,34.539832078341085,0.4612477064591968,1.0,0.9288
h30,RWD,RWD,,2,12,9900,1448,38.50512693135811,0.2611584242424243,0.045947046354604705,-0.21611165119616393,0.45189477186144394,0.01485783743900294,1,5,3.3557701480592237,0.3506861304521809,9,0.6016035251504948,0.14464646464646463,5000,16.450029707850614,34.539832078341085,0.47477255335270735,1.0,0.8632
h30,RWD,RWD,,2,13,9900,1411,38.21409164169678,0.2611665050505052,0.045947046354604705,-0.2232460259534156,0.4525228653327582,0.015103722258361565,1,5,3.355992957182873,0.35045492863812194,9,0.5973859606162637,0.19414141414141414,5000,16.59904598345244,34.539832078341085,0.4790733867806753,1.0,0.834
h30,RWD,RWD,,2,14,9900,1431,38.6899780304926,0.26117931313131315,0.045947046354604705,-0.2230342208798697,0.45643891677085197,0.014851125279753935,1,5,3.3526002400960384,0.35087038015206085,6,0.609406208550148,0.15888888888888889,5000,16.53668587521906,34.539832078341085,0.4772735804375181,1.0,0.832
h30,RWD,RWD,,2,15,9900,1419,38.50191683539924,0.26118016161616175,0.045947046354604705,-0.22506090300256554,0.4583025227423871,0.01504445733942925,1,5,3.3528019207683073,0.3508235400826998,7,0.6035322212019181,0.18454545454545454,5000,16.63743651020868,34.539832078341085,0.48018139501751855,1.0,0.8268
h30,RWD,RWD,,2,16,9900,1429,38.723646522506115,0.26118254545454556,0.0458761692022706,-0.22399596287221452,0.4603408233466923,0.014929675038820655,1,5,3.351308523409364,0.3509928931572629,7,0.6098580808080808,0.162020202020202,5000,16.545317834377766,34.539832078341085,0.4775227117377649,1.0,0.8236
h30,RWD,RWD,,2,17,9900,1420,38.505573622528985,0.26117898989899,0.045947046354604705,-0.22478213758246923,0.4563319059563946,0.014977701254567849,1,5,3.3516462585034015,0.35094087768440707,6,0.6104822671156005,0.16737373737373737,5000,16.675743054223545,34.539832078341085,0.4812869793863648,1.0,0.8224
h30,RWD,RWD,,2,18,9900,1419,38.615447686126856,0.2611809696969698,0.045947046354604705,-0.2247734519806507,0.4562448271962063,0.014898711427830696,1,5,3.3517064425770307,0.3509306549286381,10,0.5949668911335579,0.24212121212121213,5000,16.599720277202348,34.539832078341085,0.47909284791059653,1.0,0.8228
h30,RWD,RWD,,2,19,9900,1392,38.324707435282534,0.26117761616161617,0.045947046354604705,-0.22780318901278557,0.4532476197316044,0.015037120232377538,1,5,3.354140056022409,0.35063488862211556,8,0.6037738036935008,0.16414141414141414,5000,16.723512530052425,34.539832078341085,0.48266567817380673,1.0,0.8236
h30,RWD,RWD,,2,20,9900,1411,38.51438172942674,0.26117890909090913,0.045947046354604705,-0.225397572665007,0.45377873728800633,0.014916484848169636,1,5,3.3545126850740297,0.35064872882486325,8,0.6113268288950108,0.17565656565656565,5000,16.600384295645142,34.539832078341085,0.4791120124797285,1.0,0.8232
h30,RWD,RWD,,2,21,9900,1403,38.42852065849009,0.26117967676767684,0.045771065394980354,-0.22691716901576223,0.4533584846173092,0.014963590007976193,1,5,3.354460504201681,0.35064972122182203,9,0.6045260534639322,0.17181818181818181,5000,16.758128010496673,34.539832078341085,0.48366473290671114,1.0,0.8236
h30,RWD,RWD,,2,22,9900,1411,38.55437718340163,0.2611814545454545,0.0454297424867046,-0.2261574753073308,0.4541513427312128,0.014885095595357108,1,5,3.353924929971989,0.3507206882753101,8,0.6124339863279257,0.18626262626262627,5000,16.629683875773214,34.539832078341085,0.4799576423488909,1.0,0.8232
h30,RWD,RWD,,2,23,9900,1416,38.52195218313838,0.26117979797979807,0.0454297424867046,-0.22546563907263098,0.4548501058572958,0.014929547881549352,1,5,3.353667226890756,0.3507584046952114,7,0.6046561320273444,0.1385858585858586,5000,16.711785735996198,34.539832078341085,0.48232722529222566,1.0,0.822
h30,RWD,RWD,,2,24,9900,1423,38.618586198875796,0.2611811717171717,0.0454297424867046,-0.22473946812228165,0.45543323806944946,0.014873092874823052,1,5,3.3533323729491795,0.35080677604375077,8,0.601497357412509,0.16595959595959595,5000,16.637100470369152,34.539832078341085,0.4801716964032623,1.0,0.822
h30,RWD,RWD,,2,25,9900,1413,38.5628422189029,0.2611830707070708,0.04522549712123203,-0.22657402473923083,0.4543826590311825,0.0148896892870818,1,5,3.3528035214085636,0.35082781379218353,7,0.6067399295990206,0.1896969696969697,5000,16.712563940318965,34.539832078341085,0.4823496854372778,1.0,0.8236
h30,RWD,RWD,,2,26,9900,1411,38.578232204184786,0.26118319191919204,0.04522549712123203,-0.22664531734308338,0.4538518371423177,0.014864235729120549,1,5,3.3530548219287715,0.3508010510871015,9,0.5966769462299765,0.2195959595959596,5000,16.673907987957993,34.539832078341085,0.48123401661900567,1.0,0.822
h30,RWD,RWD,,2,27,9900,1410,38.51031030776044,0.26118141414141416,0.04522549712123203,-0.2265142745607498,0.45161477616246865,0.01485398059525166,1,5,3.3529546218487396,0.3508057516339869,7,0.6051498520559127,0.18555555555555556,5000,16.68847315518908,34.539832078341085,0.48165438921158593,1.0,0.822
h30,RWD,RWD,,2,28,9900,1419,38.60810277648981,0.26118274747474746,0.04522549712123203,-0.22556052877508714,0.45381447235181915,0.01484827150651744,1,6,3.3841885554221687,0.34928821661998133,6,0.6013837873686358,0.11525252525252526,5000,16.640011953608703,34.539832078341085,0.4802557261804867,1.0,0.8224
h30,RWD,RWD,,2,29,9900,1408,38.521464146628695,0.26118319191919204,0.04522549712123203,-0.2268931668506017,0.45625748451328174,0.014978264904566788,1,6,3.3794893957583034,0.34947445111377884,8,0.6033166768697071,0.17424242424242425,5000,16.677795778828532,34.539832078341085,0.4813462241001646,1.0,0.8224
h30,RWD,RWD,,2,30,9900,1407,38.54248564895627,0.2611838383838385,0.04522549712123203,-0.22697964340094226,0.45673380741009706,0.014970302459941041,1,6,3.383366786714686,0.3492686141123116,8,0.6065673859810222,0.18303030303030304,5000,16.661006514740457,34.539832078341085,0.4808616607333152,1.0,0.822
h30,RWD,RWD,,3,0,4900,4,0.27712812921102037,0.0188395102040817,0.03612824436332547,0.6504952980918245,0.0,0.0,1,98,33.333333333333336,0.046482951803896395,23,0.8619693669304456,0.09122448979591836,0,,,,,0.0
h30,RWD,RWD,,3,1,9457,13,1.3787300823583997,0.10023961087025479,0.22020294422157996,0.017764329409474786,0.36319707181707483,0.34827120852529203,1,38,15.208298679471788,0.09032870811310331,22,0.8487877415659304,0.10214655810510732,4557,1.8896547158449608,7.0710678118654755,0.0545382719867392,0.04103576914636822,0.0
h30,RWD,RWD,,3,2,9893,24,2.1303221915945016,0.13548436268068342,0.2538173973238173,-0.04324926037645614,0.34984637683535347,0.3237847105039351,1,33,13.568771508603442,0.09950864505542152,20,0.8477804645561139,0.09966643080966339,4993,2.0663265722141966,8.06225774829855,0.059637286994229086,0.070698978569998,0.2916
h30,RWD,RWD,,3,3,9900,58,3.628443192334696,0.17044436363636373,0.25697773403017793,-0.09990164890191543,0.3520727633726515,0.28183369622785853,1,29,12.598456022408964,0.10673687976220719,21,0.8527518620548925,0.09626262626262626,5000,2.2881236498007875,8.06225774829855,0.06603868363132448,0.1482,0.4584
h30,RWD,RWD,,3,4,9900,118,6.738427116174813,0.2122688484848485,0.23225004793592516,-0.12632542178621792,0.36859121511668047,0.19774719397122925,1,20,9.488917486994797,0.13492750728414188,18,0.8535939700030609,0.08626262626262626,5000,2.8993305225797483,11.704699910719626,0.08367903156805209,0.2986,0.634
h30,RWD,RWD,,3,5,9900,219,11.451986727201529,0.24372658585858598,0.17790092680352193,-0.16607850124810972,0.3838675396608549,0.1072779132948723,1,13,6.925527971188475,0.1783435759740682,18,0.8356072033465974,0.09444444444444444,5000,4.3343043086346835,18.0,0.12509452932088388,0.52,0.7912
h30,RWD,RWD,,3,6,9900,329,17.394872807813226,0.2570385454545454,0.11257671678657512,-0.2108883103685335,0.39586264330992893,0.056792057931435866,1,10,5.222519407763105,0.22918294911615442,12,0.810422400775431,0.08515151515151514,5000,6.796513992919428,24.331050121192877,0.19615759725806473,0.7764,0.9036
h30,RWD,RWD,,3,7,9900,460,22.969893338890365,0.2600106262626263,0.0667192447698405,-0.2556599461329845,0.39288548855924504,0.03429675781700704,1,8,4.271388555422169,0.27179639627279484,7,0.7673219008264462,0.07808080808080808,5000,9.944314918652259,33.28663395418648,0.2870078576830025,0.9626,0.9652
h30,RWD,RWD,,3,8,9900,555,27.03778097403705,0.260596888888889,0.05042915280697413,-0.2807591287109113,0.4163922541833673,0.027083100039702334,1,7,4.055824889955982,0.28792726004687585,5,0.7431690592796653,0.04898989898989899,5000,12.385240857374587,34.48187929913333,0.35745664477054123,0.9994,0.976
h30,RWD,RWD,,3,9,9900,731,28.868224746249986,0.26075559595959596,0.0470356101518175,-0.2766859714587474,0.4125389085433566,0.023714090644607493,1,6,3.9160729891956785,0.30060546351874085,5,0.6991011274359757,0.0998989898989899,5000,13.632381525212756,34.539832078341085,0.3934509967428632,1.0,0.9592
h30,RWD,RWD,,3,10,9900,813,31.450634333825445,0.2609340606060606,0.04673098261874479,-0.27727841326570085,0.4097201099840467,0.01988603272497655,1,6,3.8191081232492996,0.3104276483926904,5,0.6687355575961638,0.0902020202020202,5000,14.85304680306346,34.539832078341085,0.42868122921336094,0.9998,0.9404
h30,RWD,RWD,,3,11,9900,807,33.74126257270169,0.26104856565656576,0.04578221964419467,-0.29472343717801197,0.43122048942551683,0.018366866698087087,1,6,3.7323102040816325,0.3191800880352141,6,0.6342768850117335,0.11666666666666667,5000,15.534915302289932,34.539832078341085,0.44836097777175,1.0,0.8984
h30,RWD,RWD,,3,12,9900,852,34.7612657997375,0.26109616161616156,0.04578221964419467,-0.2943456412213046,0.44343125569672803,0.017776482956920463,1,6,3.7205656662665065,0.3209155608910231,6,0.6250120038771554,0.07242424242424242,5000,15.957428201781672,34.539832078341085,0.46055533435825613,1.0,0.8592
h30,RWD,RWD,,3,13,9900,826,34.80650513912594,0.261100202020202,0.04525984895668728,-0.2995026429872843,0.44122023030819785,0.017637537795175105,1,6,3.7116139255702283,0.3217548619447779,6,0.6238467197224773,0.07202020202020203,5000,15.768295624810541,34.539832078341085,0.45509668424725314,1.0,0.8444
h30,RWD,RWD,,3,14,9900,878,35.00261704501536,0.261109494949495,0.04510574375731103,-0.29873952992340763,0.4454382858495218,0.017606393051943548,1,6,3.7132145658263305,0.3219187728424703,5,0.6220389705132129,0.05414141414141414,5000,15.955077576731716,34.539832078341085,0.4604874917903846,1.0,0.8388
h30,RWD,RWD,,3,15,9900,901,35.043082056234724,0.26111107070707074,0.044671600693489966,-0.29856616493116356,0.44309626182831996,0.01748143159155114,1,6,3.6357122048819526,0.32597222889155664,5,0.6240647484950517,0.0708080808080808,5000,15.652186440126236,34.539832078341085,0.4517455988656893,1.0,0.836
h30,RWD,RWD,,3,16,9900,933,35.149827880090676,0.2611151111111112,0.04436683864494678,-0.29622575251313155,0.447368933763003,0.017495238378667937,1,5,3.5540212885154063,0.3319139922635721,5,0.6212340526476892,0.036565656565656565,5000,15.846339817260526,34.539832078341085,0.4573491568069924,1.0,0.836
h30,RWD,RWD,,3,17,9900,955,35.32548088844651,0.26112214141414136,0.04406707619266642,-0.29355693193816457,0.4467997869402563,0.017330827760275613,1,5,3.4856150460184074,0.3373037321595305,4,0.6169076675849403,0.04595959595959596,5000,15.61601237499569,34.539832078341085,0.4507015610388773,1.0,0.8364
h30,RWD,RWD,,3,18,9900,999,37.12001077586051,0.26118997979797975,0.04406707619266642,-0.2844125187986915,0.44622298397694093,0.015699570657281323,1,5,3.408614325730292,0.34802079765239424,5,0.5938539281705948,0.06777777777777778,5000,16.34745463515783,34.539832078341085,0.4718120827616147,1.0,0.8132
h30,RWD,RWD,,3,19,9900,1294,40.03106793479285,0.2612740606060606,0.04375873029409617,-0.26877744354350747,0.46791653437795006,0.01415561571256449,1,5,3.3264806722689078,0.3598835534213686,7,0.5492952759922457,0.18464646464646464,5000,16.945450178877465,34.539832078341085,0.48907113190787954,1.0,0.7584
h30,RWD,RWD,,3,20,9900,1344,40.7294880890983,0.26129284848484846,0.04375873029409617,-0.26704132814275966,0.47550387725911597,0.01388436326222316,1,5,3.3205298119247697,0.36080434840602915,7,0.5496055045403531,0.16121212121212122,5000,17.653449153586372,34.539832078341085,0.5095050452176669,1.0,0.7052
h30,RWD,RWD,,3,21,9900,1342,40.68454251924187,0.2612922828282829,0.04368785314176205,-0.2666930374713945,0.47233316870217,0.013831268350465113,1,5,3.3198146458583433,0.3608678137921836,7,0.529811330476482,0.21808080808080807,5000,17.339499946929443,34.539832078341085,0.5004439997901057,1.0,0.6824
h30,RWD,RWD,,3,22,9900,1346,40.662110127242535,0.26129054545454555,0.04368785314176205,-0.26653269200034774,0.46775764676603104,0.013718190746168979,1,5,3.316475710284114,0.36130923302654394,8,0.5473713345576983,0.10818181818181818,5000,17.643190607279273,34.539832078341085,0.5092089681703663,1.0,0.68
h30,RWD,RWD,,3,23,9900,1358,41.06620021380113,0.2613016161616162,0.04368785314176205,-0.26997860533121554,0.4707042650890032,0.013542079686696695,1,5,3.307003761504602,0.3625686167800453,9,0.5429542087542089,0.1303030303030303,5000,17.069745692540778,34.539832078341085,0.49265848703369153,1.0,0.6772
h30,RWD,RWD,,3,24,9900,1354,41.53416906596303,0.26131393939393943,0.04368785314176205,-0.2775277285432556,0.4760669001307164,0.01338012564346543,1,5,3.306013925570228,0.362737430972389,6,0.540496872768085,0.14666666666666667,5000,17.400380430102725,34.539832078341085,0.5022011019327074,1.0,0.6524
h30,RWD,RWD,,3,25,9900,1342,41.98693130010813,0.2613250505050506,0.04347876077482866,-0.2855719388241266,0.4865455615485279,0.013344711760211537,1,5,3.302896838735494,0.36315203948245967,7,0.5357760075502501,0.19565656565656567,5000,17.08497857259399,34.539832078341085,0.49309813082073756,1.0,0.6436
h30,RWD,RWD,,3,26,9900,1329,42.10110687381034,0.2613308282828284,0.04354963792716277,-0.28975166771392463,0.4890761938912091,0.013323193836446763,1,5,3.3034724289715887,0.3630910817660397,8,0.5439350372410979,0.14707070707070707,5000,17.372803294974286,34.52535300326414,0.5014051844120945,1.0,0.63
h30,RWD,RWD,,3,27,9900,1324,42.082338338072425,0.2613297777777779,0.043473738793688536,-0.2919045817826109,0.4894767619626729,0.013336038370632759,1,5,3.3029615046018406,0.36320195811657996,8,0.5399420059177633,0.15222222222222223,5000,17.1500338079937,34.539832078341085,0.49497572258003647,1.0,0.6248
h30,RWD,RWD,,3,28,9900,1311,42.06319055896735,0.2613310303030303,0.04317393160103438,-0.29344784606993524,0.48988307800618897,0.013349133477300596,1,5,3.303262424969988,0.3631780232092837,6,0.5399510713192531,0.14272727272727273,5000,17.443799881417643,34.539832078341085,0.5034542524821024,1.0,0.6224
h30,RWD,RWD,,3,29,9900,1300,42.04754451808096,0.26133078787878783,0.04286554098165749,-0.29497698042555853,0.4898248173717655,0.013350871164093267,1,5,3.302529331732693,0.3632921115112712,6,0.542020666258545,0.14191919191919192,5000,17.15954637051898,34.539832078341085,0.49525026941546857,1.0,0.6216
h30,RWD,RWD,,3,30,9900,1297,41.9722289138902,0.2613290505050505,0.04286554098165749,-0.2955248302833197,0.4858467899634702,0.013295645674940425,1,5,3.302952861144458,0.3632469201013739,6,0.5409606162636466,0.15373737373737373,5000,17.40658577443832,34.52535300326414,0.502380197486148,1.0,0.6216
h30,RWD,RWD,,4,0,4900,4,0.27712812921102037,0.0188395102040817,0.03612824436332547,0.6504952980918245,0.0,0.0,1,98,33.333333333333336,0.046482951803896395,20,0.8645176384839652,0.08183673469387755,0,,,,,0.0
h30,RWD,RWD,,4,1,9443,13,1.3496075874119855,0.09806853754103573,0.21802175952395159,0.017277761614392876,0.3623013963813991,0.3485273492286115,1,40,15.346046898759504,0.08959419087251408,21,0.8490988345227117,0.1006036217303823,4543,1.8805954268893446,6.0,0.054276807307014924,0.04094210873871891,0.0
h30,RWD,RWD,,4,2,9894,23,2.069784761756642,0.13362348898322218,0.25402169154571286,-0.04441482269278105,0.3512033145157614,0.32645647518095805,1,34,14.072958463385355,0.09690039689388996,20,0.8512293480490942,0.09450171821305842,4994,2.044770644963514,7.0,0.05901515057244453,0.06748097717260713,0.2864
h30,RWD,RWD,,4,3,9900,52,3.44429963853321,0.16709729292929287,0.25869812747340243,-0.0793023806572458,0.3494391886875079,0.28651139349868604,1,29,13.005232492997198,0.10444511910065436,20,0.8539295480053055,0.09272727272727273,5000,2.2633496903956662,9.219544457292887,0.0653236699704183,0.1406,0.446
h30,RWD,RWD,,4,4,9900,113,6.818269575192814,0.2081721616161616,0.23764957058375155,-0.11206685801299213,0.36712884722771605,0.19525505650810698,1,22,10.361495958383353,0.12749161195689135,20,0.8532003877155394,0.09313131313131313,5000,2.8897635081733664,13.601470508735444,0.08340291316958426,0.3026,0.6232
h30,RWD,RWD,,4,5,9900,216,11.309924845019971,0.2405844444444445,0.1878180042345887,-0.15875442967047876,0.39687184763535954,0.11466674839427146,1,15,7.580728611444578,0.16738947949653832,19,0.8562736200387715,0.07787878787878788,5000,4.22472498499531,17.029386365926403,0.12193190553218036,0.5062,0.7668
h30,RWD,RWD,,4,6,9900,330,15.541814565873574,0.25503094949494964,0.12841064323003448,-0.1902351477626298,0.40596262391144294,0.07051287242571731,1,11,5.73837118847539,0.21110016642732132,15,0.8404724211815121,0.07646464646464647,5000,5.914654729578936,24.515301344262525,0.17070581500662654,0.6814,0.8396
h30,RWD,RWD,,4,7,9900,429,20.613122034277097,0.25933034343434347,0.07977506549862819,-0.23534827565343933,0.40380572011573496,0.04343649626272026,1,10,4.83581112444978,0.24608266887707464,8,0.8006059687786958,0.055757575757575756,5000,8.365434226697218,26.019223662515376,0.24143899058235285,0.8852,0.9468
h30,RWD,RWD,,4,8,9900,493,24.5910227522159,0.2603228686868688,0.05867193563556905,-0.2811714205423806,0.43203264576276224,0.03328214496255486,1,7,4.581153741496599,0.2604319815545265,6,0.788137256402408,0.039191919191919194,5000,10.591355957181953,33.54101966249684,0.305682433440159,0.9908,0.95
h30,RWD,RWD,,4,9,9900,481,24.764377642089052,0.2603646464646465,0.04909054702247254,-0.3021455688552263,0.4038850337675115,0.030736401944195968,1,6,4.0541663065226095,0.28247111644657863,6,0.771188485868789,0.05515151515151515,5000,11.193340667946286,34.48187929913333,0.32305661593616236,0.9998,0.9436
h30,RWD,RWD,,4,10,9900,655,26.78877376812907,0.26057002020202025,0.047732528778459564,-0.2816045200109333,0.38575511264370654,0.025166846873718354,1,6,3.968142136854742,0.292700077364279,5,0.7263358483828182,0.06121212121212121,5000,12.45662994533109,34.48187929913333,0.35951704102347043,1.0,0.976
h30,RWD,RWD,,4,11,9900,949,30.552538356084266,0.2608176969696969,0.046940281943497336,-0.23866937777921246,0.3972761323929971,0.020457691467057386,1,6,3.824766706682673,0.30719728958249964,5,0.6802744668911336,0.0796969696969697,5000,13.872747035929587,34.48187929913333,0.40038830623638316,0.9998,0.9728
h30,RWD,RWD,,4,12,9900,990,32.25827025740841,0.2609479191919193,0.045481338159010065,-0.2508356383197105,0.39237634800162063,0.017799486289239462,1,6,3.7691239695878354,0.313442614379085,5,0.6627689419446996,0.06545454545454546,5000,14.558578652843249,34.539832078341085,0.4201824363209458,1.0,0.9548
h30,RWD,RWD,,4,13,9900,986,33.60664220061267,0.2610356767676769,0.04525984895668728,-0.2656009235104759,0.3972872887858618,0.01701991398843181,1,6,3.721931012404962,0.32001882886487926,6,0.623312457912458,0.09343434343434344,5000,15.499800270742574,34.52535300326414,0.44734750524404726,1.0,0.9328
h30,RWD,RWD,,4,14,9900,973,35.45456811188088,0.2611250101010101,0.044513614930755126,-0.2844902267280097,0.42507240733917506,0.016505762014793347,1,6,3.6860449779911963,0.32558229691876756,6,0.6044897255382105,0.0892929292929293,5000,16.05631358361457,34.539832078341085,0.4634093149318995,1.0,0.9268
h30,RWD,RWD,,4,15,9900,960,36.064198313563,0.2611520404040404,0.044513614930755126,-0.290026162242206,0.4356797383230606,0.016321871508495293,1,5,3.6753587835134054,0.327065839669201,7,0.601041852872156,0.0503030303030303,5000,16.302920059310058,34.52535300326414,0.4705267480440952,1.0,0.9124
h30,RWD,RWD,,4,16,9900,956,36.272226289545564,0.26116125252525246,0.04406707619266642,-0.29045559786870384,0.4381468401615488,0.016228465221840394,1,5,3.673816726690676,0.32729639589169,7,0.5994981889603103,0.044747474747474744,5000,16.262294224554765,34.539832078341085,0.46935422546259187,1.0,0.8996
h30,RWD,RWD,,4,17,9900,936,36.33877268153123,0.261164404040404,0.04406707619266642,-0.2913572902347694,0.4392989066149969,0.016199369336197554,1,5,3.6732024009603843,0.32738249966653327,7,0.603271349862259,0.05646464646464647,5000,16.27654811946171,34.52535300326414,0.4697656142685928,1.0,0.8952
h30,RWD,RWD,,4,18,9900,925,36.289877376480625,0.26116226262626263,0.04406707619266642,-0.2925570769059384,0.4391926480376542,0.016229059043495603,1,5,3.672830092036815,0.32742659197012136,6,0.6019951637588001,0.05909090909090909,5000,16.20698380079879,34.539832078341085,0.467757883596953,1.0,0.8932
h30,RWD,RWD,,4,19,9900,923,36.331529007186035,0.2611640404040405,0.04406707619266642,-0.29221653584890633,0.4404938095419968,0.016238740796388443,1,5,3.6729882352941177,0.3274126397225557,7,0.6023235588205285,0.057777777777777775,5000,16.281656364991974,34.52535300326414,0.46991304590346683,1.0,0.8928
h30,RWD,RWD,,4,20,9900,907,36.31442688519262,0.26116331313131314,0.04406707619266642,-0.2921796889295863,0.43817943653083913,0.016180042284775733,1,5,3.672460344137655,0.3274699159663866,7,0.600935399449036,0.0693939393939394,5000,16.200501822522565,34.539832078341085,0.46757080397268275,1.0,0.8928
h30,RWD,RWD,,4,21,9900,907,36.36809590836452,0.2611653737373738,0.04406707619266642,-0.2909941647611186,0.44110144884449637,0.01623353618235736,1,5,3.6723486194477792,0.32748394824596505,7,0.6018631619222529,0.04565656565656566,5000,16.3124240359173,34.539832078341085,0.4708010470770429,1.0,0.8928
h30,RWD,RWD,,4,22,9900,936,36.562220939105984,0.26117272727272733,0.04406707619266642,-0.2874590459556115,0.443059711285425,0.01612184629747692,1,5,3.6721200480192078,0.3275046445244765,6,0.6003615753494541,0.044444444444444446,5000,16.128937215819217,34.539832078341085,0.46550534198521804,1.0,0.8928
h30,RWD,RWD,,4,23,9900,939,36.492585548300084,0.2611688080808081,0.04406707619266642,-0.2874426103927977,0.4439224605427231,0.01620523164838005,1,5,3.6724667466986793,0.3274649699879952,6,0.5992509335782062,0.023333333333333334,5000,16.345443902987437,34.52535300326414,0.47175405001251935,1.0,0.8928
h30,RWD,RWD,,4,24,9900,951,36.601530022664356,0.2611725252525252,0.04399619904033231,-0.28550713717930715,0.4464594156770091,0.01618497640408055,1,5,3.672184073629452,0.32749476323862875,7,0.6003273339455157,0.048585858585858586,5000,16.073251482384112,34.539832078341085,0.46389816811879725,1.0,0.8928
h30,RWD,RWD,,4,25,9900,943,36.601781377413865,0.2611734545454545,0.04406707619266642,-0.2862791034072612,0.44525573192917883,0.01616066813491433,1,5,3.672210644257703,0.32749231425903697,8,0.6044920467299255,0.07525252525252525,5000,16.3552362310465,34.52535300326414,0.47203667130126087,1.0,0.8928
h30,RWD,RWD,,4,26,9900,939,36.55791022473796,0.26117199999999996,0.04406707619266642,-0.2868687323126535,0.44494746126210766,0.016184149469642212,1,5,3.398937494997999,0.34127365612911836,7,0.6025886950311194,0.06252525252525253,5000,16.143310865246324,34.539832078341085,0.46592018708645494,1.0,0.8932
h30,RWD,RWD,,4,27,9900,943,36.51585956813834,0.26117094949494946,0.04406707619266642,-0.2876007090563413,0.4428156644684972,0.016162921231763622,1,5,3.467810164065626,0.33782238762171535,7,0.6020336649321498,0.07363636363636364,5000,16.295732216658955,34.52535300326414,0.47031929611427087,1.0,0.8932
h30,RWD,RWD,,4,28,9900,959,36.613418305315335,0.2611743434343434,0.04406707619266642,-0.28575271518413886,0.4447413807175711,0.016128440430091744,1,5,3.46977575030012,0.3377323409363745,6,0.602653647586981,0.04575757575757576,5000,16.174521393141006,34.539832078341085,0.46682096977701587,1.0,0.8932
h30,RWD,RWD,,4,29,9900,945,36.53223234350729,0.26117199999999996,0.04406707619266642,-0.28759606841179697,0.43925375281758633,0.015907179045154693,1,5,3.3216806722689074,0.3467423235961052,8,0.5997139424548515,0.04818181818181818,5000,16.283565980231675,34.52535300326414,0.46996816026613825,1.0,0.8936
h30,RWD,RWD,,4,30,9900,956,36.63104694108538,0.26117482828282834,0.04406707619266642,-0.28689315559442674,0.4387080248820344,0.015840302440142055,1,5,3.300867226890756,0.3485404081632653,7,0.5990149780634628,0.07909090909090909,5000,16.244004324402013,34.539832078341085,0.4688263514860516,1.0,0.896
h30,RWD,RWD,,5,0,4900,4,0.27712812921102037,0.0188395102040817,0.03612824436332547,0.6504952980918245,0.0,0.0,1,98,33.333333333333336,0.046482951803896395,20,0.8622157642648896,0.08408163265306122,0,,,,,0.0
h30,RWD,RWD,,5,1,9487,14,1.3915357846638368,0.10063020976072523,0.22163810701974004,0.004981340367407437,0.36014999222999483,0.3459868177898239,1,39,15.128460984393758,0.0908164262167235,18,0.8511146090867092,0.08885843786233794,4587,1.9045509052301837,6.4031242374328485,0.054968198375642464,0.04251144538914323,0.0
h30,RWD,RWD,,5,2,9891,23,2.084897158135144,0.1344507936507937,0.25448541373307104,-0.056038026836544304,0.34993875207083236,0.3256557554736614,1,34,13.789525730292118,0.09841923100078724,17,0.8440137269772007,0.09402487109493479,4991,2.0737643075067083,8.06225774829855,0.05985195120084155,0.06812262071729112,0.3028
h30,RWD,RWD,,5,3,9900,67,3.465948643589515,0.1685796363636365,0.25957742299507386,-0.08150961261618127,0.34103627165628736,0.2795124754561563,1,28,12.493478991596639,0.10741880554017645,19,0.8512995000510155,0.09070707070707071,5000,2.3276901934200667,9.486832980505138,0.06718063348035737,0.1372,0.4532
h30,RWD,RWD,,5,4,9900,133,6.5691399741518675,0.20720383838383838,0.23837251489429806,-0.10532280937157013,0.35875217158209743,0.19685585953450385,1,20,9.716106282513005,0.13284894307626605,19,0.85153810835629,0.09070707070707071,5000,2.9148323773462748,13.038404810405298,0.08412643836912882,0.2862,0.602
h30,RWD,RWD,,5,5,9900,258,11.677294207135485,0.24117406060606061,0.18667228905427927,-0.14712722417912816,0.39050918336285284,0.10755491573797796,1,14,6.919602721088435,0.17940536160562567,17,0.8479308641975308,0.08767676767676767,5000,4.38752629967748,18.439088914585774,0.12663059588311293,0.517,0.7484
h30,RWD,RWD,,5,6,9900,415,17.63793638723079,0.2569114747474748,0.1134169871896236,-0.19211218912987366,0.3889998246013391,0.05501782985226694,1,10,5.091549259703881,0.23321107566836258,12,0.8010471941638609,0.08797979797979798,5000,6.989659913901164,23.706539182259394,0.20173207850233849,0.7678,0.8696
h30,RWD,RWD,,5,7,9900,476,22.766396289268094,0.25998032323232323,0.062469573522920485,-0.23680530654028328,0.389706994922512,0.034849538103334195,1,8,4.275995198079232,0.2725750109567637,7,0.7800807570656054,0.05333333333333334,5000,10.027916509120699,30.59411708155671,0.2894207250927256,0.96,0.9768
h30,RWD,RWD,,5,8,9900,823,27.489314287555448,0.2605615757575759,0.05183843285859947,-0.22534539391627,0.3957769457447111,0.0247086624432674,1,6,3.8239875150060025,0.3025193970921702,6,0.7358873329252117,0.0796969696969697,5000,11.95688515754072,34.52535300326414,0.34509365619452337,0.9994,0.988
h30,RWD,RWD,,5,9,9900,1140,32.50640552260432,0.26088319191919207,0.049270793515256664,-0.210091412160106,0.42808751710754084,0.0195222051317855,1,6,3.6795857543017205,0.31776338268640786,5,0.6766774869911234,0.09131313131313132,5000,13.48268472747785,34.539832078341085,0.3891305224244851,1.0,0.9036
h30,RWD,RWD,,5,10,9900,1152,33.471205535504694,0.2609549090909091,0.047732528778459564,-0.21999596635138025,0.43546036782768444,0.01882416213382712,1,5,3.5843348539415767,0.3259677631052421,5,0.6646743036424856,0.10373737373737374,5000,13.827819128200609,34.539832078341085,0.3990916193702736,1.0,0.8624
h30,RWD,RWD,,5,11,9900,1374,36.56940797989489,0.2610727676767677,0.0470356101518175,-0.20950385934137664,0.4364167839976734,0.015895090106656858,1,5,3.4348565026010403,0.34477820995064695,6,0.6419190235690235,0.1405050505050505,5000,14.499351649599179,34.539832078341085,0.4184730560914258,1.0,0.848
h30,RWD,RWD,,5,12,9900,1562,40.30900643776773,0.2612037171717172,0.04583815162160129,-0.21298427694067318,0.4566085180017034,0.01371451107105978,1,5,3.361009043617447,0.35602635720955056,8,0.5900840373431282,0.1618181818181818,5000,15.432749714426562,34.539832078341085,0.4454123255275827,1.0,0.8152
h30,RWD,RWD,,5,13,9900,1543,40.75179505248818,0.2612376565656567,0.0455301919562788,-0.2250944250115908,0.44251358243163513,0.012588171763211425,1,5,3.349122368947579,0.35673163131919433,8,0.5903456126925825,0.1874747474747475,5000,15.921869907239257,34.539832078341085,0.4595290685950573,1.0,0.7916
h30,RWD,RWD,,5,14,9900,1535,40.91099607684956,0.26124137373737377,0.0455301919562788,-0.22613015879607745,0.46124159039389667,0.01345292725089036,1,5,3.3614232893157263,0.35607578498065895,8,0.5840382358942965,0.19484848484848485,5000,15.95113190220579,34.539832078341085,0.46037361370003205,1.0,0.7792
h30,RWD,RWD,,5,15,9900,1516,40.65943432956243,0.2612377777777779,0.0455301919562788,-0.22807062088785754,0.4588264178294347,0.013545699170255669,1,5,3.347493237294918,0.3568006029078298,7,0.5913970870319356,0.1906060606060606,5000,16.03472449015135,34.539832078341085,0.4627862212834296,1.0,0.7748
h30,RWD,RWD,,5,16,9900,1538,40.971336321872634,0.261245696969697,0.04550061963903872,-0.22690569851998646,0.4614364365995293,0.01340904486341973,1,5,3.346771348539416,0.3568787194877951,9,0.5920722681359045,0.20373737373737374,5000,16.02775135018061,34.539832078341085,0.46258496599528776,1.0,0.7784
h30,RWD,RWD,,5,17,9900,1517,40.780907297410636,0.26124383838383847,0.0454297424867046,-0.22961670370710383,0.4593692413630179,0.013452325901420394,1,5,3.3459796718687476,0.35695883153261304,10,0.5883725028058363,0.19767676767676767,5000,16.114526639686233,34.539832078341085,0.46508943112381235,1.0,0.7776
h30,RWD,RWD,,5,18,9900,1525,40.92040078005102,0.26124800000000015,0.0454297424867046,-0.22890362034084263,0.46202392287892724,0.013452491595373258,1,5,3.3457498199279714,0.3569845804988663,7,0.5855202224262831,0.1904040404040404,5000,16.025411829932715,34.539832078341085,0.46251744392867516,1.0,0.7752
h30,RWD,RWD,,5,19,9900,1512,40.80639165620994,0.2612473131313131,0.0454297424867046,-0.23063877360642215,0.46019469717315076,0.01348211129509386,1,5,3.346369587835134,0.3569112498332666,9,0.5850624732170187,0.19828282828282828,5000,16.181895885720394,34.539832078341085,0.467033808703983,1.0,0.7764
h30,RWD,RWD,,5,20,9900,1517,40.87591956152179,0.2612476767676768,0.0454297424867046,-0.23002795649812016,0.45972913309881885,0.013418269968508048,1,5,3.3456080032012805,0.35699507002801123,9,0.5881426078971533,0.2087878787878788,5000,16.044684048751115,34.539832078341085,0.46307366909663444,1.0,0.7756
h30,RWD,RWD,,5,21,9900,1517,40.851359830487894,0.26124694949494964,0.045358865334370474,-0.22998772313298121,0.45470790388948074,0.013193010141328817,1,5,3.3048512204881955,0.3602086861411231,8,0.5844216202428323,0.1895959595959596,5000,16.14384320435577,34.539832078341085,0.4659355511923398,1.0,0.7752
h30,RWD,RWD,,5,22,9900,1524,40.91821110459254,0.26124933333333344,0.0454297424867046,-0.22953543273896035,0.4606565016942066,0.013415021770782874,1,5,3.341482833133253,0.35733456049086304,8,0.581450928476686,0.19434343434343435,5000,16.06086315706339,34.539832078341085,0.4635406224517839,1.0,0.7768
h30,RWD,RWD,,5,23,9900,1523,40.868217480090806,0.2612467070707072,0.0454297424867046,-0.22932017744071698,0.4600097232085088,0.01340786320093198,1,5,3.3418125650260104,0.3572982633053221,8,0.5859372410978473,0.21232323232323233,5000,16.131928757361575,34.539832078341085,0.4655916823652508,1.0,0.7752
h30,RWD,RWD,,5,24,9900,1524,40.88624218487192,0.2612464242424244,0.0454297424867046,-0.22896252170482725,0.45525053686404354,0.013182343472124273,1,5,3.313145418167267,0.3595291396558623,7,0.5877048872564024,0.18727272727272729,5000,16.043891556811392,34.539832078341085,0.4630507965895073,1.0,0.7764
h30,RWD,RWD,,5,25,9900,1521,40.86127751306853,0.2612467070707072,0.04515461996889792,-0.22945258780726396,0.4555020009655577,0.013195160614651483,1,5,3.313938055222089,0.35951095638255304,8,0.5906287929803082,0.2086868686868687,5000,16.164577501579956,34.539832078341085,0.4665339741380688,1.0,0.776
h30,RWD,RWD,,5,26,9900,1522,40.918347962741606,0.2612507070707071,0.04515461996889792,-0.22968025834887074,0.45910530831637025,0.01336913116840636,1,5,3.3378426570628252,0.3576776577297586,7,0.5852328588919496,0.19707070707070706,5000,16.110833932724905,34.539832078341085,0.46498285405714745,1.0,0.7776
h30,RWD,RWD,,5,27,9900,1516,40.83915767985427,0.2612492121212122,0.04515461996889792,-0.23036568676943905,0.458058100513345,0.013394300108112926,1,5,3.3384761904761904,0.35760469521141786,7,0.5820478777675748,0.20717171717171717,5000,16.201483570649003,34.539832078341085,0.4675991386974836,1.0,0.7768
h30,RWD,RWD,,5,28,9900,1522,40.92812236103679,0.2612520404040404,0.044874353775519044,-0.22980258243674184,0.455130849552195,0.013135423328833697,1,5,3.3003553421368546,0.3605989275710284,9,0.589351938577696,0.2098989898989899,5000,16.086436129851517,34.539832078341085,0.46427869683846074,1.0,0.7776
h30,RWD,RWD,,5,29,9900,1511,40.865281107561216,0.2612538989898989,0.044874353775519044,-0.23137850629619233,0.4544108541882522,0.013162044776091713,1,5,3.2963188475390157,0.3609939975990396,8,0.5661314304662789,0.20343434343434344,5000,16.26961544490978,34.539832078341085,0.4695655268731874,1.0,0.7752
h30,RWD,RWD,,5,30,9900,1521,41.00244870736381,0.26126161616161614,0.044874353775519044,-0.23159095207651864,0.4532594042786334,0.013039577255209541,1,5,3.2891665466186475,0.36177752167533683,9,0.5866331037649221,0.19676767676767676,5000,16.228187140041992,34.539832078341085,0.4683698437995109,1.0,0.7736
h30,N2Vp1q2,N2V,2.0,1,0,4900,4,0.27712812921102037,0.0188395102040817,0.03612824436332547,0.6504952980918245,0.0,0.0,1,98,33.333333333333336,0.046482951803896395,22,0.862310537276135,0.08755102040816326,0,,,,,0.0
h30,N2Vp1q2,N2V,2.0,1,1,9455,13,1.2801187444920883,0.09279399259650978,0.21137804536741941,0.0046934587289102474,0.3594663003663027,0.3458064918656705,1,38,15.276519887955182,0.09004636204667035,18,0.8478248409273127,0.09011105235325224,4555,1.896042788664691,7.0710678118654755,0.05472264135855734,0.03973655323819978,0.0
h30,N2Vp1q2,N2V,2.0,1,2,9893,17,1.7029012419984901,0.11525078338218941,0.24040525009652122,-0.051576840382860784,0.35379300085535564,0.33474017409654444,1,35,14.162228411364547,0.09611056006316551,19,0.8496095526285709,0.09410694430405338,4993,2.026448636119669,7.0710678118654755,0.05848634989087545,0.05127178049268977,0.2792
h30,N2Vp1q2,N2V,2.0,1,3,9900,22,2.0376457003120048,0.13040246464646477,0.25011848108979906,-0.06810971328972225,0.3414033776268475,0.31706423512171295,1,33,13.868222168867547,0.09803029980962333,21,0.8522750229568414,0.09707070707070707,5000,2.111555335138588,7.0710678118654755,0.06094265699294402,0.066,0.3568
h30,N2Vp1q2,N2V,2.0,1,4,9900,40,2.638484413446477,0.14755050505050504,0.2556086569863326,-0.08753497195144157,0.34153678083314554,0.30244786944696284,1,32,13.586944217687074,0.10001985637513706,21,0.8543448270584634,0.09393939393939393,5000,2.211012835747889,7.211102550927978,0.06381314977338083,0.0962,0.3912
h30,N2Vp1q2,N2V,2.0,1,5,9900,55,3.4304518652795584,0.1633044848484848,0.25491379462401775,-0.08852329916984719,0.33511543300538704,0.27632243024345693,1,30,13.022672108843537,0.10417978168456456,18,0.8574047648199166,0.08353535353535353,5000,2.3662382284401335,8.94427190999916,0.0682931876421576,0.1368,0.4204
h30,N2Vp1q2,N2V,2.0,1,6,9900,73,4.473835043896902,0.18018755555555566,0.2505981574692131,-0.09505189469319261,0.34361411970113204,0.2514781827707507,1,27,12.22148987595038,0.11004492248895706,18,0.8551647076828895,0.08575757575757575,5000,2.556350912528521,10.44030650891055,0.07378012511597289,0.1924,0.4304
h30,N2Vp1q2,N2V,2.0,1,7,9900,112,5.886934686235273,0.1959289696969697,0.2415444090923426,-0.09663431010919558,0.3430020511990915,0.20855241978753086,1,22,10.928040976390557,0.12077848177831332,18,0.8535586215692276,0.08656565656565657,5000,2.8840252519519773,13.601470508735444,0.08323729848034629,0.2566,0.4848
h30,N2Vp1q2,N2V,2.0,1,8,9900,138,7.659295006722225,0.21125373737373732,0.2279635785525083,-0.11517782523966154,0.3536306312925197,0.16791573544652738,1,19,9.699306922769107,0.13433903589569374,20,0.8533951892664015,0.09101010101010101,5000,3.359542003991053,15.132745950421556,0.096961425824617,0.3438,0.534
h30,N2Vp1q2,N2V,2.0,1,9,9900,178,9.510415343190854,0.22314105050505062,0.21303554051051748,-0.12882364399579005,0.35288902540452505,0.13018263130066973,1,17,8.395579991996799,0.1521536978415716,18,0.8522206203448628,0.08666666666666667,5000,3.9659696787409224,19.6468827043885,0.11446383893134447,0.4272,0.558
h30,N2Vp1q2,N2V,2.0,1,10,9900,214,11.757856947590406,0.23584181818181826,0.19288824016967526,-0.15227557517303772,0.3639931587599798,0.1000385385198722,1,14,7.007150380152061,0.17656115257824745,17,0.8447271451892666,0.08575757575757575,5000,4.798473502940209,21.0,0.1384911491131832,0.5282,0.6176
h30,N2Vp1q2,N2V,2.0,1,11,9900,274,14.0983403278542,0.24372367676767692,0.17187699517099927,-0.17162630784099872,0.3703448882704011,0.07686410358339486,1,12,6.325826010404161,0.19472085019866528,14,0.8378559483726152,0.07242424242424242,5000,5.682300669055162,23.021728866442675,0.16399972799305146,0.6256,0.6376
h30,N2Vp1q2,N2V,2.0,1,12,9900,256,15.90617490159089,0.24984856565656566,0.15054437800604503,-0.2020004728388837,0.3719970354771786,0.06324883175748378,1,10,5.431297318927571,0.21893370440239587,12,0.8283192888480767,0.07161616161616162,5000,6.558356322336582,24.020824298928627,0.1892840093453822,0.7158,0.6912
h30,N2Vp1q2,N2V,2.0,1,13,9900,287,17.698248500911046,0.2541125656565657,0.13136379800447107,-0.22532225396931055,0.376639321886071,0.05322545935923381,1,9,4.985427771108443,0.23546855580327367,9,0.8175220589735741,0.05747474747474748,5000,7.507474225625802,28.284271247461902,0.21667697691931545,0.7954,0.7404
h30,N2Vp1q2,N2V,2.0,1,14,9900,316,19.273920203217614,0.25621329292929307,0.11619669589961772,-0.24876402189605468,0.38379620472017184,0.04677937856447154,1,9,4.7698580232092835,0.24531453902195793,8,0.815795786144271,0.04202020202020202,5000,8.381009372751846,28.284271247461902,0.24188851268003442,0.8538,0.7776
h30,N2Vp1q2,N2V,2.0,1,15,9900,332,20.39558775814024,0.25748400000000005,0.10507323620272989,-0.26845623586888356,0.394660551852152,0.04333685085210618,1,8,4.52407619047619,0.255180709998285,7,0.817375706560555,0.03585858585858586,5000,8.92213671592774,26.076809620810597,0.2575062601839175,0.8974,0.7744
h30,N2Vp1q2,N2V,2.0,1,16,9900,328,21.083605004837292,0.2583310303030304,0.09394046666318992,-0.2850396051017511,0.4076189682259438,0.042076019456674295,1,8,4.429091956782713,0.2592379382229082,7,0.8173094939291909,0.03565656565656566,5000,9.330601379485346,27.202941017470888,0.26929516359112826,0.9278,0.7684
h30,N2Vp1q2,N2V,2.0,1,17,9900,307,21.506129358859535,0.2587358383838385,0.08579098278892199,-0.2975595801802729,0.41170893856889235,0.04086290883785664,1,8,4.43027130852341,0.2595970456754131,7,0.8194935363738396,0.033535353535353536,5000,9.562053576909221,27.202941017470888,0.2759752214816977,0.9494,0.7884
h30,N2Vp1q2,N2V,2.0,1,18,9900,294,21.969560760288314,0.2592211313131314,0.07613242974457073,-0.30969121358190854,0.4224681850620267,0.040371519792806274,1,7,4.486365106042417,0.25724353970159497,7,0.8230145291296808,0.029191919191919193,5000,9.853169656656977,27.313000567495326,0.2843772685879051,0.9692,0.822
h30,N2Vp1q2,N2V,2.0,1,19,9900,312,22.26926132587249,0.25943511111111106,0.06874165106838045,-0.31498564953467717,0.4275744618170932,0.039752588581190226,1,8,4.4675380552220885,0.25895918253015493,7,0.8234604173043566,0.028585858585858586,5000,9.900148906067209,27.202941017470888,0.2857331602545593,0.9812,0.808
h30,N2Vp1q2,N2V,2.0,1,20,9900,311,22.269243363886435,0.2595114343434344,0.06331569369818177,-0.31861871985176,0.42847005758983575,0.03980058308529692,1,8,4.532783993597439,0.25639132681644083,7,0.8237766809509232,0.02797979797979798,5000,10.07132074237185,28.284271247461902,0.2906734364259538,0.9882,0.8356
h30,N2Vp1q2,N2V,2.0,1,21,9900,316,22.33784233089669,0.25956965656565667,0.0585347386065823,-0.3222276684990381,0.4285794194050935,0.03958932843324203,1,7,4.536365266106443,0.2566348771889709,7,0.8247881083562901,0.026464646464646465,5000,10.12720990374972,28.284271247461902,0.29228648152820363,0.9936,0.8652
h30,N2Vp1q2,N2V,2.0,1,22,9900,308,22.413156850385892,0.25960048484848497,0.05588297450345677,-0.3233537093336513,0.42959928392833235,0.039410147247808516,1,8,4.6637397358943575,0.2516821277082262,7,0.8249378787878787,0.02595959595959596,5000,10.15607209767619,27.51363298439521,0.2931194877749518,0.9956,0.8712
h30,N2Vp1q2,N2V,2.0,1,23,9900,320,22.450763906825088,0.2596196363636365,0.053985482837056176,-0.3237885912014281,0.43564846144148994,0.039776452500450935,1,8,4.63965650260104,0.25306625659787724,7,0.8249265534129172,0.026060606060606062,5000,10.162240973381902,27.51363298439521,0.29329753078898463,0.9974,0.868
h30,N2Vp1q2,N2V,2.0,1,24,9900,309,22.462555509113383,0.25962323232323237,0.05340535578012407,-0.3239434444152779,0.4319392741649742,0.039489943021898816,1,8,4.776393117246899,0.24898428628594294,7,0.8247711866136107,0.02585858585858586,5000,10.192284680903697,27.51363298439521,0.29416463729186815,0.9976,0.87
h30,N2Vp1q2,N2V,2.0,1,25,9900,316,22.492327580755177,0.259632202020202,0.052876439981193825,-0.3240745965935533,0.432757271945159,0.03940852260486326,1,8,4.69387274909964,0.2513029501324339,7,0.8239703091521273,0.026565656565656567,5000,10.178480388512916,27.51363298439521,0.2937662246894599,0.9982,0.8748
h30,N2Vp1q2,N2V,2.0,1,26,9900,313,22.52186493166141,0.2596393535353536,0.05198446504912228,-0.3243207748708923,0.41991887472162326,0.037948846418267144,1,8,4.683026490596238,0.2528544652146573,7,0.8205358228752169,0.029595959595959596,5000,10.248979180958779,28.284271247461902,0.2958009256773755,0.9986,0.8864
h30,N2Vp1q2,N2V,2.0,1,27,9900,370,22.891937445310308,0.2597225050505052,0.05065974199503243,-0.31656981182916843,0.408491061182045,0.03584365614967128,1,8,4.520709083633453,0.2601575666457059,7,0.8049546270788696,0.043838383838383836,5000,10.703136125145782,29.410882339705484,0.3089085769001343,0.9988,0.9484
h30,N2Vp1q2,N2V,2.0,1,28,9900,367,23.24313231903136,0.2597775353535354,0.05041913256590553,-0.31523192634011266,0.40162144473127837,0.034141691717799655,1,8,4.495381512605042,0.261979173764744,6,0.802463064993368,0.02202020202020202,5000,10.92961510369494,29.120439557122072,0.3154451002278205,0.999,0.9596
h30,N2Vp1q2,N2V,2.0,1,29,9900,385,23.542540219780875,0.2598170909090909,0.049930039109456405,-0.3146833098533082,0.4077863707377389,0.03411697021759518,1,7,4.385347418967587,0.2665009470454848,6,0.8030755586164677,0.021515151515151515,5000,11.059500540455245,29.410882339705484,0.31919378892621186,0.9994,0.9604
h30,N2Vp1q2,N2V,2.0,1,30,9900,399,23.768382359765255,0.25994036363636375,0.04955673080000821,-0.31606145870247804,0.41407239166593607,0.03403994950159937,1,7,4.41304905962385,0.26566764153280353,6,0.8029519844913785,0.021717171717171718,5000,11.066476847547388,29.120439557122072,0.31939513562223204,0.9998,0.9604
h30,N2Vp1q2,N2V,2.0,2,0,4900,4,0.27712812921102037,0.0188395102040817,0.03612824436332547,0.6504952980918245,0.0,0.0,1,98,33.333333333333336,0.046482951803896395,20,0.8653470220741358,0.08204081632653061,0,,,,,0.0
h30,N2Vp1q2,N2V,2.0,2,1,9467,12,1.2638761964686256,0.09167744797718402,0.20962982177040299,0.012320875125719685,0.36344857142857306,0.3507294212894487,1,37,15.294741896758703,0.08985681826384284,19,0.8488147756793378,0.0954895954367804,4567,1.8877145214710416,7.211102550927978,0.05448227506434661,0.03985110575870374,0.0
h30,N2Vp1q2,N2V,2.0,2,2,9887,19,1.7169239470634685,0.11560845554768884,0.23993883787438017,-0.03276142818502473,0.35575569567687376,0.33770833333333333,1,35,14.466699959983993,0.09483441093606437,18,0.8483199028356936,0.09295033882876505,4987,2.0087665178778504,8.246211251235321,0.05797601741273127,0.053739723280529374,0.28
h30,N2Vp1q2,N2V,2.0,2,3,9899,25,2.063557937156115,0.13081046570360644,0.24910604726748742,-0.059041787640722515,0.3459306855153804,0.32131245258480545,1,34,14.07377030812325,0.0970931526680209,17,0.8521181776124738,0.08596827962420446,4999,2.090037917477355,8.246211251235321,0.06032163201572439,0.06821364272854571,0.3352
h30,N2Vp1q2,N2V,2.0,2,4,9900,31,2.4906224121692953,0.14580997979797994,0.2539852612315085,-0.08129580565001464,0.3374037247061369,0.30471270095198133,1,32,13.656231772709084,0.09972855846687867,20,0.8523554331190699,0.09545454545454546,5000,2.1943172537953366,8.246211251235321,0.06333129021360509,0.0886,0.3824
h30,N2Vp1q2,N2V,2.0,2,5,9900,43,3.1771685507696943,0.162290101010101,0.2553599087991035,-0.08821604115471483,0.33933439630897166,0.2879224909400192,1,31,13.15216806722689,0.10312507484539031,21,0.8540402969084787,0.09575757575757576,5000,2.3103838713711333,9.219544457292887,0.0666811470445125,0.125,0.4056
h30,N2Vp1q2,N2V,2.0,2,6,9900,68,4.167493251344266,0.1798552323232323,0.25166003140143917,-0.09025582879569585,0.3443608146960987,0.26176594471169834,1,26,12.083749979991996,0.11069684918763913,18,0.85153265993266,0.0890909090909091,5000,2.472910277438395,9.219544457292887,0.07137190312010594,0.1722,0.462
h30,N2Vp1q2,N2V,2.0,2,7,9900,88,5.332466596238555,0.19470759595959608,0.24319563120285292,-0.10131177934636115,0.3443268880336049,0.22557951793334102,1,22,10.768510604241696,0.12222547766242263,19,0.8560659422507908,0.08666666666666667,5000,2.7220913307851946,12.0,0.07856364240846223,0.2288,0.494
h30,N2Vp1q2,N2V,2.0,2,8,9900,123,7.140644228639318,0.21070832323232325,0.2295308989980989,-0.11422340423446851,0.34555792147165465,0.1762877710898037,1,19,9.232780472188876,0.13881942958438925,19,0.8553022701765125,0.08747474747474747,5000,3.153635621269829,13.152946437965905,0.09101865849760599,0.3142,0.5484
h30,N2Vp1q2,N2V,2.0,2,9,9900,170,9.287841514582384,0.2237405252525253,0.21273059439278708,-0.12650436968883158,0.35683389294355294,0.13640848824416746,1,16,7.947587354941977,0.15874791834593757,18,0.8564280991735536,0.08070707070707071,5000,3.7254861772610384,14.560219778561036,0.10752312404726647,0.4122,0.5964
h30,N2Vp1q2,N2V,2.0,2,10,9900,211,11.2915189412231,0.23524593939393945,0.19280853408778031,-0.15066602222922815,0.3685279283099035,0.10763512535051188,1,15,6.931355262104842,0.17857827567568263,16,0.8559624375063769,0.07585858585858586,5000,4.387673778009651,17.0,0.1266348523291846,0.5098,0.6128
h30,N2Vp1q2,N2V,2.0,2,11,9900,258,13.063200220466651,0.24259373737373746,0.1761960534958689,-0.16698469338453045,0.37228725683520386,0.08684358998924835,1,12,5.891633773509404,0.20318776251626194,14,0.8497995102540559,0.07181818181818182,5000,5.046409306855942,22.20360331117452,0.14564694863349964,0.5972,0.63
h30,N2Vp1q2,N2V,2.0,2,12,9900,329,14.848326505030794,0.24772711111111123,0.16042265266587868,-0.17702773383270654,0.3816747000973005,0.07228442977166455,1,11,5.62375606242497,0.21305127674157692,12,0.8454626058565453,0.06353535353535354,5000,5.697480619576071,22.20360331117452,0.16443784415433355,0.6786,0.6312
h30,N2Vp1q2,N2V,2.0,2,13,9900,394,16.323504525683205,0.2511889696969698,0.14714899952717359,-0.18371588657928228,0.39594883745673576,0.0639625079996713,1,10,5.120581352541016,0.2293390394888114,12,0.8425473778185898,0.06292929292929293,5000,6.223137798434834,19.924858845171276,0.17960909949108542,0.7398,0.6068
h30,N2Vp1q2,N2V,2.0,2,14,9900,440,17.463264299666314,0.2537150707070708,0.1341828714175724,-0.18974015683042195,0.4060316119516082,0.05804342750408592,1,10,4.899802480992397,0.23916449335289675,12,0.8385502703805734,0.06535353535353536,5000,6.700586445037454,22.825424421026653,0.19338898421276102,0.7882,0.5972
h30,N2Vp1q2,N2V,2.0,2,15,9900,516,18.815440467871063,0.2557251717171718,0.12183140727245236,-0.18732745933129868,0.4173591360421904,0.052076769843102416,1,9,4.779109403761504,0.2460770794667073,12,0.8284846240179573,0.07131313131313131,5000,7.209289598246498,26.1725046566048,0.20807092091664242,0.8318,0.6056
h30,N2Vp1q2,N2V,2.0,2,16,9900,564,19.929676364657805,0.2571053333333333,0.11027537264301822,-0.1898568923995627,0.4157652671334161,0.04661432429849309,1,8,4.4256541016406565,0.2604701427237561,10,0.8178693806754411,0.06555555555555556,5000,7.83376924756376,26.1725046566048,0.2260943411103254,0.8688,0.6148
h30,N2Vp1q2,N2V,2.0,2,17,9900,581,21.051194740441694,0.25839208080808085,0.09532193859075327,-0.20828226995138308,0.41789293624207147,0.04252878549085949,1,8,4.3579425370148055,0.2640122719564016,9,0.8112718089990818,0.05444444444444444,5000,8.62655534557465,27.202941017470888,0.24897533808722022,0.9162,0.6604
h30,N2Vp1q2,N2V,2.0,2,18,9900,448,21.700562204698755,0.25917103030303035,0.08172318274583713,-0.24570512555492072,0.4111235733358956,0.0397305946426316,1,8,4.333994397759104,0.2655953467101126,8,0.8092999285787166,0.0405050505050505,5000,9.62907516349119,27.80287754891569,0.2779095650881463,0.9512,0.7512
h30,N2Vp1q2,N2V,2.0,2,19,9900,502,22.443208326796775,0.2594763636363637,0.07407688136612449,-0.24790359974521295,0.4190205736103606,0.038154784925443684,1,8,4.221962384953982,0.2725405518397835,8,0.8079744668911334,0.04111111111111111,5000,9.813698359630868,32.28002478313795,0.2832380676985422,0.968,0.7648
h30,N2Vp1q2,N2V,2.0,2,20,9900,532,23.201499951511757,0.25972876767676767,0.06616271134539996,-0.24611486064111396,0.42019790005516544,0.03613863055456268,1,8,4.187694917967187,0.27528819032374857,8,0.8023921232527296,0.04505050505050505,5000,10.165561173135261,33.83784863137726,0.29339335673839256,0.9812,0.774
h30,N2Vp1q2,N2V,2.0,2,21,9900,573,23.96350558662067,0.25983656565656577,0.06353333803821459,-0.23721790067026774,0.41246841128041994,0.03346729067046495,1,8,4.191834173669468,0.2768916381790812,8,0.7913791960004081,0.050505050505050504,5000,10.416002533946406,34.132096331752024,0.3006214703922353,0.9874,0.812
h30,N2Vp1q2,N2V,2.0,2,22,9900,610,24.975059559488546,0.2599736969696971,0.06001404706717893,-0.23388548498387868,0.4172616546189902,0.03133341193114831,1,7,4.130601680672269,0.2810184111739934,8,0.7768838230792776,0.06212121212121212,5000,10.856550954492375,34.539832078341085,0.31333635919260583,0.9922,0.8336
h30,N2Vp1q2,N2V,2.0,2,23,9900,594,25.47323301035815,0.26004379797979804,0.057515878817652265,-0.2345693650627305,0.42223824511076563,0.03066796268822155,1,8,4.074451860744298,0.284161809485699,7,0.7685307213549638,0.03272727272727273,5000,10.987560393157185,34.438350715445125,0.3171174882733948,0.9948,0.8412
h30,N2Vp1q2,N2V,2.0,2,24,9900,620,25.909951756033824,0.2600920808080809,0.05536697268453479,-0.232117326948325,0.4216142107042134,0.029650807291236307,1,8,4.058606482593037,0.28698324243983303,7,0.7647846852362004,0.03535353535353535,5000,11.22479345910565,34.539832078341085,0.32396439070824523,0.9964,0.8548
h30,N2Vp1q2,N2V,2.0,2,25,9900,631,26.364096798487147,0.26012553535353544,0.05426897185167336,-0.22822175546637471,0.4034639822010708,0.027313461497428894,1,7,3.9379972789115647,0.2950815373768555,7,0.7528389807162533,0.04323232323232323,5000,11.61975447006522,34.48187929913333,0.3353635584288088,0.997,0.9
h30,N2Vp1q2,N2V,2.0,2,26,9900,710,27.076676310064354,0.26019195959595964,0.05259893181046979,-0.2256854308181269,0.394586944792195,0.025353802918144337,1,7,3.7393136454581835,0.30666774900436367,7,0.7374359759208244,0.05787878787878788,5000,11.938748609960733,34.539832078341085,0.34457020820345724,0.9982,0.9572
h30,N2Vp1q2,N2V,2.0,2,27,9900,674,27.554672924932355,0.26025284848484853,0.051324847779827605,-0.2304112764133992,0.3978141108812724,0.025021054793564753,1,7,3.7189823129251702,0.30765035690466663,6,0.7256837669625549,0.03090909090909091,5000,12.268736288714395,34.52535300326414,0.354094148013854,0.9988,0.9568
h30,N2Vp1q2,N2V,2.0,2,28,9900,685,28.010797917945858,0.2603191515151515,0.049935818351094854,-0.23531300590523072,0.3951895156809786,0.023871018161301636,1,7,3.648390236094438,0.31213430591284136,6,0.7245808131823285,0.03151515151515152,5000,12.475912133798314,34.539832078341085,0.3600735539304619,0.9996,0.9572
h30,N2Vp1q2,N2V,2.0,2,29,9900,677,28.281725548488023,0.260355595959596,0.04922748514430233,-0.24027810029523922,0.4060493813028743,0.024329606637661844,1,8,3.7601235694277713,0.30686502181825115,6,0.725700704009795,0.029696969696969697,5000,12.581606195485543,34.539832078341085,0.36312404322638797,0.9998,0.9596
h30,N2Vp1q2,N2V,2.0,2,30,9900,693,28.43272762152798,0.26046686868686875,0.049017597303667004,-0.24288775740638802,0.40850673424915557,0.02415496096968304,1,7,3.698507242897159,0.3091185639970274,7,0.7274638608305275,0.02898989898989899,5000,12.615274299135066,34.52535300326414,0.3640957552427255,1.0,0.956
h30,N2Vp1q2,N2V,2.0,3,0,4900,4,0.27712812921102037,0.0188395102040817,0.03612824436332547,0.6504952980918245,0.0,0.0,1,98,33.333333333333336,0.046482951803896395,23,0.8619693669304456,0.09122448979591836,0,,,,,0.0
h30,N2Vp1q2,N2V,2.0,3,1,9436,12,1.2767218021166553,0.09226960576515486,0.21023015228976738,0.03429768884196908,0.3582044733044753,0.34534402807369347,1,37,15.111937895158063,0.09055898393579023,20,0.8519869292802484,0.09548537515896566,4536,1.8989551875270787,6.4031242374328485,0.054806697562031395,0.04056437389770723,0.0
h30,N2Vp1q2,N2V,2.0,3,2,9893,17,1.7366267992864788,0.11728248256342866,0.24167740150749126,-0.0485719644514306,0.3495281073175202,0.33111646853437526,1,34,14.118215926370548,0.09640333756800114,19,0.8498430374725524,0.09259072071161427,4993,2.0391833950380476,7.280109889280518,0.058853894151608556,0.05287402363308632,0.2864
h30,N2Vp1q2,N2V,2.0,3,3,9900,25,2.0489997559785116,0.131110101010101,0.2507781228424052,-0.06993995746454611,0.3405652058133174,0.3168962525082705,1,33,13.851890516206483,0.09821558323567292,20,0.8476382767064586,0.09818181818181818,5000,2.1174762181921305,7.280109889280518,0.06111354256673065,0.0674,0.3336
h30,N2Vp1q2,N2V,2.0,3,4,9900,43,2.5732469760984857,0.1455708282828283,0.2544332719452931,-0.08690043160056818,0.33897052353210627,0.30255909357296346,1,32,13.419667066826731,0.1009261956873784,18,0.8532525507601266,0.08757575757575757,5000,2.208832267950757,7.280109889280518,0.06375021531312822,0.0958,0.358
h30,N2Vp1q2,N2V,2.0,3,5,9900,54,3.289741631192334,0.16088804040404048,0.2553002053454653,-0.09172842168613936,0.3401260342931446,0.2856063191769467,1,30,13.025200800320128,0.10403743916300583,21,0.8544849607182939,0.09414141414141414,5000,2.3409091598137035,9.219544457292887,0.06756215269575401,0.1316,0.3972
h30,N2Vp1q2,N2V,2.0,3,6,9900,83,4.377122342361473,0.17697644444444438,0.25056423482288753,-0.0887709103280722,0.33915887359188174,0.25091664233102956,1,26,12.187149419767907,0.1106980160973321,20,0.8598980461177432,0.08656565656565657,5000,2.5535127377050877,13.601470508735444,0.0736982111296936,0.1834,0.4364
h30,N2Vp1q2,N2V,2.0,3,7,9900,103,5.639007004783732,0.1939831919191919,0.24245122138239075,-0.09668722046573433,0.3445692577628408,0.21709651197162283,1,22,10.882879551820729,0.12125161160190777,20,0.8600531374349558,0.08565656565656565,5000,2.827261615735804,13.601470508735444,0.08159901472143763,0.2418,0.5092
h30,N2Vp1q2,N2V,2.0,3,8,9900,136,7.044771110547169,0.20841830303030306,0.2324752008167928,-0.10153584285154649,0.3484589198716826,0.18157096457899252,1,20,9.940017286914767,0.13165775095779847,20,0.8566717987960412,0.0892929292929293,5000,3.1944999926907514,17.72004514666935,0.09219806560538803,0.3046,0.5156
h30,N2Vp1q2,N2V,2.0,3,9,9900,183,8.81553174800023,0.221102585858586,0.21846226412195563,-0.11452712465600418,0.3569716544686134,0.1450648958647751,1,17,8.69317519007603,0.1475879821544753,18,0.860409616365677,0.07808080808080808,5000,3.660061806410129,18.384776310850235,0.10563487848467293,0.381,0.5556
h30,N2Vp1q2,N2V,2.0,3,10,9900,223,10.740577265678041,0.23167369696969708,0.20189666541464887,-0.13143557821428736,0.3588408374217219,0.11259096978016811,1,15,7.604155262104842,0.16551074819094025,17,0.8523062391592696,0.08303030303030302,5000,4.276947449568728,20.0,0.1234391242599411,0.4674,0.5824
h30,N2Vp1q2,N2V,2.0,3,11,9900,286,13.002030610639249,0.2412971717171717,0.1811821937728473,-0.14368735646123829,0.36104424332999857,0.08500700440276746,1,13,6.72940600240096,0.1851857972919437,15,0.839357218651158,0.0801010101010101,5000,5.062721121877167,21.213203435596427,0.14611773210349838,0.5574,0.6396
h30,N2Vp1q2,N2V,2.0,3,12,9900,375,15.505818262832829,0.24755668686868693,0.16174242095177602,-0.15192122139047645,0.36404701159022157,0.06432531445944409,1,12,5.873272509003601,0.20782744939822972,14,0.8281411845730029,0.08181818181818182,5000,6.020396341425758,23.430749027719962,0.17375767667154426,0.651,0.6864
h30,N2Vp1q2,N2V,2.0,3,13,9900,502,18.35703679791485,0.25195931313131315,0.14419302104023402,-0.15650277942738505,0.3652295379732712,0.048332360015845344,1,10,5.199850820328131,0.2304674235408449,12,0.8071299204162841,0.08282828282828283,5000,7.134575060223215,26.076809620810597,0.20591454718237778,0.7394,0.7192
h30,N2Vp1q2,N2V,2.0,3,14,9900,551,21.258767603038518,0.2559352727272728,0.12184824392976297,-0.17841655777932044,0.3795414954729037,0.03809278732987384,1,9,4.904814405762305,0.2447469206095137,9,0.7868479389858177,0.06525252525252526,5000,8.475001506936634,31.144823004794873,0.24460126678045316,0.8388,0.7688
h30,N2Vp1q2,N2V,2.0,3,15,9900,605,23.195068441373483,0.258064606060606,0.10331898753520906,-0.1978377553173809,0.39449194856969777,0.0339220697901007,1,9,4.444455222088836,0.2626836292612283,9,0.784757779818386,0.0502020202020202,5000,9.565870155675595,33.28663395418648,0.27608537367462155,0.9028,0.7296
h30,N2Vp1q2,N2V,2.0,3,16,9900,625,24.713186763345597,0.25911224242424247,0.0891537092327181,-0.21403655393405718,0.40556092644249914,0.03090025062054127,1,8,4.334963745498199,0.2695108851159511,7,0.7790510560146924,0.03484848484848485,5000,10.47244106289465,33.60059523282288,0.3022503710673168,0.9426,0.71
h30,N2Vp1q2,N2V,2.0,3,17,9900,643,25.764161154596128,0.2596891313131313,0.07845758441717832,-0.22516093697779085,0.4198392217834061,0.029470702968445242,1,8,4.216349579831933,0.2758810004001601,7,0.7788983777165595,0.03232323232323232,5000,10.942552342921964,33.94112549695428,0.3158184883742393,0.9644,0.688
h30,N2Vp1q2,N2V,2.0,3,18,9900,656,26.444023899550537,0.2600650505050506,0.07149472952932319,-0.23338578611659333,0.4298131594793248,0.028659602637765534,1,8,4.086265546218487,0.28249945006574056,7,0.7790729517396182,0.029595959595959596,5000,11.274815179829625,33.97057550292606,0.3254080926645939,0.9772,0.6728
h30,N2Vp1q2,N2V,2.0,3,19,9900,671,27.092980640748998,0.2602375757575759,0.06602950422373262,-0.2397234842104799,0.4422857077221099,0.027948014542946827,1,8,4.151836414565826,0.2809701671144649,7,0.7782773951637588,0.028686868686868688,5000,11.488648596152196,33.97057550292606,0.33157964608198065,0.9844,0.6652
h30,N2Vp1q2,N2V,2.0,3,20,9900,683,27.48764085912067,0.2604296161616162,0.06172147333178307,-0.24372735247774205,0.4515579666806678,0.027735246122544473,1,7,4.120349579831933,0.28257417100173404,7,0.7765430058157332,0.028585858585858586,5000,11.645684063366021,34.058772731852805,0.33611192541886614,0.9904,0.6568
h30,N2Vp1q2,N2V,2.0,3,21,9900,682,27.72106780050148,0.26046989898989903,0.05968604974374451,-0.2454814539645787,0.4494029201878726,0.02707952734481284,1,7,4.054345578231293,0.2860477364279045,7,0.7743357208448117,0.02909090909090909,5000,11.726239651762441,33.52610922848042,0.33843688063591026,0.9926,0.654
h30,N2Vp1q2,N2V,2.0,3,22,9900,689,27.96725227833439,0.26051236363636376,0.05776624955351503,-0.24728041406729462,0.4542668566787903,0.026934182870284082,1,7,4.070078911564626,0.2851050835572324,7,0.771696250382614,0.030606060606060605,5000,11.817574904384337,34.132096331752024,0.34107295314571956,0.9946,0.6524
h30,N2Vp1q2,N2V,2.0,3,23,9900,694,28.211387771607406,0.2605477171717172,0.056628027675191185,-0.25017662326946866,0.4530655266992562,0.026347590329154444,1,7,4.021667867146859,0.28814033575334896,6,0.768916891133558,0.02666666666666667,5000,11.923678229523901,34.132096331752024,0.3441352543992962,0.9956,0.6516
h30,N2Vp1q2,N2V,2.0,3,24,9900,703,28.506897410977576,0.26058210101010104,0.05567430985708292,-0.25164273774234613,0.45611454629334003,0.026275647599583885,1,7,4.130627931172469,0.2842105223041597,6,0.7672150035710643,0.026464646464646465,5000,12.085968493785447,34.40930106817051,0.3488191950678634,0.9962,0.6564
h30,N2Vp1q2,N2V,2.0,3,25,9900,720,28.838862668281493,0.26061151515151515,0.05462003550032762,-0.2518953620074115,0.4551107525397504,0.025624758597537427,1,7,3.9695606242497,0.2918262771775377,6,0.7634607489031731,0.028888888888888888,5000,12.292983220407862,33.301651610693426,0.35479395086378945,0.997,0.6696
h30,N2Vp1q2,N2V,2.0,3,26,9900,756,29.451845443027846,0.26065450505050514,0.053125767987747305,-0.24904438761468944,0.45149012076366163,0.024462773211007902,1,7,4.01175606242497,0.2909871864936451,6,0.7554138251198858,0.03373737373737374,5000,12.611130798188254,34.40930106817051,0.3639761675848748,0.9982,0.6944
h30,N2Vp1q2,N2V,2.0,3,27,9900,784,30.11654694681979,0.2607008080808082,0.0520949808426659,-0.24899073158356602,0.456268250261126,0.023717713051853752,1,7,3.9310697078831534,0.29545640580041543,5,0.7439170951943679,0.020404040404040404,5000,12.911174399965489,34.058772731852805,0.3726358763795,0.9992,0.6928
h30,N2Vp1q2,N2V,2.0,3,28,9900,799,30.445150681184025,0.26072028282828286,0.05179571313596431,-0.24964391874969719,0.4631993605571201,0.02355228653244694,1,7,4.060686034413766,0.29006623830484574,5,0.7445984746454443,0.019090909090909092,5000,13.003802069662235,34.40930106817051,0.3753092499863603,0.9992,0.6768
h30,N2Vp1q2,N2V,2.0,3,29,9900,805,30.629632710824332,0.2607346262626262,0.05161177297864507,-0.25002090228056745,0.4649034904047504,0.02336238525457894,1,7,4.01867018807523,0.29207161950494487,5,0.7444557494133253,0.018484848484848486,5000,13.110040601958914,33.83784863137726,0.3783754535214741,0.9996,0.6616
h30,N2Vp1q2,N2V,2.0,3,30,9900,810,30.71998697916391,0.2607399191919193,0.051367367402259605,-0.2503831463459623,0.4686690292392418,0.023376904310762683,1,7,4.022057142857143,0.292049966653328,5,0.7434717171717171,0.019595959595959597,5000,13.039230331718636,34.40930106817051,0.3763317628167985,0.9996,0.6576
h30,N2Vp1q2,N2V,2.0,4,0,4900,4,0.27712812921102037,0.0188395102040817,0.03612824436332547,0.6504952980918245,0.0,0.0,1,98,33.333333333333336,0.046482951803896395,20,0.8645176384839652,0.08183673469387755,0,,,,,0.0
h30,N2Vp1q2,N2V,2.0,4,1,9483,13,1.2747293987352766,0.09241261204260254,0.21059326587316318,0.00024709567942051233,0.36470743034743325,0.35079857342223597,1,38,15.121039455782313,0.09072564010825206,20,0.8512447094896859,0.09374670462933671,4583,1.8960509953100688,8.0,0.05472287821466336,0.039275583678813,0.0
h30,N2Vp1q2,N2V,2.0,4,2,9891,19,1.6917435266611782,0.11499334748761503,0.23981661616111716,-0.04783178049157139,0.35471402494306625,0.33718312208138757,1,33,14.209758783513406,0.09575054437899491,20,0.851823543084079,0.09372156505914468,4991,2.0091144758649278,8.0,0.057986060002618224,0.05069124423963134,0.2772
h30,N2Vp1q2,N2V,2.0,4,3,9900,32,2.058348852842977,0.1302513939393939,0.2500199642831313,-0.06340635553983152,0.34791972763241513,0.3252262749986451,1,35,13.950518767507003,0.09745890474323322,20,0.8541197071727373,0.09191919191919191,5000,2.0889206972794714,8.0,0.060289387363561035,0.067,0.3396
h30,N2Vp1q2,N2V,2.0,4,4,9900,46,2.5924505781210176,0.14634860606060607,0.25613142304075476,-0.079472699222046,0.3425693311427066,0.3079613569283179,1,32,13.471035134053622,0.10044570521435739,20,0.8519881644730132,0.09393939393939393,5000,2.185583437666404,8.0,0.06307921916828245,0.0904,0.3644
h30,N2Vp1q2,N2V,2.0,4,5,9900,70,3.3539230760409517,0.16156650505050507,0.25772792564554503,-0.0773262542217497,0.3420707564317047,0.2861243323765578,1,28,12.960033613445377,0.10395681518946631,18,0.8538540046933986,0.08676767676767677,5000,2.3065428905816114,10.0,0.06657029057256646,0.1242,0.3944
h30,N2Vp1q2,N2V,2.0,4,6,9900,109,4.434952085423246,0.17642561616161623,0.2548122393591528,-0.06663320446453208,0.34301180050233937,0.2538724300169721,1,25,12.298073789515806,0.10929866590411373,20,0.8560279512294665,0.08656565656565657,5000,2.482505615283469,10.44030650891055,0.07164883897553564,0.1664,0.4172
h30,N2Vp1q2,N2V,2.0,4,7,9900,132,5.835957504985792,0.19071503030303028,0.24876991432338683,-0.07137123818335044,0.3399003704480562,0.20946876603559564,1,22,11.122639135654262,0.1196989847948814,19,0.8545279665340272,0.08686868686868687,5000,2.7978826720566055,13.152946437965905,0.08075109430104338,0.2278,0.4588
h30,N2Vp1q2,N2V,2.0,4,8,9900,189,8.147735881826312,0.20684319191919198,0.2375981098671709,-0.07729939783113522,0.3514556681755964,0.15735692124892733,1,20,9.916455862344938,0.13315357433785352,16,0.8531081624324048,0.07646464646464647,5000,3.3435597957476864,17.26267650163207,0.096500155301057,0.3126,0.5212
h30,N2Vp1q2,N2V,2.0,4,9,9900,252,10.48538029830106,0.2205218585858586,0.22131753852829195,-0.09473239616227654,0.356904673610537,0.1160160631649485,1,17,8.408547098839536,0.15362790122903747,18,0.846716151413121,0.08373737373737374,5000,4.003999445673503,21.095023109728988,0.115561435098078,0.4054,0.55
h30,N2Vp1q2,N2V,2.0,4,10,9900,289,12.793779738607352,0.23211462626262636,0.2030416784420869,-0.11775336254820189,0.3589625214337421,0.08684444672273708,1,15,7.091567827130852,0.1770042984439863,16,0.8357857514539332,0.0809090909090909,5000,4.85711996086503,24.0,0.1401837739332327,0.5112,0.5972
h30,N2Vp1q2,N2V,2.0,4,11,9900,330,15.289578149837881,0.24145983838383844,0.18288289873210747,-0.1455343291600132,0.37232094134535526,0.0672484628051519,1,12,6.2462655462184875,0.19784164977968097,14,0.8287213141516171,0.0705050505050505,5000,5.890033307392906,26.0,0.16999520379886335,0.6168,0.638
h30,N2Vp1q2,N2V,2.0,4,12,9900,387,17.76761098178368,0.24816044444444452,0.1621107390187836,-0.17092507777975927,0.38322359831073216,0.05339028066281164,1,11,5.598234173669468,0.21809627733344417,12,0.8222055759616367,0.06494949494949495,5000,6.97817468450311,29.427877939124322,0.20140059753944675,0.7146,0.6368
h30,N2Vp1q2,N2V,2.0,4,13,9900,454,20.127155785157527,0.2528770505050506,0.14185808783695172,-0.19207282122133038,0.3900649342328392,0.04326596925303451,1,10,4.986963425370148,0.2397238076182854,10,0.8063751709009286,0.060909090909090906,5000,8.17731251344904,29.427877939124322,0.23600951551597663,0.7958,0.6504
h30,N2Vp1q2,N2V,2.0,4,14,9900,517,22.669168489382226,0.2561478787878788,0.12313195887617047,-0.21065120298683543,0.3832964320630907,0.033938599354032796,1,9,4.453211684673869,0.2638942219427454,10,0.7759789868380778,0.07868686868686868,5000,9.656076684976977,33.06055050963308,0.2786888695348791,0.8618,0.722
h30,N2Vp1q2,N2V,2.0,4,15,9900,605,25.849626689760917,0.2584335353535354,0.10315942045698481,-0.23034398357134211,0.39570854656301857,0.02756809868084739,1,8,4.166062905162065,0.28171269498275503,9,0.7424490001020304,0.08424242424242424,5000,11.45388005825634,33.06055050963308,0.33057617388124183,0.9152,0.7804
h30,N2Vp1q2,N2V,2.0,4,16,9900,639,28.065779875143324,0.25969676767676764,0.0886210301583513,-0.25143840705535464,0.4081120006976639,0.024233751583393314,1,7,3.83683681472589,0.2990797545684941,6,0.7251787266605448,0.03272727272727273,5000,12.855671592911353,33.37663853655727,0.37103398204305643,0.95,0.7644
h30,N2Vp1q2,N2V,2.0,4,17,9900,669,29.397265178924382,0.2603306666666667,0.07697749746261014,-0.2674197110005297,0.421661903529763,0.022970915519992478,1,7,3.8184518607442977,0.30158014901198577,5,0.7234022395673909,0.02898989898989899,5000,13.758544789021089,33.24154027718932,0.3970922579418632,0.9714,0.7436
h30,N2Vp1q2,N2V,2.0,4,18,9900,690,30.510732537911966,0.26064367676767675,0.06805367277025265,-0.2795413072445524,0.43294148080554334,0.021910677285598458,1,6,3.7696060824329733,0.30519331465919697,5,0.7160191409039893,0.03171717171717172,5000,14.485788515015924,34.0147027033899,0.41808160366538644,0.9842,0.7356
h30,N2Vp1q2,N2V,2.0,4,19,9900,697,31.335628284749614,0.26080581818181825,0.06142068359966401,-0.29008512952450505,0.4413328054423111,0.02119360140750515,1,7,3.6333608643457382,0.31353777853998743,5,0.7054953168044079,0.03232323232323232,5000,15.06159596600493,34.132096331752024,0.4347002711450626,0.991,0.7244
h30,N2Vp1q2,N2V,2.0,4,20,9900,710,31.85946641109986,0.260874505050505,0.057952580930536866,-0.2956494075734785,0.4471316519894725,0.02077559841171324,1,7,3.5717458183273307,0.3169408449093923,4,0.7032027497194163,0.01686868686868687,5000,15.351914749240368,34.132096331752024,0.4430793070769649,0.9944,0.71
h30,N2Vp1q2,N2V,2.0,4,21,9900,717,32.10576272260168,0.2609096969696971,0.055753885275805985,-0.2982821298360887,0.4534183832546274,0.02071949316977442,1,7,3.5357800720288117,0.31897468396882567,5,0.703609998979696,0.01797979797979798,5000,15.515409823497867,34.132096331752024,0.4477980203707639,0.9956,0.702
h30,N2Vp1q2,N2V,2.0,4,22,9900,721,32.324541760093055,0.2609333737373738,0.05414104022300785,-0.30034277030538664,0.4576352617017029,0.020689610018310742,1,7,3.6041267707082834,0.3159233422892967,5,0.7040070707070708,0.01595959595959596,5000,15.578881350417912,34.132096331752024,0.44962990392576097,0.9966,0.6976
h30,N2Vp1q2,N2V,2.0,4,23,9900,721,32.42885135184409,0.2609504242424243,0.05185811688282369,-0.3017997115536754,0.46122332676154976,0.020682609255223614,1,6,3.6139015606242495,0.3152849939975991,4,0.7044280838689929,0.014848484848484849,5000,15.672120885290228,34.132096331752024,0.45232093688016484,0.9976,0.6952
h30,N2Vp1q2,N2V,2.0,4,24,9900,726,32.558206338801895,0.2609738989898991,0.048614870491785464,-0.3030322952746714,0.46427072137281966,0.02066012511894049,1,6,3.505621448579432,0.3209056689342404,4,0.7030141873278238,0.018282828282828283,5000,15.755116744446749,34.132096331752024,0.45471632197485784,0.9988,0.6948
h30,N2Vp1q2,N2V,2.0,4,25,9900,722,32.557002319009655,0.2609764040404041,0.04803774413839226,-0.30386017982591773,0.4665020164008308,0.0207326244962166,1,7,3.6013794317727092,0.3162834352788734,4,0.7050973523109888,0.013838383838383839,5000,15.800129162948982,34.132096331752024,0.4560154479487573,0.9994,0.6944
h30,N2Vp1q2,N2V,2.0,4,26,9900,723,32.59651515116301,0.2609783838383839,0.04803774413839226,-0.30356599376617477,0.46472348043315276,0.02063115659058592,1,6,3.603082192877151,0.31597005202080836,4,0.7049846189164372,0.013434343434343434,5000,15.75457667227334,34.058772731852805,0.45470073468113753,0.9994,0.6932
h30,N2Vp1q2,N2V,2.0,4,27,9900,725,32.63901959311891,0.26098234343434346,0.0475371305116829,-0.3035196864304898,0.46564759379927156,0.02067436113531504,1,6,3.5845890356142456,0.3169484006936108,4,0.7043626721763084,0.013838383838383839,5000,15.816512116758199,34.132096331752024,0.4564882845909762,0.9998,0.6936
h30,N2Vp1q2,N2V,2.0,4,28,9900,729,32.66979032684477,0.2609840808080808,0.0475371305116829,-0.3031105247015397,0.46732781466366224,0.02072930420375118,1,7,3.6921050020008,0.31189853388974637,4,0.7046440006121824,0.013030303030303031,5000,15.833384356034532,34.132096331752024,0.4569752427463271,0.9998,0.6916
h30,N2Vp1q2,N2V,2.0,4,29,9900,727,32.66708435107119,0.26098375757575765,0.0475371305116829,-0.3033209921925045,0.4687011663790218,0.02076465794039065,1,7,3.595519167667067,0.31675201966500893,4,0.7043223548617489,0.013737373737373737,5000,15.818267421787827,34.0147027033899,0.45653894532932315,0.9998,0.6908
h30,N2Vp1q2,N2V,2.0,4,30,9900,729,32.676682818180915,0.26098460606060603,0.0475371305116829,-0.3030861795824669,0.46627981177402306,0.020680366159141685,1,7,3.64397118847539,0.3140722650965148,4,0.7041487195184164,0.013434343434343434,5000,15.83672386917271,34.132096331752024,0.4570716261090155,0.9998,0.69
h30,N2Vp1q2,N2V,2.0,5,0,4900,4,0.27712812921102037,0.0188395102040817,0.03612824436332547,0.6504952980918245,0.0,0.0,1,98,33.333333333333336,0.046482951803896395,20,0.8622157642648896,0.08408163265306122,0,,,,,0.0
h30,N2Vp1q2,N2V,2.0,5,1,9468,14,1.2879691921781358,0.09300422475707659,0.21124727732071397,0.00954902730290414,0.3632271084471115,0.34972014925373135,1,38,15.498816806722688,0.08924852498689714,21,0.8517853770751864,0.09801436417406,4568,1.8949749256385482,7.0710678118654755,0.054691821228469016,0.04049912434325744,0.0
h30,N2Vp1q2,N2V,2.0,5,2,9890,18,1.6743524121283428,0.11396024266936311,0.23857049451703982,-0.03471424596553755,0.35626404543169393,0.33855616163865077,1,35,14.368868507402961,0.09510644544062119,18,0.8528949894747174,0.08766430738119313,4990,2.0165330219790154,8.06225774829855,0.058200170380733184,0.04969939879759519,0.2788
h30,N2Vp1q2,N2V,2.0,5,3,9900,22,2.0,0.13033187878787889,0.2500282637948289,-0.059189869993066156,0.3487706842658558,0.32714806551667847,1,34,14.119976950780313,0.096767546123438,19,0.8561262728293031,0.08828282828282828,5000,2.0938019695902077,8.06225774829855,0.06043026821057082,0.0632,0.348
h30,N2Vp1q2,N2V,2.0,5,4,9900,31,2.4527535546809425,0.14555240404040415,0.2557148589379345,-0.07463539812028436,0.3438021857281496,0.3119245541116431,1,33,13.84256806722689,0.09878526732468565,19,0.856335608611366,0.08606060606060606,5000,2.1831553346674806,9.055385138137417,0.06300914047048825,0.0856,0.3844
h30,N2Vp1q2,N2V,2.0,5,5,9900,46,3.1431194695715914,0.16018993939393944,0.25634929444924665,-0.08555706648785075,0.3430376048400102,0.29255352041258026,1,29,13.031749339735894,0.10343920024053055,21,0.8584984134272015,0.0898989898989899,5000,2.2916393392259975,8.48528137423857,0.06614015170614537,0.1234,0.3892
h30,N2Vp1q2,N2V,2.0,5,6,9900,72,4.2206160687747944,0.17710541414141412,0.2532308972682333,-0.08488208616184716,0.34362384972048493,0.26049022307904157,1,26,11.976441136454582,0.11123720053600955,18,0.8574292776247324,0.08232323232323233,5000,2.4848522560803894,10.04987562112089,0.07171656655188305,0.1754,0.4352
h30,N2Vp1q2,N2V,2.0,5,7,9900,118,5.738083303682512,0.1926526060606062,0.24504232313966431,-0.0895335874313751,0.3415254255845155,0.21282998221857474,1,21,10.443314605842337,0.12456602208346905,20,0.856651754922967,0.08777777777777777,5000,2.8069218299306318,14.0,0.08101197796753072,0.2426,0.4792
h30,N2Vp1q2,N2V,2.0,5,8,9900,166,7.507862545358699,0.2079108686868687,0.23167885781649078,-0.10079774311163121,0.3443260887061903,0.1681897990904381,1,19,9.243829691876751,0.13925902709500296,19,0.8575943832262015,0.08434343434343435,5000,3.248438116602544,16.1245154965971,0.09375480083732715,0.3264,0.5316
h30,N2Vp1q2,N2V,2.0,5,9,9900,236,9.674419879248575,0.2231357171717172,0.21505981106450675,-0.1136602895838867,0.3530569637773499,0.12709904528816557,1,16,7.76697975190076,0.16219159653294105,18,0.8556188603203755,0.08232323232323233,5000,3.86297391934065,17.029386365926403,0.11149122669030812,0.4184,0.5696
h30,N2Vp1q2,N2V,2.0,5,10,9900,313,11.968291440301744,0.23423050505050513,0.19698402827260342,-0.12052992734268983,0.3555176817644742,0.09586844295074284,1,13,6.342917006802721,0.19112856327346125,15,0.8459060401999794,0.07727272727272727,5000,4.6095184042975905,18.439088914585774,0.13303762129318447,0.5042,0.5972
h30,N2Vp1q2,N2V,2.0,5,11,9900,385,14.301580332256991,0.24200747474747475,0.17851944026076133,-0.13163495399807165,0.36317954139497527,0.07405213818376999,1,11,5.6492091236494595,0.21296112661514824,13,0.8261196867666566,0.08797979797979798,5000,5.464629176728087,21.095023109728988,0.1577174019401751,0.5958,0.6228
h30,N2Vp1q2,N2V,2.0,5,12,9900,476,16.971246271267173,0.24745183838383844,0.1615444776547067,-0.14010289654403124,0.36267693246104177,0.05541645178829366,1,9,4.890399039615846,0.23965609431074017,13,0.8108840373431282,0.08676767676767677,5000,6.454128298874014,29.274562336608895,0.18627583211354332,0.6854,0.664
h30,N2Vp1q2,N2V,2.0,5,13,9900,548,19.58958907174931,0.25165006060606054,0.14449069800762393,-0.16187063662631757,0.36049798699079927,0.04257038515280975,1,8,4.353992156862745,0.2646216818155834,12,0.7884984542393633,0.08292929292929294,5000,7.771366009088811,29.427877939124322,0.2242932899636463,0.7724,0.7296
h30,N2Vp1q2,N2V,2.0,5,14,9900,588,21.68900182119961,0.25437107070707077,0.1327515542788403,-0.18651361922485912,0.36963123023355826,0.03649676173300595,1,8,4.211344697879151,0.274195479334591,8,0.771144939291909,0.059393939393939395,5000,8.798944221498449,30.14962686336267,0.25395073984913225,0.8288,0.754
h30,N2Vp1q2,N2V,2.0,5,15,9900,595,23.23841646928637,0.25588214141414145,0.1229471880434542,-0.20612395727357954,0.376879536013888,0.03256054162665527,1,7,3.9586186474589837,0.2876652131328722,8,0.7645829150086726,0.05181818181818182,5000,9.63410767135888,30.59411708155671,0.2780548108203756,0.8642,0.7504
h30,N2Vp1q2,N2V,2.0,5,16,9900,603,24.053806351594336,0.2568760000000001,0.11712396909341335,-0.22002460915479732,0.3835475396943861,0.030945765023871474,1,7,3.9054556222488994,0.29100479963413933,6,0.7643942352821141,0.03949494949494949,5000,10.052644095955559,31.78049716414141,0.2901344003716361,0.8828,0.7452
h30,N2Vp1q2,N2V,2.0,5,17,9900,618,24.67079244775084,0.2575573333333334,0.1127714017572601,-0.2263645320071697,0.38933417926055797,0.030057227746172158,1,7,3.7812468987595036,0.2982505284018369,6,0.7626782114069993,0.038585858585858585,5000,10.368991323333704,32.2490309931942,0.2992646562772953,0.8952,0.7588
h30,N2Vp1q2,N2V,2.0,5,18,9900,650,25.317930405149628,0.25794989898989895,0.10918244846917516,-0.22995517445812255,0.3944642634888333,0.028911590045472575,1,6,3.7162327330932374,0.30267470188075235,7,0.759135909601061,0.05,5000,10.656027917325442,32.2490309931942,0.30754896330016257,0.905,0.756
h30,N2Vp1q2,N2V,2.0,5,19,9900,727,26.300418247624883,0.25830141414141417,0.10609069756286107,-0.22587025664981658,0.3956986200380862,0.027027866962153917,1,6,3.6686044017607045,0.307359866613312,7,0.7493505458626671,0.058888888888888886,5000,10.919168781783517,32.2490309931942,0.31514360369467664,0.9112,0.7576
h30,N2Vp1q2,N2V,2.0,5,20,9900,856,27.696916795917918,0.2584864242424243,0.10455072762571511,-0.2126701718692058,0.39669269685403935,0.024592006867774893,1,6,3.583442336934774,0.315258487394958,7,0.7321006785021936,0.07474747474747474,5000,11.210155291117664,31.78049716414141,0.32354191120422676,0.9144,0.7272
h30,N2Vp1q2,N2V,2.0,5,21,9900,859,27.87635557242015,0.25860828282828296,0.10285799299263293,-0.21479289130771012,0.4046473356912698,0.02489729505169867,1,6,3.5572910764305723,0.31685801253834867,6,0.7252593714927049,0.06787878787878789,5000,11.385857316265351,32.28002478313795,0.3286129354266814,0.9186,0.7028
h30,N2Vp1q2,N2V,2.0,5,22,9900,827,27.816196720615853,0.2588852929292931,0.0992266733125907,-0.22439607218365346,0.3989280070212859,0.024598236527743983,1,6,3.664443057222889,0.31094364679205017,7,0.7226900571370267,0.07090909090909091,5000,11.66514353816734,33.61547262794322,0.33667355507561475,0.9272,0.732
h30,N2Vp1q2,N2V,2.0,5,23,9900,687,28.018336852854066,0.2595899393939394,0.08763104488565902,-0.2623281848737617,0.38771832661118655,0.023278897152959825,1,7,3.530985194077631,0.3185597149335925,8,0.7160075349454137,0.05767676767676767,5000,12.900974156773014,34.40930106817051,0.3723414820476163,0.9518,0.856
h30,N2Vp1q2,N2V,2.0,5,24,9900,689,28.887201318230883,0.26018674747474746,0.07420966042283532,-0.2774501446309839,0.3978132405516765,0.02274027614349098,1,7,3.6699799919967986,0.31094211703729113,6,0.7090915008672584,0.04696969696969697,5000,13.462828975280939,34.539832078341085,0.3885574556071792,0.974,0.9136
h30,N2Vp1q2,N2V,2.0,5,25,9900,642,29.04241036828727,0.26039066666666666,0.0668780101760315,-0.29276850198203885,0.39959925114383593,0.02260349917841891,1,7,3.608978951580632,0.3140131435431315,6,0.708993689419447,0.03686868686868687,5000,14.012712743065629,34.48187929913333,0.4044279266710552,0.9836,0.936
h30,N2Vp1q2,N2V,2.0,5,26,9900,636,29.466659125187572,0.26052529292929294,0.060493609765909194,-0.2980221147825781,0.40779925860377503,0.02236747343488785,1,6,3.6348625850340137,0.3131095158063225,7,0.7085685797367617,0.0398989898989899,5000,14.121259401157877,34.539832078341085,0.40756074618175586,0.9912,0.9424
h30,N2Vp1q2,N2V,2.0,5,27,9900,639,29.702619413109005,0.2605814141414142,0.05683478639013997,-0.2999458441392991,0.4059857885562445,0.02196505636826985,1,7,3.738471068427371,0.30857890737247273,5,0.7089256198347108,0.02878787878787879,5000,14.382633421338983,34.48187929913333,0.4151043927979212,0.9948,0.942
h30,N2Vp1q2,N2V,2.0,5,28,9900,632,29.810494796296155,0.26060371717171726,0.05515734696540291,-0.3012996557359958,0.41036155310085226,0.02197585089965574,1,7,3.632203601440576,0.31375425446369026,5,0.7093549280685645,0.03161616161616162,5000,14.324394394020366,34.539832078341085,0.4134235270368313,0.9962,0.942
h30,N2Vp1q2,N2V,2.0,5,29,9900,630,29.885836110104062,0.2606142222222223,0.05427580954467526,-0.3020729722471686,0.41207572936480585,0.021945007519228465,1,7,3.6809808723489397,0.31196323405552695,5,0.7088742781348841,0.02878787878787879,5000,14.47160230228832,34.539832078341085,0.41767216826869075,0.9966,0.9436
h30,N2Vp1q2,N2V,2.0,5,30,9900,653,29.965486813999867,0.2606270707070708,0.05317507121663605,-0.3013338976468874,0.4116245600977645,0.021817568083861146,1,7,3.7662933973589436,0.3078532708321424,6,0.7091480665238241,0.029696969696969697,5000,14.299922270251589,34.48187929913333,0.41271722480552764,0.9974,0.9428
