rule,strategy,family,p,q,lmax,metric,tol,n_runs,final_mean,final_sd,range,conv_cycle
R1,CR,CR,,,D16,diameter,0.05,10,27.1,0.31622776601683766,70.9,3
R1,CR,CR,,,D16,diameter,0.1,10,27.1,0.31622776601683766,70.9,2
R1,CR,CR,,,D16,aspl,0.05,10,10.809981016406564,0.057588072754467305,22.523352316926772,6
R1,CR,CR,,,D16,aspl,0.1,10,10.809981016406564,0.057588072754467305,22.523352316926772,2
R1,CR,CR,,,D16,efficiency,0.05,10,0.1208618137637292,0.000536783392274391,0.0743788619598329,17
R1,CR,CR,,,D16,efficiency,0.1,10,0.1208618137637292,0.000536783392274391,0.0743788619598329,9
R1,CR,CR,,,D16,clustering,0.05,10,0.20853091197691193,0.002297691149281096,0.29282008658008524,16
R1,CR,CR,,,D16,clustering,0.1,10,0.20853091197691193,0.002297691149281096,0.29282008658008524,9
R1,CR,CR,,,D16,H_norm,0.05,10,0.23310620807100474,0.001028898181504406,0.19697796370767934,9
R1,CR,CR,,,D16,H_norm,0.1,10,0.23310620807100474,0.001028898181504406,0.19697796370767934,3
R1,CR,CR,,,D16,k_max,0.05,10,13.8,0.7888106377466153,9.8,7
R1,CR,CR,,,D16,k_max,0.1,10,13.8,0.7888106377466153,9.8,5
R1,CR,CR,,,D16,k_gini,0.05,10,0.10645351261198092,0.0009874205804446278,0.08761400240789922,15
R1,CR,CR,,,D16,k_gini,0.1,10,0.10645351261198092,0.0009874205804446278,0.08761400240789922,7
R1,CR,CR,,,D16,modularity,0.05,10,0.8126807687741595,0.002308119732316726,0.05095617208381631,26
R1,CR,CR,,,D16,modularity,0.1,10,0.8126807687741595,0.002308119732316726,0.05095617208381631,21
R1,CR,CR,,,D16,n_communities,0.05,10,14.0,1.1547005383792515,8.200000000000001,24
R1,CR,CR,,,D16,n_communities,0.1,10,14.0,1.1547005383792515,8.200000000000001,7
R1,CR,CR,,,D16,assortativity,0.05,10,0.18649772434649023,0.009508081793161503,0.46399757374533424,20
R1,CR,CR,,,D16,assortativity,0.1,10,0.18649772434649023,0.009508081793161503,0.46399757374533424,13
R1,CR,CR,,,D16,dyn_len_mean,0.05,10,2.9195342111749207,0.012695621883819098,0.4431633476329466,25
R1,CR,CR,,,D16,dyn_len_mean,0.1,10,2.9195342111749207,0.012695621883819098,0.4431633476329466,21
R1,CR,CR,,,D16,frac_rewired,0.05,10,0.01108,0.0017389652095427329,0.1742,17
R1,CR,CR,,,D16,frac_rewired,0.1,10,0.01108,0.0017389652095427329,0.1742,14
R1,CR,CR,,,D2,diameter,0.05,10,9.0,0.0,89.0,9
R1,CR,CR,,,D2,diameter,0.1,10,9.0,0.0,89.0,4
R1,CR,CR,,,D2,aspl,0.05,10,4.752479423769508,0.05637758094573887,28.580853909563828,9
R1,CR,CR,,,D2,aspl,0.1,10,4.752479423769508,0.05637758094573887,28.580853909563828,5
R1,CR,CR,,,D2,efficiency,0.05,10,0.22739854913393925,0.002349667044238708,0.18091559733004295,23
R1,CR,CR,,,D2,efficiency,0.1,10,0.22739854913393925,0.002349667044238708,0.18091559733004295,17
R1,CR,CR,,,D2,clustering,0.05,10,0.15283785568537273,0.002826904322548332,0.2930602597402585,3
R1,CR,CR,,,D2,clustering,0.1,10,0.15283785568537273,0.002826904322548332,0.2930602597402585,3
R1,CR,CR,,,D2,H_norm,0.05,10,0.23454360430350857,0.0019503808123897573,0.22917961282809496,15
R1,CR,CR,,,D2,H_norm,0.1,10,0.23454360430350857,0.0019503808123897573,0.22917961282809496,8
R1,CR,CR,,,D2,k_max,0.05,10,68.5,19.12677007059303,64.5,26
R1,CR,CR,,,D2,k_max,0.1,10,68.5,19.12677007059303,64.5,25
R1,CR,CR,,,D2,k_gini,0.05,10,0.21304778989898993,0.001493156441707384,0.19420827969490823,15
R1,CR,CR,,,D2,k_gini,0.1,10,0.21304778989898993,0.001493156441707384,0.19420827969490823,9
R1,CR,CR,,,D2,modularity,0.05,10,0.6903653550658096,0.003967382598676037,0.17399107921120516,27
R1,CR,CR,,,D2,modularity,0.1,10,0.6903653550658096,0.003967382598676037,0.17399107921120516,23
R1,CR,CR,,,D2,n_communities,0.05,10,6.9,0.8755950357709131,14.900000000000002,21
R1,CR,CR,,,D2,n_communities,0.1,10,6.9,0.8755950357709131,14.900000000000002,16
R1,CR,CR,,,D2,assortativity,0.05,10,0.01535590179854214,0.01481054059131343,0.6351393962932823,5
R1,CR,CR,,,D2,assortativity,0.1,10,0.01535590179854214,0.01481054059131343,0.6351393962932823,4
R1,CR,CR,,,D2,dyn_len_mean,0.05,10,11.375504597373341,0.06958888811339851,8.899249587107672,25
R1,CR,CR,,,D2,dyn_len_mean,0.1,10,11.375504597373341,0.06958888811339851,8.899249587107672,21
R1,CR,CR,,,D2,frac_rewired,0.05,10,0.08632,0.0033135412409619346,0.48735999999999996,22
R1,CR,CR,,,D2,frac_rewired,0.1,10,0.08632,0.0033135412409619346,0.48735999999999996,17
R1,CR,CR,,,D4,diameter,0.05,10,10.3,0.4830458915396482,87.7,7
R1,CR,CR,,,D4,diameter,0.1,10,10.3,0.4830458915396482,87.7,4
R1,CR,CR,,,D4,aspl,0.05,10,5.195996638655463,0.04744365363147103,28.137336694677874,8
R1,CR,CR,,,D4,aspl,0.1,10,5.195996638655463,0.04744365363147103,28.137336694677874,4
R1,CR,CR,,,D4,efficiency,0.05,10,0.21074378786897147,0.0014437325091936012,0.16426083606507516,20
R1,CR,CR,,,D4,efficiency,0.1,10,0.21074378786897147,0.0014437325091936012,0.16426083606507516,15
R1,CR,CR,,,D4,clustering,0.05,10,0.13631469859331566,0.0026281852660240456,0.29286441847041755,5
R1,CR,CR,,,D4,clustering,0.1,10,0.13631469859331566,0.0026281852660240456,0.29286441847041755,3
R1,CR,CR,,,D4,H_norm,0.05,10,0.25269707452224055,0.0008225301609317529,0.22937617488323553,6
R1,CR,CR,,,D4,H_norm,0.1,10,0.25269707452224055,0.0008225301609317529,0.22937617488323553,2
R1,CR,CR,,,D4,k_max,0.05,10,43.0,4.08248290463863,39.0,28
R1,CR,CR,,,D4,k_max,0.1,10,43.0,4.08248290463863,39.0,23
R1,CR,CR,,,D4,k_gini,0.05,10,0.19491302626262624,0.0013591434934275683,0.17607351605854454,10
R1,CR,CR,,,D4,k_gini,0.1,10,0.19491302626262624,0.0013591434934275683,0.17607351605854454,6
R1,CR,CR,,,D4,modularity,0.05,10,0.7150553509845935,0.0020468406066778107,0.14858158987338232,27
R1,CR,CR,,,D4,modularity,0.1,10,0.7150553509845935,0.0020468406066778107,0.14858158987338232,24
R1,CR,CR,,,D4,n_communities,0.05,10,7.4,0.5163977794943221,14.200000000000001,20
R1,CR,CR,,,D4,n_communities,0.1,10,7.4,0.5163977794943221,14.200000000000001,15
R1,CR,CR,,,D4,assortativity,0.05,10,0.10329516254220797,0.010918416445464476,0.5986822042896871,13
R1,CR,CR,,,D4,assortativity,0.1,10,0.10329516254220797,0.010918416445464476,0.5986822042896871,3
R1,CR,CR,,,D4,dyn_len_mean,0.05,10,9.290023448335903,0.06454138362986266,6.814419884523321,22
R1,CR,CR,,,D4,dyn_len_mean,0.1,10,9.290023448335903,0.06454138362986266,6.814419884523321,17
R1,CR,CR,,,D4,frac_rewired,0.05,10,0.07816000000000001,0.0032287596517685986,0.48608,22
R1,CR,CR,,,D4,frac_rewired,0.1,10,0.07816000000000001,0.0032287596517685986,0.48608,15
R1,CR,CR,,,D8,diameter,0.05,10,16.1,0.316227766016838,81.9,5
R1,CR,CR,,,D8,diameter,0.1,10,16.1,0.316227766016838,81.9,3
R1,CR,CR,,,D8,aspl,0.05,10,7.216434253701481,0.06338286222854289,26.116899079631857,7
R1,CR,CR,,,D8,aspl,0.1,10,7.216434253701481,0.06338286222854289,26.116899079631857,3
R1,CR,CR,,,D8,efficiency,0.05,10,0.16363676328681162,0.0010173121389342094,0.11715381148291532,20
R1,CR,CR,,,D8,efficiency,0.1,10,0.16363676328681162,0.0010173121389342094,0.11715381148291532,13
R1,CR,CR,,,D8,clustering,0.05,10,0.14632836502450858,0.0015947263461594068,0.2929398008657998,9
R1,CR,CR,,,D8,clustering,0.1,10,0.14632836502450858,0.0015947263461594068,0.2929398008657998,5
R1,CR,CR,,,D8,H_norm,0.05,10,0.2611314625204473,0.0006238283336943333,0.22500321815712188,4
R1,CR,CR,,,D8,H_norm,0.1,10,0.2611314625204473,0.0006238283336943333,0.22500321815712188,3
R1,CR,CR,,,D8,k_max,0.05,10,21.6,3.134042472944841,17.6,21
R1,CR,CR,,,D8,k_max,0.1,10,21.6,3.134042472944841,17.6,18
R1,CR,CR,,,D8,k_gini,0.05,10,0.1460312929292929,0.0009060144123995662,0.1271917827252112,14
R1,CR,CR,,,D8,k_gini,0.1,10,0.1460312929292929,0.0009060144123995662,0.1271917827252112,7
R1,CR,CR,,,D8,modularity,0.05,10,0.7685387108458321,0.003205426212855895,0.09509823001214368,29
R1,CR,CR,,,D8,modularity,0.1,10,0.7685387108458321,0.003205426212855895,0.09509823001214368,25
R1,CR,CR,,,D8,n_communities,0.05,10,10.3,1.0593499054713804,11.3,21
R1,CR,CR,,,D8,n_communities,0.1,10,10.3,1.0593499054713804,11.3,19
R1,CR,CR,,,D8,assortativity,0.05,10,0.14496184882009958,0.00972125928447799,0.5055334492717249,14
R1,CR,CR,,,D8,assortativity,0.1,10,0.14496184882009958,0.00972125928447799,0.5055334492717249,5
R1,CR,CR,,,D8,dyn_len_mean,0.05,10,4.77264,0.028688797658861828,2.295785684450123,23
R1,CR,CR,,,D8,dyn_len_mean,0.1,10,4.77264,0.028688797658861828,2.295785684450123,18
R1,CR,CR,,,D8,frac_rewired,0.05,10,0.036719999999999996,0.003679613506274206,0.41932,19
R1,CR,CR,,,D8,frac_rewired,0.1,10,0.036719999999999996,0.003679613506274206,0.41932,14
R1,N2Vp0_25q0_25,N2V,0.25,0.25,D16,diameter,0.05,10,34.5,0.7071067811865471,63.6,4
R1,N2Vp0_25q0_25,N2V,0.25,0.25,D16,diameter,0.1,10,34.5,0.7071067811865471,63.6,1
R1,N2Vp0_25q0_25,N2V,0.25,0.25,D16,aspl,0.05,10,14.559409395758303,0.16648352189298898,18.773923937575034,2
R1,N2Vp0_25q0_25,N2V,0.25,0.25,D16,aspl,0.1,10,14.559409395758303,0.16648352189298898,18.773923937575034,1
R1,N2Vp0_25q0_25,N2V,0.25,0.25,D16,efficiency,0.05,10,0.09497508953280033,0.0007445577189256368,0.04849213772890403,12
R1,N2Vp0_25q0_25,N2V,0.25,0.25,D16,efficiency,0.1,10,0.09497508953280033,0.0007445577189256368,0.04849213772890403,2
R1,N2Vp0_25q0_25,N2V,0.25,0.25,D16,clustering,0.05,10,0.3908715258395057,0.0037243781441381376,0.3908715258395057,2
R1,N2Vp0_25q0_25,N2V,0.25,0.25,D16,clustering,0.1,10,0.3908715258395057,0.0037243781441381376,0.3908715258395057,1
R1,N2Vp0_25q0_25,N2V,0.25,0.25,D16,H_norm,0.05,10,0.2524207987805496,0.0012550980819344847,0.21629255441722423,9
R1,N2Vp0_25q0_25,N2V,0.25,0.25,D16,H_norm,0.1,10,0.2524207987805496,0.0012550980819344847,0.21629255441722423,3
R1,N2Vp0_25q0_25,N2V,0.25,0.25,D16,k_max,0.05,10,46.0,2.7487370837451075,42.2,25
R1,N2Vp0_25q0_25,N2V,0.25,0.25,D16,k_max,0.1,10,46.0,2.7487370837451075,42.2,22
R1,N2Vp0_25q0_25,N2V,0.25,0.25,D16,k_gini,0.05,10,0.1534892929292929,0.002268528656266928,0.1346497827252112,25
R1,N2Vp0_25q0_25,N2V,0.25,0.25,D16,k_gini,0.1,10,0.1534892929292929,0.002268528656266928,0.1346497827252112,20
R1,N2Vp0_25q0_25,N2V,0.25,0.25,D16,modularity,0.05,10,0.8571748729721458,0.0018008485752540983,0.013908356328813154,27
R1,N2Vp0_25q0_25,N2V,0.25,0.25,D16,modularity,0.1,10,0.8571748729721458,0.0018008485752540983,0.013908356328813154,26
R1,N2Vp0_25q0_25,N2V,0.25,0.25,D16,n_communities,0.05,10,20.3,0.9486832980505138,2.700000000000003,29
R1,N2Vp0_25q0_25,N2V,0.25,0.25,D16,n_communities,0.1,10,20.3,0.9486832980505138,2.700000000000003,29
R1,N2Vp0_25q0_25,N2V,0.25,0.25,D16,assortativity,0.05,10,-0.1014878070127732,0.004569727989171103,0.7519831051045976,7
R1,N2Vp0_25q0_25,N2V,0.25,0.25,D16,assortativity,0.1,10,-0.1014878070127732,0.004569727989171103,0.7519831051045976,3
R1,N2Vp0_25q0_25,N2V,0.25,0.25,D16,dyn_len_mean,0.05,10,2.1141543226799855,0.009285792063272718,0.2538603540632931,28
R1,N2Vp0_25q0_25,N2V,0.25,0.25,D16,dyn_len_mean,0.1,10,2.1141543226799855,0.009285792063272718,0.2538603540632931,26
R1,N2Vp0_25q0_25,N2V,0.25,0.25,D16,frac_rewired,0.05,10,0.07204,0.005680219088106446,0.07204,27
R1,N2Vp0_25q0_25,N2V,0.25,0.25,D16,frac_rewired,0.1,10,0.07204,0.005680219088106446,0.07204,20
R1,N2Vp0_25q0_25,N2V,0.25,0.25,D2,diameter,0.05,10,29.3,1.0593499054713806,68.7,16
R1,N2Vp0_25q0_25,N2V,0.25,0.25,D2,diameter,0.1,10,29.3,1.0593499054713806,68.7,2
R1,N2Vp0_25q0_25,N2V,0.25,0.25,D2,aspl,0.05,10,13.355564113645457,0.31693529491209654,19.97776921968788,2
R1,N2Vp0_25q0_25,N2V,0.25,0.25,D2,aspl,0.1,10,13.355564113645457,0.31693529491209654,19.97776921968788,1
R1,N2Vp0_25q0_25,N2V,0.25,0.25,D2,efficiency,0.05,10,0.10230094566514517,0.0019896736670294898,0.05581799386124887,24
R1,N2Vp0_25q0_25,N2V,0.25,0.25,D2,efficiency,0.1,10,0.10230094566514517,0.0019896736670294898,0.05581799386124887,14
R1,N2Vp0_25q0_25,N2V,0.25,0.25,D2,clustering,0.05,10,0.3919339910740108,0.004542010985353931,0.3919339910740108,15
R1,N2Vp0_25q0_25,N2V,0.25,0.25,D2,clustering,0.1,10,0.3919339910740108,0.004542010985353931,0.3919339910740108,1
R1,N2Vp0_25q0_25,N2V,0.25,0.25,D2,H_norm,0.05,10,0.24621523588062524,0.002028739834124672,0.21132454842637094,6
R1,N2Vp0_25q0_25,N2V,0.25,0.25,D2,H_norm,0.1,10,0.24621523588062524,0.002028739834124672,0.21132454842637094,2
R1,N2Vp0_25q0_25,N2V,0.25,0.25,D2,k_max,0.05,10,109.0,19.148542155126762,105.0,29
R1,N2Vp0_25q0_25,N2V,0.25,0.25,D2,k_max,0.1,10,109.0,19.148542155126762,105.0,28
R1,N2Vp0_25q0_25,N2V,0.25,0.25,D2,k_gini,0.05,10,0.1595191636363637,0.006385178873085478,0.140679653432282,27
R1,N2Vp0_25q0_25,N2V,0.25,0.25,D2,k_gini,0.1,10,0.1595191636363637,0.006385178873085478,0.140679653432282,23
R1,N2Vp0_25q0_25,N2V,0.25,0.25,D2,modularity,0.05,10,0.8557081726354454,0.002691325992452784,0.01520507115080294,30
R1,N2Vp0_25q0_25,N2V,0.25,0.25,D2,modularity,0.1,10,0.8557081726354454,0.002691325992452784,0.01520507115080294,27
R1,N2Vp0_25q0_25,N2V,0.25,0.25,D2,n_communities,0.05,10,18.8,0.7888106377466154,2.8000000000000007,30
R1,N2Vp0_25q0_25,N2V,0.25,0.25,D2,n_communities,0.1,10,18.8,0.7888106377466154,2.8000000000000007,30
R1,N2Vp0_25q0_25,N2V,0.25,0.25,D2,assortativity,0.05,10,-0.0728328912392381,0.00819484603466126,0.7309489435455735,4
R1,N2Vp0_25q0_25,N2V,0.25,0.25,D2,assortativity,0.1,10,-0.0728328912392381,0.00819484603466126,0.7309489435455735,2
R1,N2Vp0_25q0_25,N2V,0.25,0.25,D2,dyn_len_mean,0.05,10,2.393332701887769,0.08145139398637548,0.5008408169948124,30
R1,N2Vp0_25q0_25,N2V,0.25,0.25,D2,dyn_len_mean,0.1,10,2.393332701887769,0.08145139398637548,0.5008408169948124,29
R1,N2Vp0_25q0_25,N2V,0.25,0.25,D2,frac_rewired,0.05,10,0.07668,0.01620211234513711,0.07668,27
R1,N2Vp0_25q0_25,N2V,0.25,0.25,D2,frac_rewired,0.1,10,0.07668,0.01620211234513711,0.07668,26
R1,N2Vp0_25q0_25,N2V,0.25,0.25,D4,diameter,0.05,10,28.8,1.2292725943057181,69.2,18
R1,N2Vp0_25q0_25,N2V,0.25,0.25,D4,diameter,0.1,10,28.8,1.2292725943057181,69.2,2
R1,N2Vp0_25q0_25,N2V,0.25,0.25,D4,aspl,0.05,10,13.348101768707483,0.21926729768628908,19.985231564625852,7
R1,N2Vp0_25q0_25,N2V,0.25,0.25,D4,aspl,0.1,10,13.348101768707483,0.21926729768628908,19.985231564625852,2
R1,N2Vp0_25q0_25,N2V,0.25,0.25,D4,efficiency,0.05,10,0.10269187371531015,0.0018706084430842292,0.05620892191141385,25
R1,N2Vp0_25q0_25,N2V,0.25,0.25,D4,efficiency,0.1,10,0.10269187371531015,0.0018706084430842292,0.05620892191141385,17
R1,N2Vp0_25q0_25,N2V,0.25,0.25,D4,clustering,0.05,10,0.396334539359072,0.006369258622423427,0.396334539359072,17
R1,N2Vp0_25q0_25,N2V,0.25,0.25,D4,clustering,0.1,10,0.396334539359072,0.006369258622423427,0.396334539359072,1
R1,N2Vp0_25q0_25,N2V,0.25,0.25,D4,H_norm,0.05,10,0.24617962456560516,0.002789849499098235,0.21122152084093673,6
R1,N2Vp0_25q0_25,N2V,0.25,0.25,D4,H_norm,0.1,10,0.24617962456560516,0.002789849499098235,0.21122152084093673,2
R1,N2Vp0_25q0_25,N2V,0.25,0.25,D4,k_max,0.05,10,116.7,29.732324347603758,112.7,28
R1,N2Vp0_25q0_25,N2V,0.25,0.25,D4,k_max,0.1,10,116.7,29.732324347603758,112.7,28
R1,N2Vp0_25q0_25,N2V,0.25,0.25,D4,k_gini,0.05,10,0.16212347878787875,0.004165242925158958,0.14328396858379705,27
R1,N2Vp0_25q0_25,N2V,0.25,0.25,D4,k_gini,0.1,10,0.16212347878787875,0.004165242925158958,0.14328396858379705,23
R1,N2Vp0_25q0_25,N2V,0.25,0.25,D4,modularity,0.05,10,0.8546517309458219,0.0022034216682171957,0.015249597729723674,27
R1,N2Vp0_25q0_25,N2V,0.25,0.25,D4,modularity,0.1,10,0.8546517309458219,0.0022034216682171957,0.015249597729723674,24
R1,N2Vp0_25q0_25,N2V,0.25,0.25,D4,n_communities,0.05,10,19.9,1.4491376746189437,3.0,30
R1,N2Vp0_25q0_25,N2V,0.25,0.25,D4,n_communities,0.1,10,19.9,1.4491376746189437,3.0,30
R1,N2Vp0_25q0_25,N2V,0.25,0.25,D4,assortativity,0.05,10,-0.0735937875341509,0.0063033685785552655,0.7260081604333939,5
R1,N2Vp0_25q0_25,N2V,0.25,0.25,D4,assortativity,0.1,10,-0.0735937875341509,0.0063033685785552655,0.7260081604333939,2
R1,N2Vp0_25q0_25,N2V,0.25,0.25,D4,dyn_len_mean,0.05,10,2.4505919248717625,0.11989830683764005,0.5645601082829874,29
R1,N2Vp0_25q0_25,N2V,0.25,0.25,D4,dyn_len_mean,0.1,10,2.4505919248717625,0.11989830683764005,0.5645601082829874,29
R1,N2Vp0_25q0_25,N2V,0.25,0.25,D4,frac_rewired,0.05,10,0.06912,0.011461704352611207,0.07028,20
R1,N2Vp0_25q0_25,N2V,0.25,0.25,D4,frac_rewired,0.1,10,0.06912,0.011461704352611207,0.07028,16
R1,N2Vp0_25q0_25,N2V,0.25,0.25,D8,diameter,0.05,10,30.0,1.0540925533894596,68.0,17
R1,N2Vp0_25q0_25,N2V,0.25,0.25,D8,diameter,0.1,10,30.0,1.0540925533894596,68.0,2
R1,N2Vp0_25q0_25,N2V,0.25,0.25,D8,aspl,0.05,10,13.553420792316928,0.2265855109543169,19.779912541016408,2
R1,N2Vp0_25q0_25,N2V,0.25,0.25,D8,aspl,0.1,10,13.553420792316928,0.2265855109543169,19.779912541016408,1
R1,N2Vp0_25q0_25,N2V,0.25,0.25,D8,efficiency,0.05,10,0.10107440556536955,0.0013684351026882976,0.05459145376147325,23
R1,N2Vp0_25q0_25,N2V,0.25,0.25,D8,efficiency,0.1,10,0.10107440556536955,0.0013684351026882976,0.05459145376147325,13
R1,N2Vp0_25q0_25,N2V,0.25,0.25,D8,clustering,0.05,10,0.391580099168764,0.0031448837425236357,0.391580099168764,14
R1,N2Vp0_25q0_25,N2V,0.25,0.25,D8,clustering,0.1,10,0.391580099168764,0.0031448837425236357,0.391580099168764,1
R1,N2Vp0_25q0_25,N2V,0.25,0.25,D8,H_norm,0.05,10,0.24775834442737682,0.0014881634787599492,0.2117193637856258,7
R1,N2Vp0_25q0_25,N2V,0.25,0.25,D8,H_norm,0.1,10,0.24775834442737682,0.0014881634787599492,0.2117193637856258,2
R1,N2Vp0_25q0_25,N2V,0.25,0.25,D8,k_max,0.05,10,99.3,15.449199907366653,95.3,28
R1,N2Vp0_25q0_25,N2V,0.25,0.25,D8,k_max,0.1,10,99.3,15.449199907366653,95.3,27
R1,N2Vp0_25q0_25,N2V,0.25,0.25,D8,k_gini,0.05,10,0.15989497373737377,0.0029595393161255847,0.14105546353329207,26
R1,N2Vp0_25q0_25,N2V,0.25,0.25,D8,k_gini,0.1,10,0.15989497373737377,0.0029595393161255847,0.14105546353329207,23
R1,N2Vp0_25q0_25,N2V,0.25,0.25,D8,modularity,0.05,10,0.8549884731149883,0.0019874418378573967,0.015497943267934189,29
R1,N2Vp0_25q0_25,N2V,0.25,0.25,D8,modularity,0.1,10,0.8549884731149883,0.0019874418378573967,0.015497943267934189,26
R1,N2Vp0_25q0_25,N2V,0.25,0.25,D8,n_communities,0.05,10,19.6,1.07496769977314,3.6000000000000014,30
R1,N2Vp0_25q0_25,N2V,0.25,0.25,D8,n_communities,0.1,10,19.6,1.07496769977314,3.6000000000000014,30
R1,N2Vp0_25q0_25,N2V,0.25,0.25,D8,assortativity,0.05,10,-0.07607958491954296,0.004916597894464185,0.7283715103707976,4
R1,N2Vp0_25q0_25,N2V,0.25,0.25,D8,assortativity,0.1,10,-0.07607958491954296,0.004916597894464185,0.7283715103707976,2
R1,N2Vp0_25q0_25,N2V,0.25,0.25,D8,dyn_len_mean,0.05,10,2.3540354659291887,0.04521259639985022,0.4631516621144458,29
R1,N2Vp0_25q0_25,N2V,0.25,0.25,D8,dyn_len_mean,0.1,10,2.3540354659291887,0.04521259639985022,0.4631516621144458,28
R1,N2Vp0_25q0_25,N2V,0.25,0.25,D8,frac_rewired,0.05,10,0.0706,0.011905180945005978,0.07139999999999999,19
R1,N2Vp0_25q0_25,N2V,0.25,0.25,D8,frac_rewired,0.1,10,0.0706,0.011905180945005978,0.07139999999999999,15
R1,N2Vp0_25q0_5,N2V,0.25,0.5,D16,diameter,0.05,10,33.1,0.8755950357709124,64.9,13
R1,N2Vp0_25q0_5,N2V,0.25,0.5,D16,diameter,0.1,10,33.1,0.8755950357709124,64.9,2
R1,N2Vp0_25q0_5,N2V,0.25,0.5,D16,aspl,0.05,10,14.20777968787515,0.11879250717857008,19.125553645458186,2
R1,N2Vp0_25q0_5,N2V,0.25,0.5,D16,aspl,0.1,10,14.20777968787515,0.11879250717857008,19.125553645458186,1
R1,N2Vp0_25q0_5,N2V,0.25,0.5,D16,efficiency,0.05,10,0.09734468719469166,0.0005363044084093962,0.050861735390795366,20
R1,N2Vp0_25q0_5,N2V,0.25,0.5,D16,efficiency,0.1,10,0.09734468719469166,0.0005363044084093962,0.050861735390795366,9
R1,N2Vp0_25q0_5,N2V,0.25,0.5,D16,clustering,0.05,10,0.3996981098518532,0.0029362402096758866,0.3996981098518532,15
R1,N2Vp0_25q0_5,N2V,0.25,0.5,D16,clustering,0.1,10,0.3996981098518532,0.0029362402096758866,0.3996981098518532,1
R1,N2Vp0_25q0_5,N2V,0.25,0.5,D16,H_norm,0.05,10,0.25221416655211437,0.0009876978828525934,0.21713639482283997,7
R1,N2Vp0_25q0_5,N2V,0.25,0.5,D16,H_norm,0.1,10,0.25221416655211437,0.0009876978828525934,0.21713639482283997,3
R1,N2Vp0_25q0_5,N2V,0.25,0.5,D16,k_max,0.05,10,51.7,2.4966644414765344,47.7,24
R1,N2Vp0_25q0_5,N2V,0.25,0.5,D16,k_max,0.1,10,51.7,2.4966644414765344,47.7,21
R1,N2Vp0_25q0_5,N2V,0.25,0.5,D16,k_gini,0.05,10,0.1714907797979798,0.00287496491356745,0.1526512695938981,26
R1,N2Vp0_25q0_5,N2V,0.25,0.5,D16,k_gini,0.1,10,0.1714907797979798,0.00287496491356745,0.1526512695938981,21
R1,N2Vp0_25q0_5,N2V,0.25,0.5,D16,modularity,0.05,10,0.8593379752066117,0.0014587256025259906,0.014193971438869801,26
R1,N2Vp0_25q0_5,N2V,0.25,0.5,D16,modularity,0.1,10,0.8593379752066117,0.0014587256025259906,0.014193971438869801,24
R1,N2Vp0_25q0_5,N2V,0.25,0.5,D16,n_communities,0.05,10,22.1,0.7378647873726218,3.1000000000000014,30
R1,N2Vp0_25q0_5,N2V,0.25,0.5,D16,n_communities,0.1,10,22.1,0.7378647873726218,3.1000000000000014,30
R1,N2Vp0_25q0_5,N2V,0.25,0.5,D16,assortativity,0.05,10,-0.1175669384755937,0.003575499495008093,0.7680622365674182,9
R1,N2Vp0_25q0_5,N2V,0.25,0.5,D16,assortativity,0.1,10,-0.1175669384755937,0.003575499495008093,0.7680622365674182,3
R1,N2Vp0_25q0_5,N2V,0.25,0.5,D16,dyn_len_mean,0.05,10,2.2006592129885485,0.017112067729999784,0.33684784511177357,28
R1,N2Vp0_25q0_5,N2V,0.25,0.5,D16,dyn_len_mean,0.1,10,2.2006592129885485,0.017112067729999784,0.33684784511177357,26
R1,N2Vp0_25q0_5,N2V,0.25,0.5,D16,frac_rewired,0.05,10,0.08452000000000001,0.005188191720949919,0.08824,10
R1,N2Vp0_25q0_5,N2V,0.25,0.5,D16,frac_rewired,0.1,10,0.08452000000000001,0.005188191720949919,0.08824,5
R1,N2Vp0_25q0_5,N2V,0.25,0.5,D2,diameter,0.05,10,26.0,0.47140452079103073,72.0,23
R1,N2Vp0_25q0_5,N2V,0.25,0.5,D2,diameter,0.1,10,26.0,0.47140452079103073,72.0,14
R1,N2Vp0_25q0_5,N2V,0.25,0.5,D2,aspl,0.05,10,12.576987050820328,0.1427967856513819,20.756346282513007,20
R1,N2Vp0_25q0_5,N2V,0.25,0.5,D2,aspl,0.1,10,12.576987050820328,0.1427967856513819,20.756346282513007,2
R1,N2Vp0_25q0_5,N2V,0.25,0.5,D2,efficiency,0.05,10,0.10826692986605094,0.0012918842738069557,0.06178397806215464,27
R1,N2Vp0_25q0_5,N2V,0.25,0.5,D2,efficiency,0.1,10,0.10826692986605094,0.0012918842738069557,0.06178397806215464,23
R1,N2Vp0_25q0_5,N2V,0.25,0.5,D2,clustering,0.05,10,0.4061505804779334,0.008294227106274215,0.4061505804779334,20
R1,N2Vp0_25q0_5,N2V,0.25,0.5,D2,clustering,0.1,10,0.4061505804779334,0.008294227106274215,0.4061505804779334,2
R1,N2Vp0_25q0_5,N2V,0.25,0.5,D2,H_norm,0.05,10,0.24348731465125742,0.001811118824616446,0.21282216611221408,4
R1,N2Vp0_25q0_5,N2V,0.25,0.5,D2,H_norm,0.1,10,0.24348731465125742,0.001811118824616446,0.21282216611221408,2
R1,N2Vp0_25q0_5,N2V,0.25,0.5,D2,k_max,0.05,10,138.4,29.631814734242052,134.4,29
R1,N2Vp0_25q0_5,N2V,0.25,0.5,D2,k_max,0.1,10,138.4,29.631814734242052,134.4,28
R1,N2Vp0_25q0_5,N2V,0.25,0.5,D2,k_gini,0.05,10,0.17918364444444446,0.004794153577668132,0.16034413424036276,27
R1,N2Vp0_25q0_5,N2V,0.25,0.5,D2,k_gini,0.1,10,0.17918364444444446,0.004794153577668132,0.16034413424036276,24
R1,N2Vp0_25q0_5,N2V,0.25,0.5,D2,modularity,0.05,10,0.8572398836853383,0.002633369232650329,0.014866702913834406,28
R1,N2Vp0_25q0_5,N2V,0.25,0.5,D2,modularity,0.1,10,0.8572398836853383,0.002633369232650329,0.014866702913834406,23
R1,N2Vp0_25q0_5,N2V,0.25,0.5,D2,n_communities,0.05,10,20.1,1.449137674618944,2.8000000000000007,30
R1,N2Vp0_25q0_5,N2V,0.25,0.5,D2,n_communities,0.1,10,20.1,1.449137674618944,2.8000000000000007,30
R1,N2Vp0_25q0_5,N2V,0.25,0.5,D2,assortativity,0.05,10,-0.08410459160753661,0.005643157536704559,0.7347656920710022,5
R1,N2Vp0_25q0_5,N2V,0.25,0.5,D2,assortativity,0.1,10,-0.08410459160753661,0.005643157536704559,0.7347656920710022,2
R1,N2Vp0_25q0_5,N2V,0.25,0.5,D2,dyn_len_mean,0.05,10,2.6733214267167464,0.14100740281584467,0.7834035953273726,30
R1,N2Vp0_25q0_5,N2V,0.25,0.5,D2,dyn_len_mean,0.1,10,2.6733214267167464,0.14100740281584467,0.7834035953273726,29
R1,N2Vp0_25q0_5,N2V,0.25,0.5,D2,frac_rewired,0.05,10,0.09264,0.01777808888616671,0.09264,23
R1,N2Vp0_25q0_5,N2V,0.25,0.5,D2,frac_rewired,0.1,10,0.09264,0.01777808888616671,0.09264,17
R1,N2Vp0_25q0_5,N2V,0.25,0.5,D4,diameter,0.05,10,26.3,0.9486832980505137,71.7,22
R1,N2Vp0_25q0_5,N2V,0.25,0.5,D4,diameter,0.1,10,26.3,0.9486832980505137,71.7,12
R1,N2Vp0_25q0_5,N2V,0.25,0.5,D4,aspl,0.05,10,12.532719391756704,0.16094933163328515,20.800613941576632,21
R1,N2Vp0_25q0_5,N2V,0.25,0.5,D4,aspl,0.1,10,12.532719391756704,0.16094933163328515,20.800613941576632,2
R1,N2Vp0_25q0_5,N2V,0.25,0.5,D4,efficiency,0.05,10,0.10832135751571134,0.0010785636684364068,0.061838405711815043,27
R1,N2Vp0_25q0_5,N2V,0.25,0.5,D4,efficiency,0.1,10,0.10832135751571134,0.0010785636684364068,0.061838405711815043,23
R1,N2Vp0_25q0_5,N2V,0.25,0.5,D4,clustering,0.05,10,0.40730464338017675,0.00727462906213045,0.40730464338017675,21
R1,N2Vp0_25q0_5,N2V,0.25,0.5,D4,clustering,0.1,10,0.40730464338017675,0.00727462906213045,0.40730464338017675,2
R1,N2Vp0_25q0_5,N2V,0.25,0.5,D4,H_norm,0.05,10,0.24375908027868562,0.0015754239532820512,0.2131665105820422,4
R1,N2Vp0_25q0_5,N2V,0.25,0.5,D4,H_norm,0.1,10,0.24375908027868562,0.0015754239532820512,0.2131665105820422,2
R1,N2Vp0_25q0_5,N2V,0.25,0.5,D4,k_max,0.05,10,139.6,21.945386758952324,135.6,29
R1,N2Vp0_25q0_5,N2V,0.25,0.5,D4,k_max,0.1,10,139.6,21.945386758952324,135.6,28
R1,N2Vp0_25q0_5,N2V,0.25,0.5,D4,k_gini,0.05,10,0.179143494949495,0.003293093778007506,0.1603039847454133,27
R1,N2Vp0_25q0_5,N2V,0.25,0.5,D4,k_gini,0.1,10,0.179143494949495,0.003293093778007506,0.1603039847454133,23
R1,N2Vp0_25q0_5,N2V,0.25,0.5,D4,modularity,0.05,10,0.8579091179471483,0.002025267633489929,0.01505612434430148,27
R1,N2Vp0_25q0_5,N2V,0.25,0.5,D4,modularity,0.1,10,0.8579091179471483,0.002025267633489929,0.01505612434430148,25
R1,N2Vp0_25q0_5,N2V,0.25,0.5,D4,n_communities,0.05,10,20.2,1.3165611772087664,3.1000000000000014,30
R1,N2Vp0_25q0_5,N2V,0.25,0.5,D4,n_communities,0.1,10,20.2,1.3165611772087664,3.1000000000000014,30
R1,N2Vp0_25q0_5,N2V,0.25,0.5,D4,assortativity,0.05,10,-0.08159678314419189,0.005943389810867092,0.7362484256441119,5
R1,N2Vp0_25q0_5,N2V,0.25,0.5,D4,assortativity,0.1,10,-0.08159678314419189,0.005943389810867092,0.7362484256441119,2
R1,N2Vp0_25q0_5,N2V,0.25,0.5,D4,dyn_len_mean,0.05,10,2.665660674161193,0.060103678620617634,0.7782145633917952,30
R1,N2Vp0_25q0_5,N2V,0.25,0.5,D4,dyn_len_mean,0.1,10,2.665660674161193,0.060103678620617634,0.7782145633917952,29
R1,N2Vp0_25q0_5,N2V,0.25,0.5,D4,frac_rewired,0.05,10,0.0842,0.015495662475530225,0.09204,25
R1,N2Vp0_25q0_5,N2V,0.25,0.5,D4,frac_rewired,0.1,10,0.0842,0.015495662475530225,0.09204,11
R1,N2Vp0_25q0_5,N2V,0.25,0.5,D8,diameter,0.05,10,26.4,0.6992058987801011,71.6,22
R1,N2Vp0_25q0_5,N2V,0.25,0.5,D8,diameter,0.1,10,26.4,0.6992058987801011,71.6,13
R1,N2Vp0_25q0_5,N2V,0.25,0.5,D8,aspl,0.05,10,12.714099239695878,0.2595602509167124,20.61923409363746,19
R1,N2Vp0_25q0_5,N2V,0.25,0.5,D8,aspl,0.1,10,12.714099239695878,0.2595602509167124,20.61923409363746,2
R1,N2Vp0_25q0_5,N2V,0.25,0.5,D8,efficiency,0.05,10,0.1071128885928418,0.0015097948519557688,0.06062993678894551,26
R1,N2Vp0_25q0_5,N2V,0.25,0.5,D8,efficiency,0.1,10,0.1071128885928418,0.0015097948519557688,0.06062993678894551,22
R1,N2Vp0_25q0_5,N2V,0.25,0.5,D8,clustering,0.05,10,0.4069077775859883,0.0048082850278178746,0.4069077775859883,20
R1,N2Vp0_25q0_5,N2V,0.25,0.5,D8,clustering,0.1,10,0.4069077775859883,0.0048082850278178746,0.4069077775859883,2
R1,N2Vp0_25q0_5,N2V,0.25,0.5,D8,H_norm,0.05,10,0.24358211727370568,0.0010373852390045879,0.21264833904477182,3
R1,N2Vp0_25q0_5,N2V,0.25,0.5,D8,H_norm,0.1,10,0.24358211727370568,0.0010373852390045879,0.21264833904477182,2
R1,N2Vp0_25q0_5,N2V,0.25,0.5,D8,k_max,0.05,10,124.7,12.684636376341262,120.7,29
R1,N2Vp0_25q0_5,N2V,0.25,0.5,D8,k_max,0.1,10,124.7,12.684636376341262,120.7,27
R1,N2Vp0_25q0_5,N2V,0.25,0.5,D8,k_gini,0.05,10,0.17757583838383836,0.0021554650994329767,0.15873632817975666,26
R1,N2Vp0_25q0_5,N2V,0.25,0.5,D8,k_gini,0.1,10,0.17757583838383836,0.0021554650994329767,0.15873632817975666,23
R1,N2Vp0_25q0_5,N2V,0.25,0.5,D8,modularity,0.05,10,0.8583907790021428,0.001832779745279628,0.015062690902664433,29
R1,N2Vp0_25q0_5,N2V,0.25,0.5,D8,modularity,0.1,10,0.8583907790021428,0.001832779745279628,0.015062690902664433,27
R1,N2Vp0_25q0_5,N2V,0.25,0.5,D8,n_communities,0.05,10,20.7,0.8232726023485639,2.6000000000000014,30
R1,N2Vp0_25q0_5,N2V,0.25,0.5,D8,n_communities,0.1,10,20.7,0.8232726023485639,2.6000000000000014,30
R1,N2Vp0_25q0_5,N2V,0.25,0.5,D8,assortativity,0.05,10,-0.08766362980903838,0.00624821751240268,0.7381589279008629,5
R1,N2Vp0_25q0_5,N2V,0.25,0.5,D8,assortativity,0.1,10,-0.08766362980903838,0.00624821751240268,0.7381589279008629,2
R1,N2Vp0_25q0_5,N2V,0.25,0.5,D8,dyn_len_mean,0.05,10,2.5817546123156205,0.04015926349070077,0.692036338869245,29
R1,N2Vp0_25q0_5,N2V,0.25,0.5,D8,dyn_len_mean,0.1,10,2.5817546123156205,0.04015926349070077,0.692036338869245,28
R1,N2Vp0_25q0_5,N2V,0.25,0.5,D8,frac_rewired,0.05,10,0.08144,0.016462428604417864,0.0906,26
R1,N2Vp0_25q0_5,N2V,0.25,0.5,D8,frac_rewired,0.1,10,0.08144,0.016462428604417864,0.0906,19
R1,N2Vp0_25q1,N2V,0.25,1.0,D16,diameter,0.05,10,31.1,0.5676462121975466,66.9,17
R1,N2Vp0_25q1,N2V,0.25,1.0,D16,diameter,0.1,10,31.1,0.5676462121975466,66.9,4
R1,N2Vp0_25q1,N2V,0.25,1.0,D16,aspl,0.05,10,13.392320864345738,0.13885974798934217,19.941012468987598,17
R1,N2Vp0_25q1,N2V,0.25,1.0,D16,aspl,0.1,10,13.392320864345738,0.13885974798934217,19.941012468987598,2
R1,N2Vp0_25q1,N2V,0.25,1.0,D16,efficiency,0.05,10,0.10226666199562376,0.0009214508961104029,0.05578371019172746,24
R1,N2Vp0_25q1,N2V,0.25,1.0,D16,efficiency,0.1,10,0.10226666199562376,0.0009214508961104029,0.05578371019172746,19
R1,N2Vp0_25q1,N2V,0.25,1.0,D16,clustering,0.05,10,0.4135789185061448,0.0028263880223355253,0.4135789185061448,18
R1,N2Vp0_25q1,N2V,0.25,1.0,D16,clustering,0.1,10,0.4135789185061448,0.0028263880223355253,0.4135789185061448,7
R1,N2Vp0_25q1,N2V,0.25,1.0,D16,H_norm,0.05,10,0.24597629552407402,0.0017174393713986576,0.21835915774396436,3
R1,N2Vp0_25q1,N2V,0.25,1.0,D16,H_norm,0.1,10,0.24597629552407402,0.0017174393713986576,0.21835915774396436,2
R1,N2Vp0_25q1,N2V,0.25,1.0,D16,k_max,0.05,10,54.7,2.5407785333546005,50.9,24
R1,N2Vp0_25q1,N2V,0.25,1.0,D16,k_max,0.1,10,54.7,2.5407785333546005,50.9,20
R1,N2Vp0_25q1,N2V,0.25,1.0,D16,k_gini,0.05,10,0.1922265494949495,0.002103217058647829,0.1733870392908678,25
R1,N2Vp0_25q1,N2V,0.25,1.0,D16,k_gini,0.1,10,0.1922265494949495,0.002103217058647829,0.1733870392908678,21
R1,N2Vp0_25q1,N2V,0.25,1.0,D16,modularity,0.05,10,0.8647580139781657,0.002678561356644008,0.014791218050246968,26
R1,N2Vp0_25q1,N2V,0.25,1.0,D16,modularity,0.1,10,0.8647580139781657,0.002678561356644008,0.014791218050246968,25
R1,N2Vp0_25q1,N2V,0.25,1.0,D16,n_communities,0.05,10,22.0,0.9428090415820634,3.0,30
R1,N2Vp0_25q1,N2V,0.25,1.0,D16,n_communities,0.1,10,22.0,0.9428090415820634,3.0,30
R1,N2Vp0_25q1,N2V,0.25,1.0,D16,assortativity,0.05,10,-0.1426840530153433,0.0054028306149442925,0.7931793511071678,13
R1,N2Vp0_25q1,N2V,0.25,1.0,D16,assortativity,0.1,10,-0.1426840530153433,0.0054028306149442925,0.7931793511071678,5
R1,N2Vp0_25q1,N2V,0.25,1.0,D16,dyn_len_mean,0.05,10,2.3237521503593195,0.015538799914219815,0.4564498168752318,28
R1,N2Vp0_25q1,N2V,0.25,1.0,D16,dyn_len_mean,0.1,10,2.3237521503593195,0.015538799914219815,0.4564498168752318,26
R1,N2Vp0_25q1,N2V,0.25,1.0,D16,frac_rewired,0.05,10,0.09996000000000001,0.008559231533522414,0.11848,29
R1,N2Vp0_25q1,N2V,0.25,1.0,D16,frac_rewired,0.1,10,0.09996000000000001,0.008559231533522414,0.11848,24
R1,N2Vp0_25q1,N2V,0.25,1.0,D2,diameter,0.05,10,23.5,0.8498365855987977,74.5,21
R1,N2Vp0_25q1,N2V,0.25,1.0,D2,diameter,0.1,10,23.5,0.8498365855987977,74.5,16
R1,N2Vp0_25q1,N2V,0.25,1.0,D2,aspl,0.05,10,11.65493237294918,0.32250429741013464,21.678400960384156,22
R1,N2Vp0_25q1,N2V,0.25,1.0,D2,aspl,0.1,10,11.65493237294918,0.32250429741013464,21.678400960384156,15
R1,N2Vp0_25q1,N2V,0.25,1.0,D2,efficiency,0.05,10,0.11590927202320507,0.0026759662681780025,0.06942632021930878,27
R1,N2Vp0_25q1,N2V,0.25,1.0,D2,efficiency,0.1,10,0.11590927202320507,0.0026759662681780025,0.06942632021930878,24
R1,N2Vp0_25q1,N2V,0.25,1.0,D2,clustering,0.05,10,0.4262153930429068,0.006750952907952202,0.4262153930429068,22
R1,N2Vp0_25q1,N2V,0.25,1.0,D2,clustering,0.1,10,0.4262153930429068,0.006750952907952202,0.4262153930429068,15
R1,N2Vp0_25q1,N2V,0.25,1.0,D2,H_norm,0.05,10,0.23458220498543475,0.002345766774631329,0.21579902130161366,22
R1,N2Vp0_25q1,N2V,0.25,1.0,D2,H_norm,0.1,10,0.23458220498543475,0.002345766774631329,0.21579902130161366,2
R1,N2Vp0_25q1,N2V,0.25,1.0,D2,k_max,0.05,10,157.7,36.60312676382837,153.7,29
R1,N2Vp0_25q1,N2V,0.25,1.0,D2,k_max,0.1,10,157.7,36.60312676382837,153.7,27
R1,N2Vp0_25q1,N2V,0.25,1.0,D2,k_gini,0.05,10,0.20302264646464643,0.0031297325805175464,0.18418313626056473,26
R1,N2Vp0_25q1,N2V,0.25,1.0,D2,k_gini,0.1,10,0.20302264646464643,0.0031297325805175464,0.18418313626056473,22
R1,N2Vp0_25q1,N2V,0.25,1.0,D2,modularity,0.05,10,0.8649650647893072,0.0014669811083123923,0.01577994949494943,30
R1,N2Vp0_25q1,N2V,0.25,1.0,D2,modularity,0.1,10,0.8649650647893072,0.0014669811083123923,0.01577994949494943,27
R1,N2Vp0_25q1,N2V,0.25,1.0,D2,n_communities,0.05,10,20.3,0.9486832980505137,2.6000000000000014,30
R1,N2Vp0_25q1,N2V,0.25,1.0,D2,n_communities,0.1,10,20.3,0.9486832980505137,2.6000000000000014,30
R1,N2Vp0_25q1,N2V,0.25,1.0,D2,assortativity,0.05,10,-0.10515278206867293,0.010543816799521485,0.7556480801604974,6
R1,N2Vp0_25q1,N2V,0.25,1.0,D2,assortativity,0.1,10,-0.10515278206867293,0.010543816799521485,0.7556480801604974,3
R1,N2Vp0_25q1,N2V,0.25,1.0,D2,dyn_len_mean,0.05,10,3.000093035227416,0.13062638005355587,1.1122529479650398,29
R1,N2Vp0_25q1,N2V,0.25,1.0,D2,dyn_len_mean,0.1,10,3.000093035227416,0.13062638005355587,1.1122529479650398,28
R1,N2Vp0_25q1,N2V,0.25,1.0,D2,frac_rewired,0.05,10,0.11452,0.024260109004060327,0.12616,21
R1,N2Vp0_25q1,N2V,0.25,1.0,D2,frac_rewired,0.1,10,0.11452,0.024260109004060327,0.12616,8
R1,N2Vp0_25q1,N2V,0.25,1.0,D4,diameter,0.05,10,23.1,0.7378647873726217,74.9,21
R1,N2Vp0_25q1,N2V,0.25,1.0,D4,diameter,0.1,10,23.1,0.7378647873726217,74.9,15
R1,N2Vp0_25q1,N2V,0.25,1.0,D4,aspl,0.05,10,11.5828406242497,0.2189517652758435,21.750492709083638,22
R1,N2Vp0_25q1,N2V,0.25,1.0,D4,aspl,0.1,10,11.5828406242497,0.2189517652758435,21.750492709083638,15
R1,N2Vp0_25q1,N2V,0.25,1.0,D4,efficiency,0.05,10,0.11673862556937156,0.002312321761198366,0.07025567376547526,27
R1,N2Vp0_25q1,N2V,0.25,1.0,D4,efficiency,0.1,10,0.11673862556937156,0.002312321761198366,0.07025567376547526,24
R1,N2Vp0_25q1,N2V,0.25,1.0,D4,clustering,0.05,10,0.42620024950349433,0.00620553835760742,0.42620024950349433,23
R1,N2Vp0_25q1,N2V,0.25,1.0,D4,clustering,0.1,10,0.42620024950349433,0.00620553835760742,0.42620024950349433,15
R1,N2Vp0_25q1,N2V,0.25,1.0,D4,H_norm,0.05,10,0.23453088254491888,0.002524084850897356,0.215356531482219,22
R1,N2Vp0_25q1,N2V,0.25,1.0,D4,H_norm,0.1,10,0.23453088254491888,0.002524084850897356,0.215356531482219,2
R1,N2Vp0_25q1,N2V,0.25,1.0,D4,k_max,0.05,10,169.7,41.223105710807914,165.7,28
R1,N2Vp0_25q1,N2V,0.25,1.0,D4,k_max,0.1,10,169.7,41.223105710807914,165.7,27
R1,N2Vp0_25q1,N2V,0.25,1.0,D4,k_gini,0.05,10,0.20236871515151514,0.002438913654655949,0.18352920494743344,26
R1,N2Vp0_25q1,N2V,0.25,1.0,D4,k_gini,0.1,10,0.20236871515151514,0.002438913654655949,0.18352920494743344,23
R1,N2Vp0_25q1,N2V,0.25,1.0,D4,modularity,0.05,10,0.8633228655239261,0.002419041136447036,0.014339025452118959,28
R1,N2Vp0_25q1,N2V,0.25,1.0,D4,modularity,0.1,10,0.8633228655239261,0.002419041136447036,0.014339025452118959,26
R1,N2Vp0_25q1,N2V,0.25,1.0,D4,n_communities,0.05,10,20.8,1.2292725943057181,2.6000000000000014,29
R1,N2Vp0_25q1,N2V,0.25,1.0,D4,n_communities,0.1,10,20.8,1.2292725943057181,2.6000000000000014,29
R1,N2Vp0_25q1,N2V,0.25,1.0,D4,assortativity,0.05,10,-0.10294474508329332,0.013133208626865777,0.7534400431751178,6
R1,N2Vp0_25q1,N2V,0.25,1.0,D4,assortativity,0.1,10,-0.10294474508329332,0.013133208626865777,0.7534400431751178,3
R1,N2Vp0_25q1,N2V,0.25,1.0,D4,dyn_len_mean,0.05,10,3.0658224017928895,0.14437273591448746,1.1720464337249186,29
R1,N2Vp0_25q1,N2V,0.25,1.0,D4,dyn_len_mean,0.1,10,3.0658224017928895,0.14437273591448746,1.1720464337249186,28
R1,N2Vp0_25q1,N2V,0.25,1.0,D4,frac_rewired,0.05,10,0.1116,0.024788527812500506,0.12048,23
R1,N2Vp0_25q1,N2V,0.25,1.0,D4,frac_rewired,0.1,10,0.1116,0.024788527812500506,0.12048,7
R1,N2Vp0_25q1,N2V,0.25,1.0,D8,diameter,0.05,10,24.3,0.9486832980505133,73.7,19
R1,N2Vp0_25q1,N2V,0.25,1.0,D8,diameter,0.1,10,24.3,0.9486832980505133,73.7,13
R1,N2Vp0_25q1,N2V,0.25,1.0,D8,aspl,0.05,10,11.754979975990397,0.17302761019452217,21.57835335734294,20
R1,N2Vp0_25q1,N2V,0.25,1.0,D8,aspl,0.1,10,11.754979975990397,0.17302761019452217,21.57835335734294,12
R1,N2Vp0_25q1,N2V,0.25,1.0,D8,efficiency,0.05,10,0.11446258759065661,0.001758670484121725,0.0679796357867603,26
R1,N2Vp0_25q1,N2V,0.25,1.0,D8,efficiency,0.1,10,0.11446258759065661,0.001758670484121725,0.0679796357867603,22
R1,N2Vp0_25q1,N2V,0.25,1.0,D8,clustering,0.05,10,0.425158967907727,0.006151312832322653,0.425158967907727,21
R1,N2Vp0_25q1,N2V,0.25,1.0,D8,clustering,0.1,10,0.425158967907727,0.006151312832322653,0.425158967907727,14
R1,N2Vp0_25q1,N2V,0.25,1.0,D8,H_norm,0.05,10,0.2364665477784241,0.002369173484438098,0.2152571689151218,20
R1,N2Vp0_25q1,N2V,0.25,1.0,D8,H_norm,0.1,10,0.2364665477784241,0.002369173484438098,0.2152571689151218,2
R1,N2Vp0_25q1,N2V,0.25,1.0,D8,k_max,0.05,10,138.2,17.364075302506354,134.2,26
R1,N2Vp0_25q1,N2V,0.25,1.0,D8,k_max,0.1,10,138.2,17.364075302506354,134.2,23
R1,N2Vp0_25q1,N2V,0.25,1.0,D8,k_gini,0.05,10,0.19970493333333333,0.0028700132187065223,0.18086542312925163,25
R1,N2Vp0_25q1,N2V,0.25,1.0,D8,k_gini,0.1,10,0.19970493333333333,0.0028700132187065223,0.18086542312925163,22
R1,N2Vp0_25q1,N2V,0.25,1.0,D8,modularity,0.05,10,0.8652445000510152,0.0021756368154974568,0.015909544240639062,29
R1,N2Vp0_25q1,N2V,0.25,1.0,D8,modularity,0.1,10,0.8652445000510152,0.0021756368154974568,0.015909544240639062,27
R1,N2Vp0_25q1,N2V,0.25,1.0,D8,n_communities,0.05,10,20.8,1.2292725943057181,3.1000000000000014,30
R1,N2Vp0_25q1,N2V,0.25,1.0,D8,n_communities,0.1,10,20.8,1.2292725943057181,3.1000000000000014,30
R1,N2Vp0_25q1,N2V,0.25,1.0,D8,assortativity,0.05,10,-0.11084744730750322,0.01075588471587295,0.7613427453993277,6
R1,N2Vp0_25q1,N2V,0.25,1.0,D8,assortativity,0.1,10,-0.11084744730750322,0.01075588471587295,0.7613427453993277,3
R1,N2Vp0_25q1,N2V,0.25,1.0,D8,dyn_len_mean,0.05,10,2.8419570729532113,0.07569527001796479,0.953462602052882,29
R1,N2Vp0_25q1,N2V,0.25,1.0,D8,dyn_len_mean,0.1,10,2.8419570729532113,0.07569527001796479,0.953462602052882,27
R1,N2Vp0_25q1,N2V,0.25,1.0,D8,frac_rewired,0.05,10,0.10344,0.027470032156272896,0.1214,23
R1,N2Vp0_25q1,N2V,0.25,1.0,D8,frac_rewired,0.1,10,0.10344,0.027470032156272896,0.1214,19
R1,N2Vp0_25q2,N2V,0.25,2.0,D16,diameter,0.05,10,28.7,0.674948557710553,69.3,19
R1,N2Vp0_25q2,N2V,0.25,2.0,D16,diameter,0.1,10,28.7,0.674948557710553,69.3,10
R1,N2Vp0_25q2,N2V,0.25,2.0,D16,aspl,0.05,10,12.226673037214885,0.2253140790236028,21.10666029611845,20
R1,N2Vp0_25q2,N2V,0.25,2.0,D16,aspl,0.1,10,12.226673037214885,0.2253140790236028,21.10666029611845,12
R1,N2Vp0_25q2,N2V,0.25,2.0,D16,efficiency,0.05,10,0.10991903295248587,0.001427792049155221,0.06343608114858956,26
R1,N2Vp0_25q2,N2V,0.25,2.0,D16,efficiency,0.1,10,0.10991903295248587,0.001427792049155221,0.06343608114858956,21
R1,N2Vp0_25q2,N2V,0.25,2.0,D16,clustering,0.05,10,0.43083483436646475,0.002380249905853041,0.43083483436646475,19
R1,N2Vp0_25q2,N2V,0.25,2.0,D16,clustering,0.1,10,0.43083483436646475,0.002380249905853041,0.43083483436646475,11
R1,N2Vp0_25q2,N2V,0.25,2.0,D16,H_norm,0.05,10,0.22935792763760404,0.002211236886208606,0.22043838012056294,24
R1,N2Vp0_25q2,N2V,0.25,2.0,D16,H_norm,0.1,10,0.22935792763760404,0.002211236886208606,0.22043838012056294,17
R1,N2Vp0_25q2,N2V,0.25,2.0,D16,k_max,0.05,10,55.9,2.766867462592952,51.9,22
R1,N2Vp0_25q2,N2V,0.25,2.0,D16,k_max,0.1,10,55.9,2.766867462592952,51.9,19
R1,N2Vp0_25q2,N2V,0.25,2.0,D16,k_gini,0.05,10,0.2149557212121212,0.001388660060857351,0.1961162110080395,24
R1,N2Vp0_25q2,N2V,0.25,2.0,D16,k_gini,0.1,10,0.2149557212121212,0.001388660060857351,0.1961162110080395,20
R1,N2Vp0_25q2,N2V,0.25,2.0,D16,modularity,0.05,10,0.8760217676767678,0.0019771550808216003,0.025602188699645367,29
R1,N2Vp0_25q2,N2V,0.25,2.0,D16,modularity,0.1,10,0.8760217676767678,0.0019771550808216003,0.025602188699645367,26
R1,N2Vp0_25q2,N2V,0.25,2.0,D16,n_communities,0.05,10,24.0,1.05409255338946,4.899999999999999,30
R1,N2Vp0_25q2,N2V,0.25,2.0,D16,n_communities,0.1,10,24.0,1.05409255338946,4.899999999999999,30
R1,N2Vp0_25q2,N2V,0.25,2.0,D16,assortativity,0.05,10,-0.18093265383826357,0.005456168140892006,0.831427951930088,17
R1,N2Vp0_25q2,N2V,0.25,2.0,D16,assortativity,0.1,10,-0.18093265383826357,0.005456168140892006,0.831427951930088,7
R1,N2Vp0_25q2,N2V,0.25,2.0,D16,dyn_len_mean,0.05,10,2.4786295716955418,0.018858199133143665,0.6190174367029471,28
R1,N2Vp0_25q2,N2V,0.25,2.0,D16,dyn_len_mean,0.1,10,2.4786295716955418,0.018858199133143665,0.6190174367029471,26
R1,N2Vp0_25q2,N2V,0.25,2.0,D16,frac_rewired,0.05,10,0.15608,0.015046948749386585,0.18228,23
R1,N2Vp0_25q2,N2V,0.25,2.0,D16,frac_rewired,0.1,10,0.15608,0.015046948749386585,0.18228,18
R1,N2Vp0_25q2,N2V,0.25,2.0,D2,diameter,0.05,10,21.9,0.7378647873726217,76.1,20
R1,N2Vp0_25q2,N2V,0.25,2.0,D2,diameter,0.1,10,21.9,0.7378647873726217,76.1,13
R1,N2Vp0_25q2,N2V,0.25,2.0,D2,aspl,0.05,10,10.681292068827531,0.3755653833305309,22.652041264505804,22
R1,N2Vp0_25q2,N2V,0.25,2.0,D2,aspl,0.1,10,10.681292068827531,0.3755653833305309,22.652041264505804,16
R1,N2Vp0_25q2,N2V,0.25,2.0,D2,efficiency,0.05,10,0.12471423310995464,0.003879116641574731,0.07823128130605833,27
R1,N2Vp0_25q2,N2V,0.25,2.0,D2,efficiency,0.1,10,0.12471423310995464,0.003879116641574731,0.07823128130605833,24
R1,N2Vp0_25q2,N2V,0.25,2.0,D2,clustering,0.05,10,0.44612141966472824,0.008320493459586823,0.44612141966472824,22
R1,N2Vp0_25q2,N2V,0.25,2.0,D2,clustering,0.1,10,0.44612141966472824,0.008320493459586823,0.44612141966472824,16
R1,N2Vp0_25q2,N2V,0.25,2.0,D2,H_norm,0.05,10,0.2132574499438206,0.006188978943702907,0.21881093403324403,26
R1,N2Vp0_25q2,N2V,0.25,2.0,D2,H_norm,0.1,10,0.2132574499438206,0.006188978943702907,0.21881093403324403,22
R1,N2Vp0_25q2,N2V,0.25,2.0,D2,k_max,0.05,10,174.8,37.06690647404441,170.8,28
R1,N2Vp0_25q2,N2V,0.25,2.0,D2,k_max,0.1,10,174.8,37.06690647404441,170.8,27
R1,N2Vp0_25q2,N2V,0.25,2.0,D2,k_gini,0.05,10,0.22654302222222222,0.0034196665841469084,0.20770351201814052,25
R1,N2Vp0_25q2,N2V,0.25,2.0,D2,k_gini,0.1,10,0.22654302222222222,0.0034196665841469084,0.20770351201814052,21
R1,N2Vp0_25q2,N2V,0.25,2.0,D2,modularity,0.05,10,0.8770881501887564,0.0021685624307450878,0.027738223781210714,28
R1,N2Vp0_25q2,N2V,0.25,2.0,D2,modularity,0.1,10,0.8770881501887564,0.0021685624307450878,0.027738223781210714,27
R1,N2Vp0_25q2,N2V,0.25,2.0,D2,n_communities,0.05,10,22.5,1.1785113019775793,3.3999999999999986,28
R1,N2Vp0_25q2,N2V,0.25,2.0,D2,n_communities,0.1,10,22.5,1.1785113019775793,3.3999999999999986,28
R1,N2Vp0_25q2,N2V,0.25,2.0,D2,assortativity,0.05,10,-0.13256125150181094,0.0161976441089296,0.7830565495936355,8
R1,N2Vp0_25q2,N2V,0.25,2.0,D2,assortativity,0.1,10,-0.13256125150181094,0.0161976441089296,0.7830565495936355,4
R1,N2Vp0_25q2,N2V,0.25,2.0,D2,dyn_len_mean,0.05,10,3.328517128386081,0.20492428877257052,1.442665949868112,29
R1,N2Vp0_25q2,N2V,0.25,2.0,D2,dyn_len_mean,0.1,10,3.328517128386081,0.20492428877257052,1.442665949868112,28
R1,N2Vp0_25q2,N2V,0.25,2.0,D2,frac_rewired,0.05,10,0.17648,0.025413067504730713,0.18408,9
R1,N2Vp0_25q2,N2V,0.25,2.0,D2,frac_rewired,0.1,10,0.17648,0.025413067504730713,0.18408,7
R1,N2Vp0_25q2,N2V,0.25,2.0,D4,diameter,0.05,10,22.1,1.286683937707919,76.1,19
R1,N2Vp0_25q2,N2V,0.25,2.0,D4,diameter,0.1,10,22.1,1.286683937707919,76.1,13
R1,N2Vp0_25q2,N2V,0.25,2.0,D4,aspl,0.05,10,10.456906666666667,0.41279217105865607,22.876426666666667,22
R1,N2Vp0_25q2,N2V,0.25,2.0,D4,aspl,0.1,10,10.456906666666667,0.41279217105865607,22.876426666666667,16
R1,N2Vp0_25q2,N2V,0.25,2.0,D4,efficiency,0.05,10,0.12717280477423554,0.004754313488033829,0.08068985297033923,27
R1,N2Vp0_25q2,N2V,0.25,2.0,D4,efficiency,0.1,10,0.12717280477423554,0.004754313488033829,0.08068985297033923,25
R1,N2Vp0_25q2,N2V,0.25,2.0,D4,clustering,0.05,10,0.4516657814503457,0.007736161046535671,0.4516657814503457,24
R1,N2Vp0_25q2,N2V,0.25,2.0,D4,clustering,0.1,10,0.4516657814503457,0.007736161046535671,0.4516657814503457,17
R1,N2Vp0_25q2,N2V,0.25,2.0,D4,H_norm,0.05,10,0.21105450392482528,0.0036790706941650076,0.2191073837120211,26
R1,N2Vp0_25q2,N2V,0.25,2.0,D4,H_norm,0.1,10,0.21105450392482528,0.0036790706941650076,0.2191073837120211,22
R1,N2Vp0_25q2,N2V,0.25,2.0,D4,k_max,0.05,10,182.2,48.05274879407698,178.2,28
R1,N2Vp0_25q2,N2V,0.25,2.0,D4,k_max,0.1,10,182.2,48.05274879407698,178.2,27
R1,N2Vp0_25q2,N2V,0.25,2.0,D4,k_gini,0.05,10,0.22788761212121217,0.002152963707824457,0.20904810191713047,25
R1,N2Vp0_25q2,N2V,0.25,2.0,D4,k_gini,0.1,10,0.22788761212121217,0.002152963707824457,0.20904810191713047,21
R1,N2Vp0_25q2,N2V,0.25,2.0,D4,modularity,0.05,10,0.8766645413733294,0.002212609991389726,0.027264206807750213,27
R1,N2Vp0_25q2,N2V,0.25,2.0,D4,modularity,0.1,10,0.8766645413733294,0.002212609991389726,0.027264206807750213,25
R1,N2Vp0_25q2,N2V,0.25,2.0,D4,n_communities,0.05,10,22.3,0.9486832980505138,3.8000000000000007,27
R1,N2Vp0_25q2,N2V,0.25,2.0,D4,n_communities,0.1,10,22.3,0.9486832980505138,3.8000000000000007,27
R1,N2Vp0_25q2,N2V,0.25,2.0,D4,assortativity,0.05,10,-0.13391904375000724,0.016482225182528953,0.7844143418418317,8
R1,N2Vp0_25q2,N2V,0.25,2.0,D4,assortativity,0.1,10,-0.13391904375000724,0.016482225182528953,0.7844143418418317,4
R1,N2Vp0_25q2,N2V,0.25,2.0,D4,dyn_len_mean,0.05,10,3.392224455867413,0.19491748406141096,1.5097864269297612,29
R1,N2Vp0_25q2,N2V,0.25,2.0,D4,dyn_len_mean,0.1,10,3.392224455867413,0.19491748406141096,1.5097864269297612,28
R1,N2Vp0_25q2,N2V,0.25,2.0,D4,frac_rewired,0.05,10,0.1608,0.019700874205081476,0.18556,28
R1,N2Vp0_25q2,N2V,0.25,2.0,D4,frac_rewired,0.1,10,0.1608,0.019700874205081476,0.18556,24
R1,N2Vp0_25q2,N2V,0.25,2.0,D8,diameter,0.05,10,23.0,0.9428090415820635,75.0,19
R1,N2Vp0_25q2,N2V,0.25,2.0,D8,diameter,0.1,10,23.0,0.9428090415820635,75.0,13
R1,N2Vp0_25q2,N2V,0.25,2.0,D8,aspl,0.05,10,10.653242769107644,0.3803434998204535,22.680090564225694,22
R1,N2Vp0_25q2,N2V,0.25,2.0,D8,aspl,0.1,10,10.653242769107644,0.3803434998204535,22.680090564225694,16
R1,N2Vp0_25q2,N2V,0.25,2.0,D8,efficiency,0.05,10,0.12467038738882183,0.003749959350898044,0.07818743558492552,27
R1,N2Vp0_25q2,N2V,0.25,2.0,D8,efficiency,0.1,10,0.12467038738882183,0.003749959350898044,0.07818743558492552,24
R1,N2Vp0_25q2,N2V,0.25,2.0,D8,clustering,0.05,10,0.444709699796233,0.00437776902304515,0.444709699796233,22
R1,N2Vp0_25q2,N2V,0.25,2.0,D8,clustering,0.1,10,0.444709699796233,0.00437776902304515,0.444709699796233,16
R1,N2Vp0_25q2,N2V,0.25,2.0,D8,H_norm,0.05,10,0.21571379025498807,0.0038531679689501577,0.21910771076521063,25
R1,N2Vp0_25q2,N2V,0.25,2.0,D8,H_norm,0.1,10,0.21571379025498807,0.0038531679689501577,0.21910771076521063,21
R1,N2Vp0_25q2,N2V,0.25,2.0,D8,k_max,0.05,10,138.1,19.243758006746557,134.1,27
R1,N2Vp0_25q2,N2V,0.25,2.0,D8,k_max,0.1,10,138.1,19.243758006746557,134.1,25
R1,N2Vp0_25q2,N2V,0.25,2.0,D8,k_gini,0.05,10,0.22393977777777777,0.0025668971855789115,0.20510026757369607,24
R1,N2Vp0_25q2,N2V,0.25,2.0,D8,k_gini,0.1,10,0.22393977777777777,0.0025668971855789115,0.20510026757369607,20
R1,N2Vp0_25q2,N2V,0.25,2.0,D8,modularity,0.05,10,0.8761457004387306,0.002329574533514581,0.027129131406051,29
R1,N2Vp0_25q2,N2V,0.25,2.0,D8,modularity,0.1,10,0.8761457004387306,0.002329574533514581,0.027129131406051,27
R1,N2Vp0_25q2,N2V,0.25,2.0,D8,n_communities,0.05,10,22.2,1.4757295747452437,3.599999999999998,29
R1,N2Vp0_25q2,N2V,0.25,2.0,D8,n_communities,0.1,10,22.2,1.4757295747452437,3.599999999999998,29
R1,N2Vp0_25q2,N2V,0.25,2.0,D8,assortativity,0.05,10,-0.145597393415556,0.010542571072197051,0.7960926915073805,14
R1,N2Vp0_25q2,N2V,0.25,2.0,D8,assortativity,0.1,10,-0.145597393415556,0.010542571072197051,0.7960926915073805,5
R1,N2Vp0_25q2,N2V,0.25,2.0,D8,dyn_len_mean,0.05,10,3.1503320285865497,0.09222478955319938,1.2562896344691556,29
R1,N2Vp0_25q2,N2V,0.25,2.0,D8,dyn_len_mean,0.1,10,3.1503320285865497,0.09222478955319938,1.2562896344691556,27
R1,N2Vp0_25q2,N2V,0.25,2.0,D8,frac_rewired,0.05,10,0.15367999999999998,0.023012885279531745,0.18256,26
R1,N2Vp0_25q2,N2V,0.25,2.0,D8,frac_rewired,0.1,10,0.15367999999999998,0.023012885279531745,0.18256,19
R1,N2Vp0_5q0_25,N2V,0.5,0.25,D16,diameter,0.05,10,33.9,0.7378647873726228,64.1,6
R1,N2Vp0_5q0_25,N2V,0.5,0.25,D16,diameter,0.1,10,33.9,0.7378647873726228,64.1,2
R1,N2Vp0_5q0_25,N2V,0.5,0.25,D16,aspl,0.05,10,14.52428449779912,0.08726670283148379,18.809048835534213,2
R1,N2Vp0_5q0_25,N2V,0.5,0.25,D16,aspl,0.1,10,14.52428449779912,0.08726670283148379,18.809048835534213,1
R1,N2Vp0_5q0_25,N2V,0.5,0.25,D16,efficiency,0.05,10,0.09524376927340861,0.0004518858131165558,0.04876081746951231,15
R1,N2Vp0_5q0_25,N2V,0.5,0.25,D16,efficiency,0.1,10,0.09524376927340861,0.0004518858131165558,0.04876081746951231,2
R1,N2Vp0_5q0_25,N2V,0.5,0.25,D16,clustering,0.05,10,0.39112074823153464,0.002114485708253927,0.39112074823153464,2
R1,N2Vp0_5q0_25,N2V,0.5,0.25,D16,clustering,0.1,10,0.39112074823153464,0.002114485708253927,0.39112074823153464,1
R1,N2Vp0_5q0_25,N2V,0.5,0.25,D16,H_norm,0.05,10,0.2525989833418093,0.0010639342111207063,0.2164707389784839,9
R1,N2Vp0_5q0_25,N2V,0.5,0.25,D16,H_norm,0.1,10,0.2525989833418093,0.0010639342111207063,0.2164707389784839,3
R1,N2Vp0_5q0_25,N2V,0.5,0.25,D16,k_max,0.05,10,48.1,3.9285281382896233,44.5,27
R1,N2Vp0_5q0_25,N2V,0.5,0.25,D16,k_max,0.1,10,48.1,3.9285281382896233,44.5,23
R1,N2Vp0_5q0_25,N2V,0.5,0.25,D16,k_gini,0.05,10,0.15496759595959594,0.002655826799515746,0.13612808575551424,26
R1,N2Vp0_5q0_25,N2V,0.5,0.25,D16,k_gini,0.1,10,0.15496759595959594,0.002655826799515746,0.13612808575551424,21
R1,N2Vp0_5q0_25,N2V,0.5,0.25,D16,modularity,0.05,10,0.8573305259667382,0.0022111880377403107,0.013642226434599114,29
R1,N2Vp0_5q0_25,N2V,0.5,0.25,D16,modularity,0.1,10,0.8573305259667382,0.0022111880377403107,0.013642226434599114,29
R1,N2Vp0_5q0_25,N2V,0.5,0.25,D16,n_communities,0.05,10,19.9,1.1972189997378648,2.5,27
R1,N2Vp0_5q0_25,N2V,0.5,0.25,D16,n_communities,0.1,10,19.9,1.1972189997378648,2.5,27
R1,N2Vp0_5q0_25,N2V,0.5,0.25,D16,assortativity,0.05,10,-0.10033653279924293,0.002087480418060385,0.7508318308910674,8
R1,N2Vp0_5q0_25,N2V,0.5,0.25,D16,assortativity,0.1,10,-0.10033653279924293,0.002087480418060385,0.7508318308910674,3
R1,N2Vp0_5q0_25,N2V,0.5,0.25,D16,dyn_len_mean,0.05,10,2.121237372654832,0.01073510035635576,0.26081423763283373,28
R1,N2Vp0_5q0_25,N2V,0.5,0.25,D16,dyn_len_mean,0.1,10,2.121237372654832,0.01073510035635576,0.26081423763283373,26
R1,N2Vp0_5q0_25,N2V,0.5,0.25,D16,frac_rewired,0.05,10,0.06716,0.003146497170576268,0.07256,30
R1,N2Vp0_5q0_25,N2V,0.5,0.25,D16,frac_rewired,0.1,10,0.06716,0.003146497170576268,0.07256,6
R1,N2Vp0_5q0_25,N2V,0.5,0.25,D2,diameter,0.05,10,28.7,1.3374935098492582,69.3,19
R1,N2Vp0_5q0_25,N2V,0.5,0.25,D2,diameter,0.1,10,28.7,1.3374935098492582,69.3,2
R1,N2Vp0_5q0_25,N2V,0.5,0.25,D2,aspl,0.05,10,13.31119036414566,0.2979860562877984,20.022142969187676,7
R1,N2Vp0_5q0_25,N2V,0.5,0.25,D2,aspl,0.1,10,13.31119036414566,0.2979860562877984,20.022142969187676,1
R1,N2Vp0_5q0_25,N2V,0.5,0.25,D2,efficiency,0.05,10,0.1030873567934932,0.0026162719438444686,0.05660440498959691,25
R1,N2Vp0_5q0_25,N2V,0.5,0.25,D2,efficiency,0.1,10,0.1030873567934932,0.0026162719438444686,0.05660440498959691,18
R1,N2Vp0_5q0_25,N2V,0.5,0.25,D2,clustering,0.05,10,0.39504435472870075,0.007075758879835329,0.39504435472870075,15
R1,N2Vp0_5q0_25,N2V,0.5,0.25,D2,clustering,0.1,10,0.39504435472870075,0.007075758879835329,0.39504435472870075,1
R1,N2Vp0_5q0_25,N2V,0.5,0.25,D2,H_norm,0.05,10,0.24606203658317574,0.002463483326431395,0.21112029756895445,6
R1,N2Vp0_5q0_25,N2V,0.5,0.25,D2,H_norm,0.1,10,0.24606203658317574,0.002463483326431395,0.21112029756895445,2
R1,N2Vp0_5q0_25,N2V,0.5,0.25,D2,k_max,0.05,10,132.3,42.21913731420333,128.3,27
R1,N2Vp0_5q0_25,N2V,0.5,0.25,D2,k_max,0.1,10,132.3,42.21913731420333,128.3,27
R1,N2Vp0_5q0_25,N2V,0.5,0.25,D2,k_gini,0.05,10,0.16204479595959595,0.0065246571380373495,0.14320528575551425,27
R1,N2Vp0_5q0_25,N2V,0.5,0.25,D2,k_gini,0.1,10,0.16204479595959595,0.0065246571380373495,0.14320528575551425,23
R1,N2Vp0_5q0_25,N2V,0.5,0.25,D2,modularity,0.05,10,0.8551229451076422,0.0019826576404918003,0.015481467436896157,29
R1,N2Vp0_5q0_25,N2V,0.5,0.25,D2,modularity,0.1,10,0.8551229451076422,0.0019826576404918003,0.015481467436896157,21
R1,N2Vp0_5q0_25,N2V,0.5,0.25,D2,n_communities,0.05,10,19.9,0.9944289260117533,2.900000000000002,29
R1,N2Vp0_5q0_25,N2V,0.5,0.25,D2,n_communities,0.1,10,19.9,0.9944289260117533,2.900000000000002,29
R1,N2Vp0_5q0_25,N2V,0.5,0.25,D2,assortativity,0.05,10,-0.06963749545959147,0.008947306359419009,0.7224593102536411,3
R1,N2Vp0_5q0_25,N2V,0.5,0.25,D2,assortativity,0.1,10,-0.06963749545959147,0.008947306359419009,0.7224593102536411,2
R1,N2Vp0_5q0_25,N2V,0.5,0.25,D2,dyn_len_mean,0.05,10,2.461119939445549,0.15215169817891303,0.5776609286146592,29
R1,N2Vp0_5q0_25,N2V,0.5,0.25,D2,dyn_len_mean,0.1,10,2.461119939445549,0.15215169817891303,0.5776609286146592,29
R1,N2Vp0_5q0_25,N2V,0.5,0.25,D2,frac_rewired,0.05,10,0.07156,0.015320516382361996,0.074,17
R1,N2Vp0_5q0_25,N2V,0.5,0.25,D2,frac_rewired,0.1,10,0.07156,0.015320516382361996,0.074,15
R1,N2Vp0_5q0_25,N2V,0.5,0.25,D4,diameter,0.05,10,28.9,1.1972189997378644,69.1,21
R1,N2Vp0_5q0_25,N2V,0.5,0.25,D4,diameter,0.1,10,28.9,1.1972189997378644,69.1,2
R1,N2Vp0_5q0_25,N2V,0.5,0.25,D4,aspl,0.05,10,13.258081216486596,0.2206370131554677,20.07525211684674,10
R1,N2Vp0_5q0_25,N2V,0.5,0.25,D4,aspl,0.1,10,13.258081216486596,0.2206370131554677,20.07525211684674,2
R1,N2Vp0_5q0_25,N2V,0.5,0.25,D4,efficiency,0.05,10,0.10307053186935658,0.0019198894415811834,0.05658758006546028,25
R1,N2Vp0_5q0_25,N2V,0.5,0.25,D4,efficiency,0.1,10,0.10307053186935658,0.0019198894415811834,0.05658758006546028,18
R1,N2Vp0_5q0_25,N2V,0.5,0.25,D4,clustering,0.05,10,0.3961325825289728,0.005820381140347818,0.3961325825289728,18
R1,N2Vp0_5q0_25,N2V,0.5,0.25,D4,clustering,0.1,10,0.3961325825289728,0.005820381140347818,0.3961325825289728,1
R1,N2Vp0_5q0_25,N2V,0.5,0.25,D4,H_norm,0.05,10,0.24605125758114182,0.0016580332581334224,0.21114849255666818,5
R1,N2Vp0_5q0_25,N2V,0.5,0.25,D4,H_norm,0.1,10,0.24605125758114182,0.0016580332581334224,0.21114849255666818,2
R1,N2Vp0_5q0_25,N2V,0.5,0.25,D4,k_max,0.05,10,117.7,21.995201496892207,113.7,29
R1,N2Vp0_5q0_25,N2V,0.5,0.25,D4,k_max,0.1,10,117.7,21.995201496892207,113.7,28
R1,N2Vp0_5q0_25,N2V,0.5,0.25,D4,k_gini,0.05,10,0.16192168888888891,0.005687081731502912,0.14308217868480722,27
R1,N2Vp0_5q0_25,N2V,0.5,0.25,D4,k_gini,0.1,10,0.16192168888888891,0.005687081731502912,0.14308217868480722,23
R1,N2Vp0_5q0_25,N2V,0.5,0.25,D4,modularity,0.05,10,0.8554808999081727,0.0015195265111743498,0.015523965601005774,29
R1,N2Vp0_5q0_25,N2V,0.5,0.25,D4,modularity,0.1,10,0.8554808999081727,0.0015195265111743498,0.015523965601005774,27
R1,N2Vp0_5q0_25,N2V,0.5,0.25,D4,n_communities,0.05,10,19.6,0.6992058987801008,2.700000000000003,29
R1,N2Vp0_5q0_25,N2V,0.5,0.25,D4,n_communities,0.1,10,19.6,0.6992058987801008,2.700000000000003,29
R1,N2Vp0_5q0_25,N2V,0.5,0.25,D4,assortativity,0.05,10,-0.07320831519937936,0.005005959850762348,0.7237036132912038,5
R1,N2Vp0_5q0_25,N2V,0.5,0.25,D4,assortativity,0.1,10,-0.07320831519937936,0.005005959850762348,0.7237036132912038,2
R1,N2Vp0_5q0_25,N2V,0.5,0.25,D4,dyn_len_mean,0.05,10,2.4316790323999706,0.10687542306567296,0.5417581081730203,29
R1,N2Vp0_5q0_25,N2V,0.5,0.25,D4,dyn_len_mean,0.1,10,2.4316790323999706,0.10687542306567296,0.5417581081730203,29
R1,N2Vp0_5q0_25,N2V,0.5,0.25,D4,frac_rewired,0.05,10,0.06420000000000001,0.013457092306041949,0.06904,28
R1,N2Vp0_5q0_25,N2V,0.5,0.25,D4,frac_rewired,0.1,10,0.06420000000000001,0.013457092306041949,0.06904,12
R1,N2Vp0_5q0_25,N2V,0.5,0.25,D8,diameter,0.05,10,29.2,1.1352924243950933,68.8,18
R1,N2Vp0_5q0_25,N2V,0.5,0.25,D8,diameter,0.1,10,29.2,1.1352924243950933,68.8,2
R1,N2Vp0_5q0_25,N2V,0.5,0.25,D8,aspl,0.05,10,13.400869435774307,0.3178839056391633,19.93246389755903,2
R1,N2Vp0_5q0_25,N2V,0.5,0.25,D8,aspl,0.1,10,13.400869435774307,0.3178839056391633,19.93246389755903,1
R1,N2Vp0_5q0_25,N2V,0.5,0.25,D8,efficiency,0.05,10,0.102014258367698,0.0018586628578294198,0.055531306563801695,24
R1,N2Vp0_5q0_25,N2V,0.5,0.25,D8,efficiency,0.1,10,0.102014258367698,0.0018586628578294198,0.055531306563801695,14
R1,N2Vp0_5q0_25,N2V,0.5,0.25,D8,clustering,0.05,10,0.3952699316618356,0.005229606698971698,0.3952699316618356,17
R1,N2Vp0_5q0_25,N2V,0.5,0.25,D8,clustering,0.1,10,0.3952699316618356,0.005229606698971698,0.3952699316618356,1
R1,N2Vp0_5q0_25,N2V,0.5,0.25,D8,H_norm,0.05,10,0.24610780514493738,0.0013123755804460944,0.21077197140958487,6
R1,N2Vp0_5q0_25,N2V,0.5,0.25,D8,H_norm,0.1,10,0.24610780514493738,0.0013123755804460944,0.21077197140958487,2
R1,N2Vp0_5q0_25,N2V,0.5,0.25,D8,k_max,0.05,10,103.6,18.367846302105693,99.6,27
R1,N2Vp0_5q0_25,N2V,0.5,0.25,D8,k_max,0.1,10,103.6,18.367846302105693,99.6,26
R1,N2Vp0_5q0_25,N2V,0.5,0.25,D8,k_gini,0.05,10,0.16188892525252524,0.003719176913090274,0.14304941504844354,27
R1,N2Vp0_5q0_25,N2V,0.5,0.25,D8,k_gini,0.1,10,0.16188892525252524,0.003719176913090274,0.14304941504844354,23
R1,N2Vp0_5q0_25,N2V,0.5,0.25,D8,modularity,0.05,10,0.8549899923477196,0.0016326564581267235,0.015882277383752808,28
R1,N2Vp0_5q0_25,N2V,0.5,0.25,D8,modularity,0.1,10,0.8549899923477196,0.0016326564581267235,0.015882277383752808,25
R1,N2Vp0_5q0_25,N2V,0.5,0.25,D8,n_communities,0.05,10,20.2,1.22927259430572,2.8000000000000007,29
R1,N2Vp0_5q0_25,N2V,0.5,0.25,D8,n_communities,0.1,10,20.2,1.22927259430572,2.8000000000000007,29
R1,N2Vp0_5q0_25,N2V,0.5,0.25,D8,assortativity,0.05,10,-0.07822156953592883,0.006126496214703605,0.7287168676277533,5
R1,N2Vp0_5q0_25,N2V,0.5,0.25,D8,assortativity,0.1,10,-0.07822156953592883,0.006126496214703605,0.7287168676277533,2
R1,N2Vp0_5q0_25,N2V,0.5,0.25,D8,dyn_len_mean,0.05,10,2.3877688242155806,0.04091742860619045,0.4995645824710393,29
R1,N2Vp0_5q0_25,N2V,0.5,0.25,D8,dyn_len_mean,0.1,10,2.3877688242155806,0.04091742860619045,0.4995645824710393,28
R1,N2Vp0_5q0_25,N2V,0.5,0.25,D8,frac_rewired,0.05,10,0.06616,0.010603479512772107,0.06992000000000001,27
R1,N2Vp0_5q0_25,N2V,0.5,0.25,D8,frac_rewired,0.1,10,0.06616,0.010603479512772107,0.06992000000000001,10
R1,N2Vp0_5q0_5,N2V,0.5,0.5,D16,diameter,0.05,10,33.3,0.674948557710552,64.7,11
R1,N2Vp0_5q0_5,N2V,0.5,0.5,D16,diameter,0.1,10,33.3,0.674948557710552,64.7,2
R1,N2Vp0_5q0_5,N2V,0.5,0.5,D16,aspl,0.05,10,14.201870284113644,0.13791605075726004,19.13146304921969,2
R1,N2Vp0_5q0_5,N2V,0.5,0.5,D16,aspl,0.1,10,14.201870284113644,0.13791605075726004,19.13146304921969,1
R1,N2Vp0_5q0_5,N2V,0.5,0.5,D16,efficiency,0.05,10,0.09725701498376221,0.0007357860985147767,0.050774063179865915,21
R1,N2Vp0_5q0_5,N2V,0.5,0.5,D16,efficiency,0.1,10,0.09725701498376221,0.0007357860985147767,0.050774063179865915,8
R1,N2Vp0_5q0_5,N2V,0.5,0.5,D16,clustering,0.05,10,0.39932012092986635,0.0032852961792110016,0.39932012092986635,15
R1,N2Vp0_5q0_5,N2V,0.5,0.5,D16,clustering,0.1,10,0.39932012092986635,0.0032852961792110016,0.39932012092986635,1
R1,N2Vp0_5q0_5,N2V,0.5,0.5,D16,H_norm,0.05,10,0.2529542430158973,0.0014403575419573522,0.21756714178199638,7
R1,N2Vp0_5q0_5,N2V,0.5,0.5,D16,H_norm,0.1,10,0.2529542430158973,0.0014403575419573522,0.21756714178199638,3
R1,N2Vp0_5q0_5,N2V,0.5,0.5,D16,k_max,0.05,10,51.0,3.091206165165235,47.0,23
R1,N2Vp0_5q0_5,N2V,0.5,0.5,D16,k_max,0.1,10,51.0,3.091206165165235,47.0,18
R1,N2Vp0_5q0_5,N2V,0.5,0.5,D16,k_gini,0.05,10,0.17112478383838384,0.0016407915013709052,0.15228527363430214,26
R1,N2Vp0_5q0_5,N2V,0.5,0.5,D16,k_gini,0.1,10,0.17112478383838384,0.0016407915013709052,0.15228527363430214,22
R1,N2Vp0_5q0_5,N2V,0.5,0.5,D16,modularity,0.05,10,0.8606432175288236,0.0024144073877334807,0.013779251363694511,28
R1,N2Vp0_5q0_5,N2V,0.5,0.5,D16,modularity,0.1,10,0.8606432175288236,0.0024144073877334807,0.013779251363694511,28
R1,N2Vp0_5q0_5,N2V,0.5,0.5,D16,n_communities,0.05,10,21.2,0.918936583472681,3.1000000000000014,27
R1,N2Vp0_5q0_5,N2V,0.5,0.5,D16,n_communities,0.1,10,21.2,0.918936583472681,3.1000000000000014,27
R1,N2Vp0_5q0_5,N2V,0.5,0.5,D16,assortativity,0.05,10,-0.1159072438172128,0.0027949962958102345,0.7664025419090373,9
R1,N2Vp0_5q0_5,N2V,0.5,0.5,D16,assortativity,0.1,10,-0.1159072438172128,0.0027949962958102345,0.7664025419090373,4
R1,N2Vp0_5q0_5,N2V,0.5,0.5,D16,dyn_len_mean,0.05,10,2.196513500235959,0.009985918392779328,0.3302630639919226,29
R1,N2Vp0_5q0_5,N2V,0.5,0.5,D16,dyn_len_mean,0.1,10,2.196513500235959,0.009985918392779328,0.3302630639919226,27
R1,N2Vp0_5q0_5,N2V,0.5,0.5,D16,frac_rewired,0.05,10,0.08288,0.006925123344268559,0.08812,18
R1,N2Vp0_5q0_5,N2V,0.5,0.5,D16,frac_rewired,0.1,10,0.08288,0.006925123344268559,0.08812,7
R1,N2Vp0_5q0_5,N2V,0.5,0.5,D2,diameter,0.05,10,25.9,0.7378647873726221,72.1,22
R1,N2Vp0_5q0_5,N2V,0.5,0.5,D2,diameter,0.1,10,25.9,0.7378647873726221,72.1,13
R1,N2Vp0_5q0_5,N2V,0.5,0.5,D2,aspl,0.05,10,12.433731316526611,0.30131688947040675,20.899602016806725,21
R1,N2Vp0_5q0_5,N2V,0.5,0.5,D2,aspl,0.1,10,12.433731316526611,0.30131688947040675,20.899602016806725,2
R1,N2Vp0_5q0_5,N2V,0.5,0.5,D2,efficiency,0.05,10,0.1097818575231196,0.0024067401598227415,0.06329890571922331,27
R1,N2Vp0_5q0_5,N2V,0.5,0.5,D2,efficiency,0.1,10,0.1097818575231196,0.0024067401598227415,0.06329890571922331,24
R1,N2Vp0_5q0_5,N2V,0.5,0.5,D2,clustering,0.05,10,0.41049875727872165,0.005379349262521378,0.41049875727872165,21
R1,N2Vp0_5q0_5,N2V,0.5,0.5,D2,clustering,0.1,10,0.41049875727872165,0.005379349262521378,0.41049875727872165,10
R1,N2Vp0_5q0_5,N2V,0.5,0.5,D2,H_norm,0.05,10,0.2420727453769882,0.0017791720681469751,0.21239792504742463,3
R1,N2Vp0_5q0_5,N2V,0.5,0.5,D2,H_norm,0.1,10,0.2420727453769882,0.0017791720681469751,0.21239792504742463,2
R1,N2Vp0_5q0_5,N2V,0.5,0.5,D2,k_max,0.05,10,165.3,27.856975986476197,161.3,29
R1,N2Vp0_5q0_5,N2V,0.5,0.5,D2,k_max,0.1,10,165.3,27.856975986476197,161.3,27
R1,N2Vp0_5q0_5,N2V,0.5,0.5,D2,k_gini,0.05,10,0.18156894141414137,0.003418403532437394,0.16272943121005967,27
R1,N2Vp0_5q0_5,N2V,0.5,0.5,D2,k_gini,0.1,10,0.18156894141414137,0.003418403532437394,0.16272943121005967,24
R1,N2Vp0_5q0_5,N2V,0.5,0.5,D2,modularity,0.05,10,0.8574437246199368,0.0019267638017266163,0.01459536581663623,26
R1,N2Vp0_5q0_5,N2V,0.5,0.5,D2,modularity,0.1,10,0.8574437246199368,0.0019267638017266163,0.01459536581663623,22
R1,N2Vp0_5q0_5,N2V,0.5,0.5,D2,n_communities,0.05,10,19.7,1.4944341180973264,2.700000000000003,30
R1,N2Vp0_5q0_5,N2V,0.5,0.5,D2,n_communities,0.1,10,19.7,1.4944341180973264,2.700000000000003,30
R1,N2Vp0_5q0_5,N2V,0.5,0.5,D2,assortativity,0.05,10,-0.08072692691758841,0.00766502161553553,0.7312222250094129,5
R1,N2Vp0_5q0_5,N2V,0.5,0.5,D2,assortativity,0.1,10,-0.08072692691758841,0.00766502161553553,0.7312222250094129,2
R1,N2Vp0_5q0_5,N2V,0.5,0.5,D2,dyn_len_mean,0.05,10,2.7946125278315557,0.13074515412337892,0.8977621996548881,30
R1,N2Vp0_5q0_5,N2V,0.5,0.5,D2,dyn_len_mean,0.1,10,2.7946125278315557,0.13074515412337892,0.8977621996548881,29
R1,N2Vp0_5q0_5,N2V,0.5,0.5,D2,frac_rewired,0.05,10,0.08431999999999999,0.017806665418694575,0.08588,15
R1,N2Vp0_5q0_5,N2V,0.5,0.5,D2,frac_rewired,0.1,10,0.08431999999999999,0.017806665418694575,0.08588,11
R1,N2Vp0_5q0_5,N2V,0.5,0.5,D4,diameter,0.05,10,25.7,0.8232726023485643,72.4,21
R1,N2Vp0_5q0_5,N2V,0.5,0.5,D4,diameter,0.1,10,25.7,0.8232726023485643,72.4,13
R1,N2Vp0_5q0_5,N2V,0.5,0.5,D4,aspl,0.05,10,12.417819607843137,0.22185773235054143,20.9155137254902,22
R1,N2Vp0_5q0_5,N2V,0.5,0.5,D4,aspl,0.1,10,12.417819607843137,0.22185773235054143,20.9155137254902,2
R1,N2Vp0_5q0_5,N2V,0.5,0.5,D4,efficiency,0.05,10,0.10967253695330903,0.0019144766405745411,0.06318958514941272,28
R1,N2Vp0_5q0_5,N2V,0.5,0.5,D4,efficiency,0.1,10,0.10967253695330903,0.0019144766405745411,0.06318958514941272,24
R1,N2Vp0_5q0_5,N2V,0.5,0.5,D4,clustering,0.05,10,0.40942409977080063,0.007664575710164548,0.40942409977080063,21
R1,N2Vp0_5q0_5,N2V,0.5,0.5,D4,clustering,0.1,10,0.40942409977080063,0.007664575710164548,0.40942409977080063,10
R1,N2Vp0_5q0_5,N2V,0.5,0.5,D4,H_norm,0.05,10,0.24223053486879942,0.0017158985062286675,0.21224103283164314,3
R1,N2Vp0_5q0_5,N2V,0.5,0.5,D4,H_norm,0.1,10,0.24223053486879942,0.0017158985062286675,0.21224103283164314,2
R1,N2Vp0_5q0_5,N2V,0.5,0.5,D4,k_max,0.05,10,162.7,26.36517062759546,158.7,29
R1,N2Vp0_5q0_5,N2V,0.5,0.5,D4,k_max,0.1,10,162.7,26.36517062759546,158.7,28
R1,N2Vp0_5q0_5,N2V,0.5,0.5,D4,k_gini,0.05,10,0.18222349090909096,0.0030365493246446236,0.16338398070500926,27
R1,N2Vp0_5q0_5,N2V,0.5,0.5,D4,k_gini,0.1,10,0.18222349090909096,0.0030365493246446236,0.16338398070500926,24
R1,N2Vp0_5q0_5,N2V,0.5,0.5,D4,modularity,0.05,10,0.858803731251913,0.0015618537734697585,0.014487090933127944,29
R1,N2Vp0_5q0_5,N2V,0.5,0.5,D4,modularity,0.1,10,0.858803731251913,0.0015618537734697585,0.014487090933127944,27
R1,N2Vp0_5q0_5,N2V,0.5,0.5,D4,n_communities,0.05,10,19.6,1.0749676997731406,3.1000000000000014,28
R1,N2Vp0_5q0_5,N2V,0.5,0.5,D4,n_communities,0.1,10,19.6,1.0749676997731406,3.1000000000000014,28
R1,N2Vp0_5q0_5,N2V,0.5,0.5,D4,assortativity,0.05,10,-0.08023544957356518,0.010857511427889023,0.7307307476653897,5
R1,N2Vp0_5q0_5,N2V,0.5,0.5,D4,assortativity,0.1,10,-0.08023544957356518,0.010857511427889023,0.7307307476653897,2
R1,N2Vp0_5q0_5,N2V,0.5,0.5,D4,dyn_len_mean,0.05,10,2.788891239744881,0.09784539492202243,0.8953997436378351,30
R1,N2Vp0_5q0_5,N2V,0.5,0.5,D4,dyn_len_mean,0.1,10,2.788891239744881,0.09784539492202243,0.8953997436378351,29
R1,N2Vp0_5q0_5,N2V,0.5,0.5,D4,frac_rewired,0.05,10,0.08168,0.030235108363916574,0.08972,8
R1,N2Vp0_5q0_5,N2V,0.5,0.5,D4,frac_rewired,0.1,10,0.08168,0.030235108363916574,0.08972,8
R1,N2Vp0_5q0_5,N2V,0.5,0.5,D8,diameter,0.05,10,26.6,1.5055453054181622,71.4,21
R1,N2Vp0_5q0_5,N2V,0.5,0.5,D8,diameter,0.1,10,26.6,1.5055453054181622,71.4,10
R1,N2Vp0_5q0_5,N2V,0.5,0.5,D8,aspl,0.05,10,12.726724801920769,0.4192736656543912,20.60660853141257,19
R1,N2Vp0_5q0_5,N2V,0.5,0.5,D8,aspl,0.1,10,12.726724801920769,0.4192736656543912,20.60660853141257,2
R1,N2Vp0_5q0_5,N2V,0.5,0.5,D8,efficiency,0.05,10,0.10701817119255738,0.0027959204767842873,0.060535219388661084,26
R1,N2Vp0_5q0_5,N2V,0.5,0.5,D8,efficiency,0.1,10,0.10701817119255738,0.0027959204767842873,0.060535219388661084,21
R1,N2Vp0_5q0_5,N2V,0.5,0.5,D8,clustering,0.05,10,0.4070953418797411,0.005991364364934735,0.4070953418797411,20
R1,N2Vp0_5q0_5,N2V,0.5,0.5,D8,clustering,0.1,10,0.4070953418797411,0.005991364364934735,0.4070953418797411,2
R1,N2Vp0_5q0_5,N2V,0.5,0.5,D8,H_norm,0.05,10,0.24361950615613295,0.002279528024295025,0.21210171106086534,3
R1,N2Vp0_5q0_5,N2V,0.5,0.5,D8,H_norm,0.1,10,0.24361950615613295,0.002279528024295025,0.21210171106086534,2
R1,N2Vp0_5q0_5,N2V,0.5,0.5,D8,k_max,0.05,10,122.0,18.83259585576738,118.0,28
R1,N2Vp0_5q0_5,N2V,0.5,0.5,D8,k_max,0.1,10,122.0,18.83259585576738,118.0,26
R1,N2Vp0_5q0_5,N2V,0.5,0.5,D8,k_gini,0.05,10,0.1774933777777778,0.002542258126429001,0.1586538675736961,26
R1,N2Vp0_5q0_5,N2V,0.5,0.5,D8,k_gini,0.1,10,0.1774933777777778,0.002542258126429001,0.1586538675736961,22
R1,N2Vp0_5q0_5,N2V,0.5,0.5,D8,modularity,0.05,10,0.857947075298439,0.0017199945178287242,0.014138627159952732,29
R1,N2Vp0_5q0_5,N2V,0.5,0.5,D8,modularity,0.1,10,0.857947075298439,0.0017199945178287242,0.014138627159952732,25
R1,N2Vp0_5q0_5,N2V,0.5,0.5,D8,n_communities,0.05,10,19.8,1.0327955589886442,3.1000000000000014,30
R1,N2Vp0_5q0_5,N2V,0.5,0.5,D8,n_communities,0.1,10,19.8,1.0327955589886442,3.1000000000000014,30
R1,N2Vp0_5q0_5,N2V,0.5,0.5,D8,assortativity,0.05,10,-0.08989114346045689,0.007424361209180158,0.7403864415522814,5
R1,N2Vp0_5q0_5,N2V,0.5,0.5,D8,assortativity,0.1,10,-0.08989114346045689,0.007424361209180158,0.7403864415522814,2
R1,N2Vp0_5q0_5,N2V,0.5,0.5,D8,dyn_len_mean,0.05,10,2.572578287443397,0.058425946034075686,0.6862473483441367,29
R1,N2Vp0_5q0_5,N2V,0.5,0.5,D8,dyn_len_mean,0.1,10,2.572578287443397,0.058425946034075686,0.6862473483441367,28
R1,N2Vp0_5q0_5,N2V,0.5,0.5,D8,frac_rewired,0.05,10,0.07828,0.025127620924658454,0.0836,8
R1,N2Vp0_5q0_5,N2V,0.5,0.5,D8,frac_rewired,0.1,10,0.07828,0.025127620924658454,0.0836,8
R1,N2Vp0_5q1,N2V,0.5,1.0,D16,diameter,0.05,10,31.7,0.9486832980505138,66.6,14
R1,N2Vp0_5q1,N2V,0.5,1.0,D16,diameter,0.1,10,31.7,0.9486832980505138,66.6,2
R1,N2Vp0_5q1,N2V,0.5,1.0,D16,aspl,0.05,10,13.529703497398959,0.11106243022218623,19.803629835934377,15
R1,N2Vp0_5q1,N2V,0.5,1.0,D16,aspl,0.1,10,13.529703497398959,0.11106243022218623,19.803629835934377,2
R1,N2Vp0_5q1,N2V,0.5,1.0,D16,efficiency,0.05,10,0.10149445906834538,0.0006548160490162981,0.05501150726444908,23
R1,N2Vp0_5q1,N2V,0.5,1.0,D16,efficiency,0.1,10,0.10149445906834538,0.0006548160490162981,0.05501150726444908,17
R1,N2Vp0_5q1,N2V,0.5,1.0,D16,clustering,0.05,10,0.41347972367207353,0.003492937594219617,0.41347972367207353,18
R1,N2Vp0_5q1,N2V,0.5,1.0,D16,clustering,0.1,10,0.41347972367207353,0.003492937594219617,0.41347972367207353,6
R1,N2Vp0_5q1,N2V,0.5,1.0,D16,H_norm,0.05,10,0.24719621278787166,0.0009844712978282005,0.21863521112959594,3
R1,N2Vp0_5q1,N2V,0.5,1.0,D16,H_norm,0.1,10,0.24719621278787166,0.0009844712978282005,0.21863521112959594,2
R1,N2Vp0_5q1,N2V,0.5,1.0,D16,k_max,0.05,10,54.8,2.0439612955674527,51.4,23
R1,N2Vp0_5q1,N2V,0.5,1.0,D16,k_max,0.1,10,54.8,2.0439612955674527,51.4,19
R1,N2Vp0_5q1,N2V,0.5,1.0,D16,k_gini,0.05,10,0.19113808080808087,0.0023677275470780517,0.17229857060399917,25
R1,N2Vp0_5q1,N2V,0.5,1.0,D16,k_gini,0.1,10,0.19113808080808087,0.0023677275470780517,0.17229857060399917,21
R1,N2Vp0_5q1,N2V,0.5,1.0,D16,modularity,0.05,10,0.8642263993470054,0.0014648090751726269,0.013923842761610294,30
R1,N2Vp0_5q1,N2V,0.5,1.0,D16,modularity,0.1,10,0.8642263993470054,0.0014648090751726269,0.013923842761610294,24
R1,N2Vp0_5q1,N2V,0.5,1.0,D16,n_communities,0.05,10,22.1,1.3703203194062978,3.1000000000000014,29
R1,N2Vp0_5q1,N2V,0.5,1.0,D16,n_communities,0.1,10,22.1,1.3703203194062978,3.1000000000000014,29
R1,N2Vp0_5q1,N2V,0.5,1.0,D16,assortativity,0.05,10,-0.1395230266733583,0.006208816614973664,0.7900183247651829,13
R1,N2Vp0_5q1,N2V,0.5,1.0,D16,assortativity,0.1,10,-0.1395230266733583,0.006208816614973664,0.7900183247651829,5
R1,N2Vp0_5q1,N2V,0.5,1.0,D16,dyn_len_mean,0.05,10,2.3060056845763195,0.015568906577880237,0.4411058249878741,28
R1,N2Vp0_5q1,N2V,0.5,1.0,D16,dyn_len_mean,0.1,10,2.3060056845763195,0.015568906577880237,0.4411058249878741,26
R1,N2Vp0_5q1,N2V,0.5,1.0,D16,frac_rewired,0.05,10,0.10291999999999998,0.01409813226400339,0.11996,22
R1,N2Vp0_5q1,N2V,0.5,1.0,D16,frac_rewired,0.1,10,0.10291999999999998,0.01409813226400339,0.11996,17
R1,N2Vp0_5q1,N2V,0.5,1.0,D2,diameter,0.05,10,23.4,0.966091783079296,74.6,21
R1,N2Vp0_5q1,N2V,0.5,1.0,D2,diameter,0.1,10,23.4,0.966091783079296,74.6,15
R1,N2Vp0_5q1,N2V,0.5,1.0,D2,aspl,0.05,10,11.3681587515006,0.36139990669164246,21.965174581832734,23
R1,N2Vp0_5q1,N2V,0.5,1.0,D2,aspl,0.1,10,11.3681587515006,0.36139990669164246,21.965174581832734,17
R1,N2Vp0_5q1,N2V,0.5,1.0,D2,efficiency,0.05,10,0.11908737581828788,0.0032672872004392427,0.07260442401439157,28
R1,N2Vp0_5q1,N2V,0.5,1.0,D2,efficiency,0.1,10,0.11908737581828788,0.0032672872004392427,0.07260442401439157,25
R1,N2Vp0_5q1,N2V,0.5,1.0,D2,clustering,0.05,10,0.42691967559398714,0.006398876703815614,0.42691967559398714,23
R1,N2Vp0_5q1,N2V,0.5,1.0,D2,clustering,0.1,10,0.42691967559398714,0.006398876703815614,0.42691967559398714,15
R1,N2Vp0_5q1,N2V,0.5,1.0,D2,H_norm,0.05,10,0.23375140397884175,0.00218011378244138,0.21585943838354804,23
R1,N2Vp0_5q1,N2V,0.5,1.0,D2,H_norm,0.1,10,0.23375140397884175,0.00218011378244138,0.21585943838354804,2
R1,N2Vp0_5q1,N2V,0.5,1.0,D2,k_max,0.05,10,190.1,45.314824653013204,186.1,28
R1,N2Vp0_5q1,N2V,0.5,1.0,D2,k_max,0.1,10,190.1,45.314824653013204,186.1,28
R1,N2Vp0_5q1,N2V,0.5,1.0,D2,k_gini,0.05,10,0.20336633939393942,0.0043215245981102525,0.18452682918985772,26
R1,N2Vp0_5q1,N2V,0.5,1.0,D2,k_gini,0.1,10,0.20336633939393942,0.0043215245981102525,0.18452682918985772,23
R1,N2Vp0_5q1,N2V,0.5,1.0,D2,modularity,0.05,10,0.8642639164370982,0.00287106873870141,0.015056584805539175,28
R1,N2Vp0_5q1,N2V,0.5,1.0,D2,modularity,0.1,10,0.8642639164370982,0.00287106873870141,0.015056584805539175,27
R1,N2Vp0_5q1,N2V,0.5,1.0,D2,n_communities,0.05,10,19.9,0.7378647873726207,2.200000000000003,30
R1,N2Vp0_5q1,N2V,0.5,1.0,D2,n_communities,0.1,10,19.9,0.7378647873726207,2.200000000000003,30
R1,N2Vp0_5q1,N2V,0.5,1.0,D2,assortativity,0.05,10,-0.0978108201830725,0.01410528608786036,0.748306118274897,5
R1,N2Vp0_5q1,N2V,0.5,1.0,D2,assortativity,0.1,10,-0.0978108201830725,0.01410528608786036,0.748306118274897,3
R1,N2Vp0_5q1,N2V,0.5,1.0,D2,dyn_len_mean,0.05,10,3.0740830881877477,0.1295479019042995,1.1883055675569336,29
R1,N2Vp0_5q1,N2V,0.5,1.0,D2,dyn_len_mean,0.1,10,3.0740830881877477,0.1295479019042995,1.1883055675569336,28
R1,N2Vp0_5q1,N2V,0.5,1.0,D2,frac_rewired,0.05,10,0.11148,0.035586789059362404,0.12547999999999998,18
R1,N2Vp0_5q1,N2V,0.5,1.0,D2,frac_rewired,0.1,10,0.11148,0.035586789059362404,0.12547999999999998,18
R1,N2Vp0_5q1,N2V,0.5,1.0,D4,diameter,0.05,10,23.2,1.0327955589886446,74.8,20
R1,N2Vp0_5q1,N2V,0.5,1.0,D4,diameter,0.1,10,23.2,1.0327955589886446,74.8,15
R1,N2Vp0_5q1,N2V,0.5,1.0,D4,aspl,0.05,10,11.486634845938376,0.3353461704421868,21.84669848739496,22
R1,N2Vp0_5q1,N2V,0.5,1.0,D4,aspl,0.1,10,11.486634845938376,0.3353461704421868,21.84669848739496,16
R1,N2Vp0_5q1,N2V,0.5,1.0,D4,efficiency,0.05,10,0.1174956710037032,0.0029046773440161012,0.0710127191998069,27
R1,N2Vp0_5q1,N2V,0.5,1.0,D4,efficiency,0.1,10,0.1174956710037032,0.0029046773440161012,0.0710127191998069,24
R1,N2Vp0_5q1,N2V,0.5,1.0,D4,clustering,0.05,10,0.42844788227617636,0.00914776009223701,0.42844788227617636,22
R1,N2Vp0_5q1,N2V,0.5,1.0,D4,clustering,0.1,10,0.42844788227617636,0.00914776009223701,0.42844788227617636,15
R1,N2Vp0_5q1,N2V,0.5,1.0,D4,H_norm,0.05,10,0.23347439977902767,0.0029595782706696083,0.215843492266933,22
R1,N2Vp0_5q1,N2V,0.5,1.0,D4,H_norm,0.1,10,0.23347439977902767,0.0029595782706696083,0.215843492266933,2
R1,N2Vp0_5q1,N2V,0.5,1.0,D4,k_max,0.05,10,176.5,36.89098052972358,172.5,28
R1,N2Vp0_5q1,N2V,0.5,1.0,D4,k_max,0.1,10,176.5,36.89098052972358,172.5,26
R1,N2Vp0_5q1,N2V,0.5,1.0,D4,k_gini,0.05,10,0.20364723232323229,0.0038804379613539817,0.18480772211915059,26
R1,N2Vp0_5q1,N2V,0.5,1.0,D4,k_gini,0.1,10,0.20364723232323229,0.0038804379613539817,0.18480772211915059,22
R1,N2Vp0_5q1,N2V,0.5,1.0,D4,modularity,0.05,10,0.8654147699214366,0.002708565762858483,0.01580107273479836,29
R1,N2Vp0_5q1,N2V,0.5,1.0,D4,modularity,0.1,10,0.8654147699214366,0.002708565762858483,0.01580107273479836,27
R1,N2Vp0_5q1,N2V,0.5,1.0,D4,n_communities,0.05,10,20.7,1.4181364924121762,2.400000000000002,22
R1,N2Vp0_5q1,N2V,0.5,1.0,D4,n_communities,0.1,10,20.7,1.4181364924121762,2.400000000000002,22
R1,N2Vp0_5q1,N2V,0.5,1.0,D4,assortativity,0.05,10,-0.1015195585196785,0.009948409805736459,0.752014856611503,5
R1,N2Vp0_5q1,N2V,0.5,1.0,D4,assortativity,0.1,10,-0.1015195585196785,0.009948409805736459,0.752014856611503,3
R1,N2Vp0_5q1,N2V,0.5,1.0,D4,dyn_len_mean,0.05,10,3.0716241869298893,0.1510555421373666,1.176151725871405,29
R1,N2Vp0_5q1,N2V,0.5,1.0,D4,dyn_len_mean,0.1,10,3.0716241869298893,0.1510555421373666,1.176151725871405,28
R1,N2Vp0_5q1,N2V,0.5,1.0,D4,frac_rewired,0.05,10,0.11004,0.02465437531600065,0.12428000000000002,23
R1,N2Vp0_5q1,N2V,0.5,1.0,D4,frac_rewired,0.1,10,0.11004,0.02465437531600065,0.12428000000000002,19
R1,N2Vp0_5q1,N2V,0.5,1.0,D8,diameter,0.05,10,24.2,0.632455532033676,73.8,19
R1,N2Vp0_5q1,N2V,0.5,1.0,D8,diameter,0.1,10,24.2,0.632455532033676,73.8,15
R1,N2Vp0_5q1,N2V,0.5,1.0,D8,aspl,0.05,10,11.812551772709083,0.16986603452433413,21.52078156062425,20
R1,N2Vp0_5q1,N2V,0.5,1.0,D8,aspl,0.1,10,11.812551772709083,0.16986603452433413,21.52078156062425,13
R1,N2Vp0_5q1,N2V,0.5,1.0,D8,efficiency,0.05,10,0.1143147168939892,0.0016216732352974635,0.0678317650900929,27
R1,N2Vp0_5q1,N2V,0.5,1.0,D8,efficiency,0.1,10,0.1143147168939892,0.0016216732352974635,0.0678317650900929,23
R1,N2Vp0_5q1,N2V,0.5,1.0,D8,clustering,0.05,10,0.4253768449711625,0.007026422127527908,0.4253768449711625,22
R1,N2Vp0_5q1,N2V,0.5,1.0,D8,clustering,0.1,10,0.4253768449711625,0.007026422127527908,0.4253768449711625,15
R1,N2Vp0_5q1,N2V,0.5,1.0,D8,H_norm,0.05,10,0.236375276308461,0.0023006590880708996,0.2157027761429855,21
R1,N2Vp0_5q1,N2V,0.5,1.0,D8,H_norm,0.1,10,0.236375276308461,0.0023006590880708996,0.2157027761429855,2
R1,N2Vp0_5q1,N2V,0.5,1.0,D8,k_max,0.05,10,128.0,12.909944487358056,124.0,27
R1,N2Vp0_5q1,N2V,0.5,1.0,D8,k_max,0.1,10,128.0,12.909944487358056,124.0,25
R1,N2Vp0_5q1,N2V,0.5,1.0,D8,k_gini,0.05,10,0.20064111515151514,0.0017016914308127062,0.18180160494743344,26
R1,N2Vp0_5q1,N2V,0.5,1.0,D8,k_gini,0.1,10,0.20064111515151514,0.0017016914308127062,0.18180160494743344,22
R1,N2Vp0_5q1,N2V,0.5,1.0,D8,modularity,0.05,10,0.8645122028364453,0.0016937365580246742,0.015076044685970458,29
R1,N2Vp0_5q1,N2V,0.5,1.0,D8,modularity,0.1,10,0.8645122028364453,0.0016937365580246742,0.015076044685970458,29
R1,N2Vp0_5q1,N2V,0.5,1.0,D8,n_communities,0.05,10,20.8,0.7888106377466155,2.8000000000000007,29
R1,N2Vp0_5q1,N2V,0.5,1.0,D8,n_communities,0.1,10,20.8,0.7888106377466155,2.8000000000000007,29
R1,N2Vp0_5q1,N2V,0.5,1.0,D8,assortativity,0.05,10,-0.11374091733512226,0.006607860709454146,0.7642362154269468,7
R1,N2Vp0_5q1,N2V,0.5,1.0,D8,assortativity,0.1,10,-0.11374091733512226,0.006607860709454146,0.7642362154269468,3
R1,N2Vp0_5q1,N2V,0.5,1.0,D8,dyn_len_mean,0.05,10,2.846342235007151,0.06316164244801153,0.9526483005965849,29
R1,N2Vp0_5q1,N2V,0.5,1.0,D8,dyn_len_mean,0.1,10,2.846342235007151,0.06316164244801153,0.9526483005965849,28
R1,N2Vp0_5q1,N2V,0.5,1.0,D8,frac_rewired,0.05,10,0.09976,0.03411364015235613,0.12008,22
R1,N2Vp0_5q1,N2V,0.5,1.0,D8,frac_rewired,0.1,10,0.09976,0.03411364015235613,0.12008,21
R1,N2Vp0_5q2,N2V,0.5,2.0,D16,diameter,0.05,10,28.8,0.9189365834726815,69.2,17
R1,N2Vp0_5q2,N2V,0.5,2.0,D16,diameter,0.1,10,28.8,0.9189365834726815,69.2,9
R1,N2Vp0_5q2,N2V,0.5,2.0,D16,aspl,0.05,10,12.213660344137654,0.1459349761126844,21.11967298919568,20
R1,N2Vp0_5q2,N2V,0.5,2.0,D16,aspl,0.1,10,12.213660344137654,0.1459349761126844,21.11967298919568,12
R1,N2Vp0_5q2,N2V,0.5,2.0,D16,efficiency,0.05,10,0.11003607885372535,0.0009671479796359804,0.06355312704982904,25
R1,N2Vp0_5q2,N2V,0.5,2.0,D16,efficiency,0.1,10,0.11003607885372535,0.0009671479796359804,0.06355312704982904,21
R1,N2Vp0_5q2,N2V,0.5,2.0,D16,clustering,0.05,10,0.4304416139014234,0.0039738396243827355,0.4304416139014234,19
R1,N2Vp0_5q2,N2V,0.5,2.0,D16,clustering,0.1,10,0.4304416139014234,0.0039738396243827355,0.4304416139014234,12
R1,N2Vp0_5q2,N2V,0.5,2.0,D16,H_norm,0.05,10,0.22929352664627833,0.0021364588697342585,0.22118485880387873,24
R1,N2Vp0_5q2,N2V,0.5,2.0,D16,H_norm,0.1,10,0.22929352664627833,0.0021364588697342585,0.22118485880387873,17
R1,N2Vp0_5q2,N2V,0.5,2.0,D16,k_max,0.05,10,54.7,2.5841396591085743,50.7,23
R1,N2Vp0_5q2,N2V,0.5,2.0,D16,k_max,0.1,10,54.7,2.5841396591085743,50.7,17
R1,N2Vp0_5q2,N2V,0.5,2.0,D16,k_gini,0.05,10,0.21575920404040402,0.0016274215180871556,0.19691969383632232,24
R1,N2Vp0_5q2,N2V,0.5,2.0,D16,k_gini,0.1,10,0.21575920404040402,0.0016274215180871556,0.19691969383632232,20
R1,N2Vp0_5q2,N2V,0.5,2.0,D16,modularity,0.05,10,0.8768823487399245,0.002785926152590577,0.026081699526837032,29
R1,N2Vp0_5q2,N2V,0.5,2.0,D16,modularity,0.1,10,0.8768823487399245,0.002785926152590577,0.026081699526837032,26
R1,N2Vp0_5q2,N2V,0.5,2.0,D16,n_communities,0.05,10,23.8,1.1352924243950933,4.399999999999999,28
R1,N2Vp0_5q2,N2V,0.5,2.0,D16,n_communities,0.1,10,23.8,1.1352924243950933,4.399999999999999,28
R1,N2Vp0_5q2,N2V,0.5,2.0,D16,assortativity,0.05,10,-0.18121969869503238,0.005374778340064607,0.8317149967868569,17
R1,N2Vp0_5q2,N2V,0.5,2.0,D16,assortativity,0.1,10,-0.18121969869503238,0.005374778340064607,0.8317149967868569,8
R1,N2Vp0_5q2,N2V,0.5,2.0,D16,dyn_len_mean,0.05,10,2.4833096913057915,0.01289641834836277,0.6176695510068679,28
R1,N2Vp0_5q2,N2V,0.5,2.0,D16,dyn_len_mean,0.1,10,2.4833096913057915,0.01289641834836277,0.6176695510068679,26
R1,N2Vp0_5q2,N2V,0.5,2.0,D16,frac_rewired,0.05,10,0.15544,0.015615604730880943,0.17987999999999998,24
R1,N2Vp0_5q2,N2V,0.5,2.0,D16,frac_rewired,0.1,10,0.15544,0.015615604730880943,0.17987999999999998,18
R1,N2Vp0_5q2,N2V,0.5,2.0,D2,diameter,0.05,10,22.4,1.264911064067352,75.6,20
R1,N2Vp0_5q2,N2V,0.5,2.0,D2,diameter,0.1,10,22.4,1.264911064067352,75.6,14
R1,N2Vp0_5q2,N2V,0.5,2.0,D2,aspl,0.05,10,10.610809539815927,0.3809016943227242,22.72252379351741,23
R1,N2Vp0_5q2,N2V,0.5,2.0,D2,aspl,0.1,10,10.610809539815927,0.3809016943227242,22.72252379351741,16
R1,N2Vp0_5q2,N2V,0.5,2.0,D2,efficiency,0.05,10,0.1261663193065234,0.004173841715708282,0.07968336750262708,27
R1,N2Vp0_5q2,N2V,0.5,2.0,D2,efficiency,0.1,10,0.1261663193065234,0.004173841715708282,0.07968336750262708,25
R1,N2Vp0_5q2,N2V,0.5,2.0,D2,clustering,0.05,10,0.44496607539009875,0.00969623584198418,0.44496607539009875,23
R1,N2Vp0_5q2,N2V,0.5,2.0,D2,clustering,0.1,10,0.44496607539009875,0.00969623584198418,0.44496607539009875,16
R1,N2Vp0_5q2,N2V,0.5,2.0,D2,H_norm,0.05,10,0.2130282649922311,0.003466293607876278,0.21925119577235214,26
R1,N2Vp0_5q2,N2V,0.5,2.0,D2,H_norm,0.1,10,0.2130282649922311,0.003466293607876278,0.21925119577235214,22
R1,N2Vp0_5q2,N2V,0.5,2.0,D2,k_max,0.05,10,180.5,49.11041980408367,176.5,28
R1,N2Vp0_5q2,N2V,0.5,2.0,D2,k_max,0.1,10,180.5,49.11041980408367,176.5,28
R1,N2Vp0_5q2,N2V,0.5,2.0,D2,k_gini,0.05,10,0.22629871919191918,0.0030171342684703305,0.20745920898783748,25
R1,N2Vp0_5q2,N2V,0.5,2.0,D2,k_gini,0.1,10,0.22629871919191918,0.0030171342684703305,0.20745920898783748,21
R1,N2Vp0_5q2,N2V,0.5,2.0,D2,modularity,0.05,10,0.8745311702887462,0.0036353196684674773,0.02470173191379399,27
R1,N2Vp0_5q2,N2V,0.5,2.0,D2,modularity,0.1,10,0.8745311702887462,0.0036353196684674773,0.02470173191379399,25
R1,N2Vp0_5q2,N2V,0.5,2.0,D2,n_communities,0.05,10,23.2,1.4757295747452435,4.599999999999998,30
R1,N2Vp0_5q2,N2V,0.5,2.0,D2,n_communities,0.1,10,23.2,1.4757295747452435,4.599999999999998,30
R1,N2Vp0_5q2,N2V,0.5,2.0,D2,assortativity,0.05,10,-0.13333446398213356,0.01664936789544934,0.783829762073958,8
R1,N2Vp0_5q2,N2V,0.5,2.0,D2,assortativity,0.1,10,-0.13333446398213356,0.01664936789544934,0.783829762073958,4
R1,N2Vp0_5q2,N2V,0.5,2.0,D2,dyn_len_mean,0.05,10,3.3250351507890636,0.23633037231790893,1.4354122930835174,29
R1,N2Vp0_5q2,N2V,0.5,2.0,D2,dyn_len_mean,0.1,10,3.3250351507890636,0.23633037231790893,1.4354122930835174,28
R1,N2Vp0_5q2,N2V,0.5,2.0,D2,frac_rewired,0.05,10,0.17296,0.04567214565672264,0.19496,24
R1,N2Vp0_5q2,N2V,0.5,2.0,D2,frac_rewired,0.1,10,0.17296,0.04567214565672264,0.19496,17
R1,N2Vp0_5q2,N2V,0.5,2.0,D4,diameter,0.05,10,21.9,1.4491376746189437,76.1,19
R1,N2Vp0_5q2,N2V,0.5,2.0,D4,diameter,0.1,10,21.9,1.4491376746189437,76.1,14
R1,N2Vp0_5q2,N2V,0.5,2.0,D4,aspl,0.05,10,10.40592931572629,0.5903044387532373,22.927404017607046,22
R1,N2Vp0_5q2,N2V,0.5,2.0,D4,aspl,0.1,10,10.40592931572629,0.5903044387532373,22.927404017607046,16
R1,N2Vp0_5q2,N2V,0.5,2.0,D4,efficiency,0.05,10,0.12755575055214805,0.006594733787968592,0.08107279874825174,27
R1,N2Vp0_5q2,N2V,0.5,2.0,D4,efficiency,0.1,10,0.12755575055214805,0.006594733787968592,0.08107279874825174,25
R1,N2Vp0_5q2,N2V,0.5,2.0,D4,clustering,0.05,10,0.44590364325008236,0.008376987598032909,0.44590364325008236,22
R1,N2Vp0_5q2,N2V,0.5,2.0,D4,clustering,0.1,10,0.44590364325008236,0.008376987598032909,0.44590364325008236,16
R1,N2Vp0_5q2,N2V,0.5,2.0,D4,H_norm,0.05,10,0.21339213142836325,0.0029453983868785614,0.21869047408303488,26
R1,N2Vp0_5q2,N2V,0.5,2.0,D4,H_norm,0.1,10,0.21339213142836325,0.0029453983868785614,0.21869047408303488,21
R1,N2Vp0_5q2,N2V,0.5,2.0,D4,k_max,0.05,10,165.3,40.027906931706205,161.3,28
R1,N2Vp0_5q2,N2V,0.5,2.0,D4,k_max,0.1,10,165.3,40.027906931706205,161.3,27
R1,N2Vp0_5q2,N2V,0.5,2.0,D4,k_gini,0.05,10,0.2257988767676768,0.0018610202803364543,0.2069593665635951,25
R1,N2Vp0_5q2,N2V,0.5,2.0,D4,k_gini,0.1,10,0.2257988767676768,0.0018610202803364543,0.2069593665635951,21
R1,N2Vp0_5q2,N2V,0.5,2.0,D4,modularity,0.05,10,0.8760375298438936,0.0031310052975007554,0.02622877651932287,29
R1,N2Vp0_5q2,N2V,0.5,2.0,D4,modularity,0.1,10,0.8760375298438936,0.0031310052975007554,0.02622877651932287,26
R1,N2Vp0_5q2,N2V,0.5,2.0,D4,n_communities,0.05,10,21.8,1.3165611772087666,3.1000000000000014,30
R1,N2Vp0_5q2,N2V,0.5,2.0,D4,n_communities,0.1,10,21.8,1.3165611772087666,3.1000000000000014,30
R1,N2Vp0_5q2,N2V,0.5,2.0,D4,assortativity,0.05,10,-0.13719132540126605,0.016439842965412337,0.7876866234930906,8
R1,N2Vp0_5q2,N2V,0.5,2.0,D4,assortativity,0.1,10,-0.13719132540126605,0.016439842965412337,0.7876866234930906,4
R1,N2Vp0_5q2,N2V,0.5,2.0,D4,dyn_len_mean,0.05,10,3.3216367371778666,0.13418639430174747,1.4350334264411162,29
R1,N2Vp0_5q2,N2V,0.5,2.0,D4,dyn_len_mean,0.1,10,3.3216367371778666,0.13418639430174747,1.4350334264411162,28
R1,N2Vp0_5q2,N2V,0.5,2.0,D4,frac_rewired,0.05,10,0.16824,0.03998186255458009,0.18588,15
R1,N2Vp0_5q2,N2V,0.5,2.0,D4,frac_rewired,0.1,10,0.16824,0.03998186255458009,0.18588,5
R1,N2Vp0_5q2,N2V,0.5,2.0,D8,diameter,0.05,10,22.8,0.6324555320336761,75.2,19
R1,N2Vp0_5q2,N2V,0.5,2.0,D8,diameter,0.1,10,22.8,0.6324555320336761,75.2,13
R1,N2Vp0_5q2,N2V,0.5,2.0,D8,aspl,0.05,10,10.732462328931572,0.4086475929463038,22.600871004401764,21
R1,N2Vp0_5q2,N2V,0.5,2.0,D8,aspl,0.1,10,10.732462328931572,0.4086475929463038,22.600871004401764,15
R1,N2Vp0_5q2,N2V,0.5,2.0,D8,efficiency,0.05,10,0.12370467519223496,0.0038206568616292514,0.07722172338833866,27
R1,N2Vp0_5q2,N2V,0.5,2.0,D8,efficiency,0.1,10,0.12370467519223496,0.0038206568616292514,0.07722172338833866,24
R1,N2Vp0_5q2,N2V,0.5,2.0,D8,clustering,0.05,10,0.4454959956263106,0.009753917002900427,0.4454959956263106,21
R1,N2Vp0_5q2,N2V,0.5,2.0,D8,clustering,0.1,10,0.4454959956263106,0.009753917002900427,0.4454959956263106,15
R1,N2Vp0_5q2,N2V,0.5,2.0,D8,H_norm,0.05,10,0.21585719434145284,0.003018946095636747,0.21913823700822377,25
R1,N2Vp0_5q2,N2V,0.5,2.0,D8,H_norm,0.1,10,0.21585719434145284,0.003018946095636747,0.21913823700822377,20
R1,N2Vp0_5q2,N2V,0.5,2.0,D8,k_max,0.05,10,144.4,20.353541870315027,140.4,26
R1,N2Vp0_5q2,N2V,0.5,2.0,D8,k_max,0.1,10,144.4,20.353541870315027,140.4,23
R1,N2Vp0_5q2,N2V,0.5,2.0,D8,k_gini,0.05,10,0.22447601212121215,0.0018921305729905815,0.20563650191713045,24
R1,N2Vp0_5q2,N2V,0.5,2.0,D8,k_gini,0.1,10,0.22447601212121215,0.0018921305729905815,0.20563650191713045,20
R1,N2Vp0_5q2,N2V,0.5,2.0,D8,modularity,0.05,10,0.8765531180491786,0.0035798787100524473,0.026535716144371446,29
R1,N2Vp0_5q2,N2V,0.5,2.0,D8,modularity,0.1,10,0.8765531180491786,0.0035798787100524473,0.026535716144371446,25
R1,N2Vp0_5q2,N2V,0.5,2.0,D8,n_communities,0.05,10,22.8,1.751190071541826,4.5,30
R1,N2Vp0_5q2,N2V,0.5,2.0,D8,n_communities,0.1,10,22.8,1.751190071541826,4.5,30
R1,N2Vp0_5q2,N2V,0.5,2.0,D8,assortativity,0.05,10,-0.14560389019281264,0.010368110668203027,0.7960991882846371,16
R1,N2Vp0_5q2,N2V,0.5,2.0,D8,assortativity,0.1,10,-0.14560389019281264,0.010368110668203027,0.7960991882846371,5
R1,N2Vp0_5q2,N2V,0.5,2.0,D8,dyn_len_mean,0.05,10,3.1099350571805564,0.08480625563507599,1.2246858732664754,29
R1,N2Vp0_5q2,N2V,0.5,2.0,D8,dyn_len_mean,0.1,10,3.1099350571805564,0.08480625563507599,1.2246858732664754,27
R1,N2Vp0_5q2,N2V,0.5,2.0,D8,frac_rewired,0.05,10,0.15076,0.041409585578435555,0.181,21
R1,N2Vp0_5q2,N2V,0.5,2.0,D8,frac_rewired,0.1,10,0.15076,0.041409585578435555,0.181,16
R1,N2Vp1q0_25,N2V,1.0,0.25,D16,diameter,0.05,10,34.4,0.6992058987801018,63.6,4
R1,N2Vp1q0_25,N2V,1.0,0.25,D16,diameter,0.1,10,34.4,0.6992058987801018,63.6,1
R1,N2Vp1q0_25,N2V,1.0,0.25,D16,aspl,0.05,10,14.593016790716288,0.09087223506603434,18.740316542617048,2
R1,N2Vp1q0_25,N2V,1.0,0.25,D16,aspl,0.1,10,14.593016790716288,0.09087223506603434,18.740316542617048,1
R1,N2Vp1q0_25,N2V,1.0,0.25,D16,efficiency,0.05,10,0.09484235679096956,0.00039949042321016153,0.04835940498707326,10
R1,N2Vp1q0_25,N2V,1.0,0.25,D16,efficiency,0.1,10,0.09484235679096956,0.00039949042321016153,0.04835940498707326,2
R1,N2Vp1q0_25,N2V,1.0,0.25,D16,clustering,0.05,10,0.38976807850013045,0.0040802667309576945,0.38976807850013045,2
R1,N2Vp1q0_25,N2V,1.0,0.25,D16,clustering,0.1,10,0.38976807850013045,0.0040802667309576945,0.38976807850013045,1
R1,N2Vp1q0_25,N2V,1.0,0.25,D16,H_norm,0.05,10,0.2522745219529353,0.0018125635818816857,0.21614627758960991,9
R1,N2Vp1q0_25,N2V,1.0,0.25,D16,H_norm,0.1,10,0.2522745219529353,0.0018125635818816857,0.21614627758960991,3
R1,N2Vp1q0_25,N2V,1.0,0.25,D16,k_max,0.05,10,49.9,4.863697724525605,45.9,29
R1,N2Vp1q0_25,N2V,1.0,0.25,D16,k_max,0.1,10,49.9,4.863697724525605,45.9,26
R1,N2Vp1q0_25,N2V,1.0,0.25,D16,k_gini,0.05,10,0.15337106262626263,0.0020341325310649604,0.13453155242218093,25
R1,N2Vp1q0_25,N2V,1.0,0.25,D16,k_gini,0.1,10,0.15337106262626263,0.0020341325310649604,0.13453155242218093,21
R1,N2Vp1q0_25,N2V,1.0,0.25,D16,modularity,0.05,10,0.8558842658912356,0.002822527428509922,0.013918920891660469,26
R1,N2Vp1q0_25,N2V,1.0,0.25,D16,modularity,0.1,10,0.8558842658912356,0.002822527428509922,0.013918920891660469,24
R1,N2Vp1q0_25,N2V,1.0,0.25,D16,n_communities,0.05,10,20.4,1.505545305418161,2.5,30
R1,N2Vp1q0_25,N2V,1.0,0.25,D16,n_communities,0.1,10,20.4,1.505545305418161,2.5,30
R1,N2Vp1q0_25,N2V,1.0,0.25,D16,assortativity,0.05,10,-0.09988104515336962,0.007533387852824547,0.7503763432451941,8
R1,N2Vp1q0_25,N2V,1.0,0.25,D16,assortativity,0.1,10,-0.09988104515336962,0.007533387852824547,0.7503763432451941,3
R1,N2Vp1q0_25,N2V,1.0,0.25,D16,dyn_len_mean,0.05,10,2.119455905930214,0.012354379517646745,0.25716902057432334,28
R1,N2Vp1q0_25,N2V,1.0,0.25,D16,dyn_len_mean,0.1,10,2.119455905930214,0.012354379517646745,0.25716902057432334,26
R1,N2Vp1q0_25,N2V,1.0,0.25,D16,frac_rewired,0.05,10,0.06856,0.006486087675427563,0.0712,14
R1,N2Vp1q0_25,N2V,1.0,0.25,D16,frac_rewired,0.1,10,0.06856,0.006486087675427563,0.0712,11
R1,N2Vp1q0_25,N2V,1.0,0.25,D2,diameter,0.05,10,28.8,1.135292424395094,69.2,20
R1,N2Vp1q0_25,N2V,1.0,0.25,D2,diameter,0.1,10,28.8,1.135292424395094,69.2,4
R1,N2Vp1q0_25,N2V,1.0,0.25,D2,aspl,0.05,10,13.312189867947177,0.27709372666456916,20.02114346538616,11
R1,N2Vp1q0_25,N2V,1.0,0.25,D2,aspl,0.1,10,13.312189867947177,0.27709372666456916,20.02114346538616,2
R1,N2Vp1q0_25,N2V,1.0,0.25,D2,efficiency,0.05,10,0.10304945172141107,0.0017556148550353576,0.05656649991751477,25
R1,N2Vp1q0_25,N2V,1.0,0.25,D2,efficiency,0.1,10,0.10304945172141107,0.0017556148550353576,0.05656649991751477,19
R1,N2Vp1q0_25,N2V,1.0,0.25,D2,clustering,0.05,10,0.3960415375637896,0.003104842337804597,0.3960415375637896,17
R1,N2Vp1q0_25,N2V,1.0,0.25,D2,clustering,0.1,10,0.3960415375637896,0.003104842337804597,0.3960415375637896,1
R1,N2Vp1q0_25,N2V,1.0,0.25,D2,H_norm,0.05,10,0.2460832886150323,0.0009176238147962066,0.21156990763621228,5
R1,N2Vp1q0_25,N2V,1.0,0.25,D2,H_norm,0.1,10,0.2460832886150323,0.0009176238147962066,0.21156990763621228,2
R1,N2Vp1q0_25,N2V,1.0,0.25,D2,k_max,0.05,10,124.3,18.282049483942803,120.3,30
R1,N2Vp1q0_25,N2V,1.0,0.25,D2,k_max,0.1,10,124.3,18.282049483942803,120.3,28
R1,N2Vp1q0_25,N2V,1.0,0.25,D2,k_gini,0.05,10,0.16282807272727276,0.004999745244785514,0.14398856252319106,27
R1,N2Vp1q0_25,N2V,1.0,0.25,D2,k_gini,0.1,10,0.16282807272727276,0.004999745244785514,0.14398856252319106,23
R1,N2Vp1q0_25,N2V,1.0,0.25,D2,modularity,0.05,10,0.855825481583512,0.0018315000662830405,0.014578856192867473,29
R1,N2Vp1q0_25,N2V,1.0,0.25,D2,modularity,0.1,10,0.855825481583512,0.0018315000662830405,0.014578856192867473,26
R1,N2Vp1q0_25,N2V,1.0,0.25,D2,n_communities,0.05,10,19.7,1.0593499054713802,2.900000000000002,29
R1,N2Vp1q0_25,N2V,1.0,0.25,D2,n_communities,0.1,10,19.7,1.0593499054713802,2.900000000000002,29
R1,N2Vp1q0_25,N2V,1.0,0.25,D2,assortativity,0.05,10,-0.0709919471842288,0.006352441978613288,0.7274477863367732,4
R1,N2Vp1q0_25,N2V,1.0,0.25,D2,assortativity,0.1,10,-0.0709919471842288,0.006352441978613288,0.7274477863367732,2
R1,N2Vp1q0_25,N2V,1.0,0.25,D2,dyn_len_mean,0.05,10,2.4455799755650984,0.08503933771275055,0.5578193824898838,30
R1,N2Vp1q0_25,N2V,1.0,0.25,D2,dyn_len_mean,0.1,10,2.4455799755650984,0.08503933771275055,0.5578193824898838,29
R1,N2Vp1q0_25,N2V,1.0,0.25,D2,frac_rewired,0.05,10,0.06799999999999999,0.018462695120461455,0.07176,13
R1,N2Vp1q0_25,N2V,1.0,0.25,D2,frac_rewired,0.1,10,0.06799999999999999,0.018462695120461455,0.07176,13
R1,N2Vp1q0_25,N2V,1.0,0.25,D4,diameter,0.05,10,29.6,1.1737877907772671,68.4,15
R1,N2Vp1q0_25,N2V,1.0,0.25,D4,diameter,0.1,10,29.6,1.1737877907772671,68.4,2
R1,N2Vp1q0_25,N2V,1.0,0.25,D4,aspl,0.05,10,13.451771524609844,0.18071251835751892,19.88156180872349,2
R1,N2Vp1q0_25,N2V,1.0,0.25,D4,aspl,0.1,10,13.451771524609844,0.18071251835751892,19.88156180872349,1
R1,N2Vp1q0_25,N2V,1.0,0.25,D4,efficiency,0.05,10,0.10174114042573731,0.0012703221556889773,0.055258188621841016,25
R1,N2Vp1q0_25,N2V,1.0,0.25,D4,efficiency,0.1,10,0.10174114042573731,0.0012703221556889773,0.055258188621841016,15
R1,N2Vp1q0_25,N2V,1.0,0.25,D4,clustering,0.05,10,0.39342499501437606,0.0033377575571119076,0.39342499501437606,14
R1,N2Vp1q0_25,N2V,1.0,0.25,D4,clustering,0.1,10,0.39342499501437606,0.0033377575571119076,0.39342499501437606,1
R1,N2Vp1q0_25,N2V,1.0,0.25,D4,H_norm,0.05,10,0.2471971583063691,0.0013880330660692914,0.21222355298908374,6
R1,N2Vp1q0_25,N2V,1.0,0.25,D4,H_norm,0.1,10,0.2471971583063691,0.0013880330660692914,0.21222355298908374,2
R1,N2Vp1q0_25,N2V,1.0,0.25,D4,k_max,0.05,10,104.4,14.001587211614419,100.4,29
R1,N2Vp1q0_25,N2V,1.0,0.25,D4,k_max,0.1,10,104.4,14.001587211614419,100.4,28
R1,N2Vp1q0_25,N2V,1.0,0.25,D4,k_gini,0.05,10,0.16070362828282828,0.0027574408219342974,0.14186411807874658,27
R1,N2Vp1q0_25,N2V,1.0,0.25,D4,k_gini,0.1,10,0.16070362828282828,0.0027574408219342974,0.14186411807874658,23
R1,N2Vp1q0_25,N2V,1.0,0.25,D4,modularity,0.05,10,0.8553286700336702,0.0021905617594216416,0.015244466941033208,27
R1,N2Vp1q0_25,N2V,1.0,0.25,D4,modularity,0.1,10,0.8553286700336702,0.0021905617594216416,0.015244466941033208,24
R1,N2Vp1q0_25,N2V,1.0,0.25,D4,n_communities,0.05,10,19.4,1.5055453054181618,2.700000000000003,30
R1,N2Vp1q0_25,N2V,1.0,0.25,D4,n_communities,0.1,10,19.4,1.5055453054181618,2.700000000000003,30
R1,N2Vp1q0_25,N2V,1.0,0.25,D4,assortativity,0.05,10,-0.07553313259910141,0.005323843738179174,0.7311969138345884,4
R1,N2Vp1q0_25,N2V,1.0,0.25,D4,assortativity,0.1,10,-0.07553313259910141,0.005323843738179174,0.7311969138345884,2
R1,N2Vp1q0_25,N2V,1.0,0.25,D4,dyn_len_mean,0.05,10,2.3752501876089944,0.06655609049968253,0.491271224940276,30
R1,N2Vp1q0_25,N2V,1.0,0.25,D4,dyn_len_mean,0.1,10,2.3752501876089944,0.06655609049968253,0.491271224940276,29
R1,N2Vp1q0_25,N2V,1.0,0.25,D4,frac_rewired,0.05,10,0.0762,0.013472935834479427,0.07715999999999999,22
R1,N2Vp1q0_25,N2V,1.0,0.25,D4,frac_rewired,0.1,10,0.0762,0.013472935834479427,0.07715999999999999,20
R1,N2Vp1q0_25,N2V,1.0,0.25,D8,diameter,0.05,10,29.8,0.9189365834726814,68.2,12
R1,N2Vp1q0_25,N2V,1.0,0.25,D8,diameter,0.1,10,29.8,0.9189365834726814,68.2,2
R1,N2Vp1q0_25,N2V,1.0,0.25,D8,aspl,0.05,10,13.531691172468987,0.1546879976850257,19.801642160864347,2
R1,N2Vp1q0_25,N2V,1.0,0.25,D8,aspl,0.1,10,13.531691172468987,0.1546879976850257,19.801642160864347,1
R1,N2Vp1q0_25,N2V,1.0,0.25,D8,efficiency,0.05,10,0.10103939825124002,0.0010096986477633062,0.05455644644734372,22
R1,N2Vp1q0_25,N2V,1.0,0.25,D8,efficiency,0.1,10,0.10103939825124002,0.0010096986477633062,0.05455644644734372,4
R1,N2Vp1q0_25,N2V,1.0,0.25,D8,clustering,0.05,10,0.39203897740297544,0.004506124799844853,0.39203897740297544,14
R1,N2Vp1q0_25,N2V,1.0,0.25,D8,clustering,0.1,10,0.39203897740297544,0.004506124799844853,0.39203897740297544,1
R1,N2Vp1q0_25,N2V,1.0,0.25,D8,H_norm,0.05,10,0.2475791487506025,0.0015170893101671182,0.21149279996725856,7
R1,N2Vp1q0_25,N2V,1.0,0.25,D8,H_norm,0.1,10,0.2475791487506025,0.0015170893101671182,0.21149279996725856,2
R1,N2Vp1q0_25,N2V,1.0,0.25,D8,k_max,0.05,10,101.0,17.256238807393046,97.0,28
R1,N2Vp1q0_25,N2V,1.0,0.25,D8,k_max,0.1,10,101.0,17.256238807393046,97.0,27
R1,N2Vp1q0_25,N2V,1.0,0.25,D8,k_gini,0.05,10,0.15726395555555556,0.0034644969162333245,0.13842444535147386,27
R1,N2Vp1q0_25,N2V,1.0,0.25,D8,k_gini,0.1,10,0.15726395555555556,0.0034644969162333245,0.13842444535147386,22
R1,N2Vp1q0_25,N2V,1.0,0.25,D8,modularity,0.05,10,0.8539990750943781,0.0017823371491719293,0.015045614688746323,26
R1,N2Vp1q0_25,N2V,1.0,0.25,D8,modularity,0.1,10,0.8539990750943781,0.0017823371491719293,0.015045614688746323,17
R1,N2Vp1q0_25,N2V,1.0,0.25,D8,n_communities,0.05,10,19.9,0.9944289260117528,2.700000000000003,27
R1,N2Vp1q0_25,N2V,1.0,0.25,D8,n_communities,0.1,10,19.9,0.9944289260117528,2.700000000000003,27
R1,N2Vp1q0_25,N2V,1.0,0.25,D8,assortativity,0.05,10,-0.07293980700076527,0.005889475852654846,0.7284955360821538,5
R1,N2Vp1q0_25,N2V,1.0,0.25,D8,assortativity,0.1,10,-0.07293980700076527,0.005889475852654846,0.7284955360821538,2
R1,N2Vp1q0_25,N2V,1.0,0.25,D8,dyn_len_mean,0.05,10,2.329319786943335,0.05154218090642794,0.4369989174569435,29
R1,N2Vp1q0_25,N2V,1.0,0.25,D8,dyn_len_mean,0.1,10,2.329319786943335,0.05154218090642794,0.4369989174569435,28
R1,N2Vp1q0_25,N2V,1.0,0.25,D8,frac_rewired,0.05,10,0.0692,0.010418786450979363,0.0692,26
R1,N2Vp1q0_25,N2V,1.0,0.25,D8,frac_rewired,0.1,10,0.0692,0.010418786450979363,0.0692,18
R1,N2Vp1q0_5,N2V,1.0,0.5,D16,diameter,0.05,10,33.3,0.48304589153964744,64.7,10
R1,N2Vp1q0_5,N2V,1.0,0.5,D16,diameter,0.1,10,33.3,0.48304589153964744,64.7,2
R1,N2Vp1q0_5,N2V,1.0,0.5,D16,aspl,0.05,10,14.221713101240496,0.09626337268883717,19.11162023209284,3
R1,N2Vp1q0_5,N2V,1.0,0.5,D16,aspl,0.1,10,14.221713101240496,0.09626337268883717,19.11162023209284,1
R1,N2Vp1q0_5,N2V,1.0,0.5,D16,efficiency,0.05,10,0.09716663828460241,0.00046093685386406957,0.05068368648070611,20
R1,N2Vp1q0_5,N2V,1.0,0.5,D16,efficiency,0.1,10,0.09716663828460241,0.00046093685386406957,0.05068368648070611,8
R1,N2Vp1q0_5,N2V,1.0,0.5,D16,clustering,0.05,10,0.3988966365703924,0.0031395110099397792,0.3988966365703924,13
R1,N2Vp1q0_5,N2V,1.0,0.5,D16,clustering,0.1,10,0.3988966365703924,0.0031395110099397792,0.3988966365703924,1
R1,N2Vp1q0_5,N2V,1.0,0.5,D16,H_norm,0.05,10,0.2531515751975482,0.0010035103375506391,0.21779355540000228,7
R1,N2Vp1q0_5,N2V,1.0,0.5,D16,H_norm,0.1,10,0.2531515751975482,0.0010035103375506391,0.21779355540000228,3
R1,N2Vp1q0_5,N2V,1.0,0.5,D16,k_max,0.05,10,49.8,1.9321835661585915,45.8,25
R1,N2Vp1q0_5,N2V,1.0,0.5,D16,k_max,0.1,10,49.8,1.9321835661585915,45.8,20
R1,N2Vp1q0_5,N2V,1.0,0.5,D16,k_gini,0.05,10,0.1695845090909091,0.0022680062233623203,0.1507449988868274,26
R1,N2Vp1q0_5,N2V,1.0,0.5,D16,k_gini,0.1,10,0.1695845090909091,0.0022680062233623203,0.1507449988868274,21
R1,N2Vp1q0_5,N2V,1.0,0.5,D16,modularity,0.05,10,0.8589909805121927,0.0019943105333824467,0.013344759406008433,27
R1,N2Vp1q0_5,N2V,1.0,0.5,D16,modularity,0.1,10,0.8589909805121927,0.0019943105333824467,0.013344759406008433,27
R1,N2Vp1q0_5,N2V,1.0,0.5,D16,n_communities,0.05,10,20.6,1.1737877907772674,3.0,29
R1,N2Vp1q0_5,N2V,1.0,0.5,D16,n_communities,0.1,10,20.6,1.1737877907772674,3.0,29
R1,N2Vp1q0_5,N2V,1.0,0.5,D16,assortativity,0.05,10,-0.11471648131209633,0.005815580391287215,0.7652117794039208,8
R1,N2Vp1q0_5,N2V,1.0,0.5,D16,assortativity,0.1,10,-0.11471648131209633,0.005815580391287215,0.7652117794039208,3
R1,N2Vp1q0_5,N2V,1.0,0.5,D16,dyn_len_mean,0.05,10,2.184483084253592,0.008714544654352915,0.32247223866113317,28
R1,N2Vp1q0_5,N2V,1.0,0.5,D16,dyn_len_mean,0.1,10,2.184483084253592,0.008714544654352915,0.32247223866113317,26
R1,N2Vp1q0_5,N2V,1.0,0.5,D16,frac_rewired,0.05,10,0.08055999999999999,0.006833121947949968,0.0854,25
R1,N2Vp1q0_5,N2V,1.0,0.5,D16,frac_rewired,0.1,10,0.08055999999999999,0.006833121947949968,0.0854,4
R1,N2Vp1q0_5,N2V,1.0,0.5,D2,diameter,0.05,10,25.9,1.1972189997378644,72.1,22
R1,N2Vp1q0_5,N2V,1.0,0.5,D2,diameter,0.1,10,25.9,1.1972189997378644,72.1,15
R1,N2Vp1q0_5,N2V,1.0,0.5,D2,aspl,0.05,10,12.51244693077231,0.3409808836266942,20.820886402561026,21
R1,N2Vp1q0_5,N2V,1.0,0.5,D2,aspl,0.1,10,12.51244693077231,0.3409808836266942,20.820886402561026,2
R1,N2Vp1q0_5,N2V,1.0,0.5,D2,efficiency,0.05,10,0.1091645117194759,0.002349932843666647,0.06268155991557961,26
R1,N2Vp1q0_5,N2V,1.0,0.5,D2,efficiency,0.1,10,0.1091645117194759,0.002349932843666647,0.06268155991557961,23
R1,N2Vp1q0_5,N2V,1.0,0.5,D2,clustering,0.05,10,0.4099901035342882,0.0066700846317452,0.4099901035342882,22
R1,N2Vp1q0_5,N2V,1.0,0.5,D2,clustering,0.1,10,0.4099901035342882,0.0066700846317452,0.4099901035342882,9
R1,N2Vp1q0_5,N2V,1.0,0.5,D2,H_norm,0.05,10,0.24287676751762866,0.001213921584102825,0.2128984783325212,3
R1,N2Vp1q0_5,N2V,1.0,0.5,D2,H_norm,0.1,10,0.24287676751762866,0.001213921584102825,0.2128984783325212,2
R1,N2Vp1q0_5,N2V,1.0,0.5,D2,k_max,0.05,10,151.3,23.71145995786285,147.3,29
R1,N2Vp1q0_5,N2V,1.0,0.5,D2,k_max,0.1,10,151.3,23.71145995786285,147.3,27
R1,N2Vp1q0_5,N2V,1.0,0.5,D2,k_gini,0.05,10,0.1814167191919192,0.0023247447997267346,0.1625772089878375,27
R1,N2Vp1q0_5,N2V,1.0,0.5,D2,k_gini,0.1,10,0.1814167191919192,0.0023247447997267346,0.1625772089878375,23
R1,N2Vp1q0_5,N2V,1.0,0.5,D2,modularity,0.05,10,0.8575668717477809,0.0022021418845674756,0.01521362602098908,28
R1,N2Vp1q0_5,N2V,1.0,0.5,D2,modularity,0.1,10,0.8575668717477809,0.0022021418845674756,0.01521362602098908,24
R1,N2Vp1q0_5,N2V,1.0,0.5,D2,n_communities,0.05,10,19.8,1.3165611772087666,2.8000000000000007,27
R1,N2Vp1q0_5,N2V,1.0,0.5,D2,n_communities,0.1,10,19.8,1.3165611772087666,2.8000000000000007,27
R1,N2Vp1q0_5,N2V,1.0,0.5,D2,assortativity,0.05,10,-0.08196913772674916,0.0050780022796040655,0.7332888526193039,5
R1,N2Vp1q0_5,N2V,1.0,0.5,D2,assortativity,0.1,10,-0.08196913772674916,0.0050780022796040655,0.7332888526193039,2
R1,N2Vp1q0_5,N2V,1.0,0.5,D2,dyn_len_mean,0.05,10,2.748870179148315,0.09733402001579271,0.8567847590190918,29
R1,N2Vp1q0_5,N2V,1.0,0.5,D2,dyn_len_mean,0.1,10,2.748870179148315,0.09733402001579271,0.8567847590190918,29
R1,N2Vp1q0_5,N2V,1.0,0.5,D2,frac_rewired,0.05,10,0.08156,0.02077216085694184,0.08788,11
R1,N2Vp1q0_5,N2V,1.0,0.5,D2,frac_rewired,0.1,10,0.08156,0.02077216085694184,0.08788,8
R1,N2Vp1q0_5,N2V,1.0,0.5,D4,diameter,0.05,10,25.4,0.9660917830792964,72.6,23
R1,N2Vp1q0_5,N2V,1.0,0.5,D4,diameter,0.1,10,25.4,0.9660917830792964,72.6,16
R1,N2Vp1q0_5,N2V,1.0,0.5,D4,aspl,0.05,10,12.388657575030013,0.31548140735005364,20.944675758303323,22
R1,N2Vp1q0_5,N2V,1.0,0.5,D4,aspl,0.1,10,12.388657575030013,0.31548140735005364,20.944675758303323,2
R1,N2Vp1q0_5,N2V,1.0,0.5,D4,efficiency,0.05,10,0.1098282728923724,0.002468207755011362,0.0633453210884761,27
R1,N2Vp1q0_5,N2V,1.0,0.5,D4,efficiency,0.1,10,0.1098282728923724,0.002468207755011362,0.0633453210884761,23
R1,N2Vp1q0_5,N2V,1.0,0.5,D4,clustering,0.05,10,0.40858004775790013,0.006366730429280339,0.40858004775790013,21
R1,N2Vp1q0_5,N2V,1.0,0.5,D4,clustering,0.1,10,0.40858004775790013,0.006366730429280339,0.40858004775790013,8
R1,N2Vp1q0_5,N2V,1.0,0.5,D4,H_norm,0.05,10,0.24228862445926475,0.002273068971719202,0.21214263133707273,3
R1,N2Vp1q0_5,N2V,1.0,0.5,D4,H_norm,0.1,10,0.24228862445926475,0.002273068971719202,0.21214263133707273,2
R1,N2Vp1q0_5,N2V,1.0,0.5,D4,k_max,0.05,10,150.4,31.220363724836883,146.4,28
R1,N2Vp1q0_5,N2V,1.0,0.5,D4,k_max,0.1,10,150.4,31.220363724836883,146.4,28
R1,N2Vp1q0_5,N2V,1.0,0.5,D4,k_gini,0.05,10,0.18004109494949497,0.005337454463194883,0.16120158474541327,27
R1,N2Vp1q0_5,N2V,1.0,0.5,D4,k_gini,0.1,10,0.18004109494949497,0.005337454463194883,0.16120158474541327,23
R1,N2Vp1q0_5,N2V,1.0,0.5,D4,modularity,0.05,10,0.8574427140087746,0.001227017850493336,0.015085330882231851,30
R1,N2Vp1q0_5,N2V,1.0,0.5,D4,modularity,0.1,10,0.8574427140087746,0.001227017850493336,0.015085330882231851,26
R1,N2Vp1q0_5,N2V,1.0,0.5,D4,n_communities,0.05,10,19.4,1.07496769977314,2.700000000000003,30
R1,N2Vp1q0_5,N2V,1.0,0.5,D4,n_communities,0.1,10,19.4,1.07496769977314,2.700000000000003,30
R1,N2Vp1q0_5,N2V,1.0,0.5,D4,assortativity,0.05,10,-0.0834271421896888,0.01098090016264773,0.7339224402815133,5
R1,N2Vp1q0_5,N2V,1.0,0.5,D4,assortativity,0.1,10,-0.0834271421896888,0.01098090016264773,0.7339224402815133,2
R1,N2Vp1q0_5,N2V,1.0,0.5,D4,dyn_len_mean,0.05,10,2.7125955101996735,0.14067162745988215,0.8216826419490966,30
R1,N2Vp1q0_5,N2V,1.0,0.5,D4,dyn_len_mean,0.1,10,2.7125955101996735,0.14067162745988215,0.8216826419490966,29
R1,N2Vp1q0_5,N2V,1.0,0.5,D4,frac_rewired,0.05,10,0.07648,0.020495029207645014,0.08784,23
R1,N2Vp1q0_5,N2V,1.0,0.5,D4,frac_rewired,0.1,10,0.07648,0.020495029207645014,0.08784,21
R1,N2Vp1q0_5,N2V,1.0,0.5,D8,diameter,0.05,10,26.6,1.2649110640673518,71.4,20
R1,N2Vp1q0_5,N2V,1.0,0.5,D8,diameter,0.1,10,26.6,1.2649110640673518,71.4,9
R1,N2Vp1q0_5,N2V,1.0,0.5,D8,aspl,0.05,10,12.73755306922769,0.26409218799625317,20.595780264105645,18
R1,N2Vp1q0_5,N2V,1.0,0.5,D8,aspl,0.1,10,12.73755306922769,0.26409218799625317,20.595780264105645,2
R1,N2Vp1q0_5,N2V,1.0,0.5,D8,efficiency,0.05,10,0.10657038749989123,0.0019749626288779595,0.06008743569599493,25
R1,N2Vp1q0_5,N2V,1.0,0.5,D8,efficiency,0.1,10,0.10657038749989123,0.0019749626288779595,0.06008743569599493,20
R1,N2Vp1q0_5,N2V,1.0,0.5,D8,clustering,0.05,10,0.404837321581719,0.005184082025903419,0.404837321581719,19
R1,N2Vp1q0_5,N2V,1.0,0.5,D8,clustering,0.1,10,0.404837321581719,0.005184082025903419,0.404837321581719,2
R1,N2Vp1q0_5,N2V,1.0,0.5,D8,H_norm,0.05,10,0.2446707544242765,0.0018096312175896912,0.21259250066718371,4
R1,N2Vp1q0_5,N2V,1.0,0.5,D8,H_norm,0.1,10,0.2446707544242765,0.0018096312175896912,0.21259250066718371,2
R1,N2Vp1q0_5,N2V,1.0,0.5,D8,k_max,0.05,10,121.9,15.205627613193446,117.9,26
R1,N2Vp1q0_5,N2V,1.0,0.5,D8,k_max,0.1,10,121.9,15.205627613193446,117.9,24
R1,N2Vp1q0_5,N2V,1.0,0.5,D8,k_gini,0.05,10,0.17644472323232324,0.00293140902803055,0.15760521302824154,26
R1,N2Vp1q0_5,N2V,1.0,0.5,D8,k_gini,0.1,10,0.17644472323232324,0.00293140902803055,0.15760521302824154,22
R1,N2Vp1q0_5,N2V,1.0,0.5,D8,modularity,0.05,10,0.8573472839506173,0.002424045410554734,0.015481070123051777,27
R1,N2Vp1q0_5,N2V,1.0,0.5,D8,modularity,0.1,10,0.8573472839506173,0.002424045410554734,0.015481070123051777,23
R1,N2Vp1q0_5,N2V,1.0,0.5,D8,n_communities,0.05,10,19.6,1.3498971154211061,2.700000000000003,26
R1,N2Vp1q0_5,N2V,1.0,0.5,D8,n_communities,0.1,10,19.6,1.3498971154211061,2.700000000000003,26
R1,N2Vp1q0_5,N2V,1.0,0.5,D8,assortativity,0.05,10,-0.08759102614591194,0.0059261012853938705,0.7380863242377365,5
R1,N2Vp1q0_5,N2V,1.0,0.5,D8,assortativity,0.1,10,-0.08759102614591194,0.0059261012853938705,0.7380863242377365,2
R1,N2Vp1q0_5,N2V,1.0,0.5,D8,dyn_len_mean,0.05,10,2.541767576274873,0.07434673004974805,0.6490850118569205,29
R1,N2Vp1q0_5,N2V,1.0,0.5,D8,dyn_len_mean,0.1,10,2.541767576274873,0.07434673004974805,0.6490850118569205,28
R1,N2Vp1q0_5,N2V,1.0,0.5,D8,frac_rewired,0.05,10,0.08059999999999999,0.020300191569977307,0.08771999999999999,19
R1,N2Vp1q0_5,N2V,1.0,0.5,D8,frac_rewired,0.1,10,0.08059999999999999,0.020300191569977307,0.08771999999999999,9
R1,N2Vp1q1,N2V,1.0,1.0,D16,diameter,0.05,10,31.4,0.8432740427115677,66.6,15
R1,N2Vp1q1,N2V,1.0,1.0,D16,diameter,0.1,10,31.4,0.8432740427115677,66.6,3
R1,N2Vp1q1,N2V,1.0,1.0,D16,aspl,0.05,10,13.421220552220888,0.199465422308816,19.912112781112448,17
R1,N2Vp1q1,N2V,1.0,1.0,D16,aspl,0.1,10,13.421220552220888,0.199465422308816,19.912112781112448,2
R1,N2Vp1q1,N2V,1.0,1.0,D16,efficiency,0.05,10,0.10204205416984206,0.0011790236798222184,0.055559102365945766,24
R1,N2Vp1q1,N2V,1.0,1.0,D16,efficiency,0.1,10,0.10204205416984206,0.0011790236798222184,0.055559102365945766,18
R1,N2Vp1q1,N2V,1.0,1.0,D16,clustering,0.05,10,0.4148134928962657,0.0035203417413631165,0.4148134928962657,19
R1,N2Vp1q1,N2V,1.0,1.0,D16,clustering,0.1,10,0.4148134928962657,0.0035203417413631165,0.4148134928962657,6
R1,N2Vp1q1,N2V,1.0,1.0,D16,H_norm,0.05,10,0.2474817784059408,0.002083344119075489,0.21931042732136974,3
R1,N2Vp1q1,N2V,1.0,1.0,D16,H_norm,0.1,10,0.2474817784059408,0.002083344119075489,0.21931042732136974,2
R1,N2Vp1q1,N2V,1.0,1.0,D16,k_max,0.05,10,54.1,2.1832697191750428,50.6,22
R1,N2Vp1q1,N2V,1.0,1.0,D16,k_max,0.1,10,54.1,2.1832697191750428,50.6,19
R1,N2Vp1q1,N2V,1.0,1.0,D16,k_gini,0.05,10,0.19276791515151517,0.002277322530067969,0.17392840494743347,25
R1,N2Vp1q1,N2V,1.0,1.0,D16,k_gini,0.1,10,0.19276791515151517,0.002277322530067969,0.17392840494743347,21
R1,N2Vp1q1,N2V,1.0,1.0,D16,modularity,0.05,10,0.8660459886746251,0.001511148381197349,0.01620866206901206,27
R1,N2Vp1q1,N2V,1.0,1.0,D16,modularity,0.1,10,0.8660459886746251,0.001511148381197349,0.01620866206901206,25
R1,N2Vp1q1,N2V,1.0,1.0,D16,n_communities,0.05,10,21.5,1.0801234497346435,3.0,28
R1,N2Vp1q1,N2V,1.0,1.0,D16,n_communities,0.1,10,21.5,1.0801234497346435,3.0,28
R1,N2Vp1q1,N2V,1.0,1.0,D16,assortativity,0.05,10,-0.14218585933282205,0.004429161868231292,0.7926811574246465,12
R1,N2Vp1q1,N2V,1.0,1.0,D16,assortativity,0.1,10,-0.14218585933282205,0.004429161868231292,0.7926811574246465,5
R1,N2Vp1q1,N2V,1.0,1.0,D16,dyn_len_mean,0.05,10,2.3127700882696494,0.017467629331517697,0.45306301530589965,28
R1,N2Vp1q1,N2V,1.0,1.0,D16,dyn_len_mean,0.1,10,2.3127700882696494,0.017467629331517697,0.45306301530589965,26
R1,N2Vp1q1,N2V,1.0,1.0,D16,frac_rewired,0.05,10,0.10751999999999999,0.008503698541745756,0.11939999999999999,21
R1,N2Vp1q1,N2V,1.0,1.0,D16,frac_rewired,0.1,10,0.10751999999999999,0.008503698541745756,0.11939999999999999,3
R1,N2Vp1q1,N2V,1.0,1.0,D2,diameter,0.05,10,22.9,1.1005049346146119,75.1,20
R1,N2Vp1q1,N2V,1.0,1.0,D2,diameter,0.1,10,22.9,1.1005049346146119,75.1,15
R1,N2Vp1q1,N2V,1.0,1.0,D2,aspl,0.05,10,11.288720352140855,0.340694243207688,22.04461298119248,23
R1,N2Vp1q1,N2V,1.0,1.0,D2,aspl,0.1,10,11.288720352140855,0.340694243207688,22.04461298119248,16
R1,N2Vp1q1,N2V,1.0,1.0,D2,efficiency,0.05,10,0.11958682938221835,0.0032856528354032336,0.07310387757832204,28
R1,N2Vp1q1,N2V,1.0,1.0,D2,efficiency,0.1,10,0.11958682938221835,0.0032856528354032336,0.07310387757832204,25
R1,N2Vp1q1,N2V,1.0,1.0,D2,clustering,0.05,10,0.43288076508541656,0.00796079056533727,0.43288076508541656,23
R1,N2Vp1q1,N2V,1.0,1.0,D2,clustering,0.1,10,0.43288076508541656,0.00796079056533727,0.43288076508541656,16
R1,N2Vp1q1,N2V,1.0,1.0,D2,H_norm,0.05,10,0.23271781376434983,0.00252800156939371,0.21539426920789667,23
R1,N2Vp1q1,N2V,1.0,1.0,D2,H_norm,0.1,10,0.23271781376434983,0.00252800156939371,0.21539426920789667,2
R1,N2Vp1q1,N2V,1.0,1.0,D2,k_max,0.05,10,190.6,43.538488719752316,186.6,28
R1,N2Vp1q1,N2V,1.0,1.0,D2,k_max,0.1,10,190.6,43.538488719752316,186.6,27
R1,N2Vp1q1,N2V,1.0,1.0,D2,k_gini,0.05,10,0.20404953535353534,0.0030193180012866925,0.18521002514945364,26
R1,N2Vp1q1,N2V,1.0,1.0,D2,k_gini,0.1,10,0.20404953535353534,0.0030193180012866925,0.18521002514945364,22
R1,N2Vp1q1,N2V,1.0,1.0,D2,modularity,0.05,10,0.8628996235078052,0.002859213976821987,0.015246128587344643,30
R1,N2Vp1q1,N2V,1.0,1.0,D2,modularity,0.1,10,0.8628996235078052,0.002859213976821987,0.015246128587344643,26
R1,N2Vp1q1,N2V,1.0,1.0,D2,n_communities,0.05,10,20.7,1.0593499054713802,2.900000000000002,30
R1,N2Vp1q1,N2V,1.0,1.0,D2,n_communities,0.1,10,20.7,1.0593499054713802,2.900000000000002,30
R1,N2Vp1q1,N2V,1.0,1.0,D2,assortativity,0.05,10,-0.09971378551991042,0.017343084228804345,0.7502090836117349,5
R1,N2Vp1q1,N2V,1.0,1.0,D2,assortativity,0.1,10,-0.09971378551991042,0.017343084228804345,0.7502090836117349,2
R1,N2Vp1q1,N2V,1.0,1.0,D2,dyn_len_mean,0.05,10,3.1125985644732985,0.0940551861218052,1.2285086612639027,29
R1,N2Vp1q1,N2V,1.0,1.0,D2,dyn_len_mean,0.1,10,3.1125985644732985,0.0940551861218052,1.2285086612639027,28
R1,N2Vp1q1,N2V,1.0,1.0,D2,frac_rewired,0.05,10,0.09836,0.02610232854661736,0.1172,20
R1,N2Vp1q1,N2V,1.0,1.0,D2,frac_rewired,0.1,10,0.09836,0.02610232854661736,0.1172,19
R1,N2Vp1q1,N2V,1.0,1.0,D4,diameter,0.05,10,23.0,0.9428090415820632,75.0,21
R1,N2Vp1q1,N2V,1.0,1.0,D4,diameter,0.1,10,23.0,0.9428090415820632,75.0,15
R1,N2Vp1q1,N2V,1.0,1.0,D4,aspl,0.05,10,11.362821928771508,0.32503594647122286,21.970511404561826,22
R1,N2Vp1q1,N2V,1.0,1.0,D4,aspl,0.1,10,11.362821928771508,0.32503594647122286,21.970511404561826,16
R1,N2Vp1q1,N2V,1.0,1.0,D4,efficiency,0.05,10,0.1187804826873257,0.0033570907278844633,0.07229753088342941,27
R1,N2Vp1q1,N2V,1.0,1.0,D4,efficiency,0.1,10,0.1187804826873257,0.0033570907278844633,0.07229753088342941,24
R1,N2Vp1q1,N2V,1.0,1.0,D4,clustering,0.05,10,0.4313731942591203,0.007886157371837954,0.4313731942591203,23
R1,N2Vp1q1,N2V,1.0,1.0,D4,clustering,0.1,10,0.4313731942591203,0.007886157371837954,0.4313731942591203,16
R1,N2Vp1q1,N2V,1.0,1.0,D4,H_norm,0.05,10,0.23146058237831063,0.0032685443531623977,0.21532352048643544,23
R1,N2Vp1q1,N2V,1.0,1.0,D4,H_norm,0.1,10,0.23146058237831063,0.0032685443531623977,0.21532352048643544,1
R1,N2Vp1q1,N2V,1.0,1.0,D4,k_max,0.05,10,166.6,34.51955967274206,162.6,28
R1,N2Vp1q1,N2V,1.0,1.0,D4,k_max,0.1,10,166.6,34.51955967274206,162.6,27
R1,N2Vp1q1,N2V,1.0,1.0,D4,k_gini,0.05,10,0.20576661818181816,0.0037510598324937586,0.18692710797773646,26
R1,N2Vp1q1,N2V,1.0,1.0,D4,k_gini,0.1,10,0.20576661818181816,0.0037510598324937586,0.18692710797773646,22
R1,N2Vp1q1,N2V,1.0,1.0,D4,modularity,0.05,10,0.8663869416386083,0.0025821794901093823,0.017749676551625404,30
R1,N2Vp1q1,N2V,1.0,1.0,D4,modularity,0.1,10,0.8663869416386083,0.0025821794901093823,0.017749676551625404,29
R1,N2Vp1q1,N2V,1.0,1.0,D4,n_communities,0.05,10,20.5,1.2692955176439848,3.0,27
R1,N2Vp1q1,N2V,1.0,1.0,D4,n_communities,0.1,10,20.5,1.2692955176439848,3.0,27
R1,N2Vp1q1,N2V,1.0,1.0,D4,assortativity,0.05,10,-0.11028466506693638,0.01193500006907856,0.7607799631587608,6
R1,N2Vp1q1,N2V,1.0,1.0,D4,assortativity,0.1,10,-0.11028466506693638,0.01193500006907856,0.7607799631587608,3
R1,N2Vp1q1,N2V,1.0,1.0,D4,dyn_len_mean,0.05,10,3.1226203352357347,0.1469326587091408,1.2329142990697415,29
R1,N2Vp1q1,N2V,1.0,1.0,D4,dyn_len_mean,0.1,10,3.1226203352357347,0.1469326587091408,1.2329142990697415,28
R1,N2Vp1q1,N2V,1.0,1.0,D4,frac_rewired,0.05,10,0.10504,0.03235975552716333,0.12376000000000001,20
R1,N2Vp1q1,N2V,1.0,1.0,D4,frac_rewired,0.1,10,0.10504,0.03235975552716333,0.12376000000000001,20
R1,N2Vp1q1,N2V,1.0,1.0,D8,diameter,0.05,10,23.9,1.3703203194062974,74.1,20
R1,N2Vp1q1,N2V,1.0,1.0,D8,diameter,0.1,10,23.9,1.3703203194062974,74.1,15
R1,N2Vp1q1,N2V,1.0,1.0,D8,aspl,0.05,10,11.788079327731094,0.4258658966809336,21.545254005602242,21
R1,N2Vp1q1,N2V,1.0,1.0,D8,aspl,0.1,10,11.788079327731094,0.4258658966809336,21.545254005602242,13
R1,N2Vp1q1,N2V,1.0,1.0,D8,efficiency,0.05,10,0.11469460744104568,0.0033727289590039632,0.06821165563714937,27
R1,N2Vp1q1,N2V,1.0,1.0,D8,efficiency,0.1,10,0.11469460744104568,0.0033727289590039632,0.06821165563714937,23
R1,N2Vp1q1,N2V,1.0,1.0,D8,clustering,0.05,10,0.42682931761748283,0.0059394556848865795,0.42682931761748283,21
R1,N2Vp1q1,N2V,1.0,1.0,D8,clustering,0.1,10,0.42682931761748283,0.0059394556848865795,0.42682931761748283,15
R1,N2Vp1q1,N2V,1.0,1.0,D8,H_norm,0.05,10,0.23580374427095863,0.0024508532317481695,0.21511580147626874,21
R1,N2Vp1q1,N2V,1.0,1.0,D8,H_norm,0.1,10,0.23580374427095863,0.0024508532317481695,0.21511580147626874,2
R1,N2Vp1q1,N2V,1.0,1.0,D8,k_max,0.05,10,138.8,15.739546795677864,134.8,28
R1,N2Vp1q1,N2V,1.0,1.0,D8,k_max,0.1,10,138.8,15.739546795677864,134.8,26
R1,N2Vp1q1,N2V,1.0,1.0,D8,k_gini,0.05,10,0.20103793535353537,0.0034783518921555965,0.18219842514945367,25
R1,N2Vp1q1,N2V,1.0,1.0,D8,k_gini,0.1,10,0.20103793535353537,0.0034783518921555965,0.18219842514945367,22
R1,N2Vp1q1,N2V,1.0,1.0,D8,modularity,0.05,10,0.8641217263544536,0.0030939380495800515,0.015342700577332335,26
R1,N2Vp1q1,N2V,1.0,1.0,D8,modularity,0.1,10,0.8641217263544536,0.0030939380495800515,0.015342700577332335,26
R1,N2Vp1q1,N2V,1.0,1.0,D8,n_communities,0.05,10,20.9,1.1972189997378646,2.5,29
R1,N2Vp1q1,N2V,1.0,1.0,D8,n_communities,0.1,10,20.9,1.1972189997378646,2.5,29
R1,N2Vp1q1,N2V,1.0,1.0,D8,assortativity,0.05,10,-0.11119539111038404,0.006678600988829453,0.7616906892022085,6
R1,N2Vp1q1,N2V,1.0,1.0,D8,assortativity,0.1,10,-0.11119539111038404,0.006678600988829453,0.7616906892022085,3
R1,N2Vp1q1,N2V,1.0,1.0,D8,dyn_len_mean,0.05,10,2.8662472972958524,0.05100536301244515,0.9705281165544153,29
R1,N2Vp1q1,N2V,1.0,1.0,D8,dyn_len_mean,0.1,10,2.8662472972958524,0.05100536301244515,0.9705281165544153,27
R1,N2Vp1q1,N2V,1.0,1.0,D8,frac_rewired,0.05,10,0.09232,0.032579093500791786,0.11939999999999999,23
R1,N2Vp1q1,N2V,1.0,1.0,D8,frac_rewired,0.1,10,0.09232,0.032579093500791786,0.11939999999999999,22
R1,N2Vp1q2,N2V,1.0,2.0,D16,diameter,0.05,10,29.0,0.8164965809277259,69.0,17
R1,N2Vp1q2,N2V,1.0,2.0,D16,diameter,0.1,10,29.0,0.8164965809277259,69.0,8
R1,N2Vp1q2,N2V,1.0,2.0,D16,aspl,0.05,10,12.287166290516208,0.2003135538929357,21.046167042817128,20
R1,N2Vp1q2,N2V,1.0,2.0,D16,aspl,0.1,10,12.287166290516208,0.2003135538929357,21.046167042817128,12
R1,N2Vp1q2,N2V,1.0,2.0,D16,efficiency,0.05,10,0.10944388901673383,0.0013987530472592596,0.06296093721283752,25
R1,N2Vp1q2,N2V,1.0,2.0,D16,efficiency,0.1,10,0.10944388901673383,0.0013987530472592596,0.06296093721283752,21
R1,N2Vp1q2,N2V,1.0,2.0,D16,clustering,0.05,10,0.4302972878440333,0.002347252271751946,0.4302972878440333,19
R1,N2Vp1q2,N2V,1.0,2.0,D16,clustering,0.1,10,0.4302972878440333,0.002347252271751946,0.4302972878440333,11
R1,N2Vp1q2,N2V,1.0,2.0,D16,H_norm,0.05,10,0.22863105006358256,0.001337313075363899,0.22104810113043927,24
R1,N2Vp1q2,N2V,1.0,2.0,D16,H_norm,0.1,10,0.22863105006358256,0.001337313075363899,0.22104810113043927,18
R1,N2Vp1q2,N2V,1.0,2.0,D16,k_max,0.05,10,55.7,2.9832867780352594,51.7,24
R1,N2Vp1q2,N2V,1.0,2.0,D16,k_max,0.1,10,55.7,2.9832867780352594,51.7,18
R1,N2Vp1q2,N2V,1.0,2.0,D16,k_gini,0.05,10,0.21585760808080806,0.0013700372205403177,0.19701809787672636,24
R1,N2Vp1q2,N2V,1.0,2.0,D16,k_gini,0.1,10,0.21585760808080806,0.0013700372205403177,0.19701809787672636,20
R1,N2Vp1q2,N2V,1.0,2.0,D16,modularity,0.05,10,0.8769593561881441,0.003116557930093011,0.026418259351819073,28
R1,N2Vp1q2,N2V,1.0,2.0,D16,modularity,0.1,10,0.8769593561881441,0.003116557930093011,0.026418259351819073,26
R1,N2Vp1q2,N2V,1.0,2.0,D16,n_communities,0.05,10,23.0,1.0540925533894596,4.400000000000002,30
R1,N2Vp1q2,N2V,1.0,2.0,D16,n_communities,0.1,10,23.0,1.0540925533894596,4.400000000000002,30
R1,N2Vp1q2,N2V,1.0,2.0,D16,assortativity,0.05,10,-0.18459263998157227,0.006219713818233144,0.8350879380733968,17
R1,N2Vp1q2,N2V,1.0,2.0,D16,assortativity,0.1,10,-0.18459263998157227,0.006219713818233144,0.8350879380733968,8
R1,N2Vp1q2,N2V,1.0,2.0,D16,dyn_len_mean,0.05,10,2.479064058858035,0.01598241670039991,0.6176333753201761,28
R1,N2Vp1q2,N2V,1.0,2.0,D16,dyn_len_mean,0.1,10,2.479064058858035,0.01598241670039991,0.6176333753201761,25
R1,N2Vp1q2,N2V,1.0,2.0,D16,frac_rewired,0.05,10,0.15816,0.015584835934687,0.1822,26
R1,N2Vp1q2,N2V,1.0,2.0,D16,frac_rewired,0.1,10,0.15816,0.015584835934687,0.1822,16
R1,N2Vp1q2,N2V,1.0,2.0,D2,diameter,0.05,10,22.4,1.1737877907772674,75.6,19
R1,N2Vp1q2,N2V,1.0,2.0,D2,diameter,0.1,10,22.4,1.1737877907772674,75.6,13
R1,N2Vp1q2,N2V,1.0,2.0,D2,aspl,0.05,10,10.493883697478992,0.42617616184630447,22.839449635854344,22
R1,N2Vp1q2,N2V,1.0,2.0,D2,aspl,0.1,10,10.493883697478992,0.42617616184630447,22.839449635854344,16
R1,N2Vp1q2,N2V,1.0,2.0,D2,efficiency,0.05,10,0.12741517942323888,0.005084220491824681,0.08093222761934257,27
R1,N2Vp1q2,N2V,1.0,2.0,D2,efficiency,0.1,10,0.12741517942323888,0.005084220491824681,0.08093222761934257,24
R1,N2Vp1q2,N2V,1.0,2.0,D2,clustering,0.05,10,0.4494672052373415,0.008861337103141251,0.4494672052373415,22
R1,N2Vp1q2,N2V,1.0,2.0,D2,clustering,0.1,10,0.4494672052373415,0.008861337103141251,0.4494672052373415,16
R1,N2Vp1q2,N2V,1.0,2.0,D2,H_norm,0.05,10,0.21147141124360386,0.003931386581318403,0.21838885956798587,26
R1,N2Vp1q2,N2V,1.0,2.0,D2,H_norm,0.1,10,0.21147141124360386,0.003931386581318403,0.21838885956798587,22
R1,N2Vp1q2,N2V,1.0,2.0,D2,k_max,0.05,10,174.1,49.192253229322375,170.1,27
R1,N2Vp1q2,N2V,1.0,2.0,D2,k_max,0.1,10,174.1,49.192253229322375,170.1,26
R1,N2Vp1q2,N2V,1.0,2.0,D2,k_gini,0.05,10,0.227359503030303,0.002444682944653297,0.2085199928262213,25
R1,N2Vp1q2,N2V,1.0,2.0,D2,k_gini,0.1,10,0.227359503030303,0.002444682944653297,0.2085199928262213,21
R1,N2Vp1q2,N2V,1.0,2.0,D2,modularity,0.05,10,0.8760620258136924,0.0029847003782441303,0.027564719081593303,29
R1,N2Vp1q2,N2V,1.0,2.0,D2,modularity,0.1,10,0.8760620258136924,0.0029847003782441303,0.027564719081593303,26
R1,N2Vp1q2,N2V,1.0,2.0,D2,n_communities,0.05,10,22.4,0.9660917830792963,3.8999999999999986,30
R1,N2Vp1q2,N2V,1.0,2.0,D2,n_communities,0.1,10,22.4,0.9660917830792963,3.8999999999999986,30
R1,N2Vp1q2,N2V,1.0,2.0,D2,assortativity,0.05,10,-0.1358180304977874,0.015072026386050742,0.7863133285896119,10
R1,N2Vp1q2,N2V,1.0,2.0,D2,assortativity,0.1,10,-0.1358180304977874,0.015072026386050742,0.7863133285896119,4
R1,N2Vp1q2,N2V,1.0,2.0,D2,dyn_len_mean,0.05,10,3.402962847614017,0.21437928043934512,1.5109112879199558,29
R1,N2Vp1q2,N2V,1.0,2.0,D2,dyn_len_mean,0.1,10,3.402962847614017,0.21437928043934512,1.5109112879199558,28
R1,N2Vp1q2,N2V,1.0,2.0,D2,frac_rewired,0.05,10,0.16108,0.046931837097362095,0.18456,19
R1,N2Vp1q2,N2V,1.0,2.0,D2,frac_rewired,0.1,10,0.16108,0.046931837097362095,0.18456,16
R1,N2Vp1q2,N2V,1.0,2.0,D4,diameter,0.05,10,22.2,1.3984117975602017,75.8,20
R1,N2Vp1q2,N2V,1.0,2.0,D4,diameter,0.1,10,22.2,1.3984117975602017,75.8,14
R1,N2Vp1q2,N2V,1.0,2.0,D4,aspl,0.05,10,10.470167875150059,0.31265604033018435,22.863165458183275,23
R1,N2Vp1q2,N2V,1.0,2.0,D4,aspl,0.1,10,10.470167875150059,0.31265604033018435,22.863165458183275,17
R1,N2Vp1q2,N2V,1.0,2.0,D4,efficiency,0.05,10,0.1268464817967426,0.003381201688511306,0.0803635299928463,28
R1,N2Vp1q2,N2V,1.0,2.0,D4,efficiency,0.1,10,0.1268464817967426,0.003381201688511306,0.0803635299928463,25
R1,N2Vp1q2,N2V,1.0,2.0,D4,clustering,0.05,10,0.4476566208171426,0.009544151238181062,0.4476566208171426,23
R1,N2Vp1q2,N2V,1.0,2.0,D4,clustering,0.1,10,0.4476566208171426,0.009544151238181062,0.4476566208171426,16
R1,N2Vp1q2,N2V,1.0,2.0,D4,H_norm,0.05,10,0.21330563558413235,0.0045539344948654584,0.21839642522342784,26
R1,N2Vp1q2,N2V,1.0,2.0,D4,H_norm,0.1,10,0.21330563558413235,0.0045539344948654584,0.21839642522342784,22
R1,N2Vp1q2,N2V,1.0,2.0,D4,k_max,0.05,10,177.0,33.75072015692571,173.0,28
R1,N2Vp1q2,N2V,1.0,2.0,D4,k_max,0.1,10,177.0,33.75072015692571,173.0,27
R1,N2Vp1q2,N2V,1.0,2.0,D4,k_gini,0.05,10,0.22633300606060605,0.00262852319862273,0.20749349585652435,25
R1,N2Vp1q2,N2V,1.0,2.0,D4,k_gini,0.1,10,0.22633300606060605,0.00262852319862273,0.20749349585652435,21
R1,N2Vp1q2,N2V,1.0,2.0,D4,modularity,0.05,10,0.8757487021732476,0.0017970362707902356,0.027189905236884804,28
R1,N2Vp1q2,N2V,1.0,2.0,D4,modularity,0.1,10,0.8757487021732476,0.0017970362707902356,0.027189905236884804,26
R1,N2Vp1q2,N2V,1.0,2.0,D4,n_communities,0.05,10,22.4,1.837873166945363,3.6999999999999993,30
R1,N2Vp1q2,N2V,1.0,2.0,D4,n_communities,0.1,10,22.4,1.837873166945363,3.6999999999999993,30
R1,N2Vp1q2,N2V,1.0,2.0,D4,assortativity,0.05,10,-0.1301693067024549,0.016334580438108606,0.7806646047942793,7
R1,N2Vp1q2,N2V,1.0,2.0,D4,assortativity,0.1,10,-0.1301693067024549,0.016334580438108606,0.7806646047942793,3
R1,N2Vp1q2,N2V,1.0,2.0,D4,dyn_len_mean,0.05,10,3.3666410004180136,0.15257243756809935,1.4703945103011271,29
R1,N2Vp1q2,N2V,1.0,2.0,D4,dyn_len_mean,0.1,10,3.3666410004180136,0.15257243756809935,1.4703945103011271,28
R1,N2Vp1q2,N2V,1.0,2.0,D4,frac_rewired,0.05,10,0.16032,0.041188477353097996,0.17848,23
R1,N2Vp1q2,N2V,1.0,2.0,D4,frac_rewired,0.1,10,0.16032,0.041188477353097996,0.17848,19
R1,N2Vp1q2,N2V,1.0,2.0,D8,diameter,0.05,10,22.1,1.523883926754995,75.9,19
R1,N2Vp1q2,N2V,1.0,2.0,D8,diameter,0.1,10,22.1,1.523883926754995,75.9,14
R1,N2Vp1q2,N2V,1.0,2.0,D8,aspl,0.05,10,10.567532805122049,0.38657185747773826,22.765800528211287,22
R1,N2Vp1q2,N2V,1.0,2.0,D8,aspl,0.1,10,10.567532805122049,0.38657185747773826,22.765800528211287,16
R1,N2Vp1q2,N2V,1.0,2.0,D8,efficiency,0.05,10,0.12573698811182715,0.003672342947742126,0.07925403630793085,27
R1,N2Vp1q2,N2V,1.0,2.0,D8,efficiency,0.1,10,0.12573698811182715,0.003672342947742126,0.07925403630793085,24
R1,N2Vp1q2,N2V,1.0,2.0,D8,clustering,0.05,10,0.44744902994546926,0.008517369887322398,0.44744902994546926,22
R1,N2Vp1q2,N2V,1.0,2.0,D8,clustering,0.1,10,0.44744902994546926,0.008517369887322398,0.44744902994546926,16
R1,N2Vp1q2,N2V,1.0,2.0,D8,H_norm,0.05,10,0.21405785001155425,0.0039292147321836265,0.2185980797678912,26
R1,N2Vp1q2,N2V,1.0,2.0,D8,H_norm,0.1,10,0.21405785001155425,0.0039292147321836265,0.2185980797678912,21
R1,N2Vp1q2,N2V,1.0,2.0,D8,k_max,0.05,10,138.4,19.738287666360524,134.4,28
R1,N2Vp1q2,N2V,1.0,2.0,D8,k_max,0.1,10,138.4,19.738287666360524,134.4,25
R1,N2Vp1q2,N2V,1.0,2.0,D8,k_gini,0.05,10,0.2247845939393939,0.0026014456390723623,0.2059450837353122,25
R1,N2Vp1q2,N2V,1.0,2.0,D8,k_gini,0.1,10,0.2247845939393939,0.0026014456390723623,0.2059450837353122,21
R1,N2Vp1q2,N2V,1.0,2.0,D8,modularity,0.05,10,0.8752721905927967,0.0025142045739213366,0.02624164585625377,30
R1,N2Vp1q2,N2V,1.0,2.0,D8,modularity,0.1,10,0.8752721905927967,0.0025142045739213366,0.02624164585625377,26
R1,N2Vp1q2,N2V,1.0,2.0,D8,n_communities,0.05,10,22.3,1.3374935098492584,3.599999999999998,26
R1,N2Vp1q2,N2V,1.0,2.0,D8,n_communities,0.1,10,22.3,1.3374935098492584,3.599999999999998,26
R1,N2Vp1q2,N2V,1.0,2.0,D8,assortativity,0.05,10,-0.14613144053747337,0.009243577907656075,0.7966267386292979,16
R1,N2Vp1q2,N2V,1.0,2.0,D8,assortativity,0.1,10,-0.14613144053747337,0.009243577907656075,0.7966267386292979,5
R1,N2Vp1q2,N2V,1.0,2.0,D8,dyn_len_mean,0.05,10,3.18718582781809,0.06964334069246471,1.2988077422577329,29
R1,N2Vp1q2,N2V,1.0,2.0,D8,dyn_len_mean,0.1,10,3.18718582781809,0.06964334069246471,1.2988077422577329,27
R1,N2Vp1q2,N2V,1.0,2.0,D8,frac_rewired,0.05,10,0.14523999999999998,0.04140915626068978,0.1772,23
R1,N2Vp1q2,N2V,1.0,2.0,D8,frac_rewired,0.1,10,0.14523999999999998,0.04140915626068978,0.1772,20
R1,N2Vp2q0_25,N2V,2.0,0.25,D16,diameter,0.05,10,34.7,0.6749485577105534,63.3,3
R1,N2Vp2q0_25,N2V,2.0,0.25,D16,diameter,0.1,10,34.7,0.6749485577105534,63.3,1
R1,N2Vp2q0_25,N2V,2.0,0.25,D16,aspl,0.05,10,14.55226586634654,0.056855409317218816,18.781067466986798,2
R1,N2Vp2q0_25,N2V,2.0,0.25,D16,aspl,0.1,10,14.55226586634654,0.056855409317218816,18.781067466986798,1
R1,N2Vp2q0_25,N2V,2.0,0.25,D16,efficiency,0.05,10,0.09500360310735276,0.0003535675011860842,0.04852065130345646,11
R1,N2Vp2q0_25,N2V,2.0,0.25,D16,efficiency,0.1,10,0.09500360310735276,0.0003535675011860842,0.04852065130345646,2
R1,N2Vp2q0_25,N2V,2.0,0.25,D16,clustering,0.05,10,0.3881251520912891,0.0025329979569355047,0.3881251520912891,2
R1,N2Vp2q0_25,N2V,2.0,0.25,D16,clustering,0.1,10,0.3881251520912891,0.0025329979569355047,0.3881251520912891,1
R1,N2Vp2q0_25,N2V,2.0,0.25,D16,H_norm,0.05,10,0.25299973270268306,0.0012242779797588545,0.21687148833935765,9
R1,N2Vp2q0_25,N2V,2.0,0.25,D16,H_norm,0.1,10,0.25299973270268306,0.0012242779797588545,0.21687148833935765,3
R1,N2Vp2q0_25,N2V,2.0,0.25,D16,k_max,0.05,10,45.8,3.326659986633239,41.8,24
R1,N2Vp2q0_25,N2V,2.0,0.25,D16,k_max,0.1,10,45.8,3.326659986633239,41.8,20
R1,N2Vp2q0_25,N2V,2.0,0.25,D16,k_gini,0.05,10,0.15308944646464653,0.0019336786840691862,0.13424993626056483,25
R1,N2Vp2q0_25,N2V,2.0,0.25,D16,k_gini,0.1,10,0.15308944646464653,0.0019336786840691862,0.13424993626056483,20
R1,N2Vp2q0_25,N2V,2.0,0.25,D16,modularity,0.05,10,0.8566501137639018,0.002401476720094119,0.015024185248023625,30
R1,N2Vp2q0_25,N2V,2.0,0.25,D16,modularity,0.1,10,0.8566501137639018,0.002401476720094119,0.015024185248023625,26
R1,N2Vp2q0_25,N2V,2.0,0.25,D16,n_communities,0.05,10,20.0,0.9428090415820632,2.8000000000000007,29
R1,N2Vp2q0_25,N2V,2.0,0.25,D16,n_communities,0.1,10,20.0,0.9428090415820632,2.8000000000000007,29
R1,N2Vp2q0_25,N2V,2.0,0.25,D16,assortativity,0.05,10,-0.09924769168532277,0.00567982457030319,0.7497429897771473,7
R1,N2Vp2q0_25,N2V,2.0,0.25,D16,assortativity,0.1,10,-0.09924769168532277,0.00567982457030319,0.7497429897771473,3
R1,N2Vp2q0_25,N2V,2.0,0.25,D16,dyn_len_mean,0.05,10,2.1167770778525057,0.010795319172767114,0.25215855952739696,28
R1,N2Vp2q0_25,N2V,2.0,0.25,D16,dyn_len_mean,0.1,10,2.1167770778525057,0.010795319172767114,0.25215855952739696,26
R1,N2Vp2q0_25,N2V,2.0,0.25,D16,frac_rewired,0.05,10,0.07348,0.005897042573282905,0.07348,30
R1,N2Vp2q0_25,N2V,2.0,0.25,D16,frac_rewired,0.1,10,0.07348,0.005897042573282905,0.07348,14
R1,N2Vp2q0_25,N2V,2.0,0.25,D2,diameter,0.05,10,29.1,0.9944289260117529,68.9,17
R1,N2Vp2q0_25,N2V,2.0,0.25,D2,diameter,0.1,10,29.1,0.9944289260117529,68.9,2
R1,N2Vp2q0_25,N2V,2.0,0.25,D2,aspl,0.05,10,13.324613813525412,0.33936216789798873,20.008719519807926,6
R1,N2Vp2q0_25,N2V,2.0,0.25,D2,aspl,0.1,10,13.324613813525412,0.33936216789798873,20.008719519807926,1
R1,N2Vp2q0_25,N2V,2.0,0.25,D2,efficiency,0.05,10,0.10269259022325791,0.0025652000335280615,0.056209638419361614,25
R1,N2Vp2q0_25,N2V,2.0,0.25,D2,efficiency,0.1,10,0.10269259022325791,0.0025652000335280615,0.056209638419361614,17
R1,N2Vp2q0_25,N2V,2.0,0.25,D2,clustering,0.05,10,0.39168774373041587,0.00756395138571057,0.39168774373041587,15
R1,N2Vp2q0_25,N2V,2.0,0.25,D2,clustering,0.1,10,0.39168774373041587,0.00756395138571057,0.39168774373041587,1
R1,N2Vp2q0_25,N2V,2.0,0.25,D2,H_norm,0.05,10,0.2472241239645502,0.0019449737762810948,0.21182662996915175,6
R1,N2Vp2q0_25,N2V,2.0,0.25,D2,H_norm,0.1,10,0.2472241239645502,0.0019449737762810948,0.21182662996915175,2
R1,N2Vp2q0_25,N2V,2.0,0.25,D2,k_max,0.05,10,118.3,32.99511748392143,114.3,28
R1,N2Vp2q0_25,N2V,2.0,0.25,D2,k_max,0.1,10,118.3,32.99511748392143,114.3,28
R1,N2Vp2q0_25,N2V,2.0,0.25,D2,k_gini,0.05,10,0.1600204888888889,0.005162425768435201,0.1411809786848072,27
R1,N2Vp2q0_25,N2V,2.0,0.25,D2,k_gini,0.1,10,0.1600204888888889,0.005162425768435201,0.1411809786848072,23
R1,N2Vp2q0_25,N2V,2.0,0.25,D2,modularity,0.05,10,0.8541249903071115,0.0017539407364041333,0.015433828665474825,26
R1,N2Vp2q0_25,N2V,2.0,0.25,D2,modularity,0.1,10,0.8541249903071115,0.0017539407364041333,0.015433828665474825,18
R1,N2Vp2q0_25,N2V,2.0,0.25,D2,n_communities,0.05,10,19.8,0.9189365834726815,3.1000000000000014,29
R1,N2Vp2q0_25,N2V,2.0,0.25,D2,n_communities,0.1,10,19.8,0.9189365834726815,3.1000000000000014,29
R1,N2Vp2q0_25,N2V,2.0,0.25,D2,assortativity,0.05,10,-0.06992629269596899,0.007575110477640184,0.7252246503219829,4
R1,N2Vp2q0_25,N2V,2.0,0.25,D2,assortativity,0.1,10,-0.06992629269596899,0.007575110477640184,0.7252246503219829,2
R1,N2Vp2q0_25,N2V,2.0,0.25,D2,dyn_len_mean,0.05,10,2.390425448135549,0.10718117757634545,0.4982121314845991,29
R1,N2Vp2q0_25,N2V,2.0,0.25,D2,dyn_len_mean,0.1,10,2.390425448135549,0.10718117757634545,0.4982121314845991,29
R1,N2Vp2q0_25,N2V,2.0,0.25,D2,frac_rewired,0.05,10,0.07072,0.012298220286782244,0.07432,22
R1,N2Vp2q0_25,N2V,2.0,0.25,D2,frac_rewired,0.1,10,0.07072,0.012298220286782244,0.07432,15
R1,N2Vp2q0_25,N2V,2.0,0.25,D4,diameter,0.05,10,28.2,1.6193277068654823,69.8,22
R1,N2Vp2q0_25,N2V,2.0,0.25,D4,diameter,0.1,10,28.2,1.6193277068654823,69.8,7
R1,N2Vp2q0_25,N2V,2.0,0.25,D4,aspl,0.05,10,13.168096518607442,0.2909541677425414,20.165236814725894,14
R1,N2Vp2q0_25,N2V,2.0,0.25,D4,aspl,0.1,10,13.168096518607442,0.2909541677425414,20.165236814725894,2
R1,N2Vp2q0_25,N2V,2.0,0.25,D4,efficiency,0.05,10,0.10411195472755966,0.002419412930427542,0.05762900292366336,26
R1,N2Vp2q0_25,N2V,2.0,0.25,D4,efficiency,0.1,10,0.10411195472755966,0.002419412930427542,0.05762900292366336,19
R1,N2Vp2q0_25,N2V,2.0,0.25,D4,clustering,0.05,10,0.39779947849469466,0.00587292196935047,0.39779947849469466,18
R1,N2Vp2q0_25,N2V,2.0,0.25,D4,clustering,0.1,10,0.39779947849469466,0.00587292196935047,0.39779947849469466,1
R1,N2Vp2q0_25,N2V,2.0,0.25,D4,H_norm,0.05,10,0.24549969136391678,0.0029110758483378574,0.21066727857437303,5
R1,N2Vp2q0_25,N2V,2.0,0.25,D4,H_norm,0.1,10,0.24549969136391678,0.0029110758483378574,0.21066727857437303,2
R1,N2Vp2q0_25,N2V,2.0,0.25,D4,k_max,0.05,10,137.4,43.2285913616337,133.4,28
R1,N2Vp2q0_25,N2V,2.0,0.25,D4,k_max,0.1,10,137.4,43.2285913616337,133.4,28
R1,N2Vp2q0_25,N2V,2.0,0.25,D4,k_gini,0.05,10,0.16447513939393937,0.006122958075012395,0.14563562918985767,27
R1,N2Vp2q0_25,N2V,2.0,0.25,D4,k_gini,0.1,10,0.16447513939393937,0.006122958075012395,0.14563562918985767,23
R1,N2Vp2q0_25,N2V,2.0,0.25,D4,modularity,0.05,10,0.854028770023467,0.001811598813324368,0.015925206116859547,29
R1,N2Vp2q0_25,N2V,2.0,0.25,D4,modularity,0.1,10,0.854028770023467,0.001811598813324368,0.015925206116859547,22
R1,N2Vp2q0_25,N2V,2.0,0.25,D4,n_communities,0.05,10,19.2,1.2292725943057183,3.200000000000003,29
R1,N2Vp2q0_25,N2V,2.0,0.25,D4,n_communities,0.1,10,19.2,1.2292725943057183,3.200000000000003,29
R1,N2Vp2q0_25,N2V,2.0,0.25,D4,assortativity,0.05,10,-0.07096355266289305,0.007681064303105738,0.7214588507547175,4
R1,N2Vp2q0_25,N2V,2.0,0.25,D4,assortativity,0.1,10,-0.07096355266289305,0.007681064303105738,0.7214588507547175,2
R1,N2Vp2q0_25,N2V,2.0,0.25,D4,dyn_len_mean,0.05,10,2.5074737309775954,0.16683737350208427,0.6162537598154805,29
R1,N2Vp2q0_25,N2V,2.0,0.25,D4,dyn_len_mean,0.1,10,2.5074737309775954,0.16683737350208427,0.6162537598154805,29
R1,N2Vp2q0_25,N2V,2.0,0.25,D4,frac_rewired,0.05,10,0.06636,0.012721215874802743,0.06864,13
R1,N2Vp2q0_25,N2V,2.0,0.25,D4,frac_rewired,0.1,10,0.06636,0.012721215874802743,0.06864,11
R1,N2Vp2q0_25,N2V,2.0,0.25,D8,diameter,0.05,10,29.8,0.9189365834726815,68.2,16
R1,N2Vp2q0_25,N2V,2.0,0.25,D8,diameter,0.1,10,29.8,0.9189365834726815,68.2,2
R1,N2Vp2q0_25,N2V,2.0,0.25,D8,aspl,0.05,10,13.498652709083633,0.2051123565548833,19.834680624249703,2
R1,N2Vp2q0_25,N2V,2.0,0.25,D8,aspl,0.1,10,13.498652709083633,0.2051123565548833,19.834680624249703,1
R1,N2Vp2q0_25,N2V,2.0,0.25,D8,efficiency,0.05,10,0.1014797748573871,0.0012767190955919486,0.0549968230534908,23
R1,N2Vp2q0_25,N2V,2.0,0.25,D8,efficiency,0.1,10,0.1014797748573871,0.0012767190955919486,0.0549968230534908,12
R1,N2Vp2q0_25,N2V,2.0,0.25,D8,clustering,0.05,10,0.3920358706716451,0.0029837387131368344,0.3920358706716451,14
R1,N2Vp2q0_25,N2V,2.0,0.25,D8,clustering,0.1,10,0.3920358706716451,0.0029837387131368344,0.3920358706716451,1
R1,N2Vp2q0_25,N2V,2.0,0.25,D8,H_norm,0.05,10,0.2473166115305133,0.0011942216711247466,0.21223179349747673,6
R1,N2Vp2q0_25,N2V,2.0,0.25,D8,H_norm,0.1,10,0.2473166115305133,0.0011942216711247466,0.21223179349747673,2
R1,N2Vp2q0_25,N2V,2.0,0.25,D8,k_max,0.05,10,102.1,16.305759037155486,98.1,28
R1,N2Vp2q0_25,N2V,2.0,0.25,D8,k_max,0.1,10,102.1,16.305759037155486,98.1,27
R1,N2Vp2q0_25,N2V,2.0,0.25,D8,k_gini,0.05,10,0.16073202020202024,0.003701462804773789,0.14189250999793854,27
R1,N2Vp2q0_25,N2V,2.0,0.25,D8,k_gini,0.1,10,0.16073202020202024,0.003701462804773789,0.14189250999793854,23
R1,N2Vp2q0_25,N2V,2.0,0.25,D8,modularity,0.05,10,0.855828649117437,0.0018401251581199377,0.015753784780988767,27
R1,N2Vp2q0_25,N2V,2.0,0.25,D8,modularity,0.1,10,0.855828649117437,0.0018401251581199377,0.015753784780988767,24
R1,N2Vp2q0_25,N2V,2.0,0.25,D8,n_communities,0.05,10,20.0,0.9428090415820634,2.900000000000002,28
R1,N2Vp2q0_25,N2V,2.0,0.25,D8,n_communities,0.1,10,20.0,0.9428090415820634,2.900000000000002,28
R1,N2Vp2q0_25,N2V,2.0,0.25,D8,assortativity,0.05,10,-0.0740800134611489,0.006991088473275897,0.7255895713383955,4
R1,N2Vp2q0_25,N2V,2.0,0.25,D8,assortativity,0.1,10,-0.0740800134611489,0.006991088473275897,0.7255895713383955,2
R1,N2Vp2q0_25,N2V,2.0,0.25,D8,dyn_len_mean,0.05,10,2.375271523132859,0.05103696959217134,0.4855854069919525,30
R1,N2Vp2q0_25,N2V,2.0,0.25,D8,dyn_len_mean,0.1,10,2.375271523132859,0.05103696959217134,0.4855854069919525,28
R1,N2Vp2q0_25,N2V,2.0,0.25,D8,frac_rewired,0.05,10,0.08016,0.015228277789837054,0.08016,27
R1,N2Vp2q0_25,N2V,2.0,0.25,D8,frac_rewired,0.1,10,0.08016,0.015228277789837054,0.08016,24
R1,N2Vp2q0_5,N2V,2.0,0.5,D16,diameter,0.05,10,33.0,0.9428090415820636,65.0,11
R1,N2Vp2q0_5,N2V,2.0,0.5,D16,diameter,0.1,10,33.0,0.9428090415820636,65.0,2
R1,N2Vp2q0_5,N2V,2.0,0.5,D16,aspl,0.05,10,14.155740728291317,0.139425637201263,19.17759260504202,3
R1,N2Vp2q0_5,N2V,2.0,0.5,D16,aspl,0.1,10,14.155740728291317,0.139425637201263,19.17759260504202,1
R1,N2Vp2q0_5,N2V,2.0,0.5,D16,efficiency,0.05,10,0.09747638247972393,0.0006579523920546505,0.05099343067582763,20
R1,N2Vp2q0_5,N2V,2.0,0.5,D16,efficiency,0.1,10,0.09747638247972393,0.0006579523920546505,0.05099343067582763,8
R1,N2Vp2q0_5,N2V,2.0,0.5,D16,clustering,0.05,10,0.4008428083302869,0.0020732265277780596,0.4008428083302869,15
R1,N2Vp2q0_5,N2V,2.0,0.5,D16,clustering,0.1,10,0.4008428083302869,0.0020732265277780596,0.4008428083302869,1
R1,N2Vp2q0_5,N2V,2.0,0.5,D16,H_norm,0.05,10,0.2525408689770125,0.0008458880769170749,0.21688790544197262,7
R1,N2Vp2q0_5,N2V,2.0,0.5,D16,H_norm,0.1,10,0.2525408689770125,0.0008458880769170749,0.21688790544197262,3
R1,N2Vp2q0_5,N2V,2.0,0.5,D16,k_max,0.05,10,49.3,3.7431418769679454,46.0,23
R1,N2Vp2q0_5,N2V,2.0,0.5,D16,k_max,0.1,10,49.3,3.7431418769679454,46.0,20
R1,N2Vp2q0_5,N2V,2.0,0.5,D16,k_gini,0.05,10,0.16965580606060607,0.002625875840622609,0.15081629585652437,26
R1,N2Vp2q0_5,N2V,2.0,0.5,D16,k_gini,0.1,10,0.16965580606060607,0.002625875840622609,0.15081629585652437,21
R1,N2Vp2q0_5,N2V,2.0,0.5,D16,modularity,0.05,10,0.8598134185287216,0.0017415152057799273,0.013731977737179268,29
R1,N2Vp2q0_5,N2V,2.0,0.5,D16,modularity,0.1,10,0.8598134185287216,0.0017415152057799273,0.013731977737179268,27
R1,N2Vp2q0_5,N2V,2.0,0.5,D16,n_communities,0.05,10,20.5,1.1785113019775793,2.5,29
R1,N2Vp2q0_5,N2V,2.0,0.5,D16,n_communities,0.1,10,20.5,1.1785113019775793,2.5,29
R1,N2Vp2q0_5,N2V,2.0,0.5,D16,assortativity,0.05,10,-0.11618651428442292,0.00558457352672201,0.7666818123762474,9
R1,N2Vp2q0_5,N2V,2.0,0.5,D16,assortativity,0.1,10,-0.11618651428442292,0.00558457352672201,0.7666818123762474,4
R1,N2Vp2q0_5,N2V,2.0,0.5,D16,dyn_len_mean,0.05,10,2.19199245136688,0.011890910991773992,0.3271504119275339,28
R1,N2Vp2q0_5,N2V,2.0,0.5,D16,dyn_len_mean,0.1,10,2.19199245136688,0.011890910991773992,0.3271504119275339,26
R1,N2Vp2q0_5,N2V,2.0,0.5,D16,frac_rewired,0.05,10,0.08216,0.005846024290062433,0.08476,29
R1,N2Vp2q0_5,N2V,2.0,0.5,D16,frac_rewired,0.1,10,0.08216,0.005846024290062433,0.08476,5
R1,N2Vp2q0_5,N2V,2.0,0.5,D2,diameter,0.05,10,25.1,0.994428926011753,72.9,23
R1,N2Vp2q0_5,N2V,2.0,0.5,D2,diameter,0.1,10,25.1,0.994428926011753,72.9,15
R1,N2Vp2q0_5,N2V,2.0,0.5,D2,aspl,0.05,10,12.246686546618648,0.2823091570362758,21.086646786714688,22
R1,N2Vp2q0_5,N2V,2.0,0.5,D2,aspl,0.1,10,12.246686546618648,0.2823091570362758,21.086646786714688,5
R1,N2Vp2q0_5,N2V,2.0,0.5,D2,efficiency,0.05,10,0.11115781580539415,0.0023257607543104423,0.06467486400149786,27
R1,N2Vp2q0_5,N2V,2.0,0.5,D2,efficiency,0.1,10,0.11115781580539415,0.0023257607543104423,0.06467486400149786,24
R1,N2Vp2q0_5,N2V,2.0,0.5,D2,clustering,0.05,10,0.4150447785308158,0.007984708770249307,0.4150447785308158,23
R1,N2Vp2q0_5,N2V,2.0,0.5,D2,clustering,0.1,10,0.4150447785308158,0.007984708770249307,0.4150447785308158,13
R1,N2Vp2q0_5,N2V,2.0,0.5,D2,H_norm,0.05,10,0.24074418742865683,0.00278887872458818,0.21193988155942384,2
R1,N2Vp2q0_5,N2V,2.0,0.5,D2,H_norm,0.1,10,0.24074418742865683,0.00278887872458818,0.21193988155942384,2
R1,N2Vp2q0_5,N2V,2.0,0.5,D2,k_max,0.05,10,161.4,29.68800730560705,157.4,29
R1,N2Vp2q0_5,N2V,2.0,0.5,D2,k_max,0.1,10,161.4,29.68800730560705,157.4,28
R1,N2Vp2q0_5,N2V,2.0,0.5,D2,k_gini,0.05,10,0.183459498989899,0.004875741734970839,0.1646199887858173,27
R1,N2Vp2q0_5,N2V,2.0,0.5,D2,k_gini,0.1,10,0.183459498989899,0.004875741734970839,0.1646199887858173,24
R1,N2Vp2q0_5,N2V,2.0,0.5,D2,modularity,0.05,10,0.8577255800428528,0.002424348228925725,0.015590554577757598,28
R1,N2Vp2q0_5,N2V,2.0,0.5,D2,modularity,0.1,10,0.8577255800428528,0.002424348228925725,0.015590554577757598,24
R1,N2Vp2q0_5,N2V,2.0,0.5,D2,n_communities,0.05,10,20.5,0.7071067811865479,3.0,30
R1,N2Vp2q0_5,N2V,2.0,0.5,D2,n_communities,0.1,10,20.5,0.7071067811865479,3.0,30
R1,N2Vp2q0_5,N2V,2.0,0.5,D2,assortativity,0.05,10,-0.0848118363879008,0.00875529922067364,0.7353071344797253,5
R1,N2Vp2q0_5,N2V,2.0,0.5,D2,assortativity,0.1,10,-0.0848118363879008,0.00875529922067364,0.7353071344797253,2
R1,N2Vp2q0_5,N2V,2.0,0.5,D2,dyn_len_mean,0.05,10,2.834373970869391,0.1474525209053996,0.9405285119867814,30
R1,N2Vp2q0_5,N2V,2.0,0.5,D2,dyn_len_mean,0.1,10,2.834373970869391,0.1474525209053996,0.9405285119867814,29
R1,N2Vp2q0_5,N2V,2.0,0.5,D2,frac_rewired,0.05,10,0.066,0.015153144154853731,0.08152000000000001,29
R1,N2Vp2q0_5,N2V,2.0,0.5,D2,frac_rewired,0.1,10,0.066,0.015153144154853731,0.08152000000000001,25
R1,N2Vp2q0_5,N2V,2.0,0.5,D4,diameter,0.05,10,25.3,0.8232726023485645,72.7,23
R1,N2Vp2q0_5,N2V,2.0,0.5,D4,diameter,0.1,10,25.3,0.8232726023485645,72.7,16
R1,N2Vp2q0_5,N2V,2.0,0.5,D4,aspl,0.05,10,12.435403025210084,0.3537087636590261,20.89793030812325,22
R1,N2Vp2q0_5,N2V,2.0,0.5,D4,aspl,0.1,10,12.435403025210084,0.3537087636590261,20.89793030812325,2
R1,N2Vp2q0_5,N2V,2.0,0.5,D4,efficiency,0.05,10,0.10976777956232305,0.0034389678767662297,0.06328482775842675,27
R1,N2Vp2q0_5,N2V,2.0,0.5,D4,efficiency,0.1,10,0.10976777956232305,0.0034389678767662297,0.06328482775842675,24
R1,N2Vp2q0_5,N2V,2.0,0.5,D4,clustering,0.05,10,0.41146577039527077,0.006829929351841715,0.41146577039527077,22
R1,N2Vp2q0_5,N2V,2.0,0.5,D4,clustering,0.1,10,0.41146577039527077,0.006829929351841715,0.41146577039527077,11
R1,N2Vp2q0_5,N2V,2.0,0.5,D4,H_norm,0.05,10,0.24246861287274682,0.002084262229099467,0.21288746119732893,3
R1,N2Vp2q0_5,N2V,2.0,0.5,D4,H_norm,0.1,10,0.24246861287274682,0.002084262229099467,0.21288746119732893,2
R1,N2Vp2q0_5,N2V,2.0,0.5,D4,k_max,0.05,10,156.1,47.62224036915712,152.1,28
R1,N2Vp2q0_5,N2V,2.0,0.5,D4,k_max,0.1,10,156.1,47.62224036915712,152.1,28
R1,N2Vp2q0_5,N2V,2.0,0.5,D4,k_gini,0.05,10,0.18125346262626268,0.003922634948829823,0.16241395242218098,27
R1,N2Vp2q0_5,N2V,2.0,0.5,D4,k_gini,0.1,10,0.18125346262626268,0.003922634948829823,0.16241395242218098,24
R1,N2Vp2q0_5,N2V,2.0,0.5,D4,modularity,0.05,10,0.8569310279563311,0.0011044818234552767,0.015831158745371332,26
R1,N2Vp2q0_5,N2V,2.0,0.5,D4,modularity,0.1,10,0.8569310279563311,0.0011044818234552767,0.015831158745371332,22
R1,N2Vp2q0_5,N2V,2.0,0.5,D4,n_communities,0.05,10,19.9,1.7288403306519902,2.6000000000000014,30
R1,N2Vp2q0_5,N2V,2.0,0.5,D4,n_communities,0.1,10,19.9,1.7288403306519902,2.6000000000000014,30
R1,N2Vp2q0_5,N2V,2.0,0.5,D4,assortativity,0.05,10,-0.08248971720488223,0.008299294902769878,0.7329850152967067,5
R1,N2Vp2q0_5,N2V,2.0,0.5,D4,assortativity,0.1,10,-0.08248971720488223,0.008299294902769878,0.7329850152967067,2
R1,N2Vp2q0_5,N2V,2.0,0.5,D4,dyn_len_mean,0.05,10,2.7660227281923944,0.13703142597719847,0.8801228478570031,30
R1,N2Vp2q0_5,N2V,2.0,0.5,D4,dyn_len_mean,0.1,10,2.7660227281923944,0.13703142597719847,0.8801228478570031,29
R1,N2Vp2q0_5,N2V,2.0,0.5,D4,frac_rewired,0.05,10,0.07804,0.02684967204434514,0.08972,27
R1,N2Vp2q0_5,N2V,2.0,0.5,D4,frac_rewired,0.1,10,0.07804,0.02684967204434514,0.08972,27
R1,N2Vp2q0_5,N2V,2.0,0.5,D8,diameter,0.05,10,26.5,0.9718253158075504,71.5,21
R1,N2Vp2q0_5,N2V,2.0,0.5,D8,diameter,0.1,10,26.5,0.9718253158075504,71.5,12
R1,N2Vp2q0_5,N2V,2.0,0.5,D8,aspl,0.05,10,12.761446978791517,0.2710356519112044,20.571886354541817,18
R1,N2Vp2q0_5,N2V,2.0,0.5,D8,aspl,0.1,10,12.761446978791517,0.2710356519112044,20.571886354541817,2
R1,N2Vp2q0_5,N2V,2.0,0.5,D8,efficiency,0.05,10,0.10672263044309346,0.001830033233339877,0.060239678639197165,26
R1,N2Vp2q0_5,N2V,2.0,0.5,D8,efficiency,0.1,10,0.10672263044309346,0.001830033233339877,0.060239678639197165,21
R1,N2Vp2q0_5,N2V,2.0,0.5,D8,clustering,0.05,10,0.4083231129818333,0.005930829548549154,0.4083231129818333,20
R1,N2Vp2q0_5,N2V,2.0,0.5,D8,clustering,0.1,10,0.4083231129818333,0.005930829548549154,0.4083231129818333,6
R1,N2Vp2q0_5,N2V,2.0,0.5,D8,H_norm,0.05,10,0.24432968534825994,0.0015795829590492041,0.2127809850426267,4
R1,N2Vp2q0_5,N2V,2.0,0.5,D8,H_norm,0.1,10,0.24432968534825994,0.0015795829590492041,0.2127809850426267,2
R1,N2Vp2q0_5,N2V,2.0,0.5,D8,k_max,0.05,10,124.6,14.781369655376627,120.6,29
R1,N2Vp2q0_5,N2V,2.0,0.5,D8,k_max,0.1,10,124.6,14.781369655376627,120.6,26
R1,N2Vp2q0_5,N2V,2.0,0.5,D8,k_gini,0.05,10,0.17755225050505052,0.003979990714746052,0.15871274030096882,26
R1,N2Vp2q0_5,N2V,2.0,0.5,D8,k_gini,0.1,10,0.17755225050505052,0.003979990714746052,0.15871274030096882,23
R1,N2Vp2q0_5,N2V,2.0,0.5,D8,modularity,0.05,10,0.8582903168044078,0.003361605802564661,0.014948460600859304,24
R1,N2Vp2q0_5,N2V,2.0,0.5,D8,modularity,0.1,10,0.8582903168044078,0.003361605802564661,0.014948460600859304,24
R1,N2Vp2q0_5,N2V,2.0,0.5,D8,n_communities,0.05,10,19.7,1.1595018087284057,2.700000000000003,29
R1,N2Vp2q0_5,N2V,2.0,0.5,D8,n_communities,0.1,10,19.7,1.1595018087284057,2.700000000000003,29
R1,N2Vp2q0_5,N2V,2.0,0.5,D8,assortativity,0.05,10,-0.08688515713060559,0.007346532287802273,0.7373804552224301,5
R1,N2Vp2q0_5,N2V,2.0,0.5,D8,assortativity,0.1,10,-0.08688515713060559,0.007346532287802273,0.7373804552224301,2
R1,N2Vp2q0_5,N2V,2.0,0.5,D8,dyn_len_mean,0.05,10,2.5606459209443897,0.06611678992835857,0.6734852725427682,29
R1,N2Vp2q0_5,N2V,2.0,0.5,D8,dyn_len_mean,0.1,10,2.5606459209443897,0.06611678992835857,0.6734852725427682,28
R1,N2Vp2q0_5,N2V,2.0,0.5,D8,frac_rewired,0.05,10,0.07683999999999999,0.013067278897221778,0.08984,29
R1,N2Vp2q0_5,N2V,2.0,0.5,D8,frac_rewired,0.1,10,0.07683999999999999,0.013067278897221778,0.08984,21
R1,N2Vp2q1,N2V,2.0,1.0,D16,diameter,0.05,10,31.3,0.48304589153964766,66.7,15
R1,N2Vp2q1,N2V,2.0,1.0,D16,diameter,0.1,10,31.3,0.48304589153964766,66.7,3
R1,N2Vp2q1,N2V,2.0,1.0,D16,aspl,0.05,10,13.465604257703081,0.16023775308374616,19.867729075630255,16
R1,N2Vp2q1,N2V,2.0,1.0,D16,aspl,0.1,10,13.465604257703081,0.16023775308374616,19.867729075630255,2
R1,N2Vp2q1,N2V,2.0,1.0,D16,efficiency,0.05,10,0.10183053002051541,0.0008246959647480229,0.05534757821661911,25
R1,N2Vp2q1,N2V,2.0,1.0,D16,efficiency,0.1,10,0.10183053002051541,0.0008246959647480229,0.05534757821661911,18
R1,N2Vp2q1,N2V,2.0,1.0,D16,clustering,0.05,10,0.41447996439093054,0.003184223709437872,0.41447996439093054,18
R1,N2Vp2q1,N2V,2.0,1.0,D16,clustering,0.1,10,0.41447996439093054,0.003184223709437872,0.41447996439093054,7
R1,N2Vp2q1,N2V,2.0,1.0,D16,H_norm,0.05,10,0.24714468951315238,0.0011486677150842623,0.21915524380059664,3
R1,N2Vp2q1,N2V,2.0,1.0,D16,H_norm,0.1,10,0.24714468951315238,0.0011486677150842623,0.21915524380059664,2
R1,N2Vp2q1,N2V,2.0,1.0,D16,k_max,0.05,10,53.9,1.4491376746189446,50.4,22
R1,N2Vp2q1,N2V,2.0,1.0,D16,k_max,0.1,10,53.9,1.4491376746189446,50.4,18
R1,N2Vp2q1,N2V,2.0,1.0,D16,k_gini,0.05,10,0.19362284040404046,0.0016128599292622367,0.17478333019995876,25
R1,N2Vp2q1,N2V,2.0,1.0,D16,k_gini,0.1,10,0.19362284040404046,0.0016128599292622367,0.17478333019995876,21
R1,N2Vp2q1,N2V,2.0,1.0,D16,modularity,0.05,10,0.8665953933272116,0.0017321784730844805,0.016297215171743207,28
R1,N2Vp2q1,N2V,2.0,1.0,D16,modularity,0.1,10,0.8665953933272116,0.0017321784730844805,0.016297215171743207,25
R1,N2Vp2q1,N2V,2.0,1.0,D16,n_communities,0.05,10,21.9,0.5676462121975464,2.8999999999999986,27
R1,N2Vp2q1,N2V,2.0,1.0,D16,n_communities,0.1,10,21.9,0.5676462121975464,2.8999999999999986,27
R1,N2Vp2q1,N2V,2.0,1.0,D16,assortativity,0.05,10,-0.1428326481739309,0.0042730389257134415,0.7933279462657554,14
R1,N2Vp2q1,N2V,2.0,1.0,D16,assortativity,0.1,10,-0.1428326481739309,0.0042730389257134415,0.7933279462657554,5
R1,N2Vp2q1,N2V,2.0,1.0,D16,dyn_len_mean,0.05,10,2.317250015808546,0.009561941284074034,0.4555901257128858,28
R1,N2Vp2q1,N2V,2.0,1.0,D16,dyn_len_mean,0.1,10,2.317250015808546,0.009561941284074034,0.4555901257128858,26
R1,N2Vp2q1,N2V,2.0,1.0,D16,frac_rewired,0.05,10,0.11084000000000001,0.008102564751703963,0.11747999999999999,17
R1,N2Vp2q1,N2V,2.0,1.0,D16,frac_rewired,0.1,10,0.11084000000000001,0.008102564751703963,0.11747999999999999,3
R1,N2Vp2q1,N2V,2.0,1.0,D2,diameter,0.05,10,23.0,0.8164965809277276,75.0,20
R1,N2Vp2q1,N2V,2.0,1.0,D2,diameter,0.1,10,23.0,0.8164965809277276,75.0,15
R1,N2Vp2q1,N2V,2.0,1.0,D2,aspl,0.05,10,11.36466218487395,0.30596810302775457,21.968671148459386,22
R1,N2Vp2q1,N2V,2.0,1.0,D2,aspl,0.1,10,11.36466218487395,0.30596810302775457,21.968671148459386,15
R1,N2Vp2q1,N2V,2.0,1.0,D2,efficiency,0.05,10,0.1187545783227825,0.003583671645587298,0.07227162651888619,28
R1,N2Vp2q1,N2V,2.0,1.0,D2,efficiency,0.1,10,0.1187545783227825,0.003583671645587298,0.07227162651888619,24
R1,N2Vp2q1,N2V,2.0,1.0,D2,clustering,0.05,10,0.4334015261170122,0.008895864311665592,0.4334015261170122,23
R1,N2Vp2q1,N2V,2.0,1.0,D2,clustering,0.1,10,0.4334015261170122,0.008895864311665592,0.4334015261170122,16
R1,N2Vp2q1,N2V,2.0,1.0,D2,H_norm,0.05,10,0.23120047321148177,0.003321685192548902,0.21478728119027513,23
R1,N2Vp2q1,N2V,2.0,1.0,D2,H_norm,0.1,10,0.23120047321148177,0.003321685192548902,0.21478728119027513,1
R1,N2Vp2q1,N2V,2.0,1.0,D2,k_max,0.05,10,177.6,36.56106003812132,173.6,28
R1,N2Vp2q1,N2V,2.0,1.0,D2,k_max,0.1,10,177.6,36.56106003812132,173.6,27
R1,N2Vp2q1,N2V,2.0,1.0,D2,k_gini,0.05,10,0.20590733333333336,0.0036220598304571,0.18706782312925166,26
R1,N2Vp2q1,N2V,2.0,1.0,D2,k_gini,0.1,10,0.20590733333333336,0.0036220598304571,0.18706782312925166,22
R1,N2Vp2q1,N2V,2.0,1.0,D2,modularity,0.05,10,0.8648456392204877,0.003012837740824486,0.015808536745474444,27
R1,N2Vp2q1,N2V,2.0,1.0,D2,modularity,0.1,10,0.8648456392204877,0.003012837740824486,0.015808536745474444,27
R1,N2Vp2q1,N2V,2.0,1.0,D2,n_communities,0.05,10,20.5,1.509230856356236,2.8000000000000007,26
R1,N2Vp2q1,N2V,2.0,1.0,D2,n_communities,0.1,10,20.5,1.509230856356236,2.8000000000000007,26
R1,N2Vp2q1,N2V,2.0,1.0,D2,assortativity,0.05,10,-0.10646510537232143,0.00858807375928902,0.756960403464146,6
R1,N2Vp2q1,N2V,2.0,1.0,D2,assortativity,0.1,10,-0.10646510537232143,0.00858807375928902,0.756960403464146,3
R1,N2Vp2q1,N2V,2.0,1.0,D2,dyn_len_mean,0.05,10,3.1696734069081454,0.18100730828050568,1.278677155239245,29
R1,N2Vp2q1,N2V,2.0,1.0,D2,dyn_len_mean,0.1,10,3.1696734069081454,0.18100730828050568,1.278677155239245,28
R1,N2Vp2q1,N2V,2.0,1.0,D2,frac_rewired,0.05,10,0.1018,0.03391715396865329,0.12208000000000001,20
R1,N2Vp2q1,N2V,2.0,1.0,D2,frac_rewired,0.1,10,0.1018,0.03391715396865329,0.12208000000000001,19
R1,N2Vp2q1,N2V,2.0,1.0,D4,diameter,0.05,10,23.1,0.875595035770913,74.9,20
R1,N2Vp2q1,N2V,2.0,1.0,D4,diameter,0.1,10,23.1,0.875595035770913,74.9,15
R1,N2Vp2q1,N2V,2.0,1.0,D4,aspl,0.05,10,11.462275406162465,0.2146359950824336,21.87105792717087,22
R1,N2Vp2q1,N2V,2.0,1.0,D4,aspl,0.1,10,11.462275406162465,0.2146359950824336,21.87105792717087,15
R1,N2Vp2q1,N2V,2.0,1.0,D4,efficiency,0.05,10,0.11781821510491253,0.002001083072596606,0.07133526330101622,27
R1,N2Vp2q1,N2V,2.0,1.0,D4,efficiency,0.1,10,0.11781821510491253,0.002001083072596606,0.07133526330101622,24
R1,N2Vp2q1,N2V,2.0,1.0,D4,clustering,0.05,10,0.4286290093643112,0.007005128798458891,0.4286290093643112,22
R1,N2Vp2q1,N2V,2.0,1.0,D4,clustering,0.1,10,0.4286290093643112,0.007005128798458891,0.4286290093643112,15
R1,N2Vp2q1,N2V,2.0,1.0,D4,H_norm,0.05,10,0.23448606912488015,0.0021531599023584375,0.21495662028445023,22
R1,N2Vp2q1,N2V,2.0,1.0,D4,H_norm,0.1,10,0.23448606912488015,0.0021531599023584375,0.21495662028445023,2
R1,N2Vp2q1,N2V,2.0,1.0,D4,k_max,0.05,10,181.9,39.32612928377829,177.9,28
R1,N2Vp2q1,N2V,2.0,1.0,D4,k_max,0.1,10,181.9,39.32612928377829,177.9,27
R1,N2Vp2q1,N2V,2.0,1.0,D4,k_gini,0.05,10,0.20236983838383837,0.002557097749083162,0.18353032817975667,26
R1,N2Vp2q1,N2V,2.0,1.0,D4,k_gini,0.1,10,0.20236983838383837,0.002557097749083162,0.18353032817975667,22
R1,N2Vp2q1,N2V,2.0,1.0,D4,modularity,0.05,10,0.8642483802673198,0.0027864828795130707,0.014465992181946996,30
R1,N2Vp2q1,N2V,2.0,1.0,D4,modularity,0.1,10,0.8642483802673198,0.0027864828795130707,0.014465992181946996,30
R1,N2Vp2q1,N2V,2.0,1.0,D4,n_communities,0.05,10,20.9,0.8755950357709129,2.6000000000000014,30
R1,N2Vp2q1,N2V,2.0,1.0,D4,n_communities,0.1,10,20.9,0.8755950357709129,2.6000000000000014,30
R1,N2Vp2q1,N2V,2.0,1.0,D4,assortativity,0.05,10,-0.09782347295415159,0.013026693527266023,0.7483187710459761,5
R1,N2Vp2q1,N2V,2.0,1.0,D4,assortativity,0.1,10,-0.09782347295415159,0.013026693527266023,0.7483187710459761,2
R1,N2Vp2q1,N2V,2.0,1.0,D4,dyn_len_mean,0.05,10,3.0635617483009656,0.08277839474834103,1.177304039167816,30
R1,N2Vp2q1,N2V,2.0,1.0,D4,dyn_len_mean,0.1,10,3.0635617483009656,0.08277839474834103,1.177304039167816,28
R1,N2Vp2q1,N2V,2.0,1.0,D4,frac_rewired,0.05,10,0.10216,0.031641435562319936,0.1192,21
R1,N2Vp2q1,N2V,2.0,1.0,D4,frac_rewired,0.1,10,0.10216,0.031641435562319936,0.1192,21
R1,N2Vp2q1,N2V,2.0,1.0,D8,diameter,0.05,10,24.1,0.7378647873726207,73.9,19
R1,N2Vp2q1,N2V,2.0,1.0,D8,diameter,0.1,10,24.1,0.7378647873726207,73.9,14
R1,N2Vp2q1,N2V,2.0,1.0,D8,aspl,0.05,10,11.825768707482993,0.16900127542427432,21.507564625850343,20
R1,N2Vp2q1,N2V,2.0,1.0,D8,aspl,0.1,10,11.825768707482993,0.16900127542427432,21.507564625850343,13
R1,N2Vp2q1,N2V,2.0,1.0,D8,efficiency,0.05,10,0.11451451725735487,0.0013257022020073902,0.06803156545345856,26
R1,N2Vp2q1,N2V,2.0,1.0,D8,efficiency,0.1,10,0.11451451725735487,0.0013257022020073902,0.06803156545345856,22
R1,N2Vp2q1,N2V,2.0,1.0,D8,clustering,0.05,10,0.42396933842848894,0.0029667150377624585,0.42396933842848894,21
R1,N2Vp2q1,N2V,2.0,1.0,D8,clustering,0.1,10,0.42396933842848894,0.0029667150377624585,0.42396933842848894,14
R1,N2Vp2q1,N2V,2.0,1.0,D8,H_norm,0.05,10,0.23609139624289996,0.002224771474174176,0.21598618225250693,21
R1,N2Vp2q1,N2V,2.0,1.0,D8,H_norm,0.1,10,0.23609139624289996,0.002224771474174176,0.21598618225250693,2
R1,N2Vp2q1,N2V,2.0,1.0,D8,k_max,0.05,10,147.9,16.622942646301293,143.9,28
R1,N2Vp2q1,N2V,2.0,1.0,D8,k_max,0.1,10,147.9,16.622942646301293,143.9,25
R1,N2Vp2q1,N2V,2.0,1.0,D8,k_gini,0.05,10,0.2000608646464647,0.002844657755125343,0.181221354442383,26
R1,N2Vp2q1,N2V,2.0,1.0,D8,k_gini,0.1,10,0.2000608646464647,0.002844657755125343,0.181221354442383,22
R1,N2Vp2q1,N2V,2.0,1.0,D8,modularity,0.05,10,0.8651799913274155,0.001533057018876068,0.015525118992730347,28
R1,N2Vp2q1,N2V,2.0,1.0,D8,modularity,0.1,10,0.8651799913274155,0.001533057018876068,0.015525118992730347,27
R1,N2Vp2q1,N2V,2.0,1.0,D8,n_communities,0.05,10,20.5,1.0801234497346435,2.5,29
R1,N2Vp2q1,N2V,2.0,1.0,D8,n_communities,0.1,10,20.5,1.0801234497346435,2.5,29
R1,N2Vp2q1,N2V,2.0,1.0,D8,assortativity,0.05,10,-0.10811233764873618,0.010133750880351136,0.7586076357405607,5
R1,N2Vp2q1,N2V,2.0,1.0,D8,assortativity,0.1,10,-0.10811233764873618,0.010133750880351136,0.7586076357405607,3
R1,N2Vp2q1,N2V,2.0,1.0,D8,dyn_len_mean,0.05,10,2.86745183007382,0.05410954067527919,0.9757951763121726,29
R1,N2Vp2q1,N2V,2.0,1.0,D8,dyn_len_mean,0.1,10,2.86745183007382,0.05410954067527919,0.9757951763121726,28
R1,N2Vp2q1,N2V,2.0,1.0,D8,frac_rewired,0.05,10,0.10016,0.015016672216055207,0.121,26
R1,N2Vp2q1,N2V,2.0,1.0,D8,frac_rewired,0.1,10,0.10016,0.015016672216055207,0.121,20
R1,N2Vp2q2,N2V,2.0,2.0,D16,diameter,0.05,10,28.5,1.0801234497346432,69.5,18
R1,N2Vp2q2,N2V,2.0,2.0,D16,diameter,0.1,10,28.5,1.0801234497346432,69.5,9
R1,N2Vp2q2,N2V,2.0,2.0,D16,aspl,0.05,10,12.14987118047219,0.21416101302768234,21.183462152861146,20
R1,N2Vp2q2,N2V,2.0,2.0,D16,aspl,0.1,10,12.14987118047219,0.21416101302768234,21.183462152861146,12
R1,N2Vp2q2,N2V,2.0,2.0,D16,efficiency,0.05,10,0.11049881738003633,0.0016085155336857668,0.06401586557614003,25
R1,N2Vp2q2,N2V,2.0,2.0,D16,efficiency,0.1,10,0.11049881738003633,0.0016085155336857668,0.06401586557614003,21
R1,N2Vp2q2,N2V,2.0,2.0,D16,clustering,0.05,10,0.43024587548399784,0.004440276314664732,0.43024587548399784,19
R1,N2Vp2q2,N2V,2.0,2.0,D16,clustering,0.1,10,0.43024587548399784,0.004440276314664732,0.43024587548399784,11
R1,N2Vp2q2,N2V,2.0,2.0,D16,H_norm,0.05,10,0.2282823827620676,0.0026250310488824305,0.22026744458131065,24
R1,N2Vp2q2,N2V,2.0,2.0,D16,H_norm,0.1,10,0.2282823827620676,0.0026250310488824305,0.22026744458131065,17
R1,N2Vp2q2,N2V,2.0,2.0,D16,k_max,0.05,10,55.7,1.7669811040931431,51.7,20
R1,N2Vp2q2,N2V,2.0,2.0,D16,k_max,0.1,10,55.7,1.7669811040931431,51.7,17
R1,N2Vp2q2,N2V,2.0,2.0,D16,k_gini,0.05,10,0.21634799191919188,0.0016520697527708408,0.19750848171511018,24
R1,N2Vp2q2,N2V,2.0,2.0,D16,k_gini,0.1,10,0.21634799191919188,0.0016520697527708408,0.19750848171511018,20
R1,N2Vp2q2,N2V,2.0,2.0,D16,modularity,0.05,10,0.8753359524538313,0.0023901863207450545,0.024953027798285232,26
R1,N2Vp2q2,N2V,2.0,2.0,D16,modularity,0.1,10,0.8753359524538313,0.0023901863207450545,0.024953027798285232,23
R1,N2Vp2q2,N2V,2.0,2.0,D16,n_communities,0.05,10,24.0,1.3333333333333341,4.800000000000001,30
R1,N2Vp2q2,N2V,2.0,2.0,D16,n_communities,0.1,10,24.0,1.3333333333333341,4.800000000000001,30
R1,N2Vp2q2,N2V,2.0,2.0,D16,assortativity,0.05,10,-0.1829443813853146,0.003061702488250352,0.833439679477139,17
R1,N2Vp2q2,N2V,2.0,2.0,D16,assortativity,0.1,10,-0.1829443813853146,0.003061702488250352,0.833439679477139,7
R1,N2Vp2q2,N2V,2.0,2.0,D16,dyn_len_mean,0.05,10,2.4916241190997064,0.015760352741657803,0.6260564588913373,28
R1,N2Vp2q2,N2V,2.0,2.0,D16,dyn_len_mean,0.1,10,2.4916241190997064,0.015760352741657803,0.6260564588913373,26
R1,N2Vp2q2,N2V,2.0,2.0,D16,frac_rewired,0.05,10,0.14952000000000001,0.015611733479092647,0.17996,27
R1,N2Vp2q2,N2V,2.0,2.0,D16,frac_rewired,0.1,10,0.14952000000000001,0.015611733479092647,0.17996,23
R1,N2Vp2q2,N2V,2.0,2.0,D2,diameter,0.05,10,22.3,0.8232726023485646,75.8,19
R1,N2Vp2q2,N2V,2.0,2.0,D2,diameter,0.1,10,22.3,0.8232726023485646,75.8,13
R1,N2Vp2q2,N2V,2.0,2.0,D2,aspl,0.05,10,10.63360537815126,0.312833420010486,22.699727955182077,22
R1,N2Vp2q2,N2V,2.0,2.0,D2,aspl,0.1,10,10.63360537815126,0.312833420010486,22.699727955182077,16
R1,N2Vp2q2,N2V,2.0,2.0,D2,efficiency,0.05,10,0.125181933277994,0.003173531894316647,0.0786989814740977,27
R1,N2Vp2q2,N2V,2.0,2.0,D2,efficiency,0.1,10,0.125181933277994,0.003173531894316647,0.0786989814740977,24
R1,N2Vp2q2,N2V,2.0,2.0,D2,clustering,0.05,10,0.447553463808673,0.007019543103529633,0.447553463808673,23
R1,N2Vp2q2,N2V,2.0,2.0,D2,clustering,0.1,10,0.447553463808673,0.007019543103529633,0.447553463808673,16
R1,N2Vp2q2,N2V,2.0,2.0,D2,H_norm,0.05,10,0.21405465389443828,0.004909723009371243,0.2188812386057195,26
R1,N2Vp2q2,N2V,2.0,2.0,D2,H_norm,0.1,10,0.21405465389443828,0.004909723009371243,0.2188812386057195,21
R1,N2Vp2q2,N2V,2.0,2.0,D2,k_max,0.05,10,170.0,29.124254878403708,166.0,29
R1,N2Vp2q2,N2V,2.0,2.0,D2,k_max,0.1,10,170.0,29.124254878403708,166.0,27
R1,N2Vp2q2,N2V,2.0,2.0,D2,k_gini,0.05,10,0.22619208888888886,0.00303874154011155,0.20735257868480717,25
R1,N2Vp2q2,N2V,2.0,2.0,D2,k_gini,0.1,10,0.22619208888888886,0.00303874154011155,0.20735257868480717,21
R1,N2Vp2q2,N2V,2.0,2.0,D2,modularity,0.05,10,0.8770363167023772,0.0025454091531398253,0.027915125373584537,28
R1,N2Vp2q2,N2V,2.0,2.0,D2,modularity,0.1,10,0.8770363167023772,0.0025454091531398253,0.027915125373584537,27
R1,N2Vp2q2,N2V,2.0,2.0,D2,n_communities,0.05,10,22.1,0.9944289260117529,3.6999999999999993,27
R1,N2Vp2q2,N2V,2.0,2.0,D2,n_communities,0.1,10,22.1,0.9944289260117529,3.6999999999999993,27
R1,N2Vp2q2,N2V,2.0,2.0,D2,assortativity,0.05,10,-0.13294197387421355,0.015078967422581116,0.7834372719660381,7
R1,N2Vp2q2,N2V,2.0,2.0,D2,assortativity,0.1,10,-0.13294197387421355,0.015078967422581116,0.7834372719660381,4
R1,N2Vp2q2,N2V,2.0,2.0,D2,dyn_len_mean,0.05,10,3.353990332020954,0.14268194784792923,1.4672706991938576,29
R1,N2Vp2q2,N2V,2.0,2.0,D2,dyn_len_mean,0.1,10,3.353990332020954,0.14268194784792923,1.4672706991938576,28
R1,N2Vp2q2,N2V,2.0,2.0,D2,frac_rewired,0.05,10,0.15772,0.02950739267068886,0.17812,25
R1,N2Vp2q2,N2V,2.0,2.0,D2,frac_rewired,0.1,10,0.15772,0.02950739267068886,0.17812,18
R1,N2Vp2q2,N2V,2.0,2.0,D4,diameter,0.05,10,21.3,0.9486832980505138,76.7,20
R1,N2Vp2q2,N2V,2.0,2.0,D4,diameter,0.1,10,21.3,0.9486832980505138,76.7,14
R1,N2Vp2q2,N2V,2.0,2.0,D4,aspl,0.05,10,10.366370260104041,0.32065786709443583,22.966963073229294,23
R1,N2Vp2q2,N2V,2.0,2.0,D4,aspl,0.1,10,10.366370260104041,0.32065786709443583,22.966963073229294,17
R1,N2Vp2q2,N2V,2.0,2.0,D4,efficiency,0.05,10,0.12812652058602186,0.003673179165660722,0.08164356878212556,27
R1,N2Vp2q2,N2V,2.0,2.0,D4,efficiency,0.1,10,0.12812652058602186,0.003673179165660722,0.08164356878212556,25
R1,N2Vp2q2,N2V,2.0,2.0,D4,clustering,0.05,10,0.4468739613002161,0.007556277641300808,0.4468739613002161,23
R1,N2Vp2q2,N2V,2.0,2.0,D4,clustering,0.1,10,0.4468739613002161,0.007556277641300808,0.4468739613002161,17
R1,N2Vp2q2,N2V,2.0,2.0,D4,H_norm,0.05,10,0.21221037491826333,0.0036098834997053725,0.21875667735067056,26
R1,N2Vp2q2,N2V,2.0,2.0,D4,H_norm,0.1,10,0.21221037491826333,0.0036098834997053725,0.21875667735067056,22
R1,N2Vp2q2,N2V,2.0,2.0,D4,k_max,0.05,10,174.8,43.432706570049255,170.8,27
R1,N2Vp2q2,N2V,2.0,2.0,D4,k_max,0.1,10,174.8,43.432706570049255,170.8,26
R1,N2Vp2q2,N2V,2.0,2.0,D4,k_gini,0.05,10,0.22664842828282827,0.002761020095768379,0.20780891807874657,25
R1,N2Vp2q2,N2V,2.0,2.0,D4,k_gini,0.1,10,0.22664842828282827,0.002761020095768379,0.20780891807874657,21
R1,N2Vp2q2,N2V,2.0,2.0,D4,modularity,0.05,10,0.8759598668503215,0.0020737224399260323,0.02606404575996235,28
R1,N2Vp2q2,N2V,2.0,2.0,D4,modularity,0.1,10,0.8759598668503215,0.0020737224399260323,0.02606404575996235,26
R1,N2Vp2q2,N2V,2.0,2.0,D4,n_communities,0.05,10,22.3,1.494434118097326,3.5,26
R1,N2Vp2q2,N2V,2.0,2.0,D4,n_communities,0.1,10,22.3,1.494434118097326,3.5,26
R1,N2Vp2q2,N2V,2.0,2.0,D4,assortativity,0.05,10,-0.1364378462276959,0.01840650238525958,0.7869331443195204,9
R1,N2Vp2q2,N2V,2.0,2.0,D4,assortativity,0.1,10,-0.1364378462276959,0.01840650238525958,0.7869331443195204,4
R1,N2Vp2q2,N2V,2.0,2.0,D4,dyn_len_mean,0.05,10,3.3921637732721606,0.15847387445481909,1.501644077226202,29
R1,N2Vp2q2,N2V,2.0,2.0,D4,dyn_len_mean,0.1,10,3.3921637732721606,0.15847387445481909,1.501644077226202,28
R1,N2Vp2q2,N2V,2.0,2.0,D4,frac_rewired,0.05,10,0.16856,0.038929771526572184,0.18164,15
R1,N2Vp2q2,N2V,2.0,2.0,D4,frac_rewired,0.1,10,0.16856,0.038929771526572184,0.18164,6
R1,N2Vp2q2,N2V,2.0,2.0,D8,diameter,0.05,10,23.5,0.9718253158075499,74.5,18
R1,N2Vp2q2,N2V,2.0,2.0,D8,diameter,0.1,10,23.5,0.9718253158075499,74.5,12
R1,N2Vp2q2,N2V,2.0,2.0,D8,aspl,0.05,10,11.031900216086434,0.18108004548190856,22.3014331172469,21
R1,N2Vp2q2,N2V,2.0,2.0,D8,aspl,0.1,10,11.031900216086434,0.18108004548190856,22.3014331172469,14
R1,N2Vp2q2,N2V,2.0,2.0,D8,efficiency,0.05,10,0.12127872773217414,0.0014850794523343083,0.07479577592827785,27
R1,N2Vp2q2,N2V,2.0,2.0,D8,efficiency,0.1,10,0.12127872773217414,0.0014850794523343083,0.07479577592827785,23
R1,N2Vp2q2,N2V,2.0,2.0,D8,clustering,0.05,10,0.44483387276844005,0.007544655338804992,0.44483387276844005,21
R1,N2Vp2q2,N2V,2.0,2.0,D8,clustering,0.1,10,0.44483387276844005,0.007544655338804992,0.44483387276844005,15
R1,N2Vp2q2,N2V,2.0,2.0,D8,H_norm,0.05,10,0.21248334281561645,0.0029699653529561025,0.2188235207448163,26
R1,N2Vp2q2,N2V,2.0,2.0,D8,H_norm,0.1,10,0.21248334281561645,0.0029699653529561025,0.2188235207448163,21
R1,N2Vp2q2,N2V,2.0,2.0,D8,k_max,0.05,10,131.5,15.586675220984253,127.5,28
R1,N2Vp2q2,N2V,2.0,2.0,D8,k_max,0.1,10,131.5,15.586675220984253,127.5,26
R1,N2Vp2q2,N2V,2.0,2.0,D8,k_gini,0.05,10,0.2265941616161616,0.0016091154801228945,0.2077546514120799,24
R1,N2Vp2q2,N2V,2.0,2.0,D8,k_gini,0.1,10,0.2265941616161616,0.0016091154801228945,0.2077546514120799,20
R1,N2Vp2q2,N2V,2.0,2.0,D8,modularity,0.05,10,0.8783818069584737,0.003026243040136133,0.027953049600888846,29
R1,N2Vp2q2,N2V,2.0,2.0,D8,modularity,0.1,10,0.8783818069584737,0.003026243040136133,0.027953049600888846,25
R1,N2Vp2q2,N2V,2.0,2.0,D8,n_communities,0.05,10,23.1,1.6633299933166192,4.300000000000001,25
R1,N2Vp2q2,N2V,2.0,2.0,D8,n_communities,0.1,10,23.1,1.6633299933166192,4.300000000000001,25
R1,N2Vp2q2,N2V,2.0,2.0,D8,assortativity,0.05,10,-0.15611712757002727,0.007709569558804176,0.8066124256618518,16
R1,N2Vp2q2,N2V,2.0,2.0,D8,assortativity,0.1,10,-0.15611712757002727,0.007709569558804176,0.8066124256618518,5
R1,N2Vp2q2,N2V,2.0,2.0,D8,dyn_len_mean,0.05,10,3.1608858605638104,0.06767174882621577,1.2784466689800071,29
R1,N2Vp2q2,N2V,2.0,2.0,D8,dyn_len_mean,0.1,10,3.1608858605638104,0.06767174882621577,1.2784466689800071,27
R1,N2Vp2q2,N2V,2.0,2.0,D8,frac_rewired,0.05,10,0.17916,0.04081283022667151,0.189,7
R1,N2Vp2q2,N2V,2.0,2.0,D8,frac_rewired,0.1,10,0.17916,0.04081283022667151,0.189,6
R1,RW,RW,,,D16,diameter,0.05,10,31.3,0.8232726023485645,66.7,17
R1,RW,RW,,,D16,diameter,0.1,10,31.3,0.8232726023485645,66.7,2
R1,RW,RW,,,D16,aspl,0.05,10,13.446542841136454,0.12020365795863222,19.88679049219688,17
R1,RW,RW,,,D16,aspl,0.1,10,13.446542841136454,0.12020365795863222,19.88679049219688,2
R1,RW,RW,,,D16,efficiency,0.05,10,0.10194072915261854,0.0007892135307416404,0.05545777734872224,24
R1,RW,RW,,,D16,efficiency,0.1,10,0.10194072915261854,0.0007892135307416404,0.05545777734872224,19
R1,RW,RW,,,D16,clustering,0.05,10,0.41333953361057374,0.0034742829001017904,0.41333953361057374,19
R1,RW,RW,,,D16,clustering,0.1,10,0.41333953361057374,0.0034742829001017904,0.41333953361057374,6
R1,RW,RW,,,D16,H_norm,0.05,10,0.24703351551404298,0.0017903207082027909,0.21866894285220256,3
R1,RW,RW,,,D16,H_norm,0.1,10,0.24703351551404298,0.0017903207082027909,0.21866894285220256,2
R1,RW,RW,,,D16,k_max,0.05,10,55.3,2.1628170930011112,51.3,25
R1,RW,RW,,,D16,k_max,0.1,10,55.3,2.1628170930011112,51.3,20
R1,RW,RW,,,D16,k_gini,0.05,10,0.19171261010101012,0.002554964754815259,0.17287309989692842,25
R1,RW,RW,,,D16,k_gini,0.1,10,0.19171261010101012,0.002554964754815259,0.17287309989692842,21
R1,RW,RW,,,D16,modularity,0.05,10,0.8668231736557495,0.003384853829540896,0.01564033176351387,28
R1,RW,RW,,,D16,modularity,0.1,10,0.8668231736557495,0.003384853829540896,0.01564033176351387,28
R1,RW,RW,,,D16,n_communities,0.05,10,22.0,1.3333333333333333,3.400000000000002,30
R1,RW,RW,,,D16,n_communities,0.1,10,22.0,1.3333333333333333,3.400000000000002,30
R1,RW,RW,,,D16,assortativity,0.05,10,-0.14030488775754332,0.00452612952100628,0.7908001858493678,10
R1,RW,RW,,,D16,assortativity,0.1,10,-0.14030488775754332,0.00452612952100628,0.7908001858493678,5
R1,RW,RW,,,D16,dyn_len_mean,0.05,10,2.316122630184927,0.016250537051771305,0.44893147323491367,28
R1,RW,RW,,,D16,dyn_len_mean,0.1,10,2.316122630184927,0.016250537051771305,0.44893147323491367,26
R1,RW,RW,,,D16,frac_rewired,0.05,10,0.10051999999999998,0.010075360484314639,0.11796,29
R1,RW,RW,,,D16,frac_rewired,0.1,10,0.10051999999999998,0.010075360484314639,0.11796,22
R1,RW,RW,,,D2,diameter,0.05,10,22.6,0.9660917830792959,75.4,21
R1,RW,RW,,,D2,diameter,0.1,10,22.6,0.9660917830792959,75.4,16
R1,RW,RW,,,D2,aspl,0.05,10,11.319384969987995,0.404624139238197,22.013948363345342,23
R1,RW,RW,,,D2,aspl,0.1,10,11.319384969987995,0.404624139238197,22.013948363345342,16
R1,RW,RW,,,D2,efficiency,0.05,10,0.11908585886303424,0.00395805159142683,0.07260290705913794,28
R1,RW,RW,,,D2,efficiency,0.1,10,0.11908585886303424,0.00395805159142683,0.07260290705913794,25
R1,RW,RW,,,D2,clustering,0.05,10,0.427982298770627,0.006581724133765819,0.427982298770627,23
R1,RW,RW,,,D2,clustering,0.1,10,0.427982298770627,0.006581724133765819,0.427982298770627,15
R1,RW,RW,,,D2,H_norm,0.05,10,0.2325685465464661,0.0025639250296785095,0.21540073759524875,23
R1,RW,RW,,,D2,H_norm,0.1,10,0.2325685465464661,0.0025639250296785095,0.21540073759524875,1
R1,RW,RW,,,D2,k_max,0.05,10,164.9,32.43266528945436,160.9,28
R1,RW,RW,,,D2,k_max,0.1,10,164.9,32.43266528945436,160.9,27
R1,RW,RW,,,D2,k_gini,0.05,10,0.2033246747474748,0.0030258652960024755,0.1844851645433931,26
R1,RW,RW,,,D2,k_gini,0.1,10,0.2033246747474748,0.0030258652960024755,0.1844851645433931,23
R1,RW,RW,,,D2,modularity,0.05,10,0.8642833522089584,0.0019598332252784506,0.014796922368240262,29
R1,RW,RW,,,D2,modularity,0.1,10,0.8642833522089584,0.0019598332252784506,0.014796922368240262,28
R1,RW,RW,,,D2,n_communities,0.05,10,19.9,1.1005049346146119,3.200000000000003,26
R1,RW,RW,,,D2,n_communities,0.1,10,19.9,1.1005049346146119,3.200000000000003,26
R1,RW,RW,,,D2,assortativity,0.05,10,-0.10711982795164865,0.008483739263082525,0.7576151260434731,6
R1,RW,RW,,,D2,assortativity,0.1,10,-0.10711982795164865,0.008483739263082525,0.7576151260434731,3
R1,RW,RW,,,D2,dyn_len_mean,0.05,10,3.0994105186939853,0.12650157606959841,1.2101318261254226,30
R1,RW,RW,,,D2,dyn_len_mean,0.1,10,3.0994105186939853,0.12650157606959841,1.2101318261254226,28
R1,RW,RW,,,D2,frac_rewired,0.05,10,0.11144000000000001,0.02751788105537521,0.11788000000000001,8
R1,RW,RW,,,D2,frac_rewired,0.1,10,0.11144000000000001,0.02751788105537521,0.11788000000000001,7
R1,RW,RW,,,D4,diameter,0.05,10,23.3,1.1595018087284057,74.7,20
R1,RW,RW,,,D4,diameter,0.1,10,23.3,1.1595018087284057,74.7,15
R1,RW,RW,,,D4,aspl,0.05,10,11.521505210084033,0.5083832437298993,21.811828123249303,22
R1,RW,RW,,,D4,aspl,0.1,10,11.521505210084033,0.5083832437298993,21.811828123249303,15
R1,RW,RW,,,D4,efficiency,0.05,10,0.11727584576405155,0.004759250137724143,0.07079289396015526,27
R1,RW,RW,,,D4,efficiency,0.1,10,0.11727584576405155,0.004759250137724143,0.07079289396015526,24
R1,RW,RW,,,D4,clustering,0.05,10,0.4260971125924435,0.00639638000055164,0.4260971125924435,22
R1,RW,RW,,,D4,clustering,0.1,10,0.4260971125924435,0.00639638000055164,0.4260971125924435,14
R1,RW,RW,,,D4,H_norm,0.05,10,0.23395379385642928,0.0015466828005861433,0.215255133698959,22
R1,RW,RW,,,D4,H_norm,0.1,10,0.23395379385642928,0.0015466828005861433,0.215255133698959,2
R1,RW,RW,,,D4,k_max,0.05,10,157.9,38.75693486332478,153.9,28
R1,RW,RW,,,D4,k_max,0.1,10,157.9,38.75693486332478,153.9,27
R1,RW,RW,,,D4,k_gini,0.05,10,0.20287511515151518,0.0026937309001441767,0.18403560494743348,26
R1,RW,RW,,,D4,k_gini,0.1,10,0.20287511515151518,0.0026937309001441767,0.18403560494743348,22
R1,RW,RW,,,D4,modularity,0.05,10,0.8635076379961228,0.0023831810586012253,0.01467223091933545,25
R1,RW,RW,,,D4,modularity,0.1,10,0.8635076379961228,0.0023831810586012253,0.01467223091933545,23
R1,RW,RW,,,D4,n_communities,0.05,10,20.7,1.4944341180973264,2.900000000000002,29
R1,RW,RW,,,D4,n_communities,0.1,10,20.7,1.4944341180973264,2.900000000000002,29
R1,RW,RW,,,D4,assortativity,0.05,10,-0.1079712313296796,0.012024611503430965,0.758466529421504,6
R1,RW,RW,,,D4,assortativity,0.1,10,-0.1079712313296796,0.012024611503430965,0.758466529421504,3
R1,RW,RW,,,D4,dyn_len_mean,0.05,10,3.0145597961458894,0.17367744785163292,1.1237122505853592,29
R1,RW,RW,,,D4,dyn_len_mean,0.1,10,3.0145597961458894,0.17367744785163292,1.1237122505853592,28
R1,RW,RW,,,D4,frac_rewired,0.05,10,0.11599999999999999,0.03773451117125189,0.12279999999999999,8
R1,RW,RW,,,D4,frac_rewired,0.1,10,0.11599999999999999,0.03773451117125189,0.12279999999999999,8
R1,RW,RW,,,D8,diameter,0.05,10,23.8,1.0327955589886444,74.2,20
R1,RW,RW,,,D8,diameter,0.1,10,23.8,1.0327955589886444,74.2,14
R1,RW,RW,,,D8,aspl,0.05,10,11.710601904761905,0.3237317243039273,21.62273142857143,21
R1,RW,RW,,,D8,aspl,0.1,10,11.710601904761905,0.3237317243039273,21.62273142857143,13
R1,RW,RW,,,D8,efficiency,0.05,10,0.11537051382518862,0.002989434395144721,0.06888756202129231,27
R1,RW,RW,,,D8,efficiency,0.1,10,0.11537051382518862,0.002989434395144721,0.06888756202129231,23
R1,RW,RW,,,D8,clustering,0.05,10,0.4314405077925524,0.006654135167150393,0.4314405077925524,22
R1,RW,RW,,,D8,clustering,0.1,10,0.4314405077925524,0.006654135167150393,0.4314405077925524,15
R1,RW,RW,,,D8,H_norm,0.05,10,0.23359044652237088,0.0032733476687884316,0.21534856664644175,22
R1,RW,RW,,,D8,H_norm,0.1,10,0.23359044652237088,0.0032733476687884316,0.21534856664644175,1
R1,RW,RW,,,D8,k_max,0.05,10,133.3,19.55647093817173,129.3,28
R1,RW,RW,,,D8,k_max,0.1,10,133.3,19.55647093817173,129.3,26
R1,RW,RW,,,D8,k_gini,0.05,10,0.20309093737373735,0.0029976025343412364,0.18425142716965565,26
R1,RW,RW,,,D8,k_gini,0.1,10,0.20309093737373735,0.0029976025343412364,0.18425142716965565,22
R1,RW,RW,,,D8,modularity,0.05,10,0.8660980466278951,0.0014790289107468905,0.017040148205709982,28
R1,RW,RW,,,D8,modularity,0.1,10,0.8660980466278951,0.0014790289107468905,0.017040148205709982,27
R1,RW,RW,,,D8,n_communities,0.05,10,20.9,0.9944289260117527,2.8000000000000007,23
R1,RW,RW,,,D8,n_communities,0.1,10,20.9,0.9944289260117527,2.8000000000000007,23
R1,RW,RW,,,D8,assortativity,0.05,10,-0.11819249860663891,0.007286497483276974,0.7686877966984634,7
R1,RW,RW,,,D8,assortativity,0.1,10,-0.11819249860663891,0.007286497483276974,0.7686877966984634,3
R1,RW,RW,,,D8,dyn_len_mean,0.05,10,2.892100531940586,0.07787836324945958,1.0030572286456612,29
R1,RW,RW,,,D8,dyn_len_mean,0.1,10,2.892100531940586,0.07787836324945958,1.0030572286456612,28
R1,RW,RW,,,D8,frac_rewired,0.05,10,0.09048,0.02447224277966093,0.12036,26
R1,RW,RW,,,D8,frac_rewired,0.1,10,0.09048,0.02447224277966093,0.12036,23
R1,RWD,RWD,,,D16,diameter,0.05,10,26.1,0.7378647873726218,71.9,8
R1,RWD,RWD,,,D16,diameter,0.1,10,26.1,0.7378647873726218,71.9,6
R1,RWD,RWD,,,D16,aspl,0.05,10,10.929206402561025,0.07550979609632093,22.40412693077231,10
R1,RWD,RWD,,,D16,aspl,0.1,10,10.929206402561025,0.07550979609632093,22.40412693077231,7
R1,RWD,RWD,,,D16,efficiency,0.05,10,0.12129387911453374,0.0007833678625416394,0.07481092731063743,16
R1,RWD,RWD,,,D16,efficiency,0.1,10,0.12129387911453374,0.0007833678625416394,0.07481092731063743,12
R1,RWD,RWD,,,D16,clustering,0.05,10,0.45308758615252087,0.0022664070877493896,0.45308758615252087,11
R1,RWD,RWD,,,D16,clustering,0.1,10,0.45308758615252087,0.0022664070877493896,0.45308758615252087,7
R1,RWD,RWD,,,D16,H_norm,0.05,10,0.1962879644744922,0.003066355574041607,0.22022210753060462,18
R1,RWD,RWD,,,D16,H_norm,0.1,10,0.1962879644744922,0.003066355574041607,0.22022210753060462,13
R1,RWD,RWD,,,D16,k_max,0.05,10,59.9,0.31622776601683744,55.9,7
R1,RWD,RWD,,,D16,k_max,0.1,10,59.9,0.31622776601683744,55.9,6
R1,RWD,RWD,,,D16,k_gini,0.05,10,0.23291617974836779,0.001582470664042732,0.21407666954428609,14
R1,RWD,RWD,,,D16,k_gini,0.1,10,0.23291617974836779,0.001582470664042732,0.21407666954428609,10
R1,RWD,RWD,,,D16,modularity,0.05,10,0.8776834339415011,0.002521264286006977,0.026756282384859165,20
R1,RWD,RWD,,,D16,modularity,0.1,10,0.8776834339415011,0.002521264286006977,0.026756282384859165,16
R1,RWD,RWD,,,D16,n_communities,0.05,10,25.4,1.505545305418162,5.699999999999999,29
R1,RWD,RWD,,,D16,n_communities,0.1,10,25.4,1.505545305418162,5.699999999999999,27
R1,RWD,RWD,,,D16,assortativity,0.05,10,-0.22252268100223463,0.004839444903553623,0.8730179790940591,11
R1,RWD,RWD,,,D16,assortativity,0.1,10,-0.22252268100223463,0.004839444903553623,0.8730179790940591,7
R1,RWD,RWD,,,D16,dyn_len_mean,0.05,10,2.71607333898741,0.019814321413218816,0.8477579772463821,21
R1,RWD,RWD,,,D16,dyn_len_mean,0.1,10,2.71607333898741,0.019814321413218816,0.8477579772463821,17
R1,RWD,RWD,,,D16,frac_rewired,0.05,10,0.12152,0.008588985194227931,0.23043999999999998,14
R1,RWD,RWD,,,D16,frac_rewired,0.1,10,0.12152,0.008588985194227931,0.23043999999999998,12
R1,RWD,RWD,,,D2,diameter,0.05,10,14.6,1.429840705968481,83.6,10
R1,RWD,RWD,,,D2,diameter,0.1,10,14.6,1.429840705968481,83.6,7
R1,RWD,RWD,,,D2,aspl,0.05,10,7.103326706682672,0.47712854916287284,26.24134985194078,11
R1,RWD,RWD,,,D2,aspl,0.1,10,7.103326706682672,0.47712854916287284,26.24134985194078,9
R1,RWD,RWD,,,D2,efficiency,0.05,10,0.17982069044790022,0.010671962932221299,0.133485412559613,18
R1,RWD,RWD,,,D2,efficiency,0.1,10,0.17982069044790022,0.010671962932221299,0.133485412559613,14
R1,RWD,RWD,,,D2,clustering,0.05,10,0.49266612605853266,0.009789919446735643,0.49266612605853266,13
R1,RWD,RWD,,,D2,clustering,0.1,10,0.49266612605853266,0.009789919446735643,0.49266612605853266,9
R1,RWD,RWD,,,D2,H_norm,0.05,10,0.10353443966731724,0.013590914615394769,0.21833827409388679,21
R1,RWD,RWD,,,D2,H_norm,0.1,10,0.10353443966731724,0.013590914615394769,0.21833827409388679,17
R1,RWD,RWD,,,D2,k_max,0.05,10,351.2,100.95521559362625,347.2,19
R1,RWD,RWD,,,D2,k_max,0.1,10,351.2,100.95521559362625,347.2,19
R1,RWD,RWD,,,D2,k_gini,0.05,10,0.25696512323232323,0.0009463774696282715,0.23812561302824153,11
R1,RWD,RWD,,,D2,k_gini,0.1,10,0.25696512323232323,0.0009463774696282715,0.23812561302824153,9
R1,RWD,RWD,,,D2,modularity,0.05,10,0.8728788164473013,0.010514073078472092,0.025101671111455226,10
R1,RWD,RWD,,,D2,modularity,0.1,10,0.8728788164473013,0.010514073078472092,0.025101671111455226,10
R1,RWD,RWD,,,D2,n_communities,0.05,10,17.7,1.8287822299126941,4.100000000000001,17
R1,RWD,RWD,,,D2,n_communities,0.1,10,17.7,1.8287822299126941,4.100000000000001,17
R1,RWD,RWD,,,D2,assortativity,0.05,10,-0.2170386977442822,0.04071339359939519,0.8675339958361067,10
R1,RWD,RWD,,,D2,assortativity,0.1,10,-0.2170386977442822,0.04071339359939519,0.8675339958361067,8
R1,RWD,RWD,,,D2,dyn_len_mean,0.05,10,6.261805343813281,0.4366919527852932,4.370602526114961,23
R1,RWD,RWD,,,D2,dyn_len_mean,0.1,10,6.261805343813281,0.4366919527852932,4.370602526114961,18
R1,RWD,RWD,,,D2,frac_rewired,0.05,10,0.3266,0.05276606653691155,0.37,16
R1,RWD,RWD,,,D2,frac_rewired,0.1,10,0.3266,0.05276606653691155,0.37,13
R1,RWD,RWD,,,D4,diameter,0.05,10,15.0,1.1547005383792515,83.2,9
R1,RWD,RWD,,,D4,diameter,0.1,10,15.0,1.1547005383792515,83.2,7
R1,RWD,RWD,,,D4,aspl,0.05,10,6.984341640656263,0.5298391016693744,26.371023001200484,11
R1,RWD,RWD,,,D4,aspl,0.1,10,6.984341640656263,0.5298391016693744,26.371023001200484,9
R1,RWD,RWD,,,D4,efficiency,0.05,10,0.18335363253643308,0.012482675150368404,0.13707570712580944,16
R1,RWD,RWD,,,D4,efficiency,0.1,10,0.18335363253643308,0.012482675150368404,0.13707570712580944,14
R1,RWD,RWD,,,D4,clustering,0.05,10,0.5036328383200321,0.02152391105378898,0.5040729232839197,14
R1,RWD,RWD,,,D4,clustering,0.1,10,0.5036328383200321,0.02152391105378898,0.5040729232839197,10
R1,RWD,RWD,,,D4,H_norm,0.05,10,0.10766047901366224,0.014483049944553801,0.21910451816642917,20
R1,RWD,RWD,,,D4,H_norm,0.1,10,0.10766047901366224,0.014483049944553801,0.21910451816642917,17
R1,RWD,RWD,,,D4,k_max,0.05,10,385.1,109.59161565659218,381.1,16
R1,RWD,RWD,,,D4,k_max,0.1,10,385.1,109.59161565659218,381.1,15
R1,RWD,RWD,,,D4,k_gini,0.05,10,0.25680151111111116,0.0016706285784315953,0.23796200090702946,11
R1,RWD,RWD,,,D4,k_gini,0.1,10,0.25680151111111116,0.0016706285784315953,0.23796200090702946,9
R1,RWD,RWD,,,D4,modularity,0.05,10,0.867312175798388,0.013756480975969342,0.01924892435028125,7
R1,RWD,RWD,,,D4,modularity,0.1,10,0.867312175798388,0.013756480975969342,0.01924892435028125,7
R1,RWD,RWD,,,D4,n_communities,0.05,10,16.7,1.7029386365926396,4.900000000000002,20
R1,RWD,RWD,,,D4,n_communities,0.1,10,16.7,1.7029386365926396,4.900000000000002,20
R1,RWD,RWD,,,D4,assortativity,0.05,10,-0.21076813972742311,0.03681331971769644,0.8612634378192476,11
R1,RWD,RWD,,,D4,assortativity,0.1,10,-0.21076813972742311,0.03681331971769644,0.8612634378192476,8
R1,RWD,RWD,,,D4,dyn_len_mean,0.05,10,6.191606954565274,0.459628613428183,4.299688826743473,20
R1,RWD,RWD,,,D4,dyn_len_mean,0.1,10,6.191606954565274,0.459628613428183,4.299688826743473,17
R1,RWD,RWD,,,D4,frac_rewired,0.05,10,0.23647999999999997,0.08620921322251146,0.33204,17
R1,RWD,RWD,,,D4,frac_rewired,0.1,10,0.23647999999999997,0.08620921322251146,0.33204,14
R1,RWD,RWD,,,D8,diameter,0.05,10,17.2,1.398411797560202,80.9,9
R1,RWD,RWD,,,D8,diameter,0.1,10,17.2,1.398411797560202,80.9,6
R1,RWD,RWD,,,D8,aspl,0.05,10,7.857079311724689,0.23884204256002178,25.476254021608646,10
R1,RWD,RWD,,,D8,aspl,0.1,10,7.857079311724689,0.23884204256002178,25.476254021608646,8
R1,RWD,RWD,,,D8,efficiency,0.05,10,0.16205535699386028,0.0038709946002856103,0.11557240518996398,15
R1,RWD,RWD,,,D8,efficiency,0.1,10,0.16205535699386028,0.0038709946002856103,0.11557240518996398,13
R1,RWD,RWD,,,D8,clustering,0.05,10,0.4841467165397991,0.009903486976092123,0.4841467165397991,12
R1,RWD,RWD,,,D8,clustering,0.1,10,0.4841467165397991,0.009903486976092123,0.4841467165397991,9
R1,RWD,RWD,,,D8,H_norm,0.05,10,0.14509137923753487,0.007003113992841228,0.21872166311940933,18
R1,RWD,RWD,,,D8,H_norm,0.1,10,0.14509137923753487,0.007003113992841228,0.21872166311940933,14
R1,RWD,RWD,,,D8,k_max,0.05,10,198.8,23.432171616533257,195.0,15
R1,RWD,RWD,,,D8,k_max,0.1,10,198.8,23.432171616533257,195.0,13
R1,RWD,RWD,,,D8,k_gini,0.05,10,0.25092324444444447,0.0011810923289092344,0.23208373424036277,11
R1,RWD,RWD,,,D8,k_gini,0.1,10,0.25092324444444447,0.0011810923289092344,0.23208373424036277,9
R1,RWD,RWD,,,D8,modularity,0.05,10,0.8804901499846954,0.004040599083091978,0.030228940675043225,20
R1,RWD,RWD,,,D8,modularity,0.1,10,0.8804901499846954,0.004040599083091978,0.030228940675043225,15
R1,RWD,RWD,,,D8,n_communities,0.05,10,20.1,1.5951314818673865,2.6000000000000014,30
R1,RWD,RWD,,,D8,n_communities,0.1,10,20.1,1.5951314818673865,2.6000000000000014,30
R1,RWD,RWD,,,D8,assortativity,0.05,10,-0.22569545095762802,0.013498891390064185,0.8761907490494525,11
R1,RWD,RWD,,,D8,assortativity,0.1,10,-0.22569545095762802,0.013498891390064185,0.8761907490494525,8
R1,RWD,RWD,,,D8,dyn_len_mean,0.05,10,4.412858157681681,0.0998286731869322,2.523841551736523,20
R1,RWD,RWD,,,D8,dyn_len_mean,0.1,10,4.412858157681681,0.0998286731869322,2.523841551736523,15
R1,RWD,RWD,,,D8,frac_rewired,0.05,10,0.19768000000000002,0.05648482195343375,0.3136,15
R1,RWD,RWD,,,D8,frac_rewired,0.1,10,0.19768000000000002,0.05648482195343375,0.3136,14
R1,RWI,RWI,,,D16,diameter,0.05,10,38.4,0.5163977794943224,60.2,1
R1,RWI,RWI,,,D16,diameter,0.1,10,38.4,0.5163977794943224,60.2,1
R1,RWI,RWI,,,D16,aspl,0.05,10,15.505280768307324,0.08434512208783489,18.063877583033218,1
R1,RWI,RWI,,,D16,aspl,0.1,10,15.505280768307324,0.08434512208783489,18.063877583033218,1
R1,RWI,RWI,,,D16,efficiency,0.05,10,0.0896372960738345,0.00036721390072499716,0.044231190407496075,2
R1,RWI,RWI,,,D16,efficiency,0.1,10,0.0896372960738345,0.00036721390072499716,0.044231190407496075,1
R1,RWI,RWI,,,D16,clustering,0.05,10,0.36743349339549525,0.0027668626504922895,0.37043045754245973,1
R1,RWI,RWI,,,D16,clustering,0.1,10,0.36743349339549525,0.0027668626504922895,0.37043045754245973,1
R1,RWI,RWI,,,D16,H_norm,0.05,10,0.21641438813036795,0.0009622945890720683,0.18028614376704255,2
R1,RWI,RWI,,,D16,H_norm,0.1,10,0.21641438813036795,0.0009622945890720683,0.18028614376704255,1
R1,RWI,RWI,,,D16,k_max,0.05,10,13.7,0.674948557710553,10.1,2
R1,RWI,RWI,,,D16,k_max,0.1,10,13.7,0.674948557710553,10.1,1
R1,RWI,RWI,,,D16,k_gini,0.05,10,0.09379861010101012,0.0008744645997314388,0.07495909989692842,2
R1,RWI,RWI,,,D16,k_gini,0.1,10,0.09379861010101012,0.0008744645997314388,0.07495909989692842,1
R1,RWI,RWI,,,D16,modularity,0.05,10,0.8626618824609735,0.0021801474822366724,0.014218008116746339,30
R1,RWI,RWI,,,D16,modularity,0.1,10,0.8626618824609735,0.0021801474822366724,0.014218008116746339,27
R1,RWI,RWI,,,D16,n_communities,0.05,10,20.8,1.2292725943057181,2.700000000000003,28
R1,RWI,RWI,,,D16,n_communities,0.1,10,20.8,1.2292725943057181,2.700000000000003,28
R1,RWI,RWI,,,D16,assortativity,0.05,10,-0.1043871697614109,0.006234540546441809,0.7548824678532354,8
R1,RWI,RWI,,,D16,assortativity,0.1,10,-0.1043871697614109,0.006234540546441809,0.7548824678532354,2
R1,RWI,RWI,,,D16,dyn_len_mean,0.05,10,2.0624319518471155,0.008479775372203301,0.1923789276896315,27
R1,RWI,RWI,,,D16,dyn_len_mean,0.1,10,2.0624319518471155,0.008479775372203301,0.1923789276896315,24
R1,RWI,RWI,,,D16,frac_rewired,0.05,10,0.11979999999999999,0.009559637371086139,0.11979999999999999,26
R1,RWI,RWI,,,D16,frac_rewired,0.1,10,0.11979999999999999,0.009559637371086139,0.11979999999999999,18
R1,RWI,RWI,,,D2,diameter,0.05,10,36.8,1.6193277068654823,62.2,1
R1,RWI,RWI,,,D2,diameter,0.1,10,36.8,1.6193277068654823,62.2,1
R1,RWI,RWI,,,D2,aspl,0.05,10,14.979949227691076,0.1753483308575104,18.687260216086436,1
R1,RWI,RWI,,,D2,aspl,0.1,10,14.979949227691076,0.1753483308575104,18.687260216086436,1
R1,RWI,RWI,,,D2,efficiency,0.05,10,0.0918709302734554,0.0006683423418183288,0.04703472971023082,1
R1,RWI,RWI,,,D2,efficiency,0.1,10,0.0918709302734554,0.0006683423418183288,0.04703472971023082,1
R1,RWI,RWI,,,D2,clustering,0.05,10,0.36467108558108724,0.0028344243482814105,0.3667348862248884,1
R1,RWI,RWI,,,D2,clustering,0.1,10,0.36467108558108724,0.0028344243482814105,0.3667348862248884,1
R1,RWI,RWI,,,D2,H_norm,0.05,10,0.21493347897362564,0.0018181654910258656,0.1788797817239859,2
R1,RWI,RWI,,,D2,H_norm,0.1,10,0.21493347897362564,0.0018181654910258656,0.1788797817239859,1
R1,RWI,RWI,,,D2,k_max,0.05,10,14.1,0.9944289260117531,10.3,18
R1,RWI,RWI,,,D2,k_max,0.1,10,14.1,0.9944289260117531,10.3,2
R1,RWI,RWI,,,D2,k_gini,0.05,10,0.0926011111111111,0.0015117104190072372,0.0737616009070294,2
R1,RWI,RWI,,,D2,k_gini,0.1,10,0.0926011111111111,0.0015117104190072372,0.0737616009070294,1
R1,RWI,RWI,,,D2,modularity,0.05,10,0.8612737302316089,0.002073598164513744,0.015151433421052407,28
R1,RWI,RWI,,,D2,modularity,0.1,10,0.8612737302316089,0.002073598164513744,0.015151433421052407,28
R1,RWI,RWI,,,D2,n_communities,0.05,10,20.8,1.2292725943057186,2.900000000000002,29
R1,RWI,RWI,,,D2,n_communities,0.1,10,20.8,1.2292725943057186,2.900000000000002,29
R1,RWI,RWI,,,D2,assortativity,0.05,10,-0.0992166894960808,0.008557964260805028,0.7497119875879052,8
R1,RWI,RWI,,,D2,assortativity,0.1,10,-0.0992166894960808,0.008557964260805028,0.7497119875879052,2
R1,RWI,RWI,,,D2,dyn_len_mean,0.05,10,2.0884507009218742,0.007294293819215968,0.18942608153208185,28
R1,RWI,RWI,,,D2,dyn_len_mean,0.1,10,2.0884507009218742,0.007294293819215968,0.18942608153208185,25
R1,RWI,RWI,,,D2,frac_rewired,0.05,10,0.10884,0.00801432051600966,0.10891999999999999,27
R1,RWI,RWI,,,D2,frac_rewired,0.1,10,0.10884,0.00801432051600966,0.10891999999999999,23
R1,RWI,RWI,,,D4,diameter,0.05,10,36.5,0.7071067811865467,62.2,1
R1,RWI,RWI,,,D4,diameter,0.1,10,36.5,0.7071067811865467,62.2,1
R1,RWI,RWI,,,D4,aspl,0.05,10,14.888309115646257,0.10459432153701301,18.72159234893958,1
R1,RWI,RWI,,,D4,aspl,0.1,10,14.888309115646257,0.10459432153701301,18.72159234893958,1
R1,RWI,RWI,,,D4,efficiency,0.05,10,0.0922316741720537,0.0005035911448058455,0.047158728307826726,1
R1,RWI,RWI,,,D4,efficiency,0.1,10,0.0922316741720537,0.0005035911448058455,0.047158728307826726,1
R1,RWI,RWI,,,D4,clustering,0.05,10,0.3649273231866189,0.002603870806033346,0.366750115662118,1
R1,RWI,RWI,,,D4,clustering,0.1,10,0.3649273231866189,0.002603870806033346,0.366750115662118,1
R1,RWI,RWI,,,D4,H_norm,0.05,10,0.2157264505325606,0.0016501817992891745,0.1795982061692352,2
R1,RWI,RWI,,,D4,H_norm,0.1,10,0.2157264505325606,0.0016501817992891745,0.1795982061692352,1
R1,RWI,RWI,,,D4,k_max,0.05,10,14.2,1.4757295747452435,10.2,21
R1,RWI,RWI,,,D4,k_max,0.1,10,14.2,1.4757295747452435,10.2,2
R1,RWI,RWI,,,D4,k_gini,0.05,10,0.09335431111111112,0.0014185426064362702,0.07451480090702942,2
R1,RWI,RWI,,,D4,k_gini,0.1,10,0.09335431111111112,0.0014185426064362702,0.07451480090702942,1
R1,RWI,RWI,,,D4,modularity,0.05,10,0.8609464069992858,0.0014306808988279204,0.01550883284722615,29
R1,RWI,RWI,,,D4,modularity,0.1,10,0.8609464069992858,0.0014306808988279204,0.01550883284722615,27
R1,RWI,RWI,,,D4,n_communities,0.05,10,20.5,1.2692955176439846,2.900000000000002,30
R1,RWI,RWI,,,D4,n_communities,0.1,10,20.5,1.2692955176439846,2.900000000000002,30
R1,RWI,RWI,,,D4,assortativity,0.05,10,-0.10160888146004457,0.006705882495159508,0.7523662397186566,9
R1,RWI,RWI,,,D4,assortativity,0.1,10,-0.10160888146004457,0.006705882495159508,0.7523662397186566,2
R1,RWI,RWI,,,D4,dyn_len_mean,0.05,10,2.086694614692166,0.013084878411078723,0.18697489357657182,27
R1,RWI,RWI,,,D4,dyn_len_mean,0.1,10,2.086694614692166,0.013084878411078723,0.18697489357657182,24
R1,RWI,RWI,,,D4,frac_rewired,0.05,10,0.1068,0.005631656555184769,0.10804,26
R1,RWI,RWI,,,D4,frac_rewired,0.1,10,0.1068,0.005631656555184769,0.10804,25
R1,RWI,RWI,,,D8,diameter,0.05,10,36.0,0.6666666666666666,62.0,1
R1,RWI,RWI,,,D8,diameter,0.1,10,36.0,0.6666666666666666,62.0,1
R1,RWI,RWI,,,D8,aspl,0.05,10,14.964353453381353,0.15247240119000496,18.661336950780314,1
R1,RWI,RWI,,,D8,aspl,0.1,10,14.964353453381353,0.15247240119000496,18.661336950780314,1
R1,RWI,RWI,,,D8,efficiency,0.05,10,0.09190223903379527,0.000650249498482392,0.04691988433271569,1
R1,RWI,RWI,,,D8,efficiency,0.1,10,0.09190223903379527,0.000650249498482392,0.04691988433271569,1
R1,RWI,RWI,,,D8,clustering,0.05,10,0.364949807081809,0.0029718691556490638,0.3658638155178173,1
R1,RWI,RWI,,,D8,clustering,0.1,10,0.364949807081809,0.0029718691556490638,0.3658638155178173,1
R1,RWI,RWI,,,D8,H_norm,0.05,10,0.21543973023240892,0.0014610792338856638,0.17948680303712036,2
R1,RWI,RWI,,,D8,H_norm,0.1,10,0.21543973023240892,0.0014610792338856638,0.17948680303712036,1
R1,RWI,RWI,,,D8,k_max,0.05,10,13.9,0.7378647873726217,10.2,2
R1,RWI,RWI,,,D8,k_max,0.1,10,13.9,0.7378647873726217,10.2,2
R1,RWI,RWI,,,D8,k_gini,0.05,10,0.09310571717171715,0.0011611481932890441,0.07434079282622139,2
R1,RWI,RWI,,,D8,k_gini,0.1,10,0.09310571717171715,0.0011611481932890441,0.07434079282622139,1
R1,RWI,RWI,,,D8,modularity,0.05,10,0.8623896209570452,0.001819864695799897,0.015436931492747274,30
R1,RWI,RWI,,,D8,modularity,0.1,10,0.8623896209570452,0.001819864695799897,0.015436931492747274,29
R1,RWI,RWI,,,D8,n_communities,0.05,10,21.5,1.35400640077266,2.900000000000002,28
R1,RWI,RWI,,,D8,n_communities,0.1,10,21.5,1.35400640077266,2.900000000000002,28
R1,RWI,RWI,,,D8,assortativity,0.05,10,-0.10158761267578975,0.006211739953777178,0.7533720938156664,8
R1,RWI,RWI,,,D8,assortativity,0.1,10,-0.10158761267578975,0.006211739953777178,0.7533720938156664,2
R1,RWI,RWI,,,D8,dyn_len_mean,0.05,10,2.0855845364159773,0.010726739851721392,0.1866017004824947,27
R1,RWI,RWI,,,D8,dyn_len_mean,0.1,10,2.0855845364159773,0.010726739851721392,0.1866017004824947,24
R1,RWI,RWI,,,D8,frac_rewired,0.05,10,0.10203999999999999,0.0063566588009040656,0.10604,20
R1,RWI,RWI,,,D8,frac_rewired,0.1,10,0.10203999999999999,0.0063566588009040656,0.10604,15
R1,SP,SP,,,D16,diameter,0.05,10,20.7,0.6749485577105524,77.3,6
R1,SP,SP,,,D16,diameter,0.1,10,20.7,0.6749485577105524,77.3,4
R1,SP,SP,,,D16,aspl,0.05,10,9.427875726290516,0.1456975157549618,23.90545760704282,7
R1,SP,SP,,,D16,aspl,0.1,10,9.427875726290516,0.1456975157549618,23.90545760704282,4
R1,SP,SP,,,D16,efficiency,0.05,10,0.13092000763637268,0.001626327167083272,0.08443705583247638,15
R1,SP,SP,,,D16,efficiency,0.1,10,0.13092000763637268,0.001626327167083272,0.08443705583247638,10
R1,SP,SP,,,D16,clustering,0.05,10,0.24305515489589347,0.0029715243017128376,0.3068829321789287,7
R1,SP,SP,,,D16,clustering,0.1,10,0.24305515489589347,0.0029715243017128376,0.3068829321789287,4
R1,SP,SP,,,D16,H_norm,0.05,10,0.2586466595254088,0.0008443071850769306,0.22251841516208337,7
R1,SP,SP,,,D16,H_norm,0.1,10,0.2586466595254088,0.0008443071850769306,0.22251841516208337,5
R1,SP,SP,,,D16,k_max,0.05,10,44.5,10.058164179743075,40.5,25
R1,SP,SP,,,D16,k_max,0.1,10,44.5,10.058164179743075,40.5,24
R1,SP,SP,,,D16,k_gini,0.05,10,0.15634820939691213,0.0021761995990482023,0.13750869919283043,16
R1,SP,SP,,,D16,k_gini,0.1,10,0.15634820939691213,0.0021761995990482023,0.13750869919283043,11
R1,SP,SP,,,D16,modularity,0.05,10,0.8257350822379493,0.0038170648254237704,0.038896401480972065,19
R1,SP,SP,,,D16,modularity,0.1,10,0.8257350822379493,0.0038170648254237704,0.038896401480972065,13
R1,SP,SP,,,D16,n_communities,0.05,10,15.1,1.3703203194062976,7.200000000000001,22
R1,SP,SP,,,D16,n_communities,0.1,10,15.1,1.3703203194062976,7.200000000000001,15
R1,SP,SP,,,D16,assortativity,0.05,10,0.031230232534007817,0.005586878147583077,0.6192650655578167,9
R1,SP,SP,,,D16,assortativity,0.1,10,0.031230232534007817,0.005586878147583077,0.6192650655578167,5
R1,SP,SP,,,D16,dyn_len_mean,0.05,10,3.006115539737185,0.018093140876193785,0.5191000367353014,21
R1,SP,SP,,,D16,dyn_len_mean,0.1,10,3.006115539737185,0.018093140876193785,0.5191000367353014,16
R1,SP,SP,,,D16,frac_rewired,0.05,10,0.0052,0.003314614105241614,0.18928,19
R1,SP,SP,,,D16,frac_rewired,0.1,10,0.0052,0.003314614105241614,0.18928,14
R1,SP,SP,,,D2,diameter,0.05,10,3.9,0.31622776601683805,94.1,6
R1,SP,SP,,,D2,diameter,0.1,10,3.9,0.31622776601683805,94.1,4
R1,SP,SP,,,D2,aspl,0.05,10,2.05340862745098,0.04482362622245948,31.279924705882355,7
R1,SP,SP,,,D2,aspl,0.1,10,2.05340862745098,0.04482362622245948,31.279924705882355,5
R1,SP,SP,,,D2,efficiency,0.05,10,0.49220337735094033,0.007391686469004637,0.44572042554704405,11
R1,SP,SP,,,D2,efficiency,0.1,10,0.49220337735094033,0.007391686469004637,0.44572042554704405,9
R1,SP,SP,,,D2,clustering,0.05,10,0.4402147864307981,0.023028665828986817,0.4402147864307981,11
R1,SP,SP,,,D2,clustering,0.1,10,0.4402147864307981,0.023028665828986817,0.4402147864307981,9
R1,SP,SP,,,D2,H_norm,0.05,10,0.1220929082704002,0.019353260368007743,0.2158550690482689,10
R1,SP,SP,,,D2,H_norm,0.1,10,0.1220929082704002,0.019353260368007743,0.2158550690482689,9
R1,SP,SP,,,D2,k_max,0.05,10,2369.9,190.07217927233157,2365.9,12
R1,SP,SP,,,D2,k_max,0.1,10,2369.9,190.07217927233157,2365.9,10
R1,SP,SP,,,D2,k_gini,0.05,10,0.255987301010101,0.002811977300331606,0.23714779080601928,7
R1,SP,SP,,,D2,k_gini,0.1,10,0.255987301010101,0.002811977300331606,0.23714779080601928,6
R1,SP,SP,,,D2,modularity,0.05,10,0.5490790307111519,0.03610293928035186,0.3146466021170311,12
R1,SP,SP,,,D2,modularity,0.1,10,0.5490790307111519,0.03610293928035186,0.3146466021170311,10
R1,SP,SP,,,D2,n_communities,0.05,10,11.7,1.0593499054713804,11.400000000000002,9
R1,SP,SP,,,D2,n_communities,0.1,10,11.7,1.0593499054713804,11.400000000000002,8
R1,SP,SP,,,D2,assortativity,0.05,10,-0.1754239346261135,0.028363560964903896,0.825919232717938,8
R1,SP,SP,,,D2,assortativity,0.1,10,-0.1754239346261135,0.028363560964903896,0.825919232717938,6
R1,SP,SP,,,D2,dyn_len_mean,0.05,10,16.047170667260485,1.01027277842663,13.561163810057025,10
R1,SP,SP,,,D2,dyn_len_mean,0.1,10,16.047170667260485,1.01027277842663,13.561163810057025,9
R1,SP,SP,,,D2,frac_rewired,0.05,10,0.00044,0.0011384199576606165,0.61476,13
R1,SP,SP,,,D2,frac_rewired,0.1,10,0.00044,0.0011384199576606165,0.61476,11
R1,SP,SP,,,D4,diameter,0.05,10,7.3,0.8232726023485646,90.7,5
R1,SP,SP,,,D4,diameter,0.1,10,7.3,0.8232726023485646,90.7,4
R1,SP,SP,,,D4,aspl,0.05,10,3.3737929731892757,0.06579636313520659,29.95954036014406,6
R1,SP,SP,,,D4,aspl,0.1,10,3.3737929731892757,0.06579636313520659,29.95954036014406,5
R1,SP,SP,,,D4,efficiency,0.05,10,0.3231156948112578,0.004337807032899315,0.2766327430073615,9
R1,SP,SP,,,D4,efficiency,0.1,10,0.3231156948112578,0.004337807032899315,0.2766327430073615,8
R1,SP,SP,,,D4,clustering,0.05,10,0.3318568606537978,0.01082821338189981,0.3318644654193627,8
R1,SP,SP,,,D4,clustering,0.1,10,0.3318568606537978,0.01082821338189981,0.3318644654193627,7
R1,SP,SP,,,D4,H_norm,0.05,10,0.18141746974031442,0.007853564159262923,0.21607837249732936,8
R1,SP,SP,,,D4,H_norm,0.1,10,0.18141746974031442,0.007853564159262923,0.21607837249732936,7
R1,SP,SP,,,D4,k_max,0.05,10,947.9,0.31622776601686625,943.9,11
R1,SP,SP,,,D4,k_max,0.1,10,947.9,0.31622776601686625,943.9,10
R1,SP,SP,,,D4,k_gini,0.05,10,0.24143533333333336,0.0032008084666831603,0.22259582312925166,7
R1,SP,SP,,,D4,k_gini,0.1,10,0.24143533333333336,0.0032008084666831603,0.22259582312925166,6
R1,SP,SP,,,D4,modularity,0.05,10,0.7277153688399143,0.012331496156188336,0.13691003544016134,10
R1,SP,SP,,,D4,modularity,0.1,10,0.7277153688399143,0.012331496156188336,0.13691003544016134,9
R1,SP,SP,,,D4,n_communities,0.05,10,11.9,1.1972189997378648,9.900000000000002,9
R1,SP,SP,,,D4,n_communities,0.1,10,11.9,1.1972189997378648,9.900000000000002,7
R1,SP,SP,,,D4,assortativity,0.05,10,-0.07382015761344937,0.00805137012547315,0.7243154557052739,4
R1,SP,SP,,,D4,assortativity,0.1,10,-0.07382015761344937,0.00805137012547315,0.7243154557052739,4
R1,SP,SP,,,D4,dyn_len_mean,0.05,10,9.141280734504134,0.6827292615485681,6.655318570124175,9
R1,SP,SP,,,D4,dyn_len_mean,0.1,10,9.141280734504134,0.6827292615485681,6.655318570124175,8
R1,SP,SP,,,D4,frac_rewired,0.05,10,0.00047999999999999996,0.00045411696975803734,0.59496,11
R1,SP,SP,,,D4,frac_rewired,0.1,10,0.00047999999999999996,0.00045411696975803734,0.59496,9
R1,SP,SP,,,D8,diameter,0.05,10,11.5,0.5270462766947299,86.5,6
R1,SP,SP,,,D8,diameter,0.1,10,11.5,0.5270462766947299,86.5,4
R1,SP,SP,,,D8,aspl,0.05,10,5.423233293317327,0.0762299372534324,27.910100040016008,7
R1,SP,SP,,,D8,aspl,0.1,10,5.423233293317327,0.0762299372534324,27.910100040016008,4
R1,SP,SP,,,D8,efficiency,0.05,10,0.20808088983010226,0.0029673927440372126,0.16159793802620595,14
R1,SP,SP,,,D8,efficiency,0.1,10,0.20808088983010226,0.0029673927440372126,0.16159793802620595,10
R1,SP,SP,,,D8,clustering,0.05,10,0.25821946950704866,0.006081732927521554,0.30699525829725477,2
R1,SP,SP,,,D8,clustering,0.1,10,0.25821946950704866,0.006081732927521554,0.30699525829725477,2
R1,SP,SP,,,D8,H_norm,0.05,10,0.22866024305160776,0.0035851209129361497,0.2171475089956556,9
R1,SP,SP,,,D8,H_norm,0.1,10,0.22866024305160776,0.0035851209129361497,0.2171475089956556,5
R1,SP,SP,,,D8,k_max,0.05,10,219.0,35.58713875045933,215.0,17
R1,SP,SP,,,D8,k_max,0.1,10,219.0,35.58713875045933,215.0,14
R1,SP,SP,,,D8,k_gini,0.05,10,0.21711221414141413,0.002664906923368968,0.19827270393733243,10
R1,SP,SP,,,D8,k_gini,0.1,10,0.21711221414141413,0.002664906923368968,0.19827270393733243,7
R1,SP,SP,,,D8,modularity,0.05,10,0.7948302280379553,0.006577445412669432,0.07044884423518216,16
R1,SP,SP,,,D8,modularity,0.1,10,0.7948302280379553,0.006577445412669432,0.07044884423518216,10
R1,SP,SP,,,D8,n_communities,0.05,10,13.0,0.9428090415820632,9.000000000000002,12
R1,SP,SP,,,D8,n_communities,0.1,10,13.0,0.9428090415820632,9.000000000000002,7
R1,SP,SP,,,D8,assortativity,0.05,10,-0.04165620355275854,0.010026178918176023,0.6922133711253736,4
R1,SP,SP,,,D8,assortativity,0.1,10,-0.04165620355275854,0.010026178918176023,0.6922133711253736,3
R1,SP,SP,,,D8,dyn_len_mean,0.05,10,5.306352613616496,0.10110475765827164,2.820350788817608,16
R1,SP,SP,,,D8,dyn_len_mean,0.1,10,5.306352613616496,0.10110475765827164,2.820350788817608,12
R1,SP,SP,,,D8,frac_rewired,0.05,10,0.0025599999999999998,0.0022721502297750177,0.47152000000000005,14
R1,SP,SP,,,D8,frac_rewired,0.1,10,0.0025599999999999998,0.0022721502297750177,0.47152000000000005,11
R2,CR,CR,,,D16,diameter,0.05,10,23.0,0.0,75.0,4
R2,CR,CR,,,D16,diameter,0.1,10,23.0,0.0,75.0,3
R2,CR,CR,,,D16,aspl,0.05,10,9.2373300040016,0.03718636582318008,24.09712886754702,4
R2,CR,CR,,,D16,aspl,0.1,10,9.2373300040016,0.03718636582318008,24.09712886754702,3
R2,CR,CR,,,D16,efficiency,0.05,10,0.13737523306409682,0.0003632317249297625,0.09090950429786468,9
R2,CR,CR,,,D16,efficiency,0.1,10,0.13737523306409682,0.0003632317249297625,0.09090950429786468,5
R2,CR,CR,,,D16,clustering,0.05,10,0.14276959183334692,0.001312423494678795,0.2590228955488952,9
R2,CR,CR,,,D16,clustering,0.1,10,0.14276959183334692,0.001312423494678795,0.2590228955488952,6
R2,CR,CR,,,D16,H_norm,0.05,10,0.25224973311895826,0.0012345368589463974,0.21633971237042982,3
R2,CR,CR,,,D16,H_norm,0.1,10,0.25224973311895826,0.0012345368589463974,0.21633971237042982,3
R2,CR,CR,,,D16,k_max,0.05,10,17.6,1.4298407059684815,13.7,13
R2,CR,CR,,,D16,k_max,0.1,10,17.6,1.4298407059684815,13.7,6
R2,CR,CR,,,D16,k_gini,0.05,10,0.13103995959595963,0.001950153467398653,0.11234144911691935,6
R2,CR,CR,,,D16,k_gini,0.1,10,0.13103995959595963,0.001950153467398653,0.11234144911691935,4
R2,CR,CR,,,D16,modularity,0.05,10,0.7861559519436793,0.0030819394569264113,0.08223730899589066,27
R2,CR,CR,,,D16,modularity,0.1,10,0.7861559519436793,0.0030819394569264113,0.08223730899589066,8
R2,CR,CR,,,D16,n_communities,0.05,10,12.3,1.1595018087284057,10.100000000000001,29
R2,CR,CR,,,D16,n_communities,0.1,10,12.3,1.1595018087284057,10.100000000000001,7
R2,CR,CR,,,D16,assortativity,0.05,10,0.03054639618193592,0.007048543947808998,0.624446242069801,4
R2,CR,CR,,,D16,assortativity,0.1,10,0.03054639618193592,0.007048543947808998,0.624446242069801,2
R2,CR,CR,,,D16,dyn_len_mean,0.05,10,3.3305002093071403,0.007928087019176015,1.3621366553554846,13
R2,CR,CR,,,D16,dyn_len_mean,0.1,10,3.3305002093071403,0.007928087019176015,1.3621366553554846,9
R2,CR,CR,,,D16,frac_rewired,0.05,10,0.18392,0.009842854147948032,0.562,12
R2,CR,CR,,,D16,frac_rewired,0.1,10,0.18392,0.009842854147948032,0.562,9
R2,CR,CR,,,D2,diameter,0.05,10,7.0,0.0,91.0,7
R2,CR,CR,,,D2,diameter,0.1,10,7.0,0.0,91.0,5
R2,CR,CR,,,D2,aspl,0.05,10,4.398247555022008,0.009263871780331454,28.98797823129252,6
R2,CR,CR,,,D2,aspl,0.1,10,4.398247555022008,0.009263871780331454,28.98797823129252,5
R2,CR,CR,,,D2,efficiency,0.05,10,0.23903759012176296,0.0004630956680772405,0.1956062278679724,9
R2,CR,CR,,,D2,efficiency,0.1,10,0.23903759012176296,0.0004630956680772405,0.1956062278679724,8
R2,CR,CR,,,D2,clustering,0.05,10,0.0961402640674933,0.0017347181429176414,0.258336749583749,6
R2,CR,CR,,,D2,clustering,0.1,10,0.0961402640674933,0.0017347181429176414,0.258336749583749,5
R2,CR,CR,,,D2,H_norm,0.05,10,0.25982206199708996,0.0010060454912025158,0.2264217856357839,3
R2,CR,CR,,,D2,H_norm,0.1,10,0.25982206199708996,0.0010060454912025158,0.2264217856357839,3
R2,CR,CR,,,D2,k_max,0.05,10,27.2,4.1041983924323695,32.4,25
R2,CR,CR,,,D2,k_max,0.1,10,27.2,4.1041983924323695,32.4,22
R2,CR,CR,,,D2,k_gini,0.05,10,0.15121046868686872,0.0011346012526128003,0.1536206514120799,18
R2,CR,CR,,,D2,k_gini,0.1,10,0.15121046868686872,0.0011346012526128003,0.1536206514120799,13
R2,CR,CR,,,D2,modularity,0.05,10,0.5364975624936231,0.007227223296519945,0.32984487882348956,14
R2,CR,CR,,,D2,modularity,0.1,10,0.5364975624936231,0.007227223296519945,0.32984487882348956,13
R2,CR,CR,,,D2,n_communities,0.05,10,16.6,0.9660917830792958,13.700000000000001,29
R2,CR,CR,,,D2,n_communities,0.1,10,16.6,0.9660917830792958,13.700000000000001,19
R2,CR,CR,,,D2,assortativity,0.05,10,0.05823558829255614,0.013257716590757562,0.6006794279263372,3
R2,CR,CR,,,D2,assortativity,0.1,10,0.05823558829255614,0.013257716590757562,0.6006794279263372,2
R2,CR,CR,,,D2,dyn_len_mean,0.05,10,15.30276862818582,0.32376923861984963,13.375956633660888,20
R2,CR,CR,,,D2,dyn_len_mean,0.1,10,15.30276862818582,0.32376923861984963,13.375956633660888,16
R2,CR,CR,,,D2,frac_rewired,0.05,10,0.8872,0.006832601586836777,0.9863199999999999,13
R2,CR,CR,,,D2,frac_rewired,0.1,10,0.8872,0.006832601586836777,0.9863199999999999,8
R2,CR,CR,,,D4,diameter,0.05,10,8.3,0.4830458915396481,90.0,6
R2,CR,CR,,,D4,diameter,0.1,10,8.3,0.4830458915396481,90.0,5
R2,CR,CR,,,D4,aspl,0.05,10,4.640176326530613,0.013473076702000335,28.69422578631453,6
R2,CR,CR,,,D4,aspl,0.1,10,4.640176326530613,0.013473076702000335,28.69422578631453,4
R2,CR,CR,,,D4,efficiency,0.05,10,0.2296844049238743,0.0005237901579440353,0.18325043431245494,9
R2,CR,CR,,,D4,efficiency,0.1,10,0.2296844049238743,0.0005237901579440353,0.18325043431245494,8
R2,CR,CR,,,D4,clustering,0.05,10,0.10481497892516753,0.0017702368826375907,0.25811995915195907,5
R2,CR,CR,,,D4,clustering,0.1,10,0.10481497892516753,0.0017702368826375907,0.25811995915195907,5
R2,CR,CR,,,D4,H_norm,0.05,10,0.2623056138543833,0.0007919352168829376,0.2268447065362399,3
R2,CR,CR,,,D4,H_norm,0.1,10,0.2623056138543833,0.0007919352168829376,0.2268447065362399,3
R2,CR,CR,,,D4,k_max,0.05,10,31.3,1.9465068427541912,29.700000000000003,22
R2,CR,CR,,,D4,k_max,0.1,10,31.3,1.9465068427541912,29.700000000000003,13
R2,CR,CR,,,D4,k_gini,0.05,10,0.16310582222222222,0.0015101858625019865,0.1490316493918779,5
R2,CR,CR,,,D4,k_gini,0.1,10,0.16310582222222222,0.0015101858625019865,0.1490316493918779,4
R2,CR,CR,,,D4,modularity,0.05,10,0.6346396801346802,0.004189926154645826,0.2324371127792083,13
R2,CR,CR,,,D4,modularity,0.1,10,0.6346396801346802,0.004189926154645826,0.2324371127792083,11
R2,CR,CR,,,D4,n_communities,0.05,10,8.8,0.9189365834726815,14.000000000000002,30
R2,CR,CR,,,D4,n_communities,0.1,10,8.8,0.9189365834726815,14.000000000000002,5
R2,CR,CR,,,D4,assortativity,0.05,10,0.11404784362471225,0.014433909992317294,0.5845160529679153,6
R2,CR,CR,,,D4,assortativity,0.1,10,0.11404784362471225,0.014433909992317294,0.5845160529679153,1
R2,CR,CR,,,D4,dyn_len_mean,0.05,10,9.156197497065817,0.06499855378533033,7.3028703485835536,11
R2,CR,CR,,,D4,dyn_len_mean,0.1,10,9.156197497065817,0.06499855378533033,7.3028703485835536,9
R2,CR,CR,,,D4,frac_rewired,0.05,10,0.7157199999999999,0.009536922401324699,0.982,13
R2,CR,CR,,,D4,frac_rewired,0.1,10,0.7157199999999999,0.009536922401324699,0.982,10
R2,CR,CR,,,D8,diameter,0.05,10,13.0,0.0,85.0,5
R2,CR,CR,,,D8,diameter,0.1,10,13.0,0.0,85.0,4
R2,CR,CR,,,D8,aspl,0.05,10,6.035998655462185,0.026754939991590503,27.309366530612248,5
R2,CR,CR,,,D8,aspl,0.1,10,6.035998655462185,0.026754939991590503,27.309366530612248,4
R2,CR,CR,,,D8,efficiency,0.05,10,0.188237836488708,0.000611463777239836,0.1420542802140968,9
R2,CR,CR,,,D8,efficiency,0.1,10,0.188237836488708,0.000611463777239836,0.1420542802140968,6
R2,CR,CR,,,D8,clustering,0.05,10,0.11584568858843658,0.0022171665991465206,0.2579114458874453,5
R2,CR,CR,,,D8,clustering,0.1,10,0.11584568858843658,0.0022171665991465206,0.2579114458874453,4
R2,CR,CR,,,D8,H_norm,0.05,10,0.260410229549526,0.0006544201665743391,0.22488344025663531,3
R2,CR,CR,,,D8,H_norm,0.1,10,0.260410229549526,0.0006544201665743391,0.22488344025663531,3
R2,CR,CR,,,D8,k_max,0.05,10,22.7,1.946506842754191,19.6,9
R2,CR,CR,,,D8,k_max,0.1,10,22.7,1.946506842754191,19.6,7
R2,CR,CR,,,D8,k_gini,0.05,10,0.14916270303030305,0.00193627473203371,0.13091381100803956,4
R2,CR,CR,,,D8,k_gini,0.1,10,0.14916270303030305,0.00193627473203371,0.13091381100803956,4
R2,CR,CR,,,D8,modularity,0.05,10,0.7211641674318947,0.0052712201778501696,0.1435901543055832,12
R2,CR,CR,,,D8,modularity,0.1,10,0.7211641674318947,0.0052712201778501696,0.1435901543055832,9
R2,CR,CR,,,D8,n_communities,0.05,10,9.6,0.9660917830792958,13.100000000000001,24
R2,CR,CR,,,D8,n_communities,0.1,10,9.6,0.9660917830792958,13.100000000000001,5
R2,CR,CR,,,D8,assortativity,0.05,10,0.08888599053241067,0.011280369170136473,0.5808244774441387,2
R2,CR,CR,,,D8,assortativity,0.1,10,0.08888599053241067,0.011280369170136473,0.5808244774441387,2
R2,CR,CR,,,D8,dyn_len_mean,0.05,10,5.4480564920289805,0.02603516911151437,3.5159641295515494,9
R2,CR,CR,,,D8,dyn_len_mean,0.1,10,5.4480564920289805,0.02603516911151437,3.5159641295515494,7
R2,CR,CR,,,D8,frac_rewired,0.05,10,0.47796000000000005,0.011011832020351768,0.90572,13
R2,CR,CR,,,D8,frac_rewired,0.1,10,0.47796000000000005,0.011011832020351768,0.90572,9
R2,N2Vp0_25q0_25,N2V,0.25,0.25,D16,diameter,0.05,10,30.2,0.7888106377466153,68.2,5
R2,N2Vp0_25q0_25,N2V,0.25,0.25,D16,diameter,0.1,10,30.2,0.7888106377466153,68.2,4
R2,N2Vp0_25q0_25,N2V,0.25,0.25,D16,aspl,0.05,10,12.227292164865947,0.0641395987268268,21.177749531812726,5
R2,N2Vp0_25q0_25,N2V,0.25,0.25,D16,aspl,0.1,10,12.227292164865947,0.0641395987268268,21.177749531812726,4
R2,N2Vp0_25q0_25,N2V,0.25,0.25,D16,efficiency,0.05,10,0.1089941163719684,0.0005113503170704115,0.0629097983204793,7
R2,N2Vp0_25q0_25,N2V,0.25,0.25,D16,efficiency,0.1,10,0.1089941163719684,0.0005113503170704115,0.0629097983204793,5
R2,N2Vp0_25q0_25,N2V,0.25,0.25,D16,clustering,0.05,10,0.24020189039718462,0.0027667719166369234,0.3964546979687009,6
R2,N2Vp0_25q0_25,N2V,0.25,0.25,D16,clustering,0.1,10,0.24020189039718462,0.0027667719166369234,0.3964546979687009,5
R2,N2Vp0_25q0_25,N2V,0.25,0.25,D16,H_norm,0.05,10,0.2307962465100209,0.0011132078885955634,0.19481234348611653,3
R2,N2Vp0_25q0_25,N2V,0.25,0.25,D16,H_norm,0.1,10,0.2307962465100209,0.0011132078885955634,0.19481234348611653,2
R2,N2Vp0_25q0_25,N2V,0.25,0.25,D16,k_max,0.05,10,15.1,0.8755950357709131,11.7,22
R2,N2Vp0_25q0_25,N2V,0.25,0.25,D16,k_max,0.1,10,15.1,0.8755950357709131,11.7,3
R2,N2Vp0_25q0_25,N2V,0.25,0.25,D16,k_gini,0.05,10,0.10682721212121211,0.0009221978354528404,0.08835083323026174,3
R2,N2Vp0_25q0_25,N2V,0.25,0.25,D16,k_gini,0.1,10,0.10682721212121211,0.0009221978354528404,0.08835083323026174,3
R2,N2Vp0_25q0_25,N2V,0.25,0.25,D16,modularity,0.05,10,0.8337924747474746,0.0025393451366537987,0.03267050741599664,25
R2,N2Vp0_25q0_25,N2V,0.25,0.25,D16,modularity,0.1,10,0.8337924747474746,0.0025393451366537987,0.03267050741599664,8
R2,N2Vp0_25q0_25,N2V,0.25,0.25,D16,n_communities,0.05,10,17.1,1.4491376746189437,5.100000000000001,26
R2,N2Vp0_25q0_25,N2V,0.25,0.25,D16,n_communities,0.1,10,17.1,1.4491376746189437,5.100000000000001,23
R2,N2Vp0_25q0_25,N2V,0.25,0.25,D16,assortativity,0.05,10,-0.0344615016004122,0.006340249264529265,0.6920193435601824,2
R2,N2Vp0_25q0_25,N2V,0.25,0.25,D16,assortativity,0.1,10,-0.0344615016004122,0.006340249264529265,0.6920193435601824,1
R2,N2Vp0_25q0_25,N2V,0.25,0.25,D16,dyn_len_mean,0.05,10,2.5036491920615047,0.0125549013387147,0.8918322089684878,9
R2,N2Vp0_25q0_25,N2V,0.25,0.25,D16,dyn_len_mean,0.1,10,2.5036491920615047,0.0125549013387147,0.8918322089684878,7
R2,N2Vp0_25q0_25,N2V,0.25,0.25,D16,frac_rewired,0.05,10,0.8717600000000001,0.005999111045257737,0.92716,5
R2,N2Vp0_25q0_25,N2V,0.25,0.25,D16,frac_rewired,0.1,10,0.8717600000000001,0.005999111045257737,0.92716,3
R2,N2Vp0_25q0_25,N2V,0.25,0.25,D2,diameter,0.05,10,15.9,0.7378647873726221,82.1,15
R2,N2Vp0_25q0_25,N2V,0.25,0.25,D2,diameter,0.1,10,15.9,0.7378647873726221,82.1,10
R2,N2Vp0_25q0_25,N2V,0.25,0.25,D2,aspl,0.05,10,7.296864889955982,0.18738682389320951,26.036468443377352,17
R2,N2Vp0_25q0_25,N2V,0.25,0.25,D2,aspl,0.1,10,7.296864889955982,0.18738682389320951,26.036468443377352,10
R2,N2Vp0_25q0_25,N2V,0.25,0.25,D2,efficiency,0.05,10,0.1598931951303593,0.0028733558135580735,0.11341024332646299,26
R2,N2Vp0_25q0_25,N2V,0.25,0.25,D2,efficiency,0.1,10,0.1598931951303593,0.0028733558135580735,0.11341024332646299,21
R2,N2Vp0_25q0_25,N2V,0.25,0.25,D2,clustering,0.05,10,0.19002020871285608,0.004145097800194707,0.39664252103452424,12
R2,N2Vp0_25q0_25,N2V,0.25,0.25,D2,clustering,0.1,10,0.19002020871285608,0.004145097800194707,0.39664252103452424,8
R2,N2Vp0_25q0_25,N2V,0.25,0.25,D2,H_norm,0.05,10,0.2318879869899076,0.0012830266311365506,0.1962922668924749,3
R2,N2Vp0_25q0_25,N2V,0.25,0.25,D2,H_norm,0.1,10,0.2318879869899076,0.0012830266311365506,0.1962922668924749,2
R2,N2Vp0_25q0_25,N2V,0.25,0.25,D2,k_max,0.05,10,16.1,1.1005049346146116,12.2,27
R2,N2Vp0_25q0_25,N2V,0.25,0.25,D2,k_max,0.1,10,16.1,1.1005049346146116,12.2,3
R2,N2Vp0_25q0_25,N2V,0.25,0.25,D2,k_gini,0.05,10,0.10834485656565655,0.001478120428056123,0.09026675242218092,5
R2,N2Vp0_25q0_25,N2V,0.25,0.25,D2,k_gini,0.1,10,0.10834485656565655,0.001478120428056123,0.09026675242218092,3
R2,N2Vp0_25q0_25,N2V,0.25,0.25,D2,modularity,0.05,10,0.7903098362411999,0.004264386974643227,0.07430547687322675,27
R2,N2Vp0_25q0_25,N2V,0.25,0.25,D2,modularity,0.1,10,0.7903098362411999,0.004264386974643227,0.07430547687322675,24
R2,N2Vp0_25q0_25,N2V,0.25,0.25,D2,n_communities,0.05,10,13.8,0.9189365834726816,8.4,20
R2,N2Vp0_25q0_25,N2V,0.25,0.25,D2,n_communities,0.1,10,13.8,0.9189365834726816,8.4,18
R2,N2Vp0_25q0_25,N2V,0.25,0.25,D2,assortativity,0.05,10,-0.03134513202087914,0.01002903069646683,0.6892366104528747,2
R2,N2Vp0_25q0_25,N2V,0.25,0.25,D2,assortativity,0.1,10,-0.03134513202087914,0.01002903069646683,0.6892366104528747,1
R2,N2Vp0_25q0_25,N2V,0.25,0.25,D2,dyn_len_mean,0.05,10,3.974517327065562,0.06930053776077512,2.357351152777122,27
R2,N2Vp0_25q0_25,N2V,0.25,0.25,D2,dyn_len_mean,0.1,10,3.974517327065562,0.06930053776077512,2.357351152777122,24
R2,N2Vp0_25q0_25,N2V,0.25,0.25,D2,frac_rewired,0.05,10,0.98192,0.0022294991963817045,0.98192,4
R2,N2Vp0_25q0_25,N2V,0.25,0.25,D2,frac_rewired,0.1,10,0.98192,0.0022294991963817045,0.98192,4
R2,N2Vp0_25q0_25,N2V,0.25,0.25,D4,diameter,0.05,10,16.6,0.9660917830792967,81.6,14
R2,N2Vp0_25q0_25,N2V,0.25,0.25,D4,diameter,0.1,10,16.6,0.9660917830792967,81.6,9
R2,N2Vp0_25q0_25,N2V,0.25,0.25,D4,aspl,0.05,10,7.599782537014806,0.14487287364479168,25.73355079631853,15
R2,N2Vp0_25q0_25,N2V,0.25,0.25,D4,aspl,0.1,10,7.599782537014806,0.14487287364479168,25.73355079631853,10
R2,N2Vp0_25q0_25,N2V,0.25,0.25,D4,efficiency,0.05,10,0.15557227793835465,0.002154931183068049,0.10908932613445835,23
R2,N2Vp0_25q0_25,N2V,0.25,0.25,D4,efficiency,0.1,10,0.15557227793835465,0.002154931183068049,0.10908932613445835,19
R2,N2Vp0_25q0_25,N2V,0.25,0.25,D4,clustering,0.05,10,0.19180094161394196,0.0036211874881643766,0.39586240959041297,11
R2,N2Vp0_25q0_25,N2V,0.25,0.25,D4,clustering,0.1,10,0.19180094161394196,0.0036211874881643766,0.39586240959041297,7
R2,N2Vp0_25q0_25,N2V,0.25,0.25,D4,H_norm,0.05,10,0.23173398944833248,0.0011604564916720198,0.19621581772317606,3
R2,N2Vp0_25q0_25,N2V,0.25,0.25,D4,H_norm,0.1,10,0.23173398944833248,0.0011604564916720198,0.19621581772317606,2
R2,N2Vp0_25q0_25,N2V,0.25,0.25,D4,k_max,0.05,10,15.6,0.8432740427115681,12.5,20
R2,N2Vp0_25q0_25,N2V,0.25,0.25,D4,k_max,0.1,10,15.6,0.8432740427115681,12.5,3
R2,N2Vp0_25q0_25,N2V,0.25,0.25,D4,k_gini,0.05,10,0.10826085656565657,0.00136580757475359,0.09024253828076675,4
R2,N2Vp0_25q0_25,N2V,0.25,0.25,D4,k_gini,0.1,10,0.10826085656565657,0.00136580757475359,0.09024253828076675,3
R2,N2Vp0_25q0_25,N2V,0.25,0.25,D4,modularity,0.05,10,0.7923524426078972,0.002846698893432548,0.07300371792045568,28
R2,N2Vp0_25q0_25,N2V,0.25,0.25,D4,modularity,0.1,10,0.7923524426078972,0.002846698893432548,0.07300371792045568,22
R2,N2Vp0_25q0_25,N2V,0.25,0.25,D4,n_communities,0.05,10,14.1,0.9944289260117535,8.000000000000002,28
R2,N2Vp0_25q0_25,N2V,0.25,0.25,D4,n_communities,0.1,10,14.1,0.9944289260117535,8.000000000000002,16
R2,N2Vp0_25q0_25,N2V,0.25,0.25,D4,assortativity,0.05,10,-0.03210068057126638,0.010318511458860025,0.6908855683361959,2
R2,N2Vp0_25q0_25,N2V,0.25,0.25,D4,assortativity,0.1,10,-0.03210068057126638,0.010318511458860025,0.6908855683361959,1
R2,N2Vp0_25q0_25,N2V,0.25,0.25,D4,dyn_len_mean,0.05,10,3.8790425596131484,0.07956988516387561,2.2617333144773433,26
R2,N2Vp0_25q0_25,N2V,0.25,0.25,D4,dyn_len_mean,0.1,10,3.8790425596131484,0.07956988516387561,2.2617333144773433,22
R2,N2Vp0_25q0_25,N2V,0.25,0.25,D4,frac_rewired,0.05,10,0.9799200000000001,0.0024498526032759103,0.9817600000000001,4
R2,N2Vp0_25q0_25,N2V,0.25,0.25,D4,frac_rewired,0.1,10,0.9799200000000001,0.0024498526032759103,0.9817600000000001,4
R2,N2Vp0_25q0_25,N2V,0.25,0.25,D8,diameter,0.05,10,20.7,0.8232726023485646,77.8,10
R2,N2Vp0_25q0_25,N2V,0.25,0.25,D8,diameter,0.1,10,20.7,0.8232726023485646,77.8,6
R2,N2Vp0_25q0_25,N2V,0.25,0.25,D8,aspl,0.05,10,8.921743993597438,0.1302475903111642,24.42007404561825,10
R2,N2Vp0_25q0_25,N2V,0.25,0.25,D8,aspl,0.1,10,8.921743993597438,0.1302475903111642,24.42007404561825,7
R2,N2Vp0_25q0_25,N2V,0.25,0.25,D8,efficiency,0.05,10,0.13861121220454814,0.0012767458256764332,0.09214235015623337,16
R2,N2Vp0_25q0_25,N2V,0.25,0.25,D8,efficiency,0.1,10,0.13861121220454814,0.0012767458256764332,0.09214235015623337,12
R2,N2Vp0_25q0_25,N2V,0.25,0.25,D8,clustering,0.05,10,0.19679635639523899,0.0028506803545587213,0.39683846420246743,10
R2,N2Vp0_25q0_25,N2V,0.25,0.25,D8,clustering,0.1,10,0.19679635639523899,0.0028506803545587213,0.39683846420246743,7
R2,N2Vp0_25q0_25,N2V,0.25,0.25,D8,H_norm,0.05,10,0.2317460003060221,0.001771135219006971,0.19641475195979063,3
R2,N2Vp0_25q0_25,N2V,0.25,0.25,D8,H_norm,0.1,10,0.2317460003060221,0.001771135219006971,0.19641475195979063,2
R2,N2Vp0_25q0_25,N2V,0.25,0.25,D8,k_max,0.05,10,15.8,1.1352924243950933,12.7,25
R2,N2Vp0_25q0_25,N2V,0.25,0.25,D8,k_max,0.1,10,15.8,1.1352924243950933,12.7,3
R2,N2Vp0_25q0_25,N2V,0.25,0.25,D8,k_gini,0.05,10,0.10806904646464646,0.0015332845806504036,0.09028241706864562,4
R2,N2Vp0_25q0_25,N2V,0.25,0.25,D8,k_gini,0.1,10,0.10806904646464646,0.0015332845806504036,0.09028241706864562,3
R2,N2Vp0_25q0_25,N2V,0.25,0.25,D8,modularity,0.05,10,0.8078574140393838,0.0019440850233005697,0.05759041065095771,18
R2,N2Vp0_25q0_25,N2V,0.25,0.25,D8,modularity,0.1,10,0.8078574140393838,0.0019440850233005697,0.05759041065095771,15
R2,N2Vp0_25q0_25,N2V,0.25,0.25,D8,n_communities,0.05,10,14.9,0.9944289260117533,7.300000000000001,28
R2,N2Vp0_25q0_25,N2V,0.25,0.25,D8,n_communities,0.1,10,14.9,0.9944289260117533,7.300000000000001,15
R2,N2Vp0_25q0_25,N2V,0.25,0.25,D8,assortativity,0.05,10,-0.026887426322478192,0.003968417490532607,0.6896906603706385,2
R2,N2Vp0_25q0_25,N2V,0.25,0.25,D8,assortativity,0.1,10,-0.026887426322478192,0.003968417490532607,0.6896906603706385,1
R2,N2Vp0_25q0_25,N2V,0.25,0.25,D8,dyn_len_mean,0.05,10,3.36117446781813,0.04542767949567803,1.7442598289653473,19
R2,N2Vp0_25q0_25,N2V,0.25,0.25,D8,dyn_len_mean,0.1,10,3.36117446781813,0.04542767949567803,1.7442598289653473,16
R2,N2Vp0_25q0_25,N2V,0.25,0.25,D8,frac_rewired,0.05,10,0.9619199999999999,0.004240754649823529,0.9754799999999999,4
R2,N2Vp0_25q0_25,N2V,0.25,0.25,D8,frac_rewired,0.1,10,0.9619199999999999,0.004240754649823529,0.9754799999999999,4
R2,N2Vp0_25q0_5,N2V,0.25,0.5,D16,diameter,0.05,10,30.0,0.6666666666666664,68.2,5
R2,N2Vp0_25q0_5,N2V,0.25,0.5,D16,diameter,0.1,10,30.0,0.6666666666666664,68.2,3
R2,N2Vp0_25q0_5,N2V,0.25,0.5,D16,aspl,0.05,10,12.231231884753901,0.11973316441967637,21.15855817527011,5
R2,N2Vp0_25q0_5,N2V,0.25,0.5,D16,aspl,0.1,10,12.231231884753901,0.11973316441967637,21.15855817527011,4
R2,N2Vp0_25q0_5,N2V,0.25,0.5,D16,efficiency,0.05,10,0.10885207882435274,0.0007087919136374131,0.06278857912206828,7
R2,N2Vp0_25q0_5,N2V,0.25,0.5,D16,efficiency,0.1,10,0.10885207882435274,0.0007087919136374131,0.06278857912206828,5
R2,N2Vp0_25q0_5,N2V,0.25,0.5,D16,clustering,0.05,10,0.24086628893328915,0.001834442817693583,0.39727694283494575,6
R2,N2Vp0_25q0_5,N2V,0.25,0.5,D16,clustering,0.1,10,0.24086628893328915,0.001834442817693583,0.39727694283494575,5
R2,N2Vp0_25q0_5,N2V,0.25,0.5,D16,H_norm,0.05,10,0.2299809975504878,0.0011859581901369092,0.1950713796752461,3
R2,N2Vp0_25q0_5,N2V,0.25,0.5,D16,H_norm,0.1,10,0.2299809975504878,0.0011859581901369092,0.1950713796752461,2
R2,N2Vp0_25q0_5,N2V,0.25,0.5,D16,k_max,0.05,10,15.0,0.8164965809277264,12.100000000000001,30
R2,N2Vp0_25q0_5,N2V,0.25,0.5,D16,k_max,0.1,10,15.0,0.8164965809277264,12.100000000000001,3
R2,N2Vp0_25q0_5,N2V,0.25,0.5,D16,k_gini,0.05,10,0.10593904242424239,0.0011877809847045681,0.08835694636157485,3
R2,N2Vp0_25q0_5,N2V,0.25,0.5,D16,k_gini,0.1,10,0.10593904242424239,0.0011877809847045681,0.08835694636157485,3
R2,N2Vp0_25q0_5,N2V,0.25,0.5,D16,modularity,0.05,10,0.8339229675543312,0.002055901138925314,0.031282708949280646,13
R2,N2Vp0_25q0_5,N2V,0.25,0.5,D16,modularity,0.1,10,0.8339229675543312,0.002055901138925314,0.031282708949280646,7
R2,N2Vp0_25q0_5,N2V,0.25,0.5,D16,n_communities,0.05,10,17.0,1.6996731711975948,5.0,29
R2,N2Vp0_25q0_5,N2V,0.25,0.5,D16,n_communities,0.1,10,17.0,1.6996731711975948,5.0,29
R2,N2Vp0_25q0_5,N2V,0.25,0.5,D16,assortativity,0.05,10,-0.03508488127844306,0.005379979321403565,0.692997231637542,2
R2,N2Vp0_25q0_5,N2V,0.25,0.5,D16,assortativity,0.1,10,-0.03508488127844306,0.005379979321403565,0.692997231637542,1
R2,N2Vp0_25q0_5,N2V,0.25,0.5,D16,dyn_len_mean,0.05,10,2.4979682558154948,0.009273208357721267,0.8894183606222874,9
R2,N2Vp0_25q0_5,N2V,0.25,0.5,D16,dyn_len_mean,0.1,10,2.4979682558154948,0.009273208357721267,0.8894183606222874,7
R2,N2Vp0_25q0_5,N2V,0.25,0.5,D16,frac_rewired,0.05,10,0.8768,0.01032451236405653,0.92752,5
R2,N2Vp0_25q0_5,N2V,0.25,0.5,D16,frac_rewired,0.1,10,0.8768,0.01032451236405653,0.92752,3
R2,N2Vp0_25q0_5,N2V,0.25,0.5,D2,diameter,0.05,10,15.9,0.7378647873726218,82.1,15
R2,N2Vp0_25q0_5,N2V,0.25,0.5,D2,diameter,0.1,10,15.9,0.7378647873726218,82.1,9
R2,N2Vp0_25q0_5,N2V,0.25,0.5,D2,aspl,0.05,10,7.323071852741097,0.1460316079040137,26.010261480592238,16
R2,N2Vp0_25q0_5,N2V,0.25,0.5,D2,aspl,0.1,10,7.323071852741097,0.1460316079040137,26.010261480592238,10
R2,N2Vp0_25q0_5,N2V,0.25,0.5,D2,efficiency,0.05,10,0.15965338998997372,0.0021019953454753104,0.11317043818607742,25
R2,N2Vp0_25q0_5,N2V,0.25,0.5,D2,efficiency,0.1,10,0.15965338998997372,0.0021019953454753104,0.11317043818607742,20
R2,N2Vp0_25q0_5,N2V,0.25,0.5,D2,clustering,0.05,10,0.1880743038138336,0.003119524932028538,0.39621414629814933,12
R2,N2Vp0_25q0_5,N2V,0.25,0.5,D2,clustering,0.1,10,0.1880743038138336,0.003119524932028538,0.39621414629814933,8
R2,N2Vp0_25q0_5,N2V,0.25,0.5,D2,H_norm,0.05,10,0.23184610994677132,0.0015752971573052682,0.19639652668846014,3
R2,N2Vp0_25q0_5,N2V,0.25,0.5,D2,H_norm,0.1,10,0.23184610994677132,0.0015752971573052682,0.19639652668846014,2
R2,N2Vp0_25q0_5,N2V,0.25,0.5,D2,k_max,0.05,10,15.8,0.6324555320336758,12.8,15
R2,N2Vp0_25q0_5,N2V,0.25,0.5,D2,k_max,0.1,10,15.8,0.6324555320336758,12.8,3
R2,N2Vp0_25q0_5,N2V,0.25,0.5,D2,k_gini,0.05,10,0.10823320404040404,0.0016483125861008574,0.09016358474541324,4
R2,N2Vp0_25q0_5,N2V,0.25,0.5,D2,k_gini,0.1,10,0.10823320404040404,0.0016483125861008574,0.09016358474541324,3
R2,N2Vp0_25q0_5,N2V,0.25,0.5,D2,modularity,0.05,10,0.7887152535455566,0.004084610569077307,0.07591834080580606,27
R2,N2Vp0_25q0_5,N2V,0.25,0.5,D2,modularity,0.1,10,0.7887152535455566,0.004084610569077307,0.07591834080580606,24
R2,N2Vp0_25q0_5,N2V,0.25,0.5,D2,n_communities,0.05,10,13.4,1.1737877907772674,8.200000000000001,27
R2,N2Vp0_25q0_5,N2V,0.25,0.5,D2,n_communities,0.1,10,13.4,1.1737877907772674,8.200000000000001,19
R2,N2Vp0_25q0_5,N2V,0.25,0.5,D2,assortativity,0.05,10,-0.03050572544244483,0.008204165375210903,0.6872832554985501,2
R2,N2Vp0_25q0_5,N2V,0.25,0.5,D2,assortativity,0.1,10,-0.03050572544244483,0.008204165375210903,0.6872832554985501,1
R2,N2Vp0_25q0_5,N2V,0.25,0.5,D2,dyn_len_mean,0.05,10,4.0231156924918094,0.09473551850455995,2.4123147199247494,27
R2,N2Vp0_25q0_5,N2V,0.25,0.5,D2,dyn_len_mean,0.1,10,4.0231156924918094,0.09473551850455995,2.4123147199247494,24
R2,N2Vp0_25q0_5,N2V,0.25,0.5,D2,frac_rewired,0.05,10,0.9808,0.0026666666666666475,0.98224,4
R2,N2Vp0_25q0_5,N2V,0.25,0.5,D2,frac_rewired,0.1,10,0.9808,0.0026666666666666475,0.98224,4
R2,N2Vp0_25q0_5,N2V,0.25,0.5,D4,diameter,0.05,10,16.6,0.5163977794943224,81.6,14
R2,N2Vp0_25q0_5,N2V,0.25,0.5,D4,diameter,0.1,10,16.6,0.5163977794943224,81.6,9
R2,N2Vp0_25q0_5,N2V,0.25,0.5,D4,aspl,0.05,10,7.444768275310125,0.11731527339209018,25.88856505802321,15
R2,N2Vp0_25q0_5,N2V,0.25,0.5,D4,aspl,0.1,10,7.444768275310125,0.11731527339209018,25.88856505802321,10
R2,N2Vp0_25q0_5,N2V,0.25,0.5,D4,efficiency,0.05,10,0.1581334825224155,0.0018469891480408986,0.11165053071851919,24
R2,N2Vp0_25q0_5,N2V,0.25,0.5,D4,efficiency,0.1,10,0.1581334825224155,0.0018469891480408986,0.11165053071851919,19
R2,N2Vp0_25q0_5,N2V,0.25,0.5,D4,clustering,0.05,10,0.18763061747196774,0.002429855537824451,0.3956641471861503,11
R2,N2Vp0_25q0_5,N2V,0.25,0.5,D4,clustering,0.1,10,0.18763061747196774,0.002429855537824451,0.3956641471861503,8
R2,N2Vp0_25q0_5,N2V,0.25,0.5,D4,H_norm,0.05,10,0.23128992801320333,0.0014478224842080646,0.1962357059860632,3
R2,N2Vp0_25q0_5,N2V,0.25,0.5,D4,H_norm,0.1,10,0.23128992801320333,0.0014478224842080646,0.1962357059860632,2
R2,N2Vp0_25q0_5,N2V,0.25,0.5,D4,k_max,0.05,10,16.0,1.4907119849998596,12.3,29
R2,N2Vp0_25q0_5,N2V,0.25,0.5,D4,k_max,0.1,10,16.0,1.4907119849998596,12.3,3
R2,N2Vp0_25q0_5,N2V,0.25,0.5,D4,k_gini,0.05,10,0.10813406464646465,0.0016917127577981174,0.09042327363430216,5
R2,N2Vp0_25q0_5,N2V,0.25,0.5,D4,k_gini,0.1,10,0.10813406464646465,0.0016917127577981174,0.09042327363430216,3
R2,N2Vp0_25q0_5,N2V,0.25,0.5,D4,modularity,0.05,10,0.7892833986327925,0.002563299595285896,0.07531250445427307,25
R2,N2Vp0_25q0_5,N2V,0.25,0.5,D4,modularity,0.1,10,0.7892833986327925,0.002563299595285896,0.07531250445427307,23
R2,N2Vp0_25q0_5,N2V,0.25,0.5,D4,n_communities,0.05,10,13.6,1.2649110640673518,8.3,22
R2,N2Vp0_25q0_5,N2V,0.25,0.5,D4,n_communities,0.1,10,13.6,1.2649110640673518,8.3,16
R2,N2Vp0_25q0_5,N2V,0.25,0.5,D4,assortativity,0.05,10,-0.03041769177321853,0.008355556590382129,0.6903624120429076,2
R2,N2Vp0_25q0_5,N2V,0.25,0.5,D4,assortativity,0.1,10,-0.03041769177321853,0.008355556590382129,0.6903624120429076,1
R2,N2Vp0_25q0_5,N2V,0.25,0.5,D4,dyn_len_mean,0.05,10,3.9830922351603277,0.07072764803282111,2.3674384739821233,26
R2,N2Vp0_25q0_5,N2V,0.25,0.5,D4,dyn_len_mean,0.1,10,3.9830922351603277,0.07072764803282111,2.3674384739821233,23
R2,N2Vp0_25q0_5,N2V,0.25,0.5,D4,frac_rewired,0.05,10,0.9803599999999999,0.00255395118721302,0.9808,4
R2,N2Vp0_25q0_5,N2V,0.25,0.5,D4,frac_rewired,0.1,10,0.9803599999999999,0.00255395118721302,0.9808,4
R2,N2Vp0_25q0_5,N2V,0.25,0.5,D8,diameter,0.05,10,20.9,0.7378647873726212,77.6,9
R2,N2Vp0_25q0_5,N2V,0.25,0.5,D8,diameter,0.1,10,20.9,0.7378647873726212,77.6,6
R2,N2Vp0_25q0_5,N2V,0.25,0.5,D8,aspl,0.05,10,8.949406034413766,0.10025645334724517,24.46535548619448,10
R2,N2Vp0_25q0_5,N2V,0.25,0.5,D8,aspl,0.1,10,8.949406034413766,0.10025645334724517,24.46535548619448,7
R2,N2Vp0_25q0_5,N2V,0.25,0.5,D8,efficiency,0.05,10,0.13828801724485182,0.0011270379081716462,0.0926597236766214,15
R2,N2Vp0_25q0_5,N2V,0.25,0.5,D8,efficiency,0.1,10,0.13828801724485182,0.0011270379081716462,0.0926597236766214,12
R2,N2Vp0_25q0_5,N2V,0.25,0.5,D8,clustering,0.05,10,0.1977717625838218,0.0018340114550252484,0.39426920257520554,9
R2,N2Vp0_25q0_5,N2V,0.25,0.5,D8,clustering,0.1,10,0.1977717625838218,0.0018340114550252484,0.39426920257520554,7
R2,N2Vp0_25q0_5,N2V,0.25,0.5,D8,H_norm,0.05,10,0.2314241476433346,0.001821435122884133,0.1959519704364183,3
R2,N2Vp0_25q0_5,N2V,0.25,0.5,D8,H_norm,0.1,10,0.2314241476433346,0.001821435122884133,0.1959519704364183,2
R2,N2Vp0_25q0_5,N2V,0.25,0.5,D8,k_max,0.05,10,15.4,1.0749676997731399,12.100000000000001,23
R2,N2Vp0_25q0_5,N2V,0.25,0.5,D8,k_max,0.1,10,15.4,1.0749676997731399,12.100000000000001,3
R2,N2Vp0_25q0_5,N2V,0.25,0.5,D8,k_gini,0.05,10,0.10793563232323233,0.0018051466535998243,0.08974624737167589,4
R2,N2Vp0_25q0_5,N2V,0.25,0.5,D8,k_gini,0.1,10,0.10793563232323233,0.0018051466535998243,0.08974624737167589,3
R2,N2Vp0_25q0_5,N2V,0.25,0.5,D8,modularity,0.05,10,0.8083010218345066,0.002568350122316388,0.05901397587602142,17
R2,N2Vp0_25q0_5,N2V,0.25,0.5,D8,modularity,0.1,10,0.8083010218345066,0.002568350122316388,0.05901397587602142,14
R2,N2Vp0_25q0_5,N2V,0.25,0.5,D8,n_communities,0.05,10,14.3,1.0593499054713802,7.300000000000001,30
R2,N2Vp0_25q0_5,N2V,0.25,0.5,D8,n_communities,0.1,10,14.3,1.0593499054713802,7.300000000000001,30
R2,N2Vp0_25q0_5,N2V,0.25,0.5,D8,assortativity,0.05,10,-0.03211888102363332,0.009236507474276226,0.6886778119351035,2
R2,N2Vp0_25q0_5,N2V,0.25,0.5,D8,assortativity,0.1,10,-0.03211888102363332,0.009236507474276226,0.6886778119351035,1
R2,N2Vp0_25q0_5,N2V,0.25,0.5,D8,dyn_len_mean,0.05,10,3.3640083544015043,0.039565768345776534,1.7539445533245586,20
R2,N2Vp0_25q0_5,N2V,0.25,0.5,D8,dyn_len_mean,0.1,10,3.3640083544015043,0.039565768345776534,1.7539445533245586,16
R2,N2Vp0_25q0_5,N2V,0.25,0.5,D8,frac_rewired,0.05,10,0.96168,0.003958899959444388,0.97732,4
R2,N2Vp0_25q0_5,N2V,0.25,0.5,D8,frac_rewired,0.1,10,0.96168,0.003958899959444388,0.97732,4
R2,N2Vp0_25q1,N2V,0.25,1.0,D16,diameter,0.05,10,30.3,0.8232726023485644,67.9,5
R2,N2Vp0_25q1,N2V,0.25,1.0,D16,diameter,0.1,10,30.3,0.8232726023485644,67.9,3
R2,N2Vp0_25q1,N2V,0.25,1.0,D16,aspl,0.05,10,12.193577270908364,0.05734378782968723,21.139756062424972,5
R2,N2Vp0_25q1,N2V,0.25,1.0,D16,aspl,0.1,10,12.193577270908364,0.05734378782968723,21.139756062424972,4
R2,N2Vp0_25q1,N2V,0.25,1.0,D16,efficiency,0.05,10,0.10913168675696663,0.0004581673544286692,0.06264873495307033,7
R2,N2Vp0_25q1,N2V,0.25,1.0,D16,efficiency,0.1,10,0.10913168675696663,0.0004581673544286692,0.06264873495307033,5
R2,N2Vp0_25q1,N2V,0.25,1.0,D16,clustering,0.05,10,0.24050722531063728,0.004313220821288176,0.3971119595959627,6
R2,N2Vp0_25q1,N2V,0.25,1.0,D16,clustering,0.1,10,0.24050722531063728,0.004313220821288176,0.3971119595959627,5
R2,N2Vp0_25q1,N2V,0.25,1.0,D16,H_norm,0.05,10,0.23043710946309845,0.0009459562300766735,0.19543002333319842,3
R2,N2Vp0_25q1,N2V,0.25,1.0,D16,H_norm,0.1,10,0.23043710946309845,0.0009459562300766735,0.19543002333319842,2
R2,N2Vp0_25q1,N2V,0.25,1.0,D16,k_max,0.05,10,15.6,1.07496769977314,11.8,26
R2,N2Vp0_25q1,N2V,0.25,1.0,D16,k_max,0.1,10,15.6,1.07496769977314,11.8,3
R2,N2Vp0_25q1,N2V,0.25,1.0,D16,k_gini,0.05,10,0.10669859797979797,0.001176748634969757,0.08858173828076679,4
R2,N2Vp0_25q1,N2V,0.25,1.0,D16,k_gini,0.1,10,0.10669859797979797,0.001176748634969757,0.08858173828076679,3
R2,N2Vp0_25q1,N2V,0.25,1.0,D16,modularity,0.05,10,0.8335003897561475,0.002485429393499679,0.03161553256460081,23
R2,N2Vp0_25q1,N2V,0.25,1.0,D16,modularity,0.1,10,0.8335003897561475,0.002485429393499679,0.03161553256460081,7
R2,N2Vp0_25q1,N2V,0.25,1.0,D16,n_communities,0.05,10,16.9,1.2866839377079187,5.300000000000001,26
R2,N2Vp0_25q1,N2V,0.25,1.0,D16,n_communities,0.1,10,16.9,1.2866839377079187,5.300000000000001,26
R2,N2Vp0_25q1,N2V,0.25,1.0,D16,assortativity,0.05,10,-0.03803948408159666,0.006142596349748908,0.6885347821734211,2
R2,N2Vp0_25q1,N2V,0.25,1.0,D16,assortativity,0.1,10,-0.03803948408159666,0.006142596349748908,0.6885347821734211,1
R2,N2Vp0_25q1,N2V,0.25,1.0,D16,dyn_len_mean,0.05,10,2.5052731987539234,0.018612015474963023,0.8908797499327208,9
R2,N2Vp0_25q1,N2V,0.25,1.0,D16,dyn_len_mean,0.1,10,2.5052731987539234,0.018612015474963023,0.8908797499327208,7
R2,N2Vp0_25q1,N2V,0.25,1.0,D16,frac_rewired,0.05,10,0.87216,0.008208829934216472,0.92728,5
R2,N2Vp0_25q1,N2V,0.25,1.0,D16,frac_rewired,0.1,10,0.87216,0.008208829934216472,0.92728,3
R2,N2Vp0_25q1,N2V,0.25,1.0,D2,diameter,0.05,10,16.0,0.6666666666666666,82.0,17
R2,N2Vp0_25q1,N2V,0.25,1.0,D2,diameter,0.1,10,16.0,0.6666666666666666,82.0,9
R2,N2Vp0_25q1,N2V,0.25,1.0,D2,aspl,0.05,10,7.362731652661064,0.14257978694962123,25.97060168067227,16
R2,N2Vp0_25q1,N2V,0.25,1.0,D2,aspl,0.1,10,7.362731652661064,0.14257978694962123,25.97060168067227,10
R2,N2Vp0_25q1,N2V,0.25,1.0,D2,efficiency,0.05,10,0.1591764903177414,0.002300178832243535,0.11269353851384509,26
R2,N2Vp0_25q1,N2V,0.25,1.0,D2,efficiency,0.1,10,0.1591764903177414,0.002300178832243535,0.11269353851384509,21
R2,N2Vp0_25q1,N2V,0.25,1.0,D2,clustering,0.05,10,0.18844448562548594,0.0035086637942646826,0.3963870400710429,12
R2,N2Vp0_25q1,N2V,0.25,1.0,D2,clustering,0.1,10,0.18844448562548594,0.0035086637942646826,0.3963870400710429,8
R2,N2Vp0_25q1,N2V,0.25,1.0,D2,H_norm,0.05,10,0.23263760967252564,0.0009839700537991793,0.19650936530920024,3
R2,N2Vp0_25q1,N2V,0.25,1.0,D2,H_norm,0.1,10,0.23263760967252564,0.0009839700537991793,0.19650936530920024,2
R2,N2Vp0_25q1,N2V,0.25,1.0,D2,k_max,0.05,10,15.4,0.6992058987801012,12.2,12
R2,N2Vp0_25q1,N2V,0.25,1.0,D2,k_max,0.1,10,15.4,0.6992058987801012,12.2,3
R2,N2Vp0_25q1,N2V,0.25,1.0,D2,k_gini,0.05,10,0.10915796363636363,0.0011677494712801593,0.09031845343228193,4
R2,N2Vp0_25q1,N2V,0.25,1.0,D2,k_gini,0.1,10,0.10915796363636363,0.0011677494712801593,0.09031845343228193,3
R2,N2Vp0_25q1,N2V,0.25,1.0,D2,modularity,0.05,10,0.7895711942658912,0.003108240841129797,0.0762521134858073,26
R2,N2Vp0_25q1,N2V,0.25,1.0,D2,modularity,0.1,10,0.7895711942658912,0.003108240841129797,0.0762521134858073,24
R2,N2Vp0_25q1,N2V,0.25,1.0,D2,n_communities,0.05,10,13.4,0.9660917830792958,8.500000000000002,28
R2,N2Vp0_25q1,N2V,0.25,1.0,D2,n_communities,0.1,10,13.4,0.9660917830792958,8.500000000000002,26
R2,N2Vp0_25q1,N2V,0.25,1.0,D2,assortativity,0.05,10,-0.030100301075714257,0.008633406176688717,0.6855456388607313,2
R2,N2Vp0_25q1,N2V,0.25,1.0,D2,assortativity,0.1,10,-0.030100301075714257,0.008633406176688717,0.6855456388607313,1
R2,N2Vp0_25q1,N2V,0.25,1.0,D2,dyn_len_mean,0.05,10,4.004088416807751,0.08640941793539808,2.3843638927660766,27
R2,N2Vp0_25q1,N2V,0.25,1.0,D2,dyn_len_mean,0.1,10,4.004088416807751,0.08640941793539808,2.3843638927660766,25
R2,N2Vp0_25q1,N2V,0.25,1.0,D2,frac_rewired,0.05,10,0.98156,0.0022584163576374796,0.9820399999999999,4
R2,N2Vp0_25q1,N2V,0.25,1.0,D2,frac_rewired,0.1,10,0.98156,0.0022584163576374796,0.9820399999999999,4
R2,N2Vp0_25q1,N2V,0.25,1.0,D4,diameter,0.05,10,16.6,0.5163977794943222,81.4,14
R2,N2Vp0_25q1,N2V,0.25,1.0,D4,diameter,0.1,10,16.6,0.5163977794943222,81.4,9
R2,N2Vp0_25q1,N2V,0.25,1.0,D4,aspl,0.05,10,7.544938199279711,0.09978846014403239,25.788395134053623,15
R2,N2Vp0_25q1,N2V,0.25,1.0,D4,aspl,0.1,10,7.544938199279711,0.09978846014403239,25.788395134053623,10
R2,N2Vp0_25q1,N2V,0.25,1.0,D4,efficiency,0.05,10,0.15640543383052355,0.0015510167568812524,0.10992248202662724,24
R2,N2Vp0_25q1,N2V,0.25,1.0,D4,efficiency,0.1,10,0.15640543383052355,0.0015510167568812524,0.10992248202662724,19
R2,N2Vp0_25q1,N2V,0.25,1.0,D4,clustering,0.05,10,0.1908092978002393,0.0019804282849370147,0.39688628038628354,11
R2,N2Vp0_25q1,N2V,0.25,1.0,D4,clustering,0.1,10,0.1908092978002393,0.0019804282849370147,0.39688628038628354,8
R2,N2Vp0_25q1,N2V,0.25,1.0,D4,H_norm,0.05,10,0.2313220074604781,0.0016596379751838912,0.19614704831362603,3
R2,N2Vp0_25q1,N2V,0.25,1.0,D4,H_norm,0.1,10,0.2313220074604781,0.0016596379751838912,0.19614704831362603,2
R2,N2Vp0_25q1,N2V,0.25,1.0,D4,k_max,0.05,10,16.1,1.1972189997378646,12.2,26
R2,N2Vp0_25q1,N2V,0.25,1.0,D4,k_max,0.1,10,16.1,1.1972189997378646,12.2,3
R2,N2Vp0_25q1,N2V,0.25,1.0,D4,k_gini,0.05,10,0.10795015353535357,0.0017194300705670306,0.08985112413935263,4
R2,N2Vp0_25q1,N2V,0.25,1.0,D4,k_gini,0.1,10,0.10795015353535357,0.0017194300705670306,0.08985112413935263,3
R2,N2Vp0_25q1,N2V,0.25,1.0,D4,modularity,0.05,10,0.7926249158249159,0.0028549374553843497,0.07249612141352968,26
R2,N2Vp0_25q1,N2V,0.25,1.0,D4,modularity,0.1,10,0.7926249158249159,0.0028549374553843497,0.07249612141352968,22
R2,N2Vp0_25q1,N2V,0.25,1.0,D4,n_communities,0.05,10,13.4,0.8432740427115678,8.4,30
R2,N2Vp0_25q1,N2V,0.25,1.0,D4,n_communities,0.1,10,13.4,0.8432740427115678,8.4,30
R2,N2Vp0_25q1,N2V,0.25,1.0,D4,assortativity,0.05,10,-0.02513269309526995,0.008370274575568175,0.68672828709762,2
R2,N2Vp0_25q1,N2V,0.25,1.0,D4,assortativity,0.1,10,-0.02513269309526995,0.008370274575568175,0.68672828709762,1
R2,N2Vp0_25q1,N2V,0.25,1.0,D4,dyn_len_mean,0.05,10,3.928514641127083,0.07495300838905937,2.3109489833126435,26
R2,N2Vp0_25q1,N2V,0.25,1.0,D4,dyn_len_mean,0.1,10,3.928514641127083,0.07495300838905937,2.3109489833126435,23
R2,N2Vp0_25q1,N2V,0.25,1.0,D4,frac_rewired,0.05,10,0.9761200000000001,0.004101165146096357,0.9810800000000001,4
R2,N2Vp0_25q1,N2V,0.25,1.0,D4,frac_rewired,0.1,10,0.9761200000000001,0.004101165146096357,0.9810800000000001,4
R2,N2Vp0_25q1,N2V,0.25,1.0,D8,diameter,0.05,10,20.7,0.6749485577105526,77.4,10
R2,N2Vp0_25q1,N2V,0.25,1.0,D8,diameter,0.1,10,20.7,0.6749485577105526,77.4,7
R2,N2Vp0_25q1,N2V,0.25,1.0,D8,aspl,0.05,10,8.925420216086435,0.056770512555562716,24.4079131172469,10
R2,N2Vp0_25q1,N2V,0.25,1.0,D8,aspl,0.1,10,8.925420216086435,0.056770512555562716,24.4079131172469,7
R2,N2Vp0_25q1,N2V,0.25,1.0,D8,efficiency,0.05,10,0.13852712753898694,0.0006590937108475019,0.09204417573509063,17
R2,N2Vp0_25q1,N2V,0.25,1.0,D8,efficiency,0.1,10,0.13852712753898694,0.0006590937108475019,0.09204417573509063,13
R2,N2Vp0_25q1,N2V,0.25,1.0,D8,clustering,0.05,10,0.19586078916508362,0.002132603529737471,0.39728564835165153,10
R2,N2Vp0_25q1,N2V,0.25,1.0,D8,clustering,0.1,10,0.19586078916508362,0.002132603529737471,0.39728564835165153,7
R2,N2Vp0_25q1,N2V,0.25,1.0,D8,H_norm,0.05,10,0.2316441379530787,0.0014555782543816415,0.19635501189945442,3
R2,N2Vp0_25q1,N2V,0.25,1.0,D8,H_norm,0.1,10,0.2316441379530787,0.0014555782543816415,0.19635501189945442,2
R2,N2Vp0_25q1,N2V,0.25,1.0,D8,k_max,0.05,10,15.7,1.0593499054713802,12.399999999999999,29
R2,N2Vp0_25q1,N2V,0.25,1.0,D8,k_max,0.1,10,15.7,1.0593499054713802,12.399999999999999,3
R2,N2Vp0_25q1,N2V,0.25,1.0,D8,k_gini,0.05,10,0.10805682020202023,0.0016771024666029717,0.0898149867656153,4
R2,N2Vp0_25q1,N2V,0.25,1.0,D8,k_gini,0.1,10,0.10805682020202023,0.0016771024666029717,0.0898149867656153,3
R2,N2Vp0_25q1,N2V,0.25,1.0,D8,modularity,0.05,10,0.8091101377410468,0.0020460094303558613,0.056735401392072116,19
R2,N2Vp0_25q1,N2V,0.25,1.0,D8,modularity,0.1,10,0.8091101377410468,0.0020460094303558613,0.056735401392072116,15
R2,N2Vp0_25q1,N2V,0.25,1.0,D8,n_communities,0.05,10,14.7,0.9486832980505139,7.200000000000001,17
R2,N2Vp0_25q1,N2V,0.25,1.0,D8,n_communities,0.1,10,14.7,0.9486832980505139,7.200000000000001,11
R2,N2Vp0_25q1,N2V,0.25,1.0,D8,assortativity,0.05,10,-0.03229995454606262,0.009828317702918567,0.6914149592382031,2
R2,N2Vp0_25q1,N2V,0.25,1.0,D8,assortativity,0.1,10,-0.03229995454606262,0.009828317702918567,0.6914149592382031,1
R2,N2Vp0_25q1,N2V,0.25,1.0,D8,dyn_len_mean,0.05,10,3.37875204054862,0.034040538696593736,1.761383669827422,20
R2,N2Vp0_25q1,N2V,0.25,1.0,D8,dyn_len_mean,0.1,10,3.37875204054862,0.034040538696593736,1.761383669827422,16
R2,N2Vp0_25q1,N2V,0.25,1.0,D8,frac_rewired,0.05,10,0.96136,0.003041636986156539,0.9750399999999999,4
R2,N2Vp0_25q1,N2V,0.25,1.0,D8,frac_rewired,0.1,10,0.96136,0.003041636986156539,0.9750399999999999,4
R2,N2Vp0_25q2,N2V,0.25,2.0,D16,diameter,0.05,10,30.1,0.9944289260117526,67.9,5
R2,N2Vp0_25q2,N2V,0.25,2.0,D16,diameter,0.1,10,30.1,0.9944289260117526,67.9,3
R2,N2Vp0_25q2,N2V,0.25,2.0,D16,aspl,0.05,10,12.2765899959984,0.1400023795103694,21.10151490996399,5
R2,N2Vp0_25q2,N2V,0.25,2.0,D16,aspl,0.1,10,12.2765899959984,0.1400023795103694,21.10151490996399,4
R2,N2Vp0_25q2,N2V,0.25,2.0,D16,efficiency,0.05,10,0.10859381552578318,0.0008345052464619599,0.06235396320401792,8
R2,N2Vp0_25q2,N2V,0.25,2.0,D16,efficiency,0.1,10,0.10859381552578318,0.0008345052464619599,0.06235396320401792,6
R2,N2Vp0_25q2,N2V,0.25,2.0,D16,clustering,0.05,10,0.24379354582019302,0.0023515133647361713,0.3991724280164307,7
R2,N2Vp0_25q2,N2V,0.25,2.0,D16,clustering,0.1,10,0.24379354582019302,0.0023515133647361713,0.3991724280164307,5
R2,N2Vp0_25q2,N2V,0.25,2.0,D16,H_norm,0.05,10,0.23047352024315648,0.0012319695704393438,0.19512411280796618,3
R2,N2Vp0_25q2,N2V,0.25,2.0,D16,H_norm,0.1,10,0.23047352024315648,0.0012319695704393438,0.19512411280796618,2
R2,N2Vp0_25q2,N2V,0.25,2.0,D16,k_max,0.05,10,15.4,0.9660917830792958,12.2,27
R2,N2Vp0_25q2,N2V,0.25,2.0,D16,k_max,0.1,10,15.4,0.9660917830792958,12.2,3
R2,N2Vp0_25q2,N2V,0.25,2.0,D16,k_gini,0.05,10,0.10655907474747475,0.0011926517278655654,0.08865724939187787,3
R2,N2Vp0_25q2,N2V,0.25,2.0,D16,k_gini,0.1,10,0.10655907474747475,0.0011926517278655654,0.08865724939187787,3
R2,N2Vp0_25q2,N2V,0.25,2.0,D16,modularity,0.05,10,0.8341579767370677,0.0018668611837614334,0.031305914104042265,26
R2,N2Vp0_25q2,N2V,0.25,2.0,D16,modularity,0.1,10,0.8341579767370677,0.0018668611837614334,0.031305914104042265,9
R2,N2Vp0_25q2,N2V,0.25,2.0,D16,n_communities,0.05,10,17.6,1.349897115421106,5.100000000000001,30
R2,N2Vp0_25q2,N2V,0.25,2.0,D16,n_communities,0.1,10,17.6,1.349897115421106,5.100000000000001,30
R2,N2Vp0_25q2,N2V,0.25,2.0,D16,assortativity,0.05,10,-0.031106495943100547,0.005546890600584912,0.6892818350709187,2
R2,N2Vp0_25q2,N2V,0.25,2.0,D16,assortativity,0.1,10,-0.031106495943100547,0.005546890600584912,0.6892818350709187,1
R2,N2Vp0_25q2,N2V,0.25,2.0,D16,dyn_len_mean,0.05,10,2.4903406543429885,0.014845823570510947,0.8717980092003246,10
R2,N2Vp0_25q2,N2V,0.25,2.0,D16,dyn_len_mean,0.1,10,2.4903406543429885,0.014845823570510947,0.8717980092003246,8
R2,N2Vp0_25q2,N2V,0.25,2.0,D16,frac_rewired,0.05,10,0.87432,0.006743029322525919,0.9284000000000001,6
R2,N2Vp0_25q2,N2V,0.25,2.0,D16,frac_rewired,0.1,10,0.87432,0.006743029322525919,0.9284000000000001,3
R2,N2Vp0_25q2,N2V,0.25,2.0,D2,diameter,0.05,10,15.8,0.9189365834726814,82.2,17
R2,N2Vp0_25q2,N2V,0.25,2.0,D2,diameter,0.1,10,15.8,0.9189365834726814,82.2,10
R2,N2Vp0_25q2,N2V,0.25,2.0,D2,aspl,0.05,10,7.392156638655462,0.16843753794023714,25.941176694677875,17
R2,N2Vp0_25q2,N2V,0.25,2.0,D2,aspl,0.1,10,7.392156638655462,0.16843753794023714,25.941176694677875,11
R2,N2Vp0_25q2,N2V,0.25,2.0,D2,efficiency,0.05,10,0.15842519975567743,0.002388493996549929,0.11194224795178112,25
R2,N2Vp0_25q2,N2V,0.25,2.0,D2,efficiency,0.1,10,0.15842519975567743,0.002388493996549929,0.11194224795178112,21
R2,N2Vp0_25q2,N2V,0.25,2.0,D2,clustering,0.05,10,0.19170161656644033,0.003982513806478913,0.40075934354534654,12
R2,N2Vp0_25q2,N2V,0.25,2.0,D2,clustering,0.1,10,0.19170161656644033,0.003982513806478913,0.40075934354534654,8
R2,N2Vp0_25q2,N2V,0.25,2.0,D2,H_norm,0.05,10,0.231721676449326,0.0020767160994774087,0.19599173092705768,3
R2,N2Vp0_25q2,N2V,0.25,2.0,D2,H_norm,0.1,10,0.231721676449326,0.0020767160994774087,0.19599173092705768,2
R2,N2Vp0_25q2,N2V,0.25,2.0,D2,k_max,0.05,10,15.8,1.2292725943057183,12.3,11
R2,N2Vp0_25q2,N2V,0.25,2.0,D2,k_max,0.1,10,15.8,1.2292725943057183,12.3,3
R2,N2Vp0_25q2,N2V,0.25,2.0,D2,k_gini,0.05,10,0.10804304646464644,0.001849859862942576,0.08959401706864559,4
R2,N2Vp0_25q2,N2V,0.25,2.0,D2,k_gini,0.1,10,0.10804304646464644,0.001849859862942576,0.08959401706864559,3
R2,N2Vp0_25q2,N2V,0.25,2.0,D2,modularity,0.05,10,0.7914198219569432,0.005236384051169028,0.07344454631182151,26
R2,N2Vp0_25q2,N2V,0.25,2.0,D2,modularity,0.1,10,0.7914198219569432,0.005236384051169028,0.07344454631182151,23
R2,N2Vp0_25q2,N2V,0.25,2.0,D2,n_communities,0.05,10,14.0,1.3333333333333333,8.600000000000001,30
R2,N2Vp0_25q2,N2V,0.25,2.0,D2,n_communities,0.1,10,14.0,1.3333333333333333,8.600000000000001,17
R2,N2Vp0_25q2,N2V,0.25,2.0,D2,assortativity,0.05,10,-0.02304917491908822,0.0117732359932805,0.6857796689702002,2
R2,N2Vp0_25q2,N2V,0.25,2.0,D2,assortativity,0.1,10,-0.02304917491908822,0.0117732359932805,0.6857796689702002,1
R2,N2Vp0_25q2,N2V,0.25,2.0,D2,dyn_len_mean,0.05,10,3.9552280043025037,0.083292994980352,2.3388529829285787,27
R2,N2Vp0_25q2,N2V,0.25,2.0,D2,dyn_len_mean,0.1,10,3.9552280043025037,0.083292994980352,2.3388529829285787,24
R2,N2Vp0_25q2,N2V,0.25,2.0,D2,frac_rewired,0.05,10,0.97952,0.002750676684421887,0.98148,4
R2,N2Vp0_25q2,N2V,0.25,2.0,D2,frac_rewired,0.1,10,0.97952,0.002750676684421887,0.98148,4
R2,N2Vp0_25q2,N2V,0.25,2.0,D4,diameter,0.05,10,16.0,0.6666666666666663,82.0,16
R2,N2Vp0_25q2,N2V,0.25,2.0,D4,diameter,0.1,10,16.0,0.6666666666666663,82.0,10
R2,N2Vp0_25q2,N2V,0.25,2.0,D4,aspl,0.05,10,7.497287683073229,0.13118374175046474,25.836045650260107,16
R2,N2Vp0_25q2,N2V,0.25,2.0,D4,aspl,0.1,10,7.497287683073229,0.13118374175046474,25.836045650260107,11
R2,N2Vp0_25q2,N2V,0.25,2.0,D4,efficiency,0.05,10,0.1570662966077801,0.0019373733678686447,0.11058334480388379,24
R2,N2Vp0_25q2,N2V,0.25,2.0,D4,efficiency,0.1,10,0.1570662966077801,0.0019373733678686447,0.11058334480388379,20
R2,N2Vp0_25q2,N2V,0.25,2.0,D4,clustering,0.05,10,0.1895560976800979,0.0026874011131609614,0.3993596837606868,12
R2,N2Vp0_25q2,N2V,0.25,2.0,D4,clustering,0.1,10,0.1895560976800979,0.0026874011131609614,0.3993596837606868,8
R2,N2Vp0_25q2,N2V,0.25,2.0,D4,H_norm,0.05,10,0.23228792983656388,0.0018070418472213294,0.19649689482168234,3
R2,N2Vp0_25q2,N2V,0.25,2.0,D4,H_norm,0.1,10,0.23228792983656388,0.0018070418472213294,0.19649689482168234,2
R2,N2Vp0_25q2,N2V,0.25,2.0,D4,k_max,0.05,10,15.5,0.8498365855987975,12.600000000000001,30
R2,N2Vp0_25q2,N2V,0.25,2.0,D4,k_max,0.1,10,15.5,0.8498365855987975,12.600000000000001,2
R2,N2Vp0_25q2,N2V,0.25,2.0,D4,k_gini,0.05,10,0.1089566505050505,0.001878378114392138,0.0901171403009688,4
R2,N2Vp0_25q2,N2V,0.25,2.0,D4,k_gini,0.1,10,0.1089566505050505,0.001878378114392138,0.0901171403009688,3
R2,N2Vp0_25q2,N2V,0.25,2.0,D4,modularity,0.05,10,0.7914179527599225,0.0037915119766395444,0.07358331098438042,29
R2,N2Vp0_25q2,N2V,0.25,2.0,D4,modularity,0.1,10,0.7914179527599225,0.0037915119766395444,0.07358331098438042,23
R2,N2Vp0_25q2,N2V,0.25,2.0,D4,n_communities,0.05,10,14.2,1.1352924243950933,8.2,30
R2,N2Vp0_25q2,N2V,0.25,2.0,D4,n_communities,0.1,10,14.2,1.1352924243950933,8.2,15
R2,N2Vp0_25q2,N2V,0.25,2.0,D4,assortativity,0.05,10,-0.03133825716542312,0.010110142625963485,0.6860795195026983,2
R2,N2Vp0_25q2,N2V,0.25,2.0,D4,assortativity,0.1,10,-0.03133825716542312,0.010110142625963485,0.6860795195026983,1
R2,N2Vp0_25q2,N2V,0.25,2.0,D4,dyn_len_mean,0.05,10,3.933555139906536,0.0548113086752086,2.3155195717372417,27
R2,N2Vp0_25q2,N2V,0.25,2.0,D4,dyn_len_mean,0.1,10,3.933555139906536,0.0548113086752086,2.3155195717372417,24
R2,N2Vp0_25q2,N2V,0.25,2.0,D4,frac_rewired,0.05,10,0.97952,0.001874270228352592,0.9802,4
R2,N2Vp0_25q2,N2V,0.25,2.0,D4,frac_rewired,0.1,10,0.97952,0.001874270228352592,0.9802,4
R2,N2Vp0_25q2,N2V,0.25,2.0,D8,diameter,0.05,10,20.5,0.5270462766947301,77.5,10
R2,N2Vp0_25q2,N2V,0.25,2.0,D8,diameter,0.1,10,20.5,0.5270462766947301,77.5,7
R2,N2Vp0_25q2,N2V,0.25,2.0,D8,aspl,0.05,10,8.95228200080032,0.14270576740701046,24.389511644657865,11
R2,N2Vp0_25q2,N2V,0.25,2.0,D8,aspl,0.1,10,8.95228200080032,0.14270576740701046,24.389511644657865,7
R2,N2Vp0_25q2,N2V,0.25,2.0,D8,efficiency,0.05,10,0.13813487809316316,0.0016168656724824158,0.09172012487097922,17
R2,N2Vp0_25q2,N2V,0.25,2.0,D8,efficiency,0.1,10,0.13813487809316316,0.0016168656724824158,0.09172012487097922,13
R2,N2Vp0_25q2,N2V,0.25,2.0,D8,clustering,0.05,10,0.19936749087513822,0.003008933821888344,0.3995520801420829,10
R2,N2Vp0_25q2,N2V,0.25,2.0,D8,clustering,0.1,10,0.19936749087513822,0.003008933821888344,0.3995520801420829,7
R2,N2Vp0_25q2,N2V,0.25,2.0,D8,H_norm,0.05,10,0.2313934212734996,0.0015338830809180199,0.19593506427570093,3
R2,N2Vp0_25q2,N2V,0.25,2.0,D8,H_norm,0.1,10,0.2313934212734996,0.0015338830809180199,0.19593506427570093,2
R2,N2Vp0_25q2,N2V,0.25,2.0,D8,k_max,0.05,10,15.9,1.3703203194062976,12.2,8
R2,N2Vp0_25q2,N2V,0.25,2.0,D8,k_max,0.1,10,15.9,1.3703203194062976,12.2,4
R2,N2Vp0_25q2,N2V,0.25,2.0,D8,k_gini,0.05,10,0.10769456969696971,0.0014654151364354277,0.08967021100803951,4
R2,N2Vp0_25q2,N2V,0.25,2.0,D8,k_gini,0.1,10,0.10769456969696971,0.0014654151364354277,0.08967021100803951,3
R2,N2Vp0_25q2,N2V,0.25,2.0,D8,modularity,0.05,10,0.8091833333333334,0.0033785797152118473,0.05596983045511217,21
R2,N2Vp0_25q2,N2V,0.25,2.0,D8,modularity,0.1,10,0.8091833333333334,0.0033785797152118473,0.05596983045511217,15
R2,N2Vp0_25q2,N2V,0.25,2.0,D8,n_communities,0.05,10,14.6,0.8432740427115681,7.400000000000002,27
R2,N2Vp0_25q2,N2V,0.25,2.0,D8,n_communities,0.1,10,14.6,0.8432740427115681,7.400000000000002,16
R2,N2Vp0_25q2,N2V,0.25,2.0,D8,assortativity,0.05,10,-0.02776895824450502,0.011782346965963215,0.6896410215054303,2
R2,N2Vp0_25q2,N2V,0.25,2.0,D8,assortativity,0.1,10,-0.02776895824450502,0.011782346965963215,0.6896410215054303,1
R2,N2Vp0_25q2,N2V,0.25,2.0,D8,dyn_len_mean,0.05,10,3.336939041509109,0.039532795436323605,1.724867850608787,20
R2,N2Vp0_25q2,N2V,0.25,2.0,D8,dyn_len_mean,0.1,10,3.336939041509109,0.039532795436323605,1.724867850608787,16
R2,N2Vp0_25q2,N2V,0.25,2.0,D8,frac_rewired,0.05,10,0.9612,0.0036368484525295475,0.9734,4
R2,N2Vp0_25q2,N2V,0.25,2.0,D8,frac_rewired,0.1,10,0.9612,0.0036368484525295475,0.9734,4
R2,N2Vp0_5q0_25,N2V,0.5,0.25,D16,diameter,0.05,10,30.3,0.6749485577105525,68.3,5
R2,N2Vp0_5q0_25,N2V,0.5,0.25,D16,diameter,0.1,10,30.3,0.6749485577105525,68.3,3
R2,N2Vp0_5q0_25,N2V,0.5,0.25,D16,aspl,0.05,10,12.261559631852741,0.07545529129755099,21.165921472589037,5
R2,N2Vp0_5q0_25,N2V,0.5,0.25,D16,aspl,0.1,10,12.261559631852741,0.07545529129755099,21.165921472589037,4
R2,N2Vp0_5q0_25,N2V,0.5,0.25,D16,efficiency,0.05,10,0.10873089697931862,0.0004720094317076073,0.0628209257042279,7
R2,N2Vp0_5q0_25,N2V,0.5,0.25,D16,efficiency,0.1,10,0.10873089697931862,0.0004720094317076073,0.0628209257042279,5
R2,N2Vp0_5q0_25,N2V,0.5,0.25,D16,clustering,0.05,10,0.24163515972916,0.0017826160117168936,0.3959490095460127,6
R2,N2Vp0_5q0_25,N2V,0.5,0.25,D16,clustering,0.1,10,0.24163515972916,0.0017826160117168936,0.3959490095460127,5
R2,N2Vp0_5q0_25,N2V,0.5,0.25,D16,H_norm,0.05,10,0.23070650439995388,0.0013501727652611064,0.1947497624166032,3
R2,N2Vp0_5q0_25,N2V,0.5,0.25,D16,H_norm,0.1,10,0.23070650439995388,0.0013501727652611064,0.1947497624166032,2
R2,N2Vp0_5q0_25,N2V,0.5,0.25,D16,k_max,0.05,10,14.7,0.6749485577105532,11.5,29
R2,N2Vp0_5q0_25,N2V,0.5,0.25,D16,k_max,0.1,10,14.7,0.6749485577105532,11.5,2
R2,N2Vp0_5q0_25,N2V,0.5,0.25,D16,k_gini,0.05,10,0.10656061010101008,0.0014029410804638374,0.08830701908884757,4
R2,N2Vp0_5q0_25,N2V,0.5,0.25,D16,k_gini,0.1,10,0.10656061010101008,0.0014029410804638374,0.08830701908884757,3
R2,N2Vp0_5q0_25,N2V,0.5,0.25,D16,modularity,0.05,10,0.8349224762779308,0.0032010266346165933,0.031367848189698844,27
R2,N2Vp0_5q0_25,N2V,0.5,0.25,D16,modularity,0.1,10,0.8349224762779308,0.0032010266346165933,0.031367848189698844,6
R2,N2Vp0_5q0_25,N2V,0.5,0.25,D16,n_communities,0.05,10,17.4,0.5163977794943222,5.100000000000001,30
R2,N2Vp0_5q0_25,N2V,0.5,0.25,D16,n_communities,0.1,10,17.4,0.5163977794943222,5.100000000000001,28
R2,N2Vp0_5q0_25,N2V,0.5,0.25,D16,assortativity,0.05,10,-0.03535224918364159,0.006678669868427218,0.6926805477304988,2
R2,N2Vp0_5q0_25,N2V,0.5,0.25,D16,assortativity,0.1,10,-0.03535224918364159,0.006678669868427218,0.6926805477304988,1
R2,N2Vp0_5q0_25,N2V,0.5,0.25,D16,dyn_len_mean,0.05,10,2.492553636095706,0.01195180769845689,0.8888325022463559,9
R2,N2Vp0_5q0_25,N2V,0.5,0.25,D16,dyn_len_mean,0.1,10,2.492553636095706,0.01195180769845689,0.8888325022463559,7
R2,N2Vp0_5q0_25,N2V,0.5,0.25,D16,frac_rewired,0.05,10,0.8776400000000001,0.008555076465662562,0.92652,5
R2,N2Vp0_5q0_25,N2V,0.5,0.25,D16,frac_rewired,0.1,10,0.8776400000000001,0.008555076465662562,0.92652,3
R2,N2Vp0_5q0_25,N2V,0.5,0.25,D2,diameter,0.05,10,16.0,0.9428090415820635,82.0,17
R2,N2Vp0_5q0_25,N2V,0.5,0.25,D2,diameter,0.1,10,16.0,0.9428090415820635,82.0,10
R2,N2Vp0_5q0_25,N2V,0.5,0.25,D2,aspl,0.05,10,7.378737767106843,0.1535317979674025,25.954595566226494,17
R2,N2Vp0_5q0_25,N2V,0.5,0.25,D2,aspl,0.1,10,7.378737767106843,0.1535317979674025,25.954595566226494,10
R2,N2Vp0_5q0_25,N2V,0.5,0.25,D2,efficiency,0.05,10,0.15883354444849765,0.0022604745417246766,0.11235059264460134,25
R2,N2Vp0_5q0_25,N2V,0.5,0.25,D2,efficiency,0.1,10,0.15883354444849765,0.0022604745417246766,0.11235059264460134,20
R2,N2Vp0_5q0_25,N2V,0.5,0.25,D2,clustering,0.05,10,0.18814494401848603,0.0016455039636772083,0.3967105587745614,12
R2,N2Vp0_5q0_25,N2V,0.5,0.25,D2,clustering,0.1,10,0.18814494401848603,0.0016455039636772083,0.3967105587745614,8
R2,N2Vp0_5q0_25,N2V,0.5,0.25,D2,H_norm,0.05,10,0.23153438754454186,0.0013763508315809917,0.1961480758154514,3
R2,N2Vp0_5q0_25,N2V,0.5,0.25,D2,H_norm,0.1,10,0.23153438754454186,0.0013763508315809917,0.1961480758154514,2
R2,N2Vp0_5q0_25,N2V,0.5,0.25,D2,k_max,0.05,10,16.3,1.70293863659264,12.3,30
R2,N2Vp0_5q0_25,N2V,0.5,0.25,D2,k_max,0.1,10,16.3,1.70293863659264,12.3,4
R2,N2Vp0_5q0_25,N2V,0.5,0.25,D2,k_gini,0.05,10,0.10792846060606065,0.0009555890813422997,0.0900021382807668,4
R2,N2Vp0_5q0_25,N2V,0.5,0.25,D2,k_gini,0.1,10,0.10792846060606065,0.0009555890813422997,0.0900021382807668,3
R2,N2Vp0_5q0_25,N2V,0.5,0.25,D2,modularity,0.05,10,0.7899115074992349,0.0030850834472525425,0.07518435219291453,27
R2,N2Vp0_5q0_25,N2V,0.5,0.25,D2,modularity,0.1,10,0.7899115074992349,0.0030850834472525425,0.07518435219291453,24
R2,N2Vp0_5q0_25,N2V,0.5,0.25,D2,n_communities,0.05,10,13.8,0.9189365834726823,8.000000000000002,29
R2,N2Vp0_5q0_25,N2V,0.5,0.25,D2,n_communities,0.1,10,13.8,0.9189365834726823,8.000000000000002,25
R2,N2Vp0_5q0_25,N2V,0.5,0.25,D2,assortativity,0.05,10,-0.03264256409082572,0.0070103670966022115,0.6891535522232362,2
R2,N2Vp0_5q0_25,N2V,0.5,0.25,D2,assortativity,0.1,10,-0.03264256409082572,0.0070103670966022115,0.6891535522232362,1
R2,N2Vp0_5q0_25,N2V,0.5,0.25,D2,dyn_len_mean,0.05,10,3.9982375646971087,0.07703544856845768,2.381714318508394,27
R2,N2Vp0_5q0_25,N2V,0.5,0.25,D2,dyn_len_mean,0.1,10,3.9982375646971087,0.07703544856845768,2.381714318508394,25
R2,N2Vp0_5q0_25,N2V,0.5,0.25,D2,frac_rewired,0.05,10,0.9803200000000001,0.003237557378298937,0.98268,4
R2,N2Vp0_5q0_25,N2V,0.5,0.25,D2,frac_rewired,0.1,10,0.9803200000000001,0.003237557378298937,0.98268,4
R2,N2Vp0_5q0_25,N2V,0.5,0.25,D4,diameter,0.05,10,16.5,0.8498365855987976,81.5,14
R2,N2Vp0_5q0_25,N2V,0.5,0.25,D4,diameter,0.1,10,16.5,0.8498365855987976,81.5,9
R2,N2Vp0_5q0_25,N2V,0.5,0.25,D4,aspl,0.05,10,7.530549787915166,0.14812014477941537,25.80278354541817,15
R2,N2Vp0_5q0_25,N2V,0.5,0.25,D4,aspl,0.1,10,7.530549787915166,0.14812014477941537,25.80278354541817,10
R2,N2Vp0_5q0_25,N2V,0.5,0.25,D4,efficiency,0.05,10,0.15656318417498044,0.0022085635828607234,0.11008023237108414,24
R2,N2Vp0_5q0_25,N2V,0.5,0.25,D4,efficiency,0.1,10,0.15656318417498044,0.0022085635828607234,0.11008023237108414,20
R2,N2Vp0_5q0_25,N2V,0.5,0.25,D4,clustering,0.05,10,0.18990556709956752,0.0019171796283877613,0.396404725052728,11
R2,N2Vp0_5q0_25,N2V,0.5,0.25,D4,clustering,0.1,10,0.18990556709956752,0.0019171796283877613,0.396404725052728,8
R2,N2Vp0_5q0_25,N2V,0.5,0.25,D4,H_norm,0.05,10,0.2310008743665659,0.0015853386725645853,0.19613443248045453,3
R2,N2Vp0_5q0_25,N2V,0.5,0.25,D4,H_norm,0.1,10,0.2310008743665659,0.0015853386725645853,0.19613443248045453,2
R2,N2Vp0_5q0_25,N2V,0.5,0.25,D4,k_max,0.05,10,15.2,0.632455532033676,12.3,18
R2,N2Vp0_5q0_25,N2V,0.5,0.25,D4,k_max,0.1,10,15.2,0.632455532033676,12.3,3
R2,N2Vp0_5q0_25,N2V,0.5,0.25,D4,k_gini,0.05,10,0.10739363232323232,0.0016518453419734197,0.08989955646258499,4
R2,N2Vp0_5q0_25,N2V,0.5,0.25,D4,k_gini,0.1,10,0.10739363232323232,0.0016518453419734197,0.08989955646258499,3
R2,N2Vp0_5q0_25,N2V,0.5,0.25,D4,modularity,0.05,10,0.7927734511784512,0.0035674170155292387,0.07172402189873905,27
R2,N2Vp0_5q0_25,N2V,0.5,0.25,D4,modularity,0.1,10,0.7927734511784512,0.0035674170155292387,0.07172402189873905,24
R2,N2Vp0_5q0_25,N2V,0.5,0.25,D4,n_communities,0.05,10,13.7,0.9486832980505137,8.100000000000001,30
R2,N2Vp0_5q0_25,N2V,0.5,0.25,D4,n_communities,0.1,10,13.7,0.9486832980505137,8.100000000000001,21
R2,N2Vp0_5q0_25,N2V,0.5,0.25,D4,assortativity,0.05,10,-0.02726402076595088,0.00819598188153286,0.6902786379741928,2
R2,N2Vp0_5q0_25,N2V,0.5,0.25,D4,assortativity,0.1,10,-0.02726402076595088,0.00819598188153286,0.6902786379741928,1
R2,N2Vp0_5q0_25,N2V,0.5,0.25,D4,dyn_len_mean,0.05,10,3.8958083670514414,0.07717121506023163,2.2781323687330786,26
R2,N2Vp0_5q0_25,N2V,0.5,0.25,D4,dyn_len_mean,0.1,10,3.8958083670514414,0.07717121506023163,2.2781323687330786,23
R2,N2Vp0_5q0_25,N2V,0.5,0.25,D4,frac_rewired,0.05,10,0.98044,0.001963670033381365,0.9814400000000001,4
R2,N2Vp0_5q0_25,N2V,0.5,0.25,D4,frac_rewired,0.1,10,0.98044,0.001963670033381365,0.9814400000000001,4
R2,N2Vp0_5q0_25,N2V,0.5,0.25,D8,diameter,0.05,10,20.7,0.674948557710553,77.3,10
R2,N2Vp0_5q0_25,N2V,0.5,0.25,D8,diameter,0.1,10,20.7,0.674948557710553,77.3,6
R2,N2Vp0_5q0_25,N2V,0.5,0.25,D8,aspl,0.05,10,8.980755790316127,0.06678761820118684,24.383533637454985,10
R2,N2Vp0_5q0_25,N2V,0.5,0.25,D8,aspl,0.1,10,8.980755790316127,0.06678761820118684,24.383533637454985,7
R2,N2Vp0_5q0_25,N2V,0.5,0.25,D8,efficiency,0.05,10,0.13786341195255936,0.0007917717063075254,0.09172072565818223,16
R2,N2Vp0_5q0_25,N2V,0.5,0.25,D8,efficiency,0.1,10,0.13786341195255936,0.0007917717063075254,0.09172072565818223,12
R2,N2Vp0_5q0_25,N2V,0.5,0.25,D8,clustering,0.05,10,0.20030034521034565,0.0025164121448055105,0.3958597506937536,9
R2,N2Vp0_5q0_25,N2V,0.5,0.25,D8,clustering,0.1,10,0.20030034521034565,0.0025164121448055105,0.3958597506937536,7
R2,N2Vp0_5q0_25,N2V,0.5,0.25,D8,H_norm,0.05,10,0.2317807861536302,0.0013046498169130252,0.1959411462990272,3
R2,N2Vp0_5q0_25,N2V,0.5,0.25,D8,H_norm,0.1,10,0.2317807861536302,0.0013046498169130252,0.1959411462990272,2
R2,N2Vp0_5q0_25,N2V,0.5,0.25,D8,k_max,0.05,10,15.3,0.674948557710553,12.5,29
R2,N2Vp0_5q0_25,N2V,0.5,0.25,D8,k_max,0.1,10,15.3,0.674948557710553,12.5,3
R2,N2Vp0_5q0_25,N2V,0.5,0.25,D8,k_gini,0.05,10,0.1080012686868687,0.0016335327185818004,0.08959894232117085,4
R2,N2Vp0_5q0_25,N2V,0.5,0.25,D8,k_gini,0.1,10,0.1080012686868687,0.0016335327185818004,0.08959894232117085,3
R2,N2Vp0_5q0_25,N2V,0.5,0.25,D8,modularity,0.05,10,0.8090106157534945,0.003909192171030432,0.05818767819817516,19
R2,N2Vp0_5q0_25,N2V,0.5,0.25,D8,modularity,0.1,10,0.8090106157534945,0.003909192171030432,0.05818767819817516,14
R2,N2Vp0_5q0_25,N2V,0.5,0.25,D8,n_communities,0.05,10,15.3,1.0593499054713804,7.400000000000002,30
R2,N2Vp0_5q0_25,N2V,0.5,0.25,D8,n_communities,0.1,10,15.3,1.0593499054713804,7.400000000000002,30
R2,N2Vp0_5q0_25,N2V,0.5,0.25,D8,assortativity,0.05,10,-0.03722092098309175,0.006324069773310126,0.6882694893236457,2
R2,N2Vp0_5q0_25,N2V,0.5,0.25,D8,assortativity,0.1,10,-0.03722092098309175,0.006324069773310126,0.6882694893236457,1
R2,N2Vp0_5q0_25,N2V,0.5,0.25,D8,dyn_len_mean,0.05,10,3.340888994567334,0.02948767993084242,1.7517423914043666,18
R2,N2Vp0_5q0_25,N2V,0.5,0.25,D8,dyn_len_mean,0.1,10,3.340888994567334,0.02948767993084242,1.7517423914043666,15
R2,N2Vp0_5q0_25,N2V,0.5,0.25,D8,frac_rewired,0.05,10,0.96076,0.004184415530672544,0.9757199999999999,4
R2,N2Vp0_5q0_25,N2V,0.5,0.25,D8,frac_rewired,0.1,10,0.96076,0.004184415530672544,0.9757199999999999,4
R2,N2Vp0_5q0_5,N2V,0.5,0.5,D16,diameter,0.05,10,30.1,0.7378647873726218,68.3,5
R2,N2Vp0_5q0_5,N2V,0.5,0.5,D16,diameter,0.1,10,30.1,0.7378647873726218,68.3,3
R2,N2Vp0_5q0_5,N2V,0.5,0.5,D16,aspl,0.05,10,12.223390636254502,0.06895788192475404,21.14874090436175,5
R2,N2Vp0_5q0_5,N2V,0.5,0.5,D16,aspl,0.1,10,12.223390636254502,0.06895788192475404,21.14874090436175,4
R2,N2Vp0_5q0_5,N2V,0.5,0.5,D16,efficiency,0.05,10,0.10896121800687338,0.00041485279864004446,0.06267841914506495,7
R2,N2Vp0_5q0_5,N2V,0.5,0.5,D16,efficiency,0.1,10,0.10896121800687338,0.00041485279864004446,0.06267841914506495,5
R2,N2Vp0_5q0_5,N2V,0.5,0.5,D16,clustering,0.05,10,0.24151713592839918,0.0024028926396179955,0.3955026115453209,6
R2,N2Vp0_5q0_5,N2V,0.5,0.5,D16,clustering,0.1,10,0.24151713592839918,0.0024028926396179955,0.3955026115453209,5
R2,N2Vp0_5q0_5,N2V,0.5,0.5,D16,H_norm,0.05,10,0.23028814846321616,0.00095258177255465,0.1949955564249777,3
R2,N2Vp0_5q0_5,N2V,0.5,0.5,D16,H_norm,0.1,10,0.23028814846321616,0.00095258177255465,0.1949955564249777,2
R2,N2Vp0_5q0_5,N2V,0.5,0.5,D16,k_max,0.05,10,15.7,1.2516655570345727,12.3,15
R2,N2Vp0_5q0_5,N2V,0.5,0.5,D16,k_max,0.1,10,15.7,1.2516655570345727,12.3,3
R2,N2Vp0_5q0_5,N2V,0.5,0.5,D16,k_gini,0.05,10,0.10612150707070708,0.0008386576214467578,0.0883805988868274,3
R2,N2Vp0_5q0_5,N2V,0.5,0.5,D16,k_gini,0.1,10,0.10612150707070708,0.0008386576214467578,0.0883805988868274,3
R2,N2Vp0_5q0_5,N2V,0.5,0.5,D16,modularity,0.05,10,0.8338434726048363,0.0030963979888048642,0.031759861799459776,24
R2,N2Vp0_5q0_5,N2V,0.5,0.5,D16,modularity,0.1,10,0.8338434726048363,0.0030963979888048642,0.031759861799459776,6
R2,N2Vp0_5q0_5,N2V,0.5,0.5,D16,n_communities,0.05,10,17.3,1.4181364924121769,5.100000000000001,29
R2,N2Vp0_5q0_5,N2V,0.5,0.5,D16,n_communities,0.1,10,17.3,1.4181364924121769,5.100000000000001,26
R2,N2Vp0_5q0_5,N2V,0.5,0.5,D16,assortativity,0.05,10,-0.03418968961274224,0.007358936407146935,0.6912428062444149,2
R2,N2Vp0_5q0_5,N2V,0.5,0.5,D16,assortativity,0.1,10,-0.03418968961274224,0.007358936407146935,0.6912428062444149,1
R2,N2Vp0_5q0_5,N2V,0.5,0.5,D16,dyn_len_mean,0.05,10,2.502993776747999,0.009697747317200134,0.8877422636476278,9
R2,N2Vp0_5q0_5,N2V,0.5,0.5,D16,dyn_len_mean,0.1,10,2.502993776747999,0.009697747317200134,0.8877422636476278,7
R2,N2Vp0_5q0_5,N2V,0.5,0.5,D16,frac_rewired,0.05,10,0.8737600000000001,0.007106053757184777,0.9274800000000001,5
R2,N2Vp0_5q0_5,N2V,0.5,0.5,D16,frac_rewired,0.1,10,0.8737600000000001,0.007106053757184777,0.9274800000000001,3
R2,N2Vp0_5q0_5,N2V,0.5,0.5,D2,diameter,0.05,10,15.5,0.5270462766947298,82.5,17
R2,N2Vp0_5q0_5,N2V,0.5,0.5,D2,diameter,0.1,10,15.5,0.5270462766947298,82.5,10
R2,N2Vp0_5q0_5,N2V,0.5,0.5,D2,aspl,0.05,10,7.302048755502201,0.09151881031800588,26.031284577831133,17
R2,N2Vp0_5q0_5,N2V,0.5,0.5,D2,aspl,0.1,10,7.302048755502201,0.09151881031800588,26.031284577831133,10
R2,N2Vp0_5q0_5,N2V,0.5,0.5,D2,efficiency,0.05,10,0.15999838304574796,0.001470858761562599,0.11351543124185165,25
R2,N2Vp0_5q0_5,N2V,0.5,0.5,D2,efficiency,0.1,10,0.15999838304574796,0.001470858761562599,0.11351543124185165,20
R2,N2Vp0_5q0_5,N2V,0.5,0.5,D2,clustering,0.05,10,0.1869420108061875,0.003222842982790011,0.3953514518814546,11
R2,N2Vp0_5q0_5,N2V,0.5,0.5,D2,clustering,0.1,10,0.1869420108061875,0.003222842982790011,0.3953514518814546,8
R2,N2Vp0_5q0_5,N2V,0.5,0.5,D2,H_norm,0.05,10,0.23223315664856395,0.0010840544603913866,0.19610491228523855,3
R2,N2Vp0_5q0_5,N2V,0.5,0.5,D2,H_norm,0.1,10,0.23223315664856395,0.0010840544603913866,0.19610491228523855,2
R2,N2Vp0_5q0_5,N2V,0.5,0.5,D2,k_max,0.05,10,15.4,0.699205898780101,12.399999999999999,24
R2,N2Vp0_5q0_5,N2V,0.5,0.5,D2,k_max,0.1,10,15.4,0.699205898780101,12.399999999999999,3
R2,N2Vp0_5q0_5,N2V,0.5,0.5,D2,k_gini,0.05,10,0.1088263676767677,0.0014361737514933279,0.089986857472686,5
R2,N2Vp0_5q0_5,N2V,0.5,0.5,D2,k_gini,0.1,10,0.1088263676767677,0.0014361737514933279,0.089986857472686,3
R2,N2Vp0_5q0_5,N2V,0.5,0.5,D2,modularity,0.05,10,0.7888500816243241,0.005324000824268003,0.07520719703527312,29
R2,N2Vp0_5q0_5,N2V,0.5,0.5,D2,modularity,0.1,10,0.7888500816243241,0.005324000824268003,0.07520719703527312,25
R2,N2Vp0_5q0_5,N2V,0.5,0.5,D2,n_communities,0.05,10,13.7,0.9486832980505139,8.600000000000001,27
R2,N2Vp0_5q0_5,N2V,0.5,0.5,D2,n_communities,0.1,10,13.7,0.9486832980505139,8.600000000000001,20
R2,N2Vp0_5q0_5,N2V,0.5,0.5,D2,assortativity,0.05,10,-0.02870941933998336,0.00741158359409485,0.6870995555858677,2
R2,N2Vp0_5q0_5,N2V,0.5,0.5,D2,assortativity,0.1,10,-0.02870941933998336,0.00741158359409485,0.6870995555858677,1
R2,N2Vp0_5q0_5,N2V,0.5,0.5,D2,dyn_len_mean,0.05,10,4.0193948365321095,0.0594880945639184,2.402970063643976,27
R2,N2Vp0_5q0_5,N2V,0.5,0.5,D2,dyn_len_mean,0.1,10,4.0193948365321095,0.0594880945639184,2.402970063643976,25
R2,N2Vp0_5q0_5,N2V,0.5,0.5,D2,frac_rewired,0.05,10,0.98232,0.0033614811550201243,0.9823600000000001,4
R2,N2Vp0_5q0_5,N2V,0.5,0.5,D2,frac_rewired,0.1,10,0.98232,0.0033614811550201243,0.9823600000000001,4
R2,N2Vp0_5q0_5,N2V,0.5,0.5,D4,diameter,0.05,10,16.2,0.6324555320336761,81.8,15
R2,N2Vp0_5q0_5,N2V,0.5,0.5,D4,diameter,0.1,10,16.2,0.6324555320336761,81.8,9
R2,N2Vp0_5q0_5,N2V,0.5,0.5,D4,aspl,0.05,10,7.478764017607043,0.1468766423223898,25.854569315726295,15
R2,N2Vp0_5q0_5,N2V,0.5,0.5,D4,aspl,0.1,10,7.478764017607043,0.1468766423223898,25.854569315726295,10
R2,N2Vp0_5q0_5,N2V,0.5,0.5,D4,efficiency,0.05,10,0.15743977743622825,0.002215252067907047,0.11095682563233195,24
R2,N2Vp0_5q0_5,N2V,0.5,0.5,D4,efficiency,0.1,10,0.15743977743622825,0.002215252067907047,0.11095682563233195,19
R2,N2Vp0_5q0_5,N2V,0.5,0.5,D4,clustering,0.05,10,0.18950004684204722,0.002926716478118415,0.396837814851818,11
R2,N2Vp0_5q0_5,N2V,0.5,0.5,D4,clustering,0.1,10,0.18950004684204722,0.002926716478118415,0.396837814851818,8
R2,N2Vp0_5q0_5,N2V,0.5,0.5,D4,H_norm,0.05,10,0.23184593289425792,0.002030456351195713,0.1962698541448949,3
R2,N2Vp0_5q0_5,N2V,0.5,0.5,D4,H_norm,0.1,10,0.23184593289425792,0.002030456351195713,0.1962698541448949,2
R2,N2Vp0_5q0_5,N2V,0.5,0.5,D4,k_max,0.05,10,15.3,0.674948557710553,12.5,28
R2,N2Vp0_5q0_5,N2V,0.5,0.5,D4,k_max,0.1,10,15.3,0.674948557710553,12.5,3
R2,N2Vp0_5q0_5,N2V,0.5,0.5,D4,k_gini,0.05,10,0.10829534141414139,0.0016901874926311578,0.08995571403834254,4
R2,N2Vp0_5q0_5,N2V,0.5,0.5,D4,k_gini,0.1,10,0.10829534141414139,0.0016901874926311578,0.08995571403834254,3
R2,N2Vp0_5q0_5,N2V,0.5,0.5,D4,modularity,0.05,10,0.7906479762269157,0.00490557719463646,0.07381449882459545,25
R2,N2Vp0_5q0_5,N2V,0.5,0.5,D4,modularity,0.1,10,0.7906479762269157,0.00490557719463646,0.07381449882459545,23
R2,N2Vp0_5q0_5,N2V,0.5,0.5,D4,n_communities,0.05,10,13.9,0.7378647873726217,8.500000000000002,30
R2,N2Vp0_5q0_5,N2V,0.5,0.5,D4,n_communities,0.1,10,13.9,0.7378647873726217,8.500000000000002,20
R2,N2Vp0_5q0_5,N2V,0.5,0.5,D4,assortativity,0.05,10,-0.03420896540582769,0.005143537123666313,0.6915200651937888,2
R2,N2Vp0_5q0_5,N2V,0.5,0.5,D4,assortativity,0.1,10,-0.03420896540582769,0.005143537123666313,0.6915200651937888,1
R2,N2Vp0_5q0_5,N2V,0.5,0.5,D4,dyn_len_mean,0.05,10,3.959791228913634,0.07136260716802387,2.34287377573091,26
R2,N2Vp0_5q0_5,N2V,0.5,0.5,D4,dyn_len_mean,0.1,10,3.959791228913634,0.07136260716802387,2.34287377573091,23
R2,N2Vp0_5q0_5,N2V,0.5,0.5,D4,frac_rewired,0.05,10,0.9799599999999999,0.0025885216716196304,0.9812799999999999,4
R2,N2Vp0_5q0_5,N2V,0.5,0.5,D4,frac_rewired,0.1,10,0.9799599999999999,0.0025885216716196304,0.9812799999999999,4
R2,N2Vp0_5q0_5,N2V,0.5,0.5,D8,diameter,0.05,10,20.4,0.5163977794943222,77.6,9
R2,N2Vp0_5q0_5,N2V,0.5,0.5,D8,diameter,0.1,10,20.4,0.5163977794943222,77.6,6
R2,N2Vp0_5q0_5,N2V,0.5,0.5,D8,aspl,0.05,10,8.89327055622249,0.13152642070109094,24.440062777110846,10
R2,N2Vp0_5q0_5,N2V,0.5,0.5,D8,aspl,0.1,10,8.89327055622249,0.13152642070109094,24.440062777110846,7
R2,N2Vp0_5q0_5,N2V,0.5,0.5,D8,efficiency,0.05,10,0.13895842179773799,0.0015936568909226023,0.09247546999384168,16
R2,N2Vp0_5q0_5,N2V,0.5,0.5,D8,efficiency,0.1,10,0.13895842179773799,0.0015936568909226023,0.09247546999384168,12
R2,N2Vp0_5q0_5,N2V,0.5,0.5,D8,clustering,0.05,10,0.19771094649141746,0.0028435487551056638,0.3957000521700551,9
R2,N2Vp0_5q0_5,N2V,0.5,0.5,D8,clustering,0.1,10,0.19771094649141746,0.0028435487551056638,0.3957000521700551,7
R2,N2Vp0_5q0_5,N2V,0.5,0.5,D8,H_norm,0.05,10,0.23213130656330422,0.0014582479643508752,0.1961623851230521,3
R2,N2Vp0_5q0_5,N2V,0.5,0.5,D8,H_norm,0.1,10,0.23213130656330422,0.0014582479643508752,0.1961623851230521,2
R2,N2Vp0_5q0_5,N2V,0.5,0.5,D8,k_max,0.05,10,15.9,0.9944289260117533,12.3,17
R2,N2Vp0_5q0_5,N2V,0.5,0.5,D8,k_max,0.1,10,15.9,0.9944289260117533,12.3,4
R2,N2Vp0_5q0_5,N2V,0.5,0.5,D8,k_gini,0.05,10,0.10852162020202023,0.001454016739854244,0.08973586353329203,5
R2,N2Vp0_5q0_5,N2V,0.5,0.5,D8,k_gini,0.1,10,0.10852162020202023,0.001454016739854244,0.08973586353329203,3
R2,N2Vp0_5q0_5,N2V,0.5,0.5,D8,modularity,0.05,10,0.8076834032241609,0.002137810206039285,0.057870172007180365,22
R2,N2Vp0_5q0_5,N2V,0.5,0.5,D8,modularity,0.1,10,0.8076834032241609,0.002137810206039285,0.057870172007180365,16
R2,N2Vp0_5q0_5,N2V,0.5,0.5,D8,n_communities,0.05,10,14.3,1.3374935098492586,8.000000000000002,28
R2,N2Vp0_5q0_5,N2V,0.5,0.5,D8,n_communities,0.1,10,14.3,1.3374935098492586,8.000000000000002,28
R2,N2Vp0_5q0_5,N2V,0.5,0.5,D8,assortativity,0.05,10,-0.029378171463272318,0.009074081785844288,0.6906213177388749,2
R2,N2Vp0_5q0_5,N2V,0.5,0.5,D8,assortativity,0.1,10,-0.029378171463272318,0.009074081785844288,0.6906213177388749,1
R2,N2Vp0_5q0_5,N2V,0.5,0.5,D8,dyn_len_mean,0.05,10,3.3806677900529016,0.04481449972241676,1.7655165766885246,20
R2,N2Vp0_5q0_5,N2V,0.5,0.5,D8,dyn_len_mean,0.1,10,3.3806677900529016,0.04481449972241676,1.7655165766885246,16
R2,N2Vp0_5q0_5,N2V,0.5,0.5,D8,frac_rewired,0.05,10,0.9587199999999999,0.0036747789049138713,0.97516,4
R2,N2Vp0_5q0_5,N2V,0.5,0.5,D8,frac_rewired,0.1,10,0.9587199999999999,0.0036747789049138713,0.97516,4
R2,N2Vp0_5q1,N2V,0.5,1.0,D16,diameter,0.05,10,30.2,0.6324555320336758,68.1,5
R2,N2Vp0_5q1,N2V,0.5,1.0,D16,diameter,0.1,10,30.2,0.6324555320336758,68.1,3
R2,N2Vp0_5q1,N2V,0.5,1.0,D16,aspl,0.05,10,12.20902543417367,0.10899855032756695,21.182506250500204,5
R2,N2Vp0_5q1,N2V,0.5,1.0,D16,aspl,0.1,10,12.20902543417367,0.10899855032756695,21.182506250500204,4
R2,N2Vp0_5q1,N2V,0.5,1.0,D16,efficiency,0.05,10,0.10909152802977524,0.0006234952408547582,0.06298305409734528,7
R2,N2Vp0_5q1,N2V,0.5,1.0,D16,efficiency,0.1,10,0.10909152802977524,0.0006234952408547582,0.06298305409734528,5
R2,N2Vp0_5q1,N2V,0.5,1.0,D16,clustering,0.05,10,0.2414606681096682,0.0019869815509468676,0.3973557760017792,6
R2,N2Vp0_5q1,N2V,0.5,1.0,D16,clustering,0.1,10,0.2414606681096682,0.0019869815509468676,0.3973557760017792,5
R2,N2Vp0_5q1,N2V,0.5,1.0,D16,H_norm,0.05,10,0.23044064301998707,0.0013909835761148094,0.19517423870048065,3
R2,N2Vp0_5q1,N2V,0.5,1.0,D16,H_norm,0.1,10,0.23044064301998707,0.0013909835761148094,0.19517423870048065,2
R2,N2Vp0_5q1,N2V,0.5,1.0,D16,k_max,0.05,10,15.3,0.674948557710553,12.100000000000001,15
R2,N2Vp0_5q1,N2V,0.5,1.0,D16,k_max,0.1,10,15.3,0.674948557710553,12.100000000000001,3
R2,N2Vp0_5q1,N2V,0.5,1.0,D16,k_gini,0.05,10,0.106580298989899,0.00112183484983845,0.08864579080601934,3
R2,N2Vp0_5q1,N2V,0.5,1.0,D16,k_gini,0.1,10,0.106580298989899,0.00112183484983845,0.08864579080601934,3
R2,N2Vp0_5q1,N2V,0.5,1.0,D16,modularity,0.05,10,0.8337461233547596,0.0026223917743673835,0.031776803733089776,9
R2,N2Vp0_5q1,N2V,0.5,1.0,D16,modularity,0.1,10,0.8337461233547596,0.0026223917743673835,0.031776803733089776,7
R2,N2Vp0_5q1,N2V,0.5,1.0,D16,n_communities,0.05,10,16.9,1.1972189997378646,5.300000000000001,30
R2,N2Vp0_5q1,N2V,0.5,1.0,D16,n_communities,0.1,10,16.9,1.1972189997378646,5.300000000000001,26
R2,N2Vp0_5q1,N2V,0.5,1.0,D16,assortativity,0.05,10,-0.03488141836089807,0.0028237766841022016,0.6922287705192093,2
R2,N2Vp0_5q1,N2V,0.5,1.0,D16,assortativity,0.1,10,-0.03488141836089807,0.0028237766841022016,0.6922287705192093,1
R2,N2Vp0_5q1,N2V,0.5,1.0,D16,dyn_len_mean,0.05,10,2.5005071461829216,0.004754692995966698,0.8937272827712954,9
R2,N2Vp0_5q1,N2V,0.5,1.0,D16,dyn_len_mean,0.1,10,2.5005071461829216,0.004754692995966698,0.8937272827712954,7
R2,N2Vp0_5q1,N2V,0.5,1.0,D16,frac_rewired,0.05,10,0.8755200000000001,0.006628691843460183,0.9284000000000001,5
R2,N2Vp0_5q1,N2V,0.5,1.0,D16,frac_rewired,0.1,10,0.8755200000000001,0.006628691843460183,0.9284000000000001,3
R2,N2Vp0_5q1,N2V,0.5,1.0,D2,diameter,0.05,10,15.7,0.9486832980505138,82.3,17
R2,N2Vp0_5q1,N2V,0.5,1.0,D2,diameter,0.1,10,15.7,0.9486832980505138,82.3,10
R2,N2Vp0_5q1,N2V,0.5,1.0,D2,aspl,0.05,10,7.344907979191677,0.15146380350757133,25.988425354141658,17
R2,N2Vp0_5q1,N2V,0.5,1.0,D2,aspl,0.1,10,7.344907979191677,0.15146380350757133,25.988425354141658,10
R2,N2Vp0_5q1,N2V,0.5,1.0,D2,efficiency,0.05,10,0.15933576016573664,0.002316839838523915,0.11285280836184033,25
R2,N2Vp0_5q1,N2V,0.5,1.0,D2,efficiency,0.1,10,0.15933576016573664,0.002316839838523915,0.11285280836184033,21
R2,N2Vp0_5q1,N2V,0.5,1.0,D2,clustering,0.05,10,0.18798648606948637,0.002596767752517249,0.397215189921193,12
R2,N2Vp0_5q1,N2V,0.5,1.0,D2,clustering,0.1,10,0.18798648606948637,0.002596767752517249,0.397215189921193,8
R2,N2Vp0_5q1,N2V,0.5,1.0,D2,H_norm,0.05,10,0.2316617913525762,0.0012749256877925242,0.19612694351301557,3
R2,N2Vp0_5q1,N2V,0.5,1.0,D2,H_norm,0.1,10,0.2316617913525762,0.0012749256877925242,0.19612694351301557,2
R2,N2Vp0_5q1,N2V,0.5,1.0,D2,k_max,0.05,10,15.2,0.7888106377466156,12.2,29
R2,N2Vp0_5q1,N2V,0.5,1.0,D2,k_max,0.1,10,15.2,0.7888106377466156,12.2,3
R2,N2Vp0_5q1,N2V,0.5,1.0,D2,k_gini,0.05,10,0.10802021010101008,0.0011518079465194435,0.08995752413935265,4
R2,N2Vp0_5q1,N2V,0.5,1.0,D2,k_gini,0.1,10,0.10802021010101008,0.0011518079465194435,0.08995752413935265,3
R2,N2Vp0_5q1,N2V,0.5,1.0,D2,modularity,0.05,10,0.7905610024487297,0.0031874367870343224,0.07516823084595481,27
R2,N2Vp0_5q1,N2V,0.5,1.0,D2,modularity,0.1,10,0.7905610024487297,0.0031874367870343224,0.07516823084595481,22
R2,N2Vp0_5q1,N2V,0.5,1.0,D2,n_communities,0.05,10,13.2,1.1352924243950935,8.400000000000002,27
R2,N2Vp0_5q1,N2V,0.5,1.0,D2,n_communities,0.1,10,13.2,1.1352924243950935,8.400000000000002,25
R2,N2Vp0_5q1,N2V,0.5,1.0,D2,assortativity,0.05,10,-0.02648846539958296,0.007522255840983234,0.6872619326621939,2
R2,N2Vp0_5q1,N2V,0.5,1.0,D2,assortativity,0.1,10,-0.02648846539958296,0.007522255840983234,0.6872619326621939,1
R2,N2Vp0_5q1,N2V,0.5,1.0,D2,dyn_len_mean,0.05,10,4.013255337754812,0.08677246533548198,2.3980807705101634,27
R2,N2Vp0_5q1,N2V,0.5,1.0,D2,dyn_len_mean,0.1,10,4.013255337754812,0.08677246533548198,2.3980807705101634,25
R2,N2Vp0_5q1,N2V,0.5,1.0,D2,frac_rewired,0.05,10,0.98124,0.002504751041077286,0.98232,4
R2,N2Vp0_5q1,N2V,0.5,1.0,D2,frac_rewired,0.1,10,0.98124,0.002504751041077286,0.98232,4
R2,N2Vp0_5q1,N2V,0.5,1.0,D4,diameter,0.05,10,15.9,0.5676462121975467,82.1,15
R2,N2Vp0_5q1,N2V,0.5,1.0,D4,diameter,0.1,10,15.9,0.5676462121975467,82.1,9
R2,N2Vp0_5q1,N2V,0.5,1.0,D4,aspl,0.05,10,7.462964065626251,0.11785355531795551,25.870369267707083,16
R2,N2Vp0_5q1,N2V,0.5,1.0,D4,aspl,0.1,10,7.462964065626251,0.11785355531795551,25.870369267707083,10
R2,N2Vp0_5q1,N2V,0.5,1.0,D4,efficiency,0.05,10,0.1576752501337087,0.001654261098335035,0.1111922983298124,24
R2,N2Vp0_5q1,N2V,0.5,1.0,D4,efficiency,0.1,10,0.1576752501337087,0.001654261098335035,0.1111922983298124,20
R2,N2Vp0_5q1,N2V,0.5,1.0,D4,clustering,0.05,10,0.18652933706163152,0.0029478981889894725,0.39689605217005525,12
R2,N2Vp0_5q1,N2V,0.5,1.0,D4,clustering,0.1,10,0.18652933706163152,0.0029478981889894725,0.39689605217005525,8
R2,N2Vp0_5q1,N2V,0.5,1.0,D4,H_norm,0.05,10,0.23107046953910104,0.00196572953936002,0.1962073146593428,3
R2,N2Vp0_5q1,N2V,0.5,1.0,D4,H_norm,0.1,10,0.23107046953910104,0.00196572953936002,0.1962073146593428,2
R2,N2Vp0_5q1,N2V,0.5,1.0,D4,k_max,0.05,10,15.6,1.0749676997731397,12.100000000000001,10
R2,N2Vp0_5q1,N2V,0.5,1.0,D4,k_max,0.1,10,15.6,1.0749676997731397,12.100000000000001,3
R2,N2Vp0_5q1,N2V,0.5,1.0,D4,k_gini,0.05,10,0.10743739393939396,0.0016514192796233957,0.08976407767470618,4
R2,N2Vp0_5q1,N2V,0.5,1.0,D4,k_gini,0.1,10,0.10743739393939396,0.0016514192796233957,0.08976407767470618,3
R2,N2Vp0_5q1,N2V,0.5,1.0,D4,modularity,0.05,10,0.7897838307315579,0.0029586719713196098,0.07467149542973839,27
R2,N2Vp0_5q1,N2V,0.5,1.0,D4,modularity,0.1,10,0.7897838307315579,0.0029586719713196098,0.07467149542973839,23
R2,N2Vp0_5q1,N2V,0.5,1.0,D4,n_communities,0.05,10,13.1,0.9944289260117531,8.500000000000002,30
R2,N2Vp0_5q1,N2V,0.5,1.0,D4,n_communities,0.1,10,13.1,0.9944289260117531,8.500000000000002,29
R2,N2Vp0_5q1,N2V,0.5,1.0,D4,assortativity,0.05,10,-0.030897760085355504,0.006925142551067232,0.6881961549512987,2
R2,N2Vp0_5q1,N2V,0.5,1.0,D4,assortativity,0.1,10,-0.030897760085355504,0.006925142551067232,0.6881961549512987,1
R2,N2Vp0_5q1,N2V,0.5,1.0,D4,dyn_len_mean,0.05,10,3.997170074733858,0.07141253184841029,2.381998576485267,27
R2,N2Vp0_5q1,N2V,0.5,1.0,D4,dyn_len_mean,0.1,10,3.997170074733858,0.07141253184841029,2.381998576485267,24
R2,N2Vp0_5q1,N2V,0.5,1.0,D4,frac_rewired,0.05,10,0.9799199999999999,0.003689263702511213,0.9815200000000001,4
R2,N2Vp0_5q1,N2V,0.5,1.0,D4,frac_rewired,0.1,10,0.9799199999999999,0.003689263702511213,0.9815200000000001,4
R2,N2Vp0_5q1,N2V,0.5,1.0,D8,diameter,0.05,10,20.6,0.5163977794943223,77.4,10
R2,N2Vp0_5q1,N2V,0.5,1.0,D8,diameter,0.1,10,20.6,0.5163977794943223,77.4,6
R2,N2Vp0_5q1,N2V,0.5,1.0,D8,aspl,0.05,10,8.889870124049619,0.06386824154455843,24.443463209283717,11
R2,N2Vp0_5q1,N2V,0.5,1.0,D8,aspl,0.1,10,8.889870124049619,0.06386824154455843,24.443463209283717,7
R2,N2Vp0_5q1,N2V,0.5,1.0,D8,efficiency,0.05,10,0.1389742590953516,0.0006263469903773654,0.0924913072914553,18
R2,N2Vp0_5q1,N2V,0.5,1.0,D8,efficiency,0.1,10,0.1389742590953516,0.0006263469903773654,0.0924913072914553,13
R2,N2Vp0_5q1,N2V,0.5,1.0,D8,clustering,0.05,10,0.19608002140343353,0.002965914169953232,0.39707528449328755,10
R2,N2Vp0_5q1,N2V,0.5,1.0,D8,clustering,0.1,10,0.19608002140343353,0.002965914169953232,0.39707528449328755,7
R2,N2Vp0_5q1,N2V,0.5,1.0,D8,H_norm,0.05,10,0.23214113156297933,0.0018218623252920026,0.19601288719965393,3
R2,N2Vp0_5q1,N2V,0.5,1.0,D8,H_norm,0.1,10,0.23214113156297933,0.0018218623252920026,0.19601288719965393,2
R2,N2Vp0_5q1,N2V,0.5,1.0,D8,k_max,0.05,10,16.1,0.9944289260117531,12.100000000000001,30
R2,N2Vp0_5q1,N2V,0.5,1.0,D8,k_max,0.1,10,16.1,0.9944289260117531,12.100000000000001,4
R2,N2Vp0_5q1,N2V,0.5,1.0,D8,k_gini,0.05,10,0.10838133737373738,0.00166004408692468,0.08968383525046379,4
R2,N2Vp0_5q1,N2V,0.5,1.0,D8,k_gini,0.1,10,0.10838133737373738,0.00166004408692468,0.08968383525046379,3
R2,N2Vp0_5q1,N2V,0.5,1.0,D8,modularity,0.05,10,0.807748972043669,0.0021585486139909407,0.05643918640580148,21
R2,N2Vp0_5q1,N2V,0.5,1.0,D8,modularity,0.1,10,0.807748972043669,0.0021585486139909407,0.05643918640580148,17
R2,N2Vp0_5q1,N2V,0.5,1.0,D8,n_communities,0.05,10,14.6,0.6992058987801011,7.500000000000002,30
R2,N2Vp0_5q1,N2V,0.5,1.0,D8,n_communities,0.1,10,14.6,0.6992058987801011,7.500000000000002,29
R2,N2Vp0_5q1,N2V,0.5,1.0,D8,assortativity,0.05,10,-0.028483285387583712,0.009716740886322229,0.6861261561557116,2
R2,N2Vp0_5q1,N2V,0.5,1.0,D8,assortativity,0.1,10,-0.028483285387583712,0.009716740886322229,0.6861261561557116,1
R2,N2Vp0_5q1,N2V,0.5,1.0,D8,dyn_len_mean,0.05,10,3.3803231755101564,0.03405445104401392,1.7626975529024613,21
R2,N2Vp0_5q1,N2V,0.5,1.0,D8,dyn_len_mean,0.1,10,3.3803231755101564,0.03405445104401392,1.7626975529024613,17
R2,N2Vp0_5q1,N2V,0.5,1.0,D8,frac_rewired,0.05,10,0.96364,0.003594811075239776,0.97508,4
R2,N2Vp0_5q1,N2V,0.5,1.0,D8,frac_rewired,0.1,10,0.96364,0.003594811075239776,0.97508,4
R2,N2Vp0_5q2,N2V,0.5,2.0,D16,diameter,0.05,10,30.6,0.6992058987801012,68.3,5
R2,N2Vp0_5q2,N2V,0.5,2.0,D16,diameter,0.1,10,30.6,0.6992058987801012,68.3,3
R2,N2Vp0_5q2,N2V,0.5,2.0,D16,aspl,0.05,10,12.302688051220489,0.11183138722774481,21.14382405762305,5
R2,N2Vp0_5q2,N2V,0.5,2.0,D16,aspl,0.1,10,12.302688051220489,0.11183138722774481,21.14382405762305,4
R2,N2Vp0_5q2,N2V,0.5,2.0,D16,efficiency,0.05,10,0.1083716949540835,0.000665746011073325,0.06257091694664893,7
R2,N2Vp0_5q2,N2V,0.5,2.0,D16,efficiency,0.1,10,0.1083716949540835,0.000665746011073325,0.06257091694664893,5
R2,N2Vp0_5q2,N2V,0.5,2.0,D16,clustering,0.05,10,0.24518515218115225,0.0025287880458969595,0.4006092924852952,6
R2,N2Vp0_5q2,N2V,0.5,2.0,D16,clustering,0.1,10,0.24518515218115225,0.0025287880458969595,0.4006092924852952,5
R2,N2Vp0_5q2,N2V,0.5,2.0,D16,H_norm,0.05,10,0.23078479656056367,0.0012563008694616675,0.1951898088960477,3
R2,N2Vp0_5q2,N2V,0.5,2.0,D16,H_norm,0.1,10,0.23078479656056367,0.0012563008694616675,0.1951898088960477,2
R2,N2Vp0_5q2,N2V,0.5,2.0,D16,k_max,0.05,10,14.8,0.6324555320336758,11.6,26
R2,N2Vp0_5q2,N2V,0.5,2.0,D16,k_max,0.1,10,14.8,0.6324555320336758,11.6,3
R2,N2Vp0_5q2,N2V,0.5,2.0,D16,k_gini,0.05,10,0.10709505050505048,0.0012682500869077731,0.08878687363430213,4
R2,N2Vp0_5q2,N2V,0.5,2.0,D16,k_gini,0.1,10,0.10709505050505048,0.0012682500869077731,0.08878687363430213,3
R2,N2Vp0_5q2,N2V,0.5,2.0,D16,modularity,0.05,10,0.8350846163656769,0.003254646770228499,0.02973460246077353,7
R2,N2Vp0_5q2,N2V,0.5,2.0,D16,modularity,0.1,10,0.8350846163656769,0.003254646770228499,0.02973460246077353,6
R2,N2Vp0_5q2,N2V,0.5,2.0,D16,n_communities,0.05,10,16.9,1.286683937707919,4.900000000000002,28
R2,N2Vp0_5q2,N2V,0.5,2.0,D16,n_communities,0.1,10,16.9,1.286683937707919,4.900000000000002,28
R2,N2Vp0_5q2,N2V,0.5,2.0,D16,assortativity,0.05,10,-0.035550000268815704,0.008022743573743928,0.6870769463927465,2
R2,N2Vp0_5q2,N2V,0.5,2.0,D16,assortativity,0.1,10,-0.035550000268815704,0.008022743573743928,0.6870769463927465,1
R2,N2Vp0_5q2,N2V,0.5,2.0,D16,dyn_len_mean,0.05,10,2.486755964642222,0.011838366075586129,0.8784910856771,10
R2,N2Vp0_5q2,N2V,0.5,2.0,D16,dyn_len_mean,0.1,10,2.486755964642222,0.011838366075586129,0.8784910856771,7
R2,N2Vp0_5q2,N2V,0.5,2.0,D16,frac_rewired,0.05,10,0.8772399999999999,0.0062551667532617745,0.92852,5
R2,N2Vp0_5q2,N2V,0.5,2.0,D16,frac_rewired,0.1,10,0.8772399999999999,0.0062551667532617745,0.92852,3
R2,N2Vp0_5q2,N2V,0.5,2.0,D2,diameter,0.05,10,16.1,1.1005049346146119,81.9,16
R2,N2Vp0_5q2,N2V,0.5,2.0,D2,diameter,0.1,10,16.1,1.1005049346146119,81.9,10
R2,N2Vp0_5q2,N2V,0.5,2.0,D2,aspl,0.05,10,7.513790092036816,0.1691557910363453,25.819543241296522,16
R2,N2Vp0_5q2,N2V,0.5,2.0,D2,aspl,0.1,10,7.513790092036816,0.1691557910363453,25.819543241296522,10
R2,N2Vp0_5q2,N2V,0.5,2.0,D2,efficiency,0.05,10,0.15665092012204118,0.0024822745521479762,0.11016796831814488,25
R2,N2Vp0_5q2,N2V,0.5,2.0,D2,efficiency,0.1,10,0.15665092012204118,0.0024822745521479762,0.11016796831814488,20
R2,N2Vp0_5q2,N2V,0.5,2.0,D2,clustering,0.05,10,0.19103704473304495,0.002296144668751883,0.3992693875013905,12
R2,N2Vp0_5q2,N2V,0.5,2.0,D2,clustering,0.1,10,0.19103704473304495,0.002296144668751883,0.3992693875013905,8
R2,N2Vp0_5q2,N2V,0.5,2.0,D2,H_norm,0.05,10,0.23136086925679597,0.0009125253484815366,0.19638502753071962,3
R2,N2Vp0_5q2,N2V,0.5,2.0,D2,H_norm,0.1,10,0.23136086925679597,0.0009125253484815366,0.19638502753071962,2
R2,N2Vp0_5q2,N2V,0.5,2.0,D2,k_max,0.05,10,15.4,0.5163977794943224,12.5,27
R2,N2Vp0_5q2,N2V,0.5,2.0,D2,k_max,0.1,10,15.4,0.5163977794943224,12.5,3
R2,N2Vp0_5q2,N2V,0.5,2.0,D2,k_gini,0.05,10,0.10774367676767675,0.0011739475015272636,0.09039012211915061,4
R2,N2Vp0_5q2,N2V,0.5,2.0,D2,k_gini,0.1,10,0.10774367676767675,0.0011739475015272636,0.09039012211915061,3
R2,N2Vp0_5q2,N2V,0.5,2.0,D2,modularity,0.05,10,0.7931020079583716,0.003785241642657781,0.07130850882128548,27
R2,N2Vp0_5q2,N2V,0.5,2.0,D2,modularity,0.1,10,0.7931020079583716,0.003785241642657781,0.07130850882128548,23
R2,N2Vp0_5q2,N2V,0.5,2.0,D2,n_communities,0.05,10,13.9,1.1972189997378648,8.000000000000002,28
R2,N2Vp0_5q2,N2V,0.5,2.0,D2,n_communities,0.1,10,13.9,1.1972189997378648,8.000000000000002,19
R2,N2Vp0_5q2,N2V,0.5,2.0,D2,assortativity,0.05,10,-0.02792434592140003,0.0053826858677495275,0.6898873515117834,2
R2,N2Vp0_5q2,N2V,0.5,2.0,D2,assortativity,0.1,10,-0.02792434592140003,0.0053826858677495275,0.6898873515117834,1
R2,N2Vp0_5q2,N2V,0.5,2.0,D2,dyn_len_mean,0.05,10,3.9008569735928864,0.08359370760314734,2.2827175102334696,28
R2,N2Vp0_5q2,N2V,0.5,2.0,D2,dyn_len_mean,0.1,10,3.9008569735928864,0.08359370760314734,2.2827175102334696,24
R2,N2Vp0_5q2,N2V,0.5,2.0,D2,frac_rewired,0.05,10,0.98024,0.0020844397062253785,0.98084,4
R2,N2Vp0_5q2,N2V,0.5,2.0,D2,frac_rewired,0.1,10,0.98024,0.0020844397062253785,0.98084,4
R2,N2Vp0_5q2,N2V,0.5,2.0,D4,diameter,0.05,10,16.5,0.7071067811865474,81.5,15
R2,N2Vp0_5q2,N2V,0.5,2.0,D4,diameter,0.1,10,16.5,0.7071067811865474,81.5,9
R2,N2Vp0_5q2,N2V,0.5,2.0,D4,aspl,0.05,10,7.589888947579031,0.12116830576002505,25.743444385754305,16
R2,N2Vp0_5q2,N2V,0.5,2.0,D4,aspl,0.1,10,7.589888947579031,0.12116830576002505,25.743444385754305,10
R2,N2Vp0_5q2,N2V,0.5,2.0,D4,efficiency,0.05,10,0.15562068480321417,0.0017392213106919344,0.10913773299931787,24
R2,N2Vp0_5q2,N2V,0.5,2.0,D4,efficiency,0.1,10,0.15562068480321417,0.0017392213106919344,0.10913773299931787,20
R2,N2Vp0_5q2,N2V,0.5,2.0,D4,clustering,0.05,10,0.19156415459050796,0.0016462300044700821,0.4003232272172301,12
R2,N2Vp0_5q2,N2V,0.5,2.0,D4,clustering,0.1,10,0.19156415459050796,0.0016462300044700821,0.4003232272172301,8
R2,N2Vp0_5q2,N2V,0.5,2.0,D4,H_norm,0.05,10,0.23225836215128157,0.0016897418529752948,0.19613011778795617,3
R2,N2Vp0_5q2,N2V,0.5,2.0,D4,H_norm,0.1,10,0.23225836215128157,0.0016897418529752948,0.19613011778795617,2
R2,N2Vp0_5q2,N2V,0.5,2.0,D4,k_max,0.05,10,15.8,0.6324555320336762,12.2,15
R2,N2Vp0_5q2,N2V,0.5,2.0,D4,k_max,0.1,10,15.8,0.6324555320336762,12.2,3
R2,N2Vp0_5q2,N2V,0.5,2.0,D4,k_gini,0.05,10,0.10860497373737373,0.0018770451372947443,0.08976546353329203,4
R2,N2Vp0_5q2,N2V,0.5,2.0,D4,k_gini,0.1,10,0.10860497373737373,0.0018770451372947443,0.08976546353329203,3
R2,N2Vp0_5q2,N2V,0.5,2.0,D4,modularity,0.05,10,0.7926260973370065,0.004051166179472822,0.07148374326040974,26
R2,N2Vp0_5q2,N2V,0.5,2.0,D4,modularity,0.1,10,0.7926260973370065,0.004051166179472822,0.07148374326040974,24
R2,N2Vp0_5q2,N2V,0.5,2.0,D4,n_communities,0.05,10,14.8,0.9189365834726818,8.200000000000001,30
R2,N2Vp0_5q2,N2V,0.5,2.0,D4,n_communities,0.1,10,14.8,0.9189365834726818,8.200000000000001,30
R2,N2Vp0_5q2,N2V,0.5,2.0,D4,assortativity,0.05,10,-0.03016225354847305,0.007831605572335532,0.6871161886917448,2
R2,N2Vp0_5q2,N2V,0.5,2.0,D4,assortativity,0.1,10,-0.03016225354847305,0.007831605572335532,0.6871161886917448,1
R2,N2Vp0_5q2,N2V,0.5,2.0,D4,dyn_len_mean,0.05,10,3.8614710279494786,0.05582642009228306,2.2459026534680735,26
R2,N2Vp0_5q2,N2V,0.5,2.0,D4,dyn_len_mean,0.1,10,3.8614710279494786,0.05582642009228306,2.2459026534680735,23
R2,N2Vp0_5q2,N2V,0.5,2.0,D4,frac_rewired,0.05,10,0.9796400000000001,0.002358530616012142,0.98112,4
R2,N2Vp0_5q2,N2V,0.5,2.0,D4,frac_rewired,0.1,10,0.9796400000000001,0.002358530616012142,0.98112,4
R2,N2Vp0_5q2,N2V,0.5,2.0,D8,diameter,0.05,10,20.6,0.9660917830792961,77.4,10
R2,N2Vp0_5q2,N2V,0.5,2.0,D8,diameter,0.1,10,20.6,0.9660917830792961,77.4,7
R2,N2Vp0_5q2,N2V,0.5,2.0,D8,aspl,0.05,10,8.953014485794318,0.1277788818239951,24.382991628651464,10
R2,N2Vp0_5q2,N2V,0.5,2.0,D8,aspl,0.1,10,8.953014485794318,0.1277788818239951,24.382991628651464,7
R2,N2Vp0_5q2,N2V,0.5,2.0,D8,efficiency,0.05,10,0.13813159115562684,0.0012960521174828893,0.0917038823122405,16
R2,N2Vp0_5q2,N2V,0.5,2.0,D8,efficiency,0.1,10,0.13813159115562684,0.0012960521174828893,0.0917038823122405,12
R2,N2Vp0_5q2,N2V,0.5,2.0,D8,clustering,0.05,10,0.20063291045555798,0.003188757365123198,0.3988950479520509,10
R2,N2Vp0_5q2,N2V,0.5,2.0,D8,clustering,0.1,10,0.20063291045555798,0.003188757365123198,0.3988950479520509,7
R2,N2Vp0_5q2,N2V,0.5,2.0,D8,H_norm,0.05,10,0.23188375613801243,0.0022144781011516805,0.1961361549366161,3
R2,N2Vp0_5q2,N2V,0.5,2.0,D8,H_norm,0.1,10,0.23188375613801243,0.0022144781011516805,0.1961361549366161,2
R2,N2Vp0_5q2,N2V,0.5,2.0,D8,k_max,0.05,10,15.5,0.7071067811865478,12.2,14
R2,N2Vp0_5q2,N2V,0.5,2.0,D8,k_max,0.1,10,15.5,0.7071067811865478,12.2,3
R2,N2Vp0_5q2,N2V,0.5,2.0,D8,k_gini,0.05,10,0.10817983030303033,0.002218087661096833,0.08965802514945367,4
R2,N2Vp0_5q2,N2V,0.5,2.0,D8,k_gini,0.1,10,0.10817983030303033,0.002218087661096833,0.08965802514945367,3
R2,N2Vp0_5q2,N2V,0.5,2.0,D8,modularity,0.05,10,0.8083297602285482,0.002613018349017024,0.05727555801514228,20
R2,N2Vp0_5q2,N2V,0.5,2.0,D8,modularity,0.1,10,0.8083297602285482,0.002613018349017024,0.05727555801514228,15
R2,N2Vp0_5q2,N2V,0.5,2.0,D8,n_communities,0.05,10,15.0,0.9428090415820632,7.699999999999999,30
R2,N2Vp0_5q2,N2V,0.5,2.0,D8,n_communities,0.1,10,15.0,0.9428090415820632,7.699999999999999,30
R2,N2Vp0_5q2,N2V,0.5,2.0,D8,assortativity,0.05,10,-0.03141685924756828,0.008580336595881843,0.6882001865408048,2
R2,N2Vp0_5q2,N2V,0.5,2.0,D8,assortativity,0.1,10,-0.03141685924756828,0.008580336595881843,0.6882001865408048,1
R2,N2Vp0_5q2,N2V,0.5,2.0,D8,dyn_len_mean,0.05,10,3.3318825071387694,0.03717391672022325,1.7156283920223858,20
R2,N2Vp0_5q2,N2V,0.5,2.0,D8,dyn_len_mean,0.1,10,3.3318825071387694,0.03717391672022325,1.7156283920223858,16
R2,N2Vp0_5q2,N2V,0.5,2.0,D8,frac_rewired,0.05,10,0.9603999999999999,0.003946306289852999,0.9744400000000001,4
R2,N2Vp0_5q2,N2V,0.5,2.0,D8,frac_rewired,0.1,10,0.9603999999999999,0.003946306289852999,0.9744400000000001,4
R2,N2Vp1q0_25,N2V,1.0,0.25,D16,diameter,0.05,10,30.2,0.6324555320336759,68.0,5
R2,N2Vp1q0_25,N2V,1.0,0.25,D16,diameter,0.1,10,30.2,0.6324555320336759,68.0,3
R2,N2Vp1q0_25,N2V,1.0,0.25,D16,aspl,0.05,10,12.264185354141656,0.12246267153965128,21.127184505802322,5
R2,N2Vp1q0_25,N2V,1.0,0.25,D16,aspl,0.1,10,12.264185354141656,0.12246267153965128,21.127184505802322,4
R2,N2Vp1q0_25,N2V,1.0,0.25,D16,efficiency,0.05,10,0.10871822156582434,0.0008195857023496138,0.06257720017382029,7
R2,N2Vp1q0_25,N2V,1.0,0.25,D16,efficiency,0.1,10,0.10871822156582434,0.0008195857023496138,0.06257720017382029,5
R2,N2Vp1q0_25,N2V,1.0,0.25,D16,clustering,0.05,10,0.24225078556737398,0.0025753680814045703,0.396405220779224,6
R2,N2Vp1q0_25,N2V,1.0,0.25,D16,clustering,0.1,10,0.24225078556737398,0.0025753680814045703,0.396405220779224,5
R2,N2Vp1q0_25,N2V,1.0,0.25,D16,H_norm,0.05,10,0.22971519419523395,0.0019201760220726367,0.19527890114366572,3
R2,N2Vp1q0_25,N2V,1.0,0.25,D16,H_norm,0.1,10,0.22971519419523395,0.0019201760220726367,0.19527890114366572,2
R2,N2Vp1q0_25,N2V,1.0,0.25,D16,k_max,0.05,10,15.1,1.1005049346146116,12.7,27
R2,N2Vp1q0_25,N2V,1.0,0.25,D16,k_max,0.1,10,15.1,1.1005049346146116,12.7,27
R2,N2Vp1q0_25,N2V,1.0,0.25,D16,k_gini,0.05,10,0.10610068686868683,0.0015591100524144324,0.0885624776747062,3
R2,N2Vp1q0_25,N2V,1.0,0.25,D16,k_gini,0.1,10,0.10610068686868683,0.0015591100524144324,0.0885624776747062,3
R2,N2Vp1q0_25,N2V,1.0,0.25,D16,modularity,0.05,10,0.8339139546985003,0.002250896857255957,0.032091252705187534,10
R2,N2Vp1q0_25,N2V,1.0,0.25,D16,modularity,0.1,10,0.8339139546985003,0.002250896857255957,0.032091252705187534,7
R2,N2Vp1q0_25,N2V,1.0,0.25,D16,n_communities,0.05,10,17.4,0.9660917830792959,5.200000000000003,30
R2,N2Vp1q0_25,N2V,1.0,0.25,D16,n_communities,0.1,10,17.4,0.9660917830792959,5.200000000000003,18
R2,N2Vp1q0_25,N2V,1.0,0.25,D16,assortativity,0.05,10,-0.038975508892690316,0.007948015752319782,0.6909975500934471,2
R2,N2Vp1q0_25,N2V,1.0,0.25,D16,assortativity,0.1,10,-0.038975508892690316,0.007948015752319782,0.6909975500934471,1
R2,N2Vp1q0_25,N2V,1.0,0.25,D16,dyn_len_mean,0.05,10,2.492676105309147,0.009408970180317973,0.8834164949237593,9
R2,N2Vp1q0_25,N2V,1.0,0.25,D16,dyn_len_mean,0.1,10,2.492676105309147,0.009408970180317973,0.8834164949237593,7
R2,N2Vp1q0_25,N2V,1.0,0.25,D16,frac_rewired,0.05,10,0.8799199999999999,0.006273188096087102,0.9284000000000001,5
R2,N2Vp1q0_25,N2V,1.0,0.25,D16,frac_rewired,0.1,10,0.8799199999999999,0.006273188096087102,0.9284000000000001,3
R2,N2Vp1q0_25,N2V,1.0,0.25,D2,diameter,0.05,10,16.0,0.6666666666666666,82.0,18
R2,N2Vp1q0_25,N2V,1.0,0.25,D2,diameter,0.1,10,16.0,0.6666666666666666,82.0,10
R2,N2Vp1q0_25,N2V,1.0,0.25,D2,aspl,0.05,10,7.397245074029611,0.1608543935706776,25.936088259303723,17
R2,N2Vp1q0_25,N2V,1.0,0.25,D2,aspl,0.1,10,7.397245074029611,0.1608543935706776,25.936088259303723,10
R2,N2Vp1q0_25,N2V,1.0,0.25,D2,efficiency,0.05,10,0.15845386124182156,0.002326711456020951,0.11197090943792526,24
R2,N2Vp1q0_25,N2V,1.0,0.25,D2,efficiency,0.1,10,0.15845386124182156,0.002326711456020951,0.11197090943792526,20
R2,N2Vp1q0_25,N2V,1.0,0.25,D2,clustering,0.05,10,0.18911881163281194,0.00284138990440554,0.39628607703408003,11
R2,N2Vp1q0_25,N2V,1.0,0.25,D2,clustering,0.1,10,0.18911881163281194,0.00284138990440554,0.39628607703408003,8
R2,N2Vp1q0_25,N2V,1.0,0.25,D2,H_norm,0.05,10,0.2316799277544186,0.001567031178837545,0.19628016600156936,3
R2,N2Vp1q0_25,N2V,1.0,0.25,D2,H_norm,0.1,10,0.2316799277544186,0.001567031178837545,0.19628016600156936,2
R2,N2Vp1q0_25,N2V,1.0,0.25,D2,k_max,0.05,10,15.6,0.5163977794943223,12.0,6
R2,N2Vp1q0_25,N2V,1.0,0.25,D2,k_max,0.1,10,15.6,0.5163977794943223,12.0,3
R2,N2Vp1q0_25,N2V,1.0,0.25,D2,k_gini,0.05,10,0.10824042020202022,0.0015799424217381832,0.09017092615955469,5
R2,N2Vp1q0_25,N2V,1.0,0.25,D2,k_gini,0.1,10,0.10824042020202022,0.0015799424217381832,0.09017092615955469,3
R2,N2Vp1q0_25,N2V,1.0,0.25,D2,modularity,0.05,10,0.7888357320681563,0.004851210249571767,0.07610528657334148,27
R2,N2Vp1q0_25,N2V,1.0,0.25,D2,modularity,0.1,10,0.7888357320681563,0.004851210249571767,0.07610528657334148,23
R2,N2Vp1q0_25,N2V,1.0,0.25,D2,n_communities,0.05,10,14.0,0.9428090415820636,8.3,30
R2,N2Vp1q0_25,N2V,1.0,0.25,D2,n_communities,0.1,10,14.0,0.9428090415820636,8.3,15
R2,N2Vp1q0_25,N2V,1.0,0.25,D2,assortativity,0.05,10,-0.03085379175249406,0.008994014621568116,0.6887744885744603,2
R2,N2Vp1q0_25,N2V,1.0,0.25,D2,assortativity,0.1,10,-0.03085379175249406,0.008994014621568116,0.6887744885744603,1
R2,N2Vp1q0_25,N2V,1.0,0.25,D2,dyn_len_mean,0.05,10,3.973477954403556,0.07935125911178643,2.357531200626238,27
R2,N2Vp1q0_25,N2V,1.0,0.25,D2,dyn_len_mean,0.1,10,3.973477954403556,0.07935125911178643,2.357531200626238,23
R2,N2Vp1q0_25,N2V,1.0,0.25,D2,frac_rewired,0.05,10,0.98148,0.001828660712106026,0.98164,4
R2,N2Vp1q0_25,N2V,1.0,0.25,D2,frac_rewired,0.1,10,0.98148,0.001828660712106026,0.98164,4
R2,N2Vp1q0_25,N2V,1.0,0.25,D4,diameter,0.05,10,16.3,0.4830458915396479,81.7,15
R2,N2Vp1q0_25,N2V,1.0,0.25,D4,diameter,0.1,10,16.3,0.4830458915396479,81.7,10
R2,N2Vp1q0_25,N2V,1.0,0.25,D4,aspl,0.05,10,7.512164257703081,0.1460344649274231,25.821169075630255,15
R2,N2Vp1q0_25,N2V,1.0,0.25,D4,aspl,0.1,10,7.512164257703081,0.1460344649274231,25.821169075630255,10
R2,N2Vp1q0_25,N2V,1.0,0.25,D4,efficiency,0.05,10,0.15677371402485626,0.0022279499357102392,0.11029076222095996,23
R2,N2Vp1q0_25,N2V,1.0,0.25,D4,efficiency,0.1,10,0.15677371402485626,0.0022279499357102392,0.11029076222095996,18
R2,N2Vp1q0_25,N2V,1.0,0.25,D4,clustering,0.05,10,0.19226266192630947,0.0020097456711935698,0.39525597247197536,11
R2,N2Vp1q0_25,N2V,1.0,0.25,D4,clustering,0.1,10,0.19226266192630947,0.0020097456711935698,0.39525597247197536,8
R2,N2Vp1q0_25,N2V,1.0,0.25,D4,H_norm,0.05,10,0.23139280386004168,0.001195348072243988,0.19594008114368602,3
R2,N2Vp1q0_25,N2V,1.0,0.25,D4,H_norm,0.1,10,0.23139280386004168,0.001195348072243988,0.19594008114368602,2
R2,N2Vp1q0_25,N2V,1.0,0.25,D4,k_max,0.05,10,15.5,0.7071067811865476,12.3,26
R2,N2Vp1q0_25,N2V,1.0,0.25,D4,k_max,0.1,10,15.5,0.7071067811865476,12.3,3
R2,N2Vp1q0_25,N2V,1.0,0.25,D4,k_gini,0.05,10,0.10803363636363641,0.0011484011747220288,0.08993036454339305,4
R2,N2Vp1q0_25,N2V,1.0,0.25,D4,k_gini,0.1,10,0.10803363636363641,0.0011484011747220288,0.08993036454339305,3
R2,N2Vp1q0_25,N2V,1.0,0.25,D4,modularity,0.05,10,0.7924019870421386,0.004317741115581031,0.07257884475447018,24
R2,N2Vp1q0_25,N2V,1.0,0.25,D4,modularity,0.1,10,0.7924019870421386,0.004317741115581031,0.07257884475447018,21
R2,N2Vp1q0_25,N2V,1.0,0.25,D4,n_communities,0.05,10,14.0,0.9428090415820634,7.9,28
R2,N2Vp1q0_25,N2V,1.0,0.25,D4,n_communities,0.1,10,14.0,0.9428090415820634,7.9,15
R2,N2Vp1q0_25,N2V,1.0,0.25,D4,assortativity,0.05,10,-0.030697813891837972,0.010799393813184335,0.6895893255304324,2
R2,N2Vp1q0_25,N2V,1.0,0.25,D4,assortativity,0.1,10,-0.030697813891837972,0.010799393813184335,0.6895893255304324,1
R2,N2Vp1q0_25,N2V,1.0,0.25,D4,dyn_len_mean,0.05,10,3.90547971212661,0.08093430895733066,2.2861415529377638,25
R2,N2Vp1q0_25,N2V,1.0,0.25,D4,dyn_len_mean,0.1,10,3.90547971212661,0.08093430895733066,2.2861415529377638,22
R2,N2Vp1q0_25,N2V,1.0,0.25,D4,frac_rewired,0.05,10,0.97904,0.002459990966559748,0.9812,4
R2,N2Vp1q0_25,N2V,1.0,0.25,D4,frac_rewired,0.1,10,0.97904,0.002459990966559748,0.9812,4
R2,N2Vp1q0_25,N2V,1.0,0.25,D8,diameter,0.05,10,20.7,0.6749485577105524,77.6,10
R2,N2Vp1q0_25,N2V,1.0,0.25,D8,diameter,0.1,10,20.7,0.6749485577105524,77.6,6
R2,N2Vp1q0_25,N2V,1.0,0.25,D8,aspl,0.05,10,8.95193318927571,0.09200110460016923,24.428253221288518,10
R2,N2Vp1q0_25,N2V,1.0,0.25,D8,aspl,0.1,10,8.95193318927571,0.09200110460016923,24.428253221288518,7
R2,N2Vp1q0_25,N2V,1.0,0.25,D8,efficiency,0.05,10,0.1382600397347272,0.0009658714764492262,0.09227228421599998,16
R2,N2Vp1q0_25,N2V,1.0,0.25,D8,efficiency,0.1,10,0.1382600397347272,0.0009658714764492262,0.09227228421599998,12
R2,N2Vp1q0_25,N2V,1.0,0.25,D8,clustering,0.05,10,0.19781974373339117,0.0035781892214717327,0.39702397979798293,10
R2,N2Vp1q0_25,N2V,1.0,0.25,D8,clustering,0.1,10,0.19781974373339117,0.0035781892214717327,0.39702397979798293,7
R2,N2Vp1q0_25,N2V,1.0,0.25,D8,H_norm,0.05,10,0.2321307909623637,0.0012654608289882753,0.19617154471692516,3
R2,N2Vp1q0_25,N2V,1.0,0.25,D8,H_norm,0.1,10,0.2321307909623637,0.0012654608289882753,0.19617154471692516,2
R2,N2Vp1q0_25,N2V,1.0,0.25,D8,k_max,0.05,10,16.3,1.4181364924121764,12.3,29
R2,N2Vp1q0_25,N2V,1.0,0.25,D8,k_max,0.1,10,16.3,1.4181364924121764,12.3,9
R2,N2Vp1q0_25,N2V,1.0,0.25,D8,k_gini,0.05,10,0.10855135353535357,0.001435564530159836,0.08984883323026176,4
R2,N2Vp1q0_25,N2V,1.0,0.25,D8,k_gini,0.1,10,0.10855135353535357,0.001435564530159836,0.08984883323026176,3
R2,N2Vp1q0_25,N2V,1.0,0.25,D8,modularity,0.05,10,0.8093493857769616,0.0023693686045037072,0.05738553196848861,16
R2,N2Vp1q0_25,N2V,1.0,0.25,D8,modularity,0.1,10,0.8093493857769616,0.0023693686045037072,0.05738553196848861,14
R2,N2Vp1q0_25,N2V,1.0,0.25,D8,n_communities,0.05,10,14.7,0.6749485577105528,7.400000000000002,28
R2,N2Vp1q0_25,N2V,1.0,0.25,D8,n_communities,0.1,10,14.7,0.6749485577105528,7.400000000000002,14
R2,N2Vp1q0_25,N2V,1.0,0.25,D8,assortativity,0.05,10,-0.03092597545913031,0.005841123726621743,0.6882874198924432,2
R2,N2Vp1q0_25,N2V,1.0,0.25,D8,assortativity,0.1,10,-0.03092597545913031,0.005841123726621743,0.6882874198924432,1
R2,N2Vp1q0_25,N2V,1.0,0.25,D8,dyn_len_mean,0.05,10,3.3648987417391054,0.030866032577113692,1.7567629345932128,19
R2,N2Vp1q0_25,N2V,1.0,0.25,D8,dyn_len_mean,0.1,10,3.3648987417391054,0.030866032577113692,1.7567629345932128,16
R2,N2Vp1q0_25,N2V,1.0,0.25,D8,frac_rewired,0.05,10,0.96304,0.004914197119910135,0.976,4
R2,N2Vp1q0_25,N2V,1.0,0.25,D8,frac_rewired,0.1,10,0.96304,0.004914197119910135,0.976,4
R2,N2Vp1q0_5,N2V,1.0,0.5,D16,diameter,0.05,10,30.3,0.6749485577105527,68.1,5
R2,N2Vp1q0_5,N2V,1.0,0.5,D16,diameter,0.1,10,30.3,0.6749485577105527,68.1,3
R2,N2Vp1q0_5,N2V,1.0,0.5,D16,aspl,0.05,10,12.155875822328932,0.09397343916037107,21.177457511004405,5
R2,N2Vp1q0_5,N2V,1.0,0.5,D16,aspl,0.1,10,12.155875822328932,0.09397343916037107,21.177457511004405,4
R2,N2Vp1q0_5,N2V,1.0,0.5,D16,efficiency,0.05,10,0.10936681639733441,0.0005904615035486907,0.06288386459343812,7
R2,N2Vp1q0_5,N2V,1.0,0.5,D16,efficiency,0.1,10,0.10936681639733441,0.0005904615035486907,0.06288386459343812,5
R2,N2Vp1q0_5,N2V,1.0,0.5,D16,clustering,0.05,10,0.24127809146409143,0.0028510183034487642,0.3962180281940312,6
R2,N2Vp1q0_5,N2V,1.0,0.5,D16,clustering,0.1,10,0.24127809146409143,0.0028510183034487642,0.3962180281940312,5
R2,N2Vp1q0_5,N2V,1.0,0.5,D16,H_norm,0.05,10,0.23102183404299087,0.0016692613456538684,0.1953188951793033,3
R2,N2Vp1q0_5,N2V,1.0,0.5,D16,H_norm,0.1,10,0.23102183404299087,0.0016692613456538684,0.1953188951793033,2
R2,N2Vp1q0_5,N2V,1.0,0.5,D16,k_max,0.05,10,14.9,0.875595035770913,11.8,30
R2,N2Vp1q0_5,N2V,1.0,0.5,D16,k_max,0.1,10,14.9,0.875595035770913,11.8,3
R2,N2Vp1q0_5,N2V,1.0,0.5,D16,k_gini,0.05,10,0.10711641616161618,0.001313329157717702,0.0885715483817769,4
R2,N2Vp1q0_5,N2V,1.0,0.5,D16,k_gini,0.1,10,0.10711641616161618,0.001313329157717702,0.0885715483817769,3
R2,N2Vp1q0_5,N2V,1.0,0.5,D16,modularity,0.05,10,0.8344818401183552,0.0026931603228569755,0.031372674779723275,30
R2,N2Vp1q0_5,N2V,1.0,0.5,D16,modularity,0.1,10,0.8344818401183552,0.0026931603228569755,0.031372674779723275,6
R2,N2Vp1q0_5,N2V,1.0,0.5,D16,n_communities,0.05,10,17.3,1.0593499054713802,5.400000000000002,25
R2,N2Vp1q0_5,N2V,1.0,0.5,D16,n_communities,0.1,10,17.3,1.0593499054713802,5.400000000000002,21
R2,N2Vp1q0_5,N2V,1.0,0.5,D16,assortativity,0.05,10,-0.03494169152305724,0.006588306335263991,0.6908016677444091,2
R2,N2Vp1q0_5,N2V,1.0,0.5,D16,assortativity,0.1,10,-0.03494169152305724,0.006588306335263991,0.6908016677444091,1
R2,N2Vp1q0_5,N2V,1.0,0.5,D16,dyn_len_mean,0.05,10,2.5037082716325565,0.015322391403607158,0.8878073109216522,9
R2,N2Vp1q0_5,N2V,1.0,0.5,D16,dyn_len_mean,0.1,10,2.5037082716325565,0.015322391403607158,0.8878073109216522,7
R2,N2Vp1q0_5,N2V,1.0,0.5,D16,frac_rewired,0.05,10,0.8762800000000001,0.006693413014133966,0.92724,5
R2,N2Vp1q0_5,N2V,1.0,0.5,D16,frac_rewired,0.1,10,0.8762800000000001,0.006693413014133966,0.92724,3
R2,N2Vp1q0_5,N2V,1.0,0.5,D2,diameter,0.05,10,16.1,0.875595035770913,82.1,15
R2,N2Vp1q0_5,N2V,1.0,0.5,D2,diameter,0.1,10,16.1,0.875595035770913,82.1,9
R2,N2Vp1q0_5,N2V,1.0,0.5,D2,aspl,0.05,10,7.3588266346538616,0.10622253449724588,25.974506698679473,16
R2,N2Vp1q0_5,N2V,1.0,0.5,D2,aspl,0.1,10,7.3588266346538616,0.10622253449724588,25.974506698679473,10
R2,N2Vp1q0_5,N2V,1.0,0.5,D2,efficiency,0.05,10,0.15921396796336337,0.0015575394000455322,0.11273101615946707,24
R2,N2Vp1q0_5,N2V,1.0,0.5,D2,efficiency,0.1,10,0.15921396796336337,0.0015575394000455322,0.11273101615946707,20
R2,N2Vp1q0_5,N2V,1.0,0.5,D2,clustering,0.05,10,0.18869214550808705,0.0038329262951898135,0.39580134909535203,11
R2,N2Vp1q0_5,N2V,1.0,0.5,D2,clustering,0.1,10,0.18869214550808705,0.0038329262951898135,0.39580134909535203,8
R2,N2Vp1q0_5,N2V,1.0,0.5,D2,H_norm,0.05,10,0.23203049926088143,0.001415967600337611,0.19590225489755603,3
R2,N2Vp1q0_5,N2V,1.0,0.5,D2,H_norm,0.1,10,0.23203049926088143,0.001415967600337611,0.19590225489755603,2
R2,N2Vp1q0_5,N2V,1.0,0.5,D2,k_max,0.05,10,15.8,0.7888106377466155,12.3,5
R2,N2Vp1q0_5,N2V,1.0,0.5,D2,k_max,0.1,10,15.8,0.7888106377466155,12.3,3
R2,N2Vp1q0_5,N2V,1.0,0.5,D2,k_gini,0.05,10,0.1086211515151515,0.0015401883006032195,0.08980305545248393,4
R2,N2Vp1q0_5,N2V,1.0,0.5,D2,k_gini,0.1,10,0.1086211515151515,0.0015401883006032195,0.08980305545248393,3
R2,N2Vp1q0_5,N2V,1.0,0.5,D2,modularity,0.05,10,0.7888945617794103,0.004744021809086708,0.0750505194528126,27
R2,N2Vp1q0_5,N2V,1.0,0.5,D2,modularity,0.1,10,0.7888945617794103,0.004744021809086708,0.0750505194528126,24
R2,N2Vp1q0_5,N2V,1.0,0.5,D2,n_communities,0.05,10,13.5,1.4337208778404378,8.3,30
R2,N2Vp1q0_5,N2V,1.0,0.5,D2,n_communities,0.1,10,13.5,1.4337208778404378,8.3,22
R2,N2Vp1q0_5,N2V,1.0,0.5,D2,assortativity,0.05,10,-0.03330453010917194,0.005789287215254019,0.688101579862151,2
R2,N2Vp1q0_5,N2V,1.0,0.5,D2,assortativity,0.1,10,-0.03330453010917194,0.005789287215254019,0.688101579862151,1
R2,N2Vp1q0_5,N2V,1.0,0.5,D2,dyn_len_mean,0.05,10,3.99736905957835,0.07522332783101039,2.3786490524815482,26
R2,N2Vp1q0_5,N2V,1.0,0.5,D2,dyn_len_mean,0.1,10,3.99736905957835,0.07522332783101039,2.3786490524815482,24
R2,N2Vp1q0_5,N2V,1.0,0.5,D2,frac_rewired,0.05,10,0.9822,0.0028174062145487383,0.9823600000000001,4
R2,N2Vp1q0_5,N2V,1.0,0.5,D2,frac_rewired,0.1,10,0.9822,0.0028174062145487383,0.9823600000000001,4
R2,N2Vp1q0_5,N2V,1.0,0.5,D4,diameter,0.05,10,16.4,0.6992058987801011,81.6,15
R2,N2Vp1q0_5,N2V,1.0,0.5,D4,diameter,0.1,10,16.4,0.6992058987801011,81.6,9
R2,N2Vp1q0_5,N2V,1.0,0.5,D4,aspl,0.05,10,7.507149547819128,0.10944435081582848,25.826183785514207,15
R2,N2Vp1q0_5,N2V,1.0,0.5,D4,aspl,0.1,10,7.507149547819128,0.10944435081582848,25.826183785514207,10
R2,N2Vp1q0_5,N2V,1.0,0.5,D4,efficiency,0.05,10,0.15705665606910982,0.0015992978384092918,0.11057370426521351,23
R2,N2Vp1q0_5,N2V,1.0,0.5,D4,efficiency,0.1,10,0.15705665606910982,0.0015992978384092918,0.11057370426521351,19
R2,N2Vp1q0_5,N2V,1.0,0.5,D4,clustering,0.05,10,0.18760972041030893,0.0032248140305344802,0.39579642357642636,11
R2,N2Vp1q0_5,N2V,1.0,0.5,D4,clustering,0.1,10,0.18760972041030893,0.0032248140305344802,0.39579642357642636,8
R2,N2Vp1q0_5,N2V,1.0,0.5,D4,H_norm,0.05,10,0.23173803283259206,0.0011638600198874938,0.19622606926635486,3
R2,N2Vp1q0_5,N2V,1.0,0.5,D4,H_norm,0.1,10,0.23173803283259206,0.0011638600198874938,0.19622606926635486,2
R2,N2Vp1q0_5,N2V,1.0,0.5,D4,k_max,0.05,10,16.1,0.7378647873726224,12.100000000000001,22
R2,N2Vp1q0_5,N2V,1.0,0.5,D4,k_max,0.1,10,16.1,0.7378647873726224,12.100000000000001,5
R2,N2Vp1q0_5,N2V,1.0,0.5,D4,k_gini,0.05,10,0.10800812929292929,0.0011793835255606733,0.09000424333127181,4
R2,N2Vp1q0_5,N2V,1.0,0.5,D4,k_gini,0.1,10,0.10800812929292929,0.0011793835255606733,0.09000424333127181,3
R2,N2Vp1q0_5,N2V,1.0,0.5,D4,modularity,0.05,10,0.7905439225589226,0.003325983897823479,0.07387460864391848,27
R2,N2Vp1q0_5,N2V,1.0,0.5,D4,modularity,0.1,10,0.7905439225589226,0.003325983897823479,0.07387460864391848,23
R2,N2Vp1q0_5,N2V,1.0,0.5,D4,n_communities,0.05,10,13.4,0.9660917830792957,8.8,30
R2,N2Vp1q0_5,N2V,1.0,0.5,D4,n_communities,0.1,10,13.4,0.9660917830792957,8.8,22
R2,N2Vp1q0_5,N2V,1.0,0.5,D4,assortativity,0.05,10,-0.03295399523047171,0.008162806692073326,0.687533729737778,2
R2,N2Vp1q0_5,N2V,1.0,0.5,D4,assortativity,0.1,10,-0.03295399523047171,0.008162806692073326,0.687533729737778,1
R2,N2Vp1q0_5,N2V,1.0,0.5,D4,dyn_len_mean,0.05,10,3.962597852083286,0.0639572034649648,2.3456637613971316,27
R2,N2Vp1q0_5,N2V,1.0,0.5,D4,dyn_len_mean,0.1,10,3.962597852083286,0.0639572034649648,2.3456637613971316,23
R2,N2Vp1q0_5,N2V,1.0,0.5,D4,frac_rewired,0.05,10,0.98016,0.0015910862816188242,0.98192,4
R2,N2Vp1q0_5,N2V,1.0,0.5,D4,frac_rewired,0.1,10,0.98016,0.0015910862816188242,0.98192,4
R2,N2Vp1q0_5,N2V,1.0,0.5,D8,diameter,0.05,10,20.8,0.42163702135578385,77.6,9
R2,N2Vp1q0_5,N2V,1.0,0.5,D8,diameter,0.1,10,20.8,0.42163702135578385,77.6,6
R2,N2Vp1q0_5,N2V,1.0,0.5,D8,aspl,0.05,10,8.92173355742297,0.08333392750714405,24.418418951580634,10
R2,N2Vp1q0_5,N2V,1.0,0.5,D8,aspl,0.1,10,8.92173355742297,0.08333392750714405,24.418418951580634,7
R2,N2Vp1q0_5,N2V,1.0,0.5,D8,efficiency,0.05,10,0.13857793020106884,0.0008277941546730624,0.09216038665200071,16
R2,N2Vp1q0_5,N2V,1.0,0.5,D8,efficiency,0.1,10,0.13857793020106884,0.0008277941546730624,0.09216038665200071,13
R2,N2Vp1q0_5,N2V,1.0,0.5,D8,clustering,0.05,10,0.19574128109798744,0.0032406642628771344,0.3961107816627847,10
R2,N2Vp1q0_5,N2V,1.0,0.5,D8,clustering,0.1,10,0.19574128109798744,0.0032406642628771344,0.3961107816627847,7
R2,N2Vp1q0_5,N2V,1.0,0.5,D8,H_norm,0.05,10,0.23134020437549158,0.0020231424583135337,0.19593768348911042,3
R2,N2Vp1q0_5,N2V,1.0,0.5,D8,H_norm,0.1,10,0.23134020437549158,0.0020231424583135337,0.19593768348911042,2
R2,N2Vp1q0_5,N2V,1.0,0.5,D8,k_max,0.05,10,15.4,0.9660917830792959,12.399999999999999,27
R2,N2Vp1q0_5,N2V,1.0,0.5,D8,k_max,0.1,10,15.4,0.9660917830792959,12.399999999999999,3
R2,N2Vp1q0_5,N2V,1.0,0.5,D8,k_gini,0.05,10,0.10769826666666664,0.0018689493628917238,0.08960042514945366,4
R2,N2Vp1q0_5,N2V,1.0,0.5,D8,k_gini,0.1,10,0.10769826666666664,0.0018689493628917238,0.08960042514945366,3
R2,N2Vp1q0_5,N2V,1.0,0.5,D8,modularity,0.05,10,0.8089685409652076,0.003135547663788351,0.05695206464839864,17
R2,N2Vp1q0_5,N2V,1.0,0.5,D8,modularity,0.1,10,0.8089685409652076,0.003135547663788351,0.05695206464839864,16
R2,N2Vp1q0_5,N2V,1.0,0.5,D8,n_communities,0.05,10,14.3,0.9486832980505138,7.800000000000001,26
R2,N2Vp1q0_5,N2V,1.0,0.5,D8,n_communities,0.1,10,14.3,0.9486832980505138,7.800000000000001,25
R2,N2Vp1q0_5,N2V,1.0,0.5,D8,assortativity,0.05,10,-0.028279185878173064,0.009072443203838742,0.6908009052510593,2
R2,N2Vp1q0_5,N2V,1.0,0.5,D8,assortativity,0.1,10,-0.028279185878173064,0.009072443203838742,0.6908009052510593,1
R2,N2Vp1q0_5,N2V,1.0,0.5,D8,dyn_len_mean,0.05,10,3.3783309505643073,0.037431529662709656,1.7626053014998886,21
R2,N2Vp1q0_5,N2V,1.0,0.5,D8,dyn_len_mean,0.1,10,3.3783309505643073,0.037431529662709656,1.7626053014998886,16
R2,N2Vp1q0_5,N2V,1.0,0.5,D8,frac_rewired,0.05,10,0.9603999999999999,0.004869861964733264,0.97676,4
R2,N2Vp1q0_5,N2V,1.0,0.5,D8,frac_rewired,0.1,10,0.9603999999999999,0.004869861964733264,0.97676,4
R2,N2Vp1q1,N2V,1.0,1.0,D16,diameter,0.05,10,30.0,0.816496580927726,68.3,5
R2,N2Vp1q1,N2V,1.0,1.0,D16,diameter,0.1,10,30.0,0.816496580927726,68.3,3
R2,N2Vp1q1,N2V,1.0,1.0,D16,aspl,0.05,10,12.225115294117646,0.11369676928549094,21.172621176470592,5
R2,N2Vp1q1,N2V,1.0,1.0,D16,aspl,0.1,10,12.225115294117646,0.11369676928549094,21.172621176470592,4
R2,N2Vp1q1,N2V,1.0,1.0,D16,efficiency,0.05,10,0.10896639568999844,0.0006762878945209728,0.06285521609319258,7
R2,N2Vp1q1,N2V,1.0,1.0,D16,efficiency,0.1,10,0.10896639568999844,0.0006762878945209728,0.06285521609319258,5
R2,N2Vp1q1,N2V,1.0,1.0,D16,clustering,0.05,10,0.24037473937173962,0.0024008105942153863,0.39750104040404327,6
R2,N2Vp1q1,N2V,1.0,1.0,D16,clustering,0.1,10,0.24037473937173962,0.0024008105942153863,0.39750104040404327,5
R2,N2Vp1q1,N2V,1.0,1.0,D16,H_norm,0.05,10,0.23079521238828288,0.0018224242810689587,0.195533544101899,3
R2,N2Vp1q1,N2V,1.0,1.0,D16,H_norm,0.1,10,0.23079521238828288,0.0018224242810689587,0.195533544101899,2
R2,N2Vp1q1,N2V,1.0,1.0,D16,k_max,0.05,10,14.9,0.5676462121975467,11.8,26
R2,N2Vp1q1,N2V,1.0,1.0,D16,k_max,0.1,10,14.9,0.5676462121975467,11.8,2
R2,N2Vp1q1,N2V,1.0,1.0,D16,k_gini,0.05,10,0.10683606868686872,0.0016213604065228673,0.08892003323026174,4
R2,N2Vp1q1,N2V,1.0,1.0,D16,k_gini,0.1,10,0.10683606868686872,0.0016213604065228673,0.08892003323026174,3
R2,N2Vp1q1,N2V,1.0,1.0,D16,modularity,0.05,10,0.8337887246199369,0.0035920418742525872,0.032300094747979124,11
R2,N2Vp1q1,N2V,1.0,1.0,D16,modularity,0.1,10,0.8337887246199369,0.0035920418742525872,0.032300094747979124,7
R2,N2Vp1q1,N2V,1.0,1.0,D16,n_communities,0.05,10,17.4,0.6992058987801013,5.600000000000001,28
R2,N2Vp1q1,N2V,1.0,1.0,D16,n_communities,0.1,10,17.4,0.6992058987801013,5.600000000000001,22
R2,N2Vp1q1,N2V,1.0,1.0,D16,assortativity,0.05,10,-0.03623277250074748,0.010755423622121155,0.6899875128338188,2
R2,N2Vp1q1,N2V,1.0,1.0,D16,assortativity,0.1,10,-0.03623277250074748,0.010755423622121155,0.6899875128338188,1
R2,N2Vp1q1,N2V,1.0,1.0,D16,dyn_len_mean,0.05,10,2.5059687647763687,0.013775231156324287,0.8994024927472395,9
R2,N2Vp1q1,N2V,1.0,1.0,D16,dyn_len_mean,0.1,10,2.5059687647763687,0.013775231156324287,0.8994024927472395,7
R2,N2Vp1q1,N2V,1.0,1.0,D16,frac_rewired,0.05,10,0.8749600000000001,0.005581556931338907,0.9269999999999999,5
R2,N2Vp1q1,N2V,1.0,1.0,D16,frac_rewired,0.1,10,0.8749600000000001,0.005581556931338907,0.9269999999999999,3
R2,N2Vp1q1,N2V,1.0,1.0,D2,diameter,0.05,10,15.3,0.6749485577105538,82.7,17
R2,N2Vp1q1,N2V,1.0,1.0,D2,diameter,0.1,10,15.3,0.6749485577105538,82.7,10
R2,N2Vp1q1,N2V,1.0,1.0,D2,aspl,0.05,10,7.304351500600239,0.17210433210841378,26.028981832733095,17
R2,N2Vp1q1,N2V,1.0,1.0,D2,aspl,0.1,10,7.304351500600239,0.17210433210841378,26.028981832733095,10
R2,N2Vp1q1,N2V,1.0,1.0,D2,efficiency,0.05,10,0.15999559242598133,0.002620392377418898,0.11351264062208502,25
R2,N2Vp1q1,N2V,1.0,1.0,D2,efficiency,0.1,10,0.15999559242598133,0.002620392377418898,0.11351264062208502,21
R2,N2Vp1q1,N2V,1.0,1.0,D2,clustering,0.05,10,0.18796240251904983,0.002737828626434258,0.39643350871351174,12
R2,N2Vp1q1,N2V,1.0,1.0,D2,clustering,0.1,10,0.18796240251904983,0.002737828626434258,0.39643350871351174,8
R2,N2Vp1q1,N2V,1.0,1.0,D2,H_norm,0.05,10,0.23188758749679797,0.001179874856496686,0.19605081481508824,3
R2,N2Vp1q1,N2V,1.0,1.0,D2,H_norm,0.1,10,0.23188758749679797,0.001179874856496686,0.19605081481508824,2
R2,N2Vp1q1,N2V,1.0,1.0,D2,k_max,0.05,10,15.8,1.0327955589886446,12.3,6
R2,N2Vp1q1,N2V,1.0,1.0,D2,k_max,0.1,10,15.8,1.0327955589886446,12.3,3
R2,N2Vp1q1,N2V,1.0,1.0,D2,k_gini,0.05,10,0.10857892929292931,0.0010411890462913571,0.08973941908884761,5
R2,N2Vp1q1,N2V,1.0,1.0,D2,k_gini,0.1,10,0.10857892929292931,0.0010411890462913571,0.08973941908884761,3
R2,N2Vp1q1,N2V,1.0,1.0,D2,modularity,0.05,10,0.7878386424854605,0.0057912600772000835,0.07683894604518393,29
R2,N2Vp1q1,N2V,1.0,1.0,D2,modularity,0.1,10,0.7878386424854605,0.0057912600772000835,0.07683894604518393,25
R2,N2Vp1q1,N2V,1.0,1.0,D2,n_communities,0.05,10,13.9,0.8755950357709131,8.100000000000001,21
R2,N2Vp1q1,N2V,1.0,1.0,D2,n_communities,0.1,10,13.9,0.8755950357709131,8.100000000000001,17
R2,N2Vp1q1,N2V,1.0,1.0,D2,assortativity,0.05,10,-0.029722933625634152,0.007416130187238758,0.6875448273193455,2
R2,N2Vp1q1,N2V,1.0,1.0,D2,assortativity,0.1,10,-0.029722933625634152,0.007416130187238758,0.6875448273193455,1
R2,N2Vp1q1,N2V,1.0,1.0,D2,dyn_len_mean,0.05,10,4.035866501020398,0.06417435373252654,2.41967559859253,28
R2,N2Vp1q1,N2V,1.0,1.0,D2,dyn_len_mean,0.1,10,4.035866501020398,0.06417435373252654,2.41967559859253,25
R2,N2Vp1q1,N2V,1.0,1.0,D2,frac_rewired,0.05,10,0.98224,0.0020844397062253655,0.9827199999999999,4
R2,N2Vp1q1,N2V,1.0,1.0,D2,frac_rewired,0.1,10,0.98224,0.0020844397062253655,0.9827199999999999,4
R2,N2Vp1q1,N2V,1.0,1.0,D4,diameter,0.05,10,16.1,0.5676462121975465,81.9,15
R2,N2Vp1q1,N2V,1.0,1.0,D4,diameter,0.1,10,16.1,0.5676462121975465,81.9,9
R2,N2Vp1q1,N2V,1.0,1.0,D4,aspl,0.05,10,7.459722352941176,0.10599866660805028,25.873610980392158,15
R2,N2Vp1q1,N2V,1.0,1.0,D4,aspl,0.1,10,7.459722352941176,0.10599866660805028,25.873610980392158,10
R2,N2Vp1q1,N2V,1.0,1.0,D4,efficiency,0.05,10,0.15769317622963724,0.001731560863473702,0.11121022442574094,24
R2,N2Vp1q1,N2V,1.0,1.0,D4,efficiency,0.1,10,0.15769317622963724,0.001731560863473702,0.11121022442574094,20
R2,N2Vp1q1,N2V,1.0,1.0,D4,clustering,0.05,10,0.18802880633745372,0.0038240074116881557,0.3961260612720645,11
R2,N2Vp1q1,N2V,1.0,1.0,D4,clustering,0.1,10,0.18802880633745372,0.0038240074116881557,0.3961260612720645,8
R2,N2Vp1q1,N2V,1.0,1.0,D4,H_norm,0.05,10,0.23193315775932472,0.000996108911332844,0.19609934276689805,3
R2,N2Vp1q1,N2V,1.0,1.0,D4,H_norm,0.1,10,0.23193315775932472,0.000996108911332844,0.19609934276689805,2
R2,N2Vp1q1,N2V,1.0,1.0,D4,k_max,0.05,10,16.0,1.1547005383792512,12.8,21
R2,N2Vp1q1,N2V,1.0,1.0,D4,k_max,0.1,10,16.0,1.1547005383792512,12.8,4
R2,N2Vp1q1,N2V,1.0,1.0,D4,k_gini,0.05,10,0.10849814545454547,0.001031116287637118,0.08968355646258497,5
R2,N2Vp1q1,N2V,1.0,1.0,D4,k_gini,0.1,10,0.10849814545454547,0.001031116287637118,0.08968355646258497,3
R2,N2Vp1q1,N2V,1.0,1.0,D4,modularity,0.05,10,0.7898512248750127,0.004667262962801711,0.07497961474700521,27
R2,N2Vp1q1,N2V,1.0,1.0,D4,modularity,0.1,10,0.7898512248750127,0.004667262962801711,0.07497961474700521,25
R2,N2Vp1q1,N2V,1.0,1.0,D4,n_communities,0.05,10,13.7,0.9486832980505139,8.200000000000001,30
R2,N2Vp1q1,N2V,1.0,1.0,D4,n_communities,0.1,10,13.7,0.9486832980505139,8.200000000000001,30
R2,N2Vp1q1,N2V,1.0,1.0,D4,assortativity,0.05,10,-0.02383343044106432,0.008994440910089526,0.6887979695223093,2
R2,N2Vp1q1,N2V,1.0,1.0,D4,assortativity,0.1,10,-0.02383343044106432,0.008994440910089526,0.6887979695223093,1
R2,N2Vp1q1,N2V,1.0,1.0,D4,dyn_len_mean,0.05,10,3.9783919178503266,0.07042249353945809,2.36250970496757,27
R2,N2Vp1q1,N2V,1.0,1.0,D4,dyn_len_mean,0.1,10,3.9783919178503266,0.07042249353945809,2.36250970496757,24
R2,N2Vp1q1,N2V,1.0,1.0,D4,frac_rewired,0.05,10,0.97844,0.0028249680430837533,0.98184,4
R2,N2Vp1q1,N2V,1.0,1.0,D4,frac_rewired,0.1,10,0.97844,0.0028249680430837533,0.98184,4
R2,N2Vp1q1,N2V,1.0,1.0,D8,diameter,0.05,10,20.4,0.8432740427115679,77.6,10
R2,N2Vp1q1,N2V,1.0,1.0,D8,diameter,0.1,10,20.4,0.8432740427115679,77.6,7
R2,N2Vp1q1,N2V,1.0,1.0,D8,aspl,0.05,10,8.85279993597439,0.09182532595144632,24.480533397358947,11
R2,N2Vp1q1,N2V,1.0,1.0,D8,aspl,0.1,10,8.85279993597439,0.09182532595144632,24.480533397358947,7
R2,N2Vp1q1,N2V,1.0,1.0,D8,efficiency,0.05,10,0.13938236442614801,0.0009782968946905426,0.09289941262225171,18
R2,N2Vp1q1,N2V,1.0,1.0,D8,efficiency,0.1,10,0.13938236442614801,0.0009782968946905426,0.09289941262225171,13
R2,N2Vp1q1,N2V,1.0,1.0,D8,clustering,0.05,10,0.19584402799161657,0.0029245513533873654,0.3964747330447362,10
R2,N2Vp1q1,N2V,1.0,1.0,D8,clustering,0.1,10,0.19584402799161657,0.0029245513533873654,0.3964747330447362,7
R2,N2Vp1q1,N2V,1.0,1.0,D8,H_norm,0.05,10,0.23104357514341128,0.0014755161938586868,0.19620551663081717,3
R2,N2Vp1q1,N2V,1.0,1.0,D8,H_norm,0.1,10,0.23104357514341128,0.0014755161938586868,0.19620551663081717,2
R2,N2Vp1q1,N2V,1.0,1.0,D8,k_max,0.05,10,15.5,0.9718253158075499,12.100000000000001,4
R2,N2Vp1q1,N2V,1.0,1.0,D8,k_max,0.1,10,15.5,0.9718253158075499,12.100000000000001,3
R2,N2Vp1q1,N2V,1.0,1.0,D8,k_gini,0.05,10,0.10736915151515151,0.0016159042400281307,0.08997064333127185,4
R2,N2Vp1q1,N2V,1.0,1.0,D8,k_gini,0.1,10,0.10736915151515151,0.0016159042400281307,0.08997064333127185,3
R2,N2Vp1q1,N2V,1.0,1.0,D8,modularity,0.05,10,0.8068226533006836,0.002807133973447096,0.05825609935125231,21
R2,N2Vp1q1,N2V,1.0,1.0,D8,modularity,0.1,10,0.8068226533006836,0.002807133973447096,0.05825609935125231,15
R2,N2Vp1q1,N2V,1.0,1.0,D8,n_communities,0.05,10,14.9,0.9944289260117533,7.400000000000002,30
R2,N2Vp1q1,N2V,1.0,1.0,D8,n_communities,0.1,10,14.9,0.9944289260117533,7.400000000000002,11
R2,N2Vp1q1,N2V,1.0,1.0,D8,assortativity,0.05,10,-0.03121181680893434,0.009139852657527302,0.6879649996417248,2
R2,N2Vp1q1,N2V,1.0,1.0,D8,assortativity,0.1,10,-0.03121181680893434,0.009139852657527302,0.6879649996417248,1
R2,N2Vp1q1,N2V,1.0,1.0,D8,dyn_len_mean,0.05,10,3.379695261691058,0.04713485815152797,1.761290314590968,21
R2,N2Vp1q1,N2V,1.0,1.0,D8,dyn_len_mean,0.1,10,3.379695261691058,0.04713485815152797,1.761290314590968,16
R2,N2Vp1q1,N2V,1.0,1.0,D8,frac_rewired,0.05,10,0.9612,0.0027776888874666327,0.97628,4
R2,N2Vp1q1,N2V,1.0,1.0,D8,frac_rewired,0.1,10,0.9612,0.0027776888874666327,0.97628,4
R2,N2Vp1q2,N2V,1.0,2.0,D16,diameter,0.05,10,30.1,0.7378647873726218,67.9,5
R2,N2Vp1q2,N2V,1.0,2.0,D16,diameter,0.1,10,30.1,0.7378647873726218,67.9,4
R2,N2Vp1q2,N2V,1.0,2.0,D16,aspl,0.05,10,12.271538599439776,0.04712040414029284,21.103626154461786,5
R2,N2Vp1q2,N2V,1.0,2.0,D16,aspl,0.1,10,12.271538599439776,0.04712040414029284,21.103626154461786,4
R2,N2Vp1q2,N2V,1.0,2.0,D16,efficiency,0.05,10,0.10854593519100239,0.00030829187007346324,0.06230893904008828,7
R2,N2Vp1q2,N2V,1.0,2.0,D16,efficiency,0.1,10,0.10854593519100239,0.00030829187007346324,0.06230893904008828,5
R2,N2Vp1q2,N2V,1.0,2.0,D16,clustering,0.05,10,0.24382112975912995,0.0024173010173929375,0.4006346586746618,6
R2,N2Vp1q2,N2V,1.0,2.0,D16,clustering,0.1,10,0.24382112975912995,0.0024173010173929375,0.4006346586746618,5
R2,N2Vp1q2,N2V,1.0,2.0,D16,H_norm,0.05,10,0.23130078255567166,0.001857246124288052,0.19517253819234626,3
R2,N2Vp1q2,N2V,1.0,2.0,D16,H_norm,0.1,10,0.23130078255567166,0.001857246124288052,0.19517253819234626,2
R2,N2Vp1q2,N2V,1.0,2.0,D16,k_max,0.05,10,15.0,0.8164965809277259,11.9,30
R2,N2Vp1q2,N2V,1.0,2.0,D16,k_max,0.1,10,15.0,0.8164965809277259,11.9,3
R2,N2Vp1q2,N2V,1.0,2.0,D16,k_gini,0.05,10,0.10725801212121214,0.0019115522951630415,0.08841850191713044,4
R2,N2Vp1q2,N2V,1.0,2.0,D16,k_gini,0.1,10,0.10725801212121214,0.0019115522951630415,0.08841850191713044,3
R2,N2Vp1q2,N2V,1.0,2.0,D16,modularity,0.05,10,0.8345064835220896,0.0016509710182050366,0.031108084408433045,24
R2,N2Vp1q2,N2V,1.0,2.0,D16,modularity,0.1,10,0.8345064835220896,0.0016509710182050366,0.031108084408433045,8
R2,N2Vp1q2,N2V,1.0,2.0,D16,n_communities,0.05,10,17.4,1.0749676997731386,4.700000000000003,28
R2,N2Vp1q2,N2V,1.0,2.0,D16,n_communities,0.1,10,17.4,1.0749676997731386,4.700000000000003,27
R2,N2Vp1q2,N2V,1.0,2.0,D16,assortativity,0.05,10,-0.038006263380953906,0.009791531632756903,0.6885015614727784,2
R2,N2Vp1q2,N2V,1.0,2.0,D16,assortativity,0.1,10,-0.038006263380953906,0.009791531632756903,0.6885015614727784,1
R2,N2Vp1q2,N2V,1.0,2.0,D16,dyn_len_mean,0.05,10,2.4919467988091633,0.014690137975594148,0.8758725055053058,10
R2,N2Vp1q2,N2V,1.0,2.0,D16,dyn_len_mean,0.1,10,2.4919467988091633,0.014690137975594148,0.8758725055053058,8
R2,N2Vp1q2,N2V,1.0,2.0,D16,frac_rewired,0.05,10,0.8747199999999999,0.005693817309639989,0.9292,5
R2,N2Vp1q2,N2V,1.0,2.0,D16,frac_rewired,0.1,10,0.8747199999999999,0.005693817309639989,0.9292,3
R2,N2Vp1q2,N2V,1.0,2.0,D2,diameter,0.05,10,16.3,0.8232726023485648,81.7,15
R2,N2Vp1q2,N2V,1.0,2.0,D2,diameter,0.1,10,16.3,0.8232726023485648,81.7,10
R2,N2Vp1q2,N2V,1.0,2.0,D2,aspl,0.05,10,7.491510588235295,0.10863068797767404,25.841822745098042,16
R2,N2Vp1q2,N2V,1.0,2.0,D2,aspl,0.1,10,7.491510588235295,0.10863068797767404,25.841822745098042,10
R2,N2Vp1q2,N2V,1.0,2.0,D2,efficiency,0.05,10,0.15691542663533975,0.0014163935493153358,0.11043247483144344,25
R2,N2Vp1q2,N2V,1.0,2.0,D2,efficiency,0.1,10,0.15691542663533975,0.0014163935493153358,0.11043247483144344,21
R2,N2Vp1q2,N2V,1.0,2.0,D2,clustering,0.05,10,0.19182495106853956,0.0033704543460563482,0.4009921793761822,12
R2,N2Vp1q2,N2V,1.0,2.0,D2,clustering,0.1,10,0.19182495106853956,0.0033704543460563482,0.4009921793761822,8
R2,N2Vp1q2,N2V,1.0,2.0,D2,H_norm,0.05,10,0.2321193848052566,0.0013640165906138205,0.19645851870288517,3
R2,N2Vp1q2,N2V,1.0,2.0,D2,H_norm,0.1,10,0.2321193848052566,0.0013640165906138205,0.19645851870288517,2
R2,N2Vp1q2,N2V,1.0,2.0,D2,k_max,0.05,10,15.4,1.3498971154211057,12.3,29
R2,N2Vp1q2,N2V,1.0,2.0,D2,k_max,0.1,10,15.4,1.3498971154211057,12.3,3
R2,N2Vp1q2,N2V,1.0,2.0,D2,k_gini,0.05,10,0.10852426666666663,0.00129080510160082,0.09029620696763545,4
R2,N2Vp1q2,N2V,1.0,2.0,D2,k_gini,0.1,10,0.10852426666666663,0.00129080510160082,0.09029620696763545,3
R2,N2Vp1q2,N2V,1.0,2.0,D2,modularity,0.05,10,0.793015099989797,0.004051660723615495,0.07160926211559615,27
R2,N2Vp1q2,N2V,1.0,2.0,D2,modularity,0.1,10,0.793015099989797,0.004051660723615495,0.07160926211559615,24
R2,N2Vp1q2,N2V,1.0,2.0,D2,n_communities,0.05,10,13.8,0.9189365834726815,8.4,27
R2,N2Vp1q2,N2V,1.0,2.0,D2,n_communities,0.1,10,13.8,0.9189365834726815,8.4,21
R2,N2Vp1q2,N2V,1.0,2.0,D2,assortativity,0.05,10,-0.033150556681839985,0.010926235712110164,0.6861708745269248,2
R2,N2Vp1q2,N2V,1.0,2.0,D2,assortativity,0.1,10,-0.033150556681839985,0.010926235712110164,0.6861708745269248,1
R2,N2Vp1q2,N2V,1.0,2.0,D2,dyn_len_mean,0.05,10,3.90526830981405,0.06480400882469223,2.2895276418830814,28
R2,N2Vp1q2,N2V,1.0,2.0,D2,dyn_len_mean,0.1,10,3.90526830981405,0.06480400882469223,2.2895276418830814,25
R2,N2Vp1q2,N2V,1.0,2.0,D2,frac_rewired,0.05,10,0.97876,0.0027869537332204175,0.9803599999999999,4
R2,N2Vp1q2,N2V,1.0,2.0,D2,frac_rewired,0.1,10,0.97876,0.0027869537332204175,0.9803599999999999,4
R2,N2Vp1q2,N2V,1.0,2.0,D4,diameter,0.05,10,16.6,0.699205898780101,81.5,15
R2,N2Vp1q2,N2V,1.0,2.0,D4,diameter,0.1,10,16.6,0.699205898780101,81.5,10
R2,N2Vp1q2,N2V,1.0,2.0,D4,aspl,0.05,10,7.605422553021208,0.20622799947612036,25.72791078031213,16
R2,N2Vp1q2,N2V,1.0,2.0,D4,aspl,0.1,10,7.605422553021208,0.20622799947612036,25.72791078031213,10
R2,N2Vp1q2,N2V,1.0,2.0,D4,efficiency,0.05,10,0.15554915390563187,0.003061426868861087,0.10906620210173557,24
R2,N2Vp1q2,N2V,1.0,2.0,D4,efficiency,0.1,10,0.15554915390563187,0.003061426868861087,0.10906620210173557,19
R2,N2Vp1q2,N2V,1.0,2.0,D4,clustering,0.05,10,0.19049452715911563,0.0036461781504086837,0.3998945567765596,12
R2,N2Vp1q2,N2V,1.0,2.0,D4,clustering,0.1,10,0.19049452715911563,0.0036461781504086837,0.3998945567765596,8
R2,N2Vp1q2,N2V,1.0,2.0,D4,H_norm,0.05,10,0.2312284084911212,0.0018738772283175336,0.19595569155752848,3
R2,N2Vp1q2,N2V,1.0,2.0,D4,H_norm,0.1,10,0.2312284084911212,0.0018738772283175336,0.19595569155752848,2
R2,N2Vp1q2,N2V,1.0,2.0,D4,k_max,0.05,10,15.8,1.1352924243950928,12.3,6
R2,N2Vp1q2,N2V,1.0,2.0,D4,k_max,0.1,10,15.8,1.1352924243950928,12.3,4
R2,N2Vp1q2,N2V,1.0,2.0,D4,k_gini,0.05,10,0.1078730464646465,0.0015712917294642829,0.08978789585652433,4
R2,N2Vp1q2,N2V,1.0,2.0,D4,k_gini,0.1,10,0.1078730464646465,0.0015712917294642829,0.08978789585652433,3
R2,N2Vp1q2,N2V,1.0,2.0,D4,modularity,0.05,10,0.7931825476992145,0.0057826933199520425,0.07147807990241106,25
R2,N2Vp1q2,N2V,1.0,2.0,D4,modularity,0.1,10,0.7931825476992145,0.0057826933199520425,0.07147807990241106,22
R2,N2Vp1q2,N2V,1.0,2.0,D4,n_communities,0.05,10,13.9,0.8755950357709131,8.3,22
R2,N2Vp1q2,N2V,1.0,2.0,D4,n_communities,0.1,10,13.9,0.8755950357709131,8.3,19
R2,N2Vp1q2,N2V,1.0,2.0,D4,assortativity,0.05,10,-0.027295587221167678,0.008572692108387433,0.6893950907603592,2
R2,N2Vp1q2,N2V,1.0,2.0,D4,assortativity,0.1,10,-0.027295587221167678,0.008572692108387433,0.6893950907603592,1
R2,N2Vp1q2,N2V,1.0,2.0,D4,dyn_len_mean,0.05,10,3.8729312539943166,0.11557931381561355,2.2579072539656204,26
R2,N2Vp1q2,N2V,1.0,2.0,D4,dyn_len_mean,0.1,10,3.8729312539943166,0.11557931381561355,2.2579072539656204,22
R2,N2Vp1q2,N2V,1.0,2.0,D4,frac_rewired,0.05,10,0.97828,0.003368085509603336,0.98016,4
R2,N2Vp1q2,N2V,1.0,2.0,D4,frac_rewired,0.1,10,0.97828,0.003368085509603336,0.98016,4
R2,N2Vp1q2,N2V,1.0,2.0,D8,diameter,0.05,10,21.2,0.42163702135578357,77.2,10
R2,N2Vp1q2,N2V,1.0,2.0,D8,diameter,0.1,10,21.2,0.42163702135578357,77.2,6
R2,N2Vp1q2,N2V,1.0,2.0,D8,aspl,0.05,10,8.977685762304922,0.06099227192028523,24.355647571028413,11
R2,N2Vp1q2,N2V,1.0,2.0,D8,aspl,0.1,10,8.977685762304922,0.06099227192028523,24.355647571028413,7
R2,N2Vp1q2,N2V,1.0,2.0,D8,efficiency,0.05,10,0.1378871906242654,0.0006654896175114293,0.0914042388203691,17
R2,N2Vp1q2,N2V,1.0,2.0,D8,efficiency,0.1,10,0.1378871906242654,0.0006654896175114293,0.0914042388203691,13
R2,N2Vp1q2,N2V,1.0,2.0,D8,clustering,0.05,10,0.20152400665794504,0.003506410497529276,0.4008497242757271,9
R2,N2Vp1q2,N2V,1.0,2.0,D8,clustering,0.1,10,0.20152400665794504,0.003506410497529276,0.4008497242757271,7
R2,N2Vp1q2,N2V,1.0,2.0,D8,H_norm,0.05,10,0.23150392499438793,0.0015411284313298437,0.1957100505646479,3
R2,N2Vp1q2,N2V,1.0,2.0,D8,H_norm,0.1,10,0.23150392499438793,0.0015411284313298437,0.1957100505646479,2
R2,N2Vp1q2,N2V,1.0,2.0,D8,k_max,0.05,10,16.1,1.5951314818673863,12.100000000000001,26
R2,N2Vp1q2,N2V,1.0,2.0,D8,k_max,0.1,10,16.1,1.5951314818673863,12.100000000000001,3
R2,N2Vp1q2,N2V,1.0,2.0,D8,k_gini,0.05,10,0.10809016969696965,0.0015636761176732997,0.08946927767470614,4
R2,N2Vp1q2,N2V,1.0,2.0,D8,k_gini,0.1,10,0.10809016969696965,0.0015636761176732997,0.08946927767470614,3
R2,N2Vp1q2,N2V,1.0,2.0,D8,modularity,0.05,10,0.8109994837261505,0.002748459799238002,0.05457979344272523,19
R2,N2Vp1q2,N2V,1.0,2.0,D8,modularity,0.1,10,0.8109994837261505,0.002748459799238002,0.05457979344272523,15
R2,N2Vp1q2,N2V,1.0,2.0,D8,n_communities,0.05,10,15.2,0.7888106377466155,7.5,26
R2,N2Vp1q2,N2V,1.0,2.0,D8,n_communities,0.1,10,15.2,0.7888106377466155,7.5,25
R2,N2Vp1q2,N2V,1.0,2.0,D8,assortativity,0.05,10,-0.028874261764074722,0.007123749633112557,0.6865147282080494,2
R2,N2Vp1q2,N2V,1.0,2.0,D8,assortativity,0.1,10,-0.028874261764074722,0.007123749633112557,0.6865147282080494,1
R2,N2Vp1q2,N2V,1.0,2.0,D8,dyn_len_mean,0.05,10,3.3325188993370793,0.03648932016436044,1.717648933851323,19
R2,N2Vp1q2,N2V,1.0,2.0,D8,dyn_len_mean,0.1,10,3.3325188993370793,0.03648932016436044,1.717648933851323,16
R2,N2Vp1q2,N2V,1.0,2.0,D8,frac_rewired,0.05,10,0.9628399999999999,0.005210075708556328,0.97384,4
R2,N2Vp1q2,N2V,1.0,2.0,D8,frac_rewired,0.1,10,0.9628399999999999,0.005210075708556328,0.97384,4
R2,N2Vp2q0_25,N2V,2.0,0.25,D16,diameter,0.05,10,30.5,0.5270462766947299,68.0,5
R2,N2Vp2q0_25,N2V,2.0,0.25,D16,diameter,0.1,10,30.5,0.5270462766947299,68.0,3
R2,N2Vp2q0_25,N2V,2.0,0.25,D16,aspl,0.05,10,12.255884817927171,0.08514071060053972,21.125712012805124,5
R2,N2Vp2q0_25,N2V,2.0,0.25,D16,aspl,0.1,10,12.255884817927171,0.08514071060053972,21.125712012805124,4
R2,N2Vp2q0_25,N2V,2.0,0.25,D16,efficiency,0.05,10,0.1087819515481006,0.0005125581902095571,0.0625368893211698,7
R2,N2Vp2q0_25,N2V,2.0,0.25,D16,efficiency,0.1,10,0.1087819515481006,0.0005125581902095571,0.0625368893211698,5
R2,N2Vp2q0_25,N2V,2.0,0.25,D16,clustering,0.05,10,0.24168492518592544,0.0034428507842829436,0.3965390728160759,6
R2,N2Vp2q0_25,N2V,2.0,0.25,D16,clustering,0.1,10,0.24168492518592544,0.0034428507842829436,0.3965390728160759,5
R2,N2Vp2q0_25,N2V,2.0,0.25,D16,H_norm,0.05,10,0.2305435271568382,0.001406570722773158,0.19520204333443864,3
R2,N2Vp2q0_25,N2V,2.0,0.25,D16,H_norm,0.1,10,0.2305435271568382,0.001406570722773158,0.19520204333443864,2
R2,N2Vp2q0_25,N2V,2.0,0.25,D16,k_max,0.05,10,15.1,0.875595035770913,12.100000000000001,22
R2,N2Vp2q0_25,N2V,2.0,0.25,D16,k_max,0.1,10,15.1,0.875595035770913,12.100000000000001,3
R2,N2Vp2q0_25,N2V,2.0,0.25,D16,k_gini,0.05,10,0.10643433131313126,0.0013218272203687712,0.08837806151309002,4
R2,N2Vp2q0_25,N2V,2.0,0.25,D16,k_gini,0.1,10,0.10643433131313126,0.0013218272203687712,0.08837806151309002,3
R2,N2Vp2q0_25,N2V,2.0,0.25,D16,modularity,0.05,10,0.8325368314457708,0.002281867856618486,0.032086749520754965,29
R2,N2Vp2q0_25,N2V,2.0,0.25,D16,modularity,0.1,10,0.8325368314457708,0.002281867856618486,0.032086749520754965,8
R2,N2Vp2q0_25,N2V,2.0,0.25,D16,n_communities,0.05,10,16.8,1.6193277068654823,5.400000000000002,29
R2,N2Vp2q0_25,N2V,2.0,0.25,D16,n_communities,0.1,10,16.8,1.6193277068654823,5.400000000000002,29
R2,N2Vp2q0_25,N2V,2.0,0.25,D16,assortativity,0.05,10,-0.04134167045854335,0.00847445434723337,0.6935220803684363,2
R2,N2Vp2q0_25,N2V,2.0,0.25,D16,assortativity,0.1,10,-0.04134167045854335,0.00847445434723337,0.6935220803684363,1
R2,N2Vp2q0_25,N2V,2.0,0.25,D16,dyn_len_mean,0.05,10,2.50055128954989,0.010380971389629646,0.8852463022596919,10
R2,N2Vp2q0_25,N2V,2.0,0.25,D16,dyn_len_mean,0.1,10,2.50055128954989,0.010380971389629646,0.8852463022596919,7
R2,N2Vp2q0_25,N2V,2.0,0.25,D16,frac_rewired,0.05,10,0.87544,0.005478685973844493,0.92832,5
R2,N2Vp2q0_25,N2V,2.0,0.25,D16,frac_rewired,0.1,10,0.87544,0.005478685973844493,0.92832,3
R2,N2Vp2q0_25,N2V,2.0,0.25,D2,diameter,0.05,10,15.8,0.9189365834726813,82.2,16
R2,N2Vp2q0_25,N2V,2.0,0.25,D2,diameter,0.1,10,15.8,0.9189365834726813,82.2,9
R2,N2Vp2q0_25,N2V,2.0,0.25,D2,aspl,0.05,10,7.411049059623849,0.16085020134795625,25.922284273709487,16
R2,N2Vp2q0_25,N2V,2.0,0.25,D2,aspl,0.1,10,7.411049059623849,0.16085020134795625,25.922284273709487,10
R2,N2Vp2q0_25,N2V,2.0,0.25,D2,efficiency,0.05,10,0.15824152941843256,0.002373968944102313,0.11175857761453625,25
R2,N2Vp2q0_25,N2V,2.0,0.25,D2,efficiency,0.1,10,0.15824152941843256,0.002373968944102313,0.11175857761453625,20
R2,N2Vp2q0_25,N2V,2.0,0.25,D2,clustering,0.05,10,0.19094699367952345,0.003398509814148865,0.3970140748140777,11
R2,N2Vp2q0_25,N2V,2.0,0.25,D2,clustering,0.1,10,0.19094699367952345,0.003398509814148865,0.3970140748140777,8
R2,N2Vp2q0_25,N2V,2.0,0.25,D2,H_norm,0.05,10,0.23194281929145566,0.0013768498031034608,0.1964609288380643,3
R2,N2Vp2q0_25,N2V,2.0,0.25,D2,H_norm,0.1,10,0.23194281929145566,0.0013768498031034608,0.1964609288380643,2
R2,N2Vp2q0_25,N2V,2.0,0.25,D2,k_max,0.05,10,16.1,0.7378647873726216,12.3,25
R2,N2Vp2q0_25,N2V,2.0,0.25,D2,k_max,0.1,10,16.1,0.7378647873726216,12.3,4
R2,N2Vp2q0_25,N2V,2.0,0.25,D2,k_gini,0.05,10,0.10840999191919191,0.0013101066309406425,0.09019234434137284,4
R2,N2Vp2q0_25,N2V,2.0,0.25,D2,k_gini,0.1,10,0.10840999191919191,0.0013101066309406425,0.09019234434137284,3
R2,N2Vp2q0_25,N2V,2.0,0.25,D2,modularity,0.05,10,0.7908240342822161,0.0037734548629459554,0.07542693634695519,27
R2,N2Vp2q0_25,N2V,2.0,0.25,D2,modularity,0.1,10,0.7908240342822161,0.0037734548629459554,0.07542693634695519,23
R2,N2Vp2q0_25,N2V,2.0,0.25,D2,n_communities,0.05,10,13.2,1.1352924243950935,8.400000000000002,30
R2,N2Vp2q0_25,N2V,2.0,0.25,D2,n_communities,0.1,10,13.2,1.1352924243950935,8.400000000000002,28
R2,N2Vp2q0_25,N2V,2.0,0.25,D2,assortativity,0.05,10,-0.03501571142416906,0.006474916863663477,0.6924759248172884,2
R2,N2Vp2q0_25,N2V,2.0,0.25,D2,assortativity,0.1,10,-0.03501571142416906,0.006474916863663477,0.6924759248172884,1
R2,N2Vp2q0_25,N2V,2.0,0.25,D2,dyn_len_mean,0.05,10,3.954033377259125,0.11047423561412918,2.3377573729200725,27
R2,N2Vp2q0_25,N2V,2.0,0.25,D2,dyn_len_mean,0.1,10,3.954033377259125,0.11047423561412918,2.3377573729200725,24
R2,N2Vp2q0_25,N2V,2.0,0.25,D2,frac_rewired,0.05,10,0.9813600000000001,0.0036960038480018447,0.9813600000000001,4
R2,N2Vp2q0_25,N2V,2.0,0.25,D2,frac_rewired,0.1,10,0.9813600000000001,0.0036960038480018447,0.9813600000000001,4
R2,N2Vp2q0_25,N2V,2.0,0.25,D4,diameter,0.05,10,16.2,0.42163702135578385,81.8,15
R2,N2Vp2q0_25,N2V,2.0,0.25,D4,diameter,0.1,10,16.2,0.42163702135578385,81.8,9
R2,N2Vp2q0_25,N2V,2.0,0.25,D4,aspl,0.05,10,7.505436478591437,0.12526107850312718,25.827896854741898,16
R2,N2Vp2q0_25,N2V,2.0,0.25,D4,aspl,0.1,10,7.505436478591437,0.12526107850312718,25.827896854741898,10
R2,N2Vp2q0_25,N2V,2.0,0.25,D4,efficiency,0.05,10,0.15689642163503856,0.0019831444645814133,0.11041346983114225,24
R2,N2Vp2q0_25,N2V,2.0,0.25,D4,efficiency,0.1,10,0.15689642163503856,0.0019831444645814133,0.11041346983114225,20
R2,N2Vp2q0_25,N2V,2.0,0.25,D4,clustering,0.05,10,0.19195890273125601,0.003511107660725608,0.3953039218559251,11
R2,N2Vp2q0_25,N2V,2.0,0.25,D4,clustering,0.1,10,0.19195890273125601,0.003511107660725608,0.3953039218559251,8
R2,N2Vp2q0_25,N2V,2.0,0.25,D4,H_norm,0.05,10,0.23102045311843517,0.0012399900163035196,0.1960941175498377,3
R2,N2Vp2q0_25,N2V,2.0,0.25,D4,H_norm,0.1,10,0.23102045311843517,0.0012399900163035196,0.1960941175498377,2
R2,N2Vp2q0_25,N2V,2.0,0.25,D4,k_max,0.05,10,15.4,0.8432740427115681,12.2,23
R2,N2Vp2q0_25,N2V,2.0,0.25,D4,k_max,0.1,10,15.4,0.8432740427115681,12.2,3
R2,N2Vp2q0_25,N2V,2.0,0.25,D4,k_gini,0.05,10,0.10751475555555559,0.0014926179867732234,0.08996915646258496,4
R2,N2Vp2q0_25,N2V,2.0,0.25,D4,k_gini,0.1,10,0.10751475555555559,0.0014926179867732234,0.08996915646258496,3
R2,N2Vp2q0_25,N2V,2.0,0.25,D4,modularity,0.05,10,0.792318948576676,0.004279761453697996,0.07284979813211301,27
R2,N2Vp2q0_25,N2V,2.0,0.25,D4,modularity,0.1,10,0.792318948576676,0.004279761453697996,0.07284979813211301,22
R2,N2Vp2q0_25,N2V,2.0,0.25,D4,n_communities,0.05,10,13.8,0.7888106377466156,7.900000000000002,25
R2,N2Vp2q0_25,N2V,2.0,0.25,D4,n_communities,0.1,10,13.8,0.7888106377466156,7.900000000000002,21
R2,N2Vp2q0_25,N2V,2.0,0.25,D4,assortativity,0.05,10,-0.026889376629896888,0.007700582470308512,0.6865529481002313,2
R2,N2Vp2q0_25,N2V,2.0,0.25,D4,assortativity,0.1,10,-0.026889376629896888,0.007700582470308512,0.6865529481002313,1
R2,N2Vp2q0_25,N2V,2.0,0.25,D4,dyn_len_mean,0.05,10,3.9088064406961522,0.07946467255699063,2.2905571459810146,26
R2,N2Vp2q0_25,N2V,2.0,0.25,D4,dyn_len_mean,0.1,10,3.9088064406961522,0.07946467255699063,2.2905571459810146,23
R2,N2Vp2q0_25,N2V,2.0,0.25,D4,frac_rewired,0.05,10,0.9778,0.0033426536364591,0.98156,4
R2,N2Vp2q0_25,N2V,2.0,0.25,D4,frac_rewired,0.1,10,0.9778,0.0033426536364591,0.98156,4
R2,N2Vp2q0_25,N2V,2.0,0.25,D8,diameter,0.05,10,20.5,0.52704627669473,77.6,10
R2,N2Vp2q0_25,N2V,2.0,0.25,D8,diameter,0.1,10,20.5,0.52704627669473,77.6,6
R2,N2Vp2q0_25,N2V,2.0,0.25,D8,aspl,0.05,10,8.919136582633053,0.09518607567166547,24.414196750700285,11
R2,N2Vp2q0_25,N2V,2.0,0.25,D8,aspl,0.1,10,8.919136582633053,0.09518607567166547,24.414196750700285,7
R2,N2Vp2q0_25,N2V,2.0,0.25,D8,efficiency,0.05,10,0.13864209737572547,0.0009419356936676891,0.09215914557182917,16
R2,N2Vp2q0_25,N2V,2.0,0.25,D8,efficiency,0.1,10,0.13864209737572547,0.0009419356936676891,0.09215914557182917,13
R2,N2Vp2q0_25,N2V,2.0,0.25,D8,clustering,0.05,10,0.19753679959256482,0.002237536113402624,0.39688397713398027,10
R2,N2Vp2q0_25,N2V,2.0,0.25,D8,clustering,0.1,10,0.19753679959256482,0.002237536113402624,0.39688397713398027,7
R2,N2Vp2q0_25,N2V,2.0,0.25,D8,H_norm,0.05,10,0.23190686087932635,0.0018387591493176842,0.19628071534365946,3
R2,N2Vp2q0_25,N2V,2.0,0.25,D8,H_norm,0.1,10,0.23190686087932635,0.0018387591493176842,0.19628071534365946,2
R2,N2Vp2q0_25,N2V,2.0,0.25,D8,k_max,0.05,10,15.9,1.286683937707919,12.3,27
R2,N2Vp2q0_25,N2V,2.0,0.25,D8,k_max,0.1,10,15.9,1.286683937707919,12.3,4
R2,N2Vp2q0_25,N2V,2.0,0.25,D8,k_gini,0.05,10,0.10822475555555558,0.0017991856232248485,0.08990185141207992,4
R2,N2Vp2q0_25,N2V,2.0,0.25,D8,k_gini,0.1,10,0.10822475555555558,0.0017991856232248485,0.08990185141207992,3
R2,N2Vp2q0_25,N2V,2.0,0.25,D8,modularity,0.05,10,0.8069631879400061,0.003199503530416102,0.05779885600934187,25
R2,N2Vp2q0_25,N2V,2.0,0.25,D8,modularity,0.1,10,0.8069631879400061,0.003199503530416102,0.05779885600934187,16
R2,N2Vp2q0_25,N2V,2.0,0.25,D8,n_communities,0.05,10,14.7,0.9486832980505137,7.300000000000001,27
R2,N2Vp2q0_25,N2V,2.0,0.25,D8,n_communities,0.1,10,14.7,0.9486832980505137,7.300000000000001,13
R2,N2Vp2q0_25,N2V,2.0,0.25,D8,assortativity,0.05,10,-0.0277459649781166,0.00956170440071438,0.6947057376132395,2
R2,N2Vp2q0_25,N2V,2.0,0.25,D8,assortativity,0.1,10,-0.0277459649781166,0.00956170440071438,0.6947057376132395,1
R2,N2Vp2q0_25,N2V,2.0,0.25,D8,dyn_len_mean,0.05,10,3.3766071933472803,0.0374720446897602,1.7606838502481812,21
R2,N2Vp2q0_25,N2V,2.0,0.25,D8,dyn_len_mean,0.1,10,3.3766071933472803,0.0374720446897602,1.7606838502481812,16
R2,N2Vp2q0_25,N2V,2.0,0.25,D8,frac_rewired,0.05,10,0.9632,0.003964284999284953,0.9758800000000001,4
R2,N2Vp2q0_25,N2V,2.0,0.25,D8,frac_rewired,0.1,10,0.9632,0.003964284999284953,0.9758800000000001,4
R2,N2Vp2q0_5,N2V,2.0,0.5,D16,diameter,0.05,10,30.3,0.6749485577105528,68.1,5
R2,N2Vp2q0_5,N2V,2.0,0.5,D16,diameter,0.1,10,30.3,0.6749485577105528,68.1,3
R2,N2Vp2q0_5,N2V,2.0,0.5,D16,aspl,0.05,10,12.23780424169668,0.07725411442761472,21.155486418567428,5
R2,N2Vp2q0_5,N2V,2.0,0.5,D16,aspl,0.1,10,12.23780424169668,0.07725411442761472,21.155486418567428,4
R2,N2Vp2q0_5,N2V,2.0,0.5,D16,efficiency,0.05,10,0.1088581028123358,0.00046702971909295596,0.0627896733175021,7
R2,N2Vp2q0_5,N2V,2.0,0.5,D16,efficiency,0.1,10,0.1088581028123358,0.00046702971909295596,0.0627896733175021,5
R2,N2Vp2q0_5,N2V,2.0,0.5,D16,clustering,0.05,10,0.24159937635567053,0.0028263598557793,0.3974210286576199,6
R2,N2Vp2q0_5,N2V,2.0,0.5,D16,clustering,0.1,10,0.24159937635567053,0.0028263598557793,0.3974210286576199,5
R2,N2Vp2q0_5,N2V,2.0,0.5,D16,H_norm,0.05,10,0.2302365247238367,0.0017649124118551888,0.19557331016560783,3
R2,N2Vp2q0_5,N2V,2.0,0.5,D16,H_norm,0.1,10,0.2302365247238367,0.0017649124118551888,0.19557331016560783,2
R2,N2Vp2q0_5,N2V,2.0,0.5,D16,k_max,0.05,10,15.8,1.3165611772087666,11.9,28
R2,N2Vp2q0_5,N2V,2.0,0.5,D16,k_max,0.1,10,15.8,1.3165611772087666,11.9,3
R2,N2Vp2q0_5,N2V,2.0,0.5,D16,k_gini,0.05,10,0.10631695353535353,0.0016609511218142903,0.08896995646258499,3
R2,N2Vp2q0_5,N2V,2.0,0.5,D16,k_gini,0.1,10,0.10631695353535353,0.0016609511218142903,0.08896995646258499,3
R2,N2Vp2q0_5,N2V,2.0,0.5,D16,modularity,0.05,10,0.8338286593204774,0.0020666440375177878,0.03115301718225072,28
R2,N2Vp2q0_5,N2V,2.0,0.5,D16,modularity,0.1,10,0.8338286593204774,0.0020666440375177878,0.03115301718225072,7
R2,N2Vp2q0_5,N2V,2.0,0.5,D16,n_communities,0.05,10,17.1,1.100504934614611,5.5,30
R2,N2Vp2q0_5,N2V,2.0,0.5,D16,n_communities,0.1,10,17.1,1.100504934614611,5.5,21
R2,N2Vp2q0_5,N2V,2.0,0.5,D16,assortativity,0.05,10,-0.029745268234963602,0.006173673460127249,0.69176383521111,2
R2,N2Vp2q0_5,N2V,2.0,0.5,D16,assortativity,0.1,10,-0.029745268234963602,0.006173673460127249,0.69176383521111,1
R2,N2Vp2q0_5,N2V,2.0,0.5,D16,dyn_len_mean,0.05,10,2.499641463492948,0.010235995345601915,0.8934636264215019,9
R2,N2Vp2q0_5,N2V,2.0,0.5,D16,dyn_len_mean,0.1,10,2.499641463492948,0.010235995345601915,0.8934636264215019,7
R2,N2Vp2q0_5,N2V,2.0,0.5,D16,frac_rewired,0.05,10,0.8762000000000001,0.005032339857804169,0.9289200000000001,5
R2,N2Vp2q0_5,N2V,2.0,0.5,D16,frac_rewired,0.1,10,0.8762000000000001,0.005032339857804169,0.9289200000000001,3
R2,N2Vp2q0_5,N2V,2.0,0.5,D2,diameter,0.05,10,15.8,0.7888106377466155,82.2,16
R2,N2Vp2q0_5,N2V,2.0,0.5,D2,diameter,0.1,10,15.8,0.7888106377466155,82.2,10
R2,N2Vp2q0_5,N2V,2.0,0.5,D2,aspl,0.05,10,7.3448647939175675,0.13385703845926133,25.98846853941577,16
R2,N2Vp2q0_5,N2V,2.0,0.5,D2,aspl,0.1,10,7.3448647939175675,0.13385703845926133,25.98846853941577,10
R2,N2Vp2q0_5,N2V,2.0,0.5,D2,efficiency,0.05,10,0.15921902310930441,0.002019883722072498,0.11273607130540811,25
R2,N2Vp2q0_5,N2V,2.0,0.5,D2,efficiency,0.1,10,0.15921902310930441,0.002019883722072498,0.11273607130540811,20
R2,N2Vp2q0_5,N2V,2.0,0.5,D2,clustering,0.05,10,0.18912246536470084,0.002670190896857536,0.39720713930514223,11
R2,N2Vp2q0_5,N2V,2.0,0.5,D2,clustering,0.1,10,0.18912246536470084,0.002670190896857536,0.39720713930514223,8
R2,N2Vp2q0_5,N2V,2.0,0.5,D2,H_norm,0.05,10,0.23199646645333458,0.0013445587584019073,0.19643420615093488,3
R2,N2Vp2q0_5,N2V,2.0,0.5,D2,H_norm,0.1,10,0.23199646645333458,0.0013445587584019073,0.19643420615093488,2
R2,N2Vp2q0_5,N2V,2.0,0.5,D2,k_max,0.05,10,15.7,0.9486832980505139,12.2,4
R2,N2Vp2q0_5,N2V,2.0,0.5,D2,k_max,0.1,10,15.7,0.9486832980505139,12.2,3
R2,N2Vp2q0_5,N2V,2.0,0.5,D2,k_gini,0.05,10,0.1085383353535353,0.0011832372780191005,0.09005240494743345,5
R2,N2Vp2q0_5,N2V,2.0,0.5,D2,k_gini,0.1,10,0.1085383353535353,0.0011832372780191005,0.09005240494743345,3
R2,N2Vp2q0_5,N2V,2.0,0.5,D2,modularity,0.05,10,0.7886711774308743,0.005001485571421365,0.07591683283158113,27
R2,N2Vp2q0_5,N2V,2.0,0.5,D2,modularity,0.1,10,0.7886711774308743,0.005001485571421365,0.07591683283158113,24
R2,N2Vp2q0_5,N2V,2.0,0.5,D2,n_communities,0.05,10,13.2,1.1352924243950935,9.0,30
R2,N2Vp2q0_5,N2V,2.0,0.5,D2,n_communities,0.1,10,13.2,1.1352924243950935,9.0,30
R2,N2Vp2q0_5,N2V,2.0,0.5,D2,assortativity,0.05,10,-0.03376733626164048,0.00851689769725149,0.6889079025180873,2
R2,N2Vp2q0_5,N2V,2.0,0.5,D2,assortativity,0.1,10,-0.03376733626164048,0.00851689769725149,0.6889079025180873,1
R2,N2Vp2q0_5,N2V,2.0,0.5,D2,dyn_len_mean,0.05,10,3.9885687329776047,0.08344053991798486,2.373250007069887,27
R2,N2Vp2q0_5,N2V,2.0,0.5,D2,dyn_len_mean,0.1,10,3.9885687329776047,0.08344053991798486,2.373250007069887,24
R2,N2Vp2q0_5,N2V,2.0,0.5,D2,frac_rewired,0.05,10,0.98016,0.001961405391832896,0.982,4
R2,N2Vp2q0_5,N2V,2.0,0.5,D2,frac_rewired,0.1,10,0.98016,0.001961405391832896,0.982,4
R2,N2Vp2q0_5,N2V,2.0,0.5,D4,diameter,0.05,10,16.2,0.6324555320336758,81.8,15
R2,N2Vp2q0_5,N2V,2.0,0.5,D4,diameter,0.1,10,16.2,0.6324555320336758,81.8,9
R2,N2Vp2q0_5,N2V,2.0,0.5,D4,aspl,0.05,10,7.561619687875149,0.1006336207063889,25.771713645458185,15
R2,N2Vp2q0_5,N2V,2.0,0.5,D4,aspl,0.1,10,7.561619687875149,0.1006336207063889,25.771713645458185,9
R2,N2Vp2q0_5,N2V,2.0,0.5,D4,efficiency,0.05,10,0.15609509264019406,0.0013580888607590631,0.10961214083629775,23
R2,N2Vp2q0_5,N2V,2.0,0.5,D4,efficiency,0.1,10,0.15609509264019406,0.0013580888607590631,0.10961214083629775,19
R2,N2Vp2q0_5,N2V,2.0,0.5,D4,clustering,0.05,10,0.18888913686313716,0.0027574368195825254,0.39532261627261933,11
R2,N2Vp2q0_5,N2V,2.0,0.5,D4,clustering,0.1,10,0.18888913686313716,0.0027574368195825254,0.39532261627261933,8
R2,N2Vp2q0_5,N2V,2.0,0.5,D4,H_norm,0.05,10,0.23196391014624568,0.0015779954579217116,0.19583566578292028,3
R2,N2Vp2q0_5,N2V,2.0,0.5,D4,H_norm,0.1,10,0.23196391014624568,0.0015779954579217116,0.19583566578292028,2
R2,N2Vp2q0_5,N2V,2.0,0.5,D4,k_max,0.05,10,15.7,0.8232726023485645,12.2,9
R2,N2Vp2q0_5,N2V,2.0,0.5,D4,k_max,0.1,10,15.7,0.8232726023485645,12.2,4
R2,N2Vp2q0_5,N2V,2.0,0.5,D4,k_gini,0.05,10,0.10830911919191918,0.0014680699085372307,0.08956928575551429,4
R2,N2Vp2q0_5,N2V,2.0,0.5,D4,k_gini,0.1,10,0.10830911919191918,0.0014680699085372307,0.08956928575551429,3
R2,N2Vp2q0_5,N2V,2.0,0.5,D4,modularity,0.05,10,0.7902734073053771,0.0036528000345818538,0.07463470323145993,28
R2,N2Vp2q0_5,N2V,2.0,0.5,D4,modularity,0.1,10,0.7902734073053771,0.0036528000345818538,0.07463470323145993,25
R2,N2Vp2q0_5,N2V,2.0,0.5,D4,n_communities,0.05,10,14.0,1.247219128924647,8.299999999999999,30
R2,N2Vp2q0_5,N2V,2.0,0.5,D4,n_communities,0.1,10,14.0,1.247219128924647,8.299999999999999,16
R2,N2Vp2q0_5,N2V,2.0,0.5,D4,assortativity,0.05,10,-0.02834273530160079,0.008759051279491047,0.690037596341798,2
R2,N2Vp2q0_5,N2V,2.0,0.5,D4,assortativity,0.1,10,-0.02834273530160079,0.008759051279491047,0.690037596341798,1
R2,N2Vp2q0_5,N2V,2.0,0.5,D4,dyn_len_mean,0.05,10,3.9366846579415506,0.06758191946841702,2.318049049619297,26
R2,N2Vp2q0_5,N2V,2.0,0.5,D4,dyn_len_mean,0.1,10,3.9366846579415506,0.06758191946841702,2.318049049619297,23
R2,N2Vp2q0_5,N2V,2.0,0.5,D4,frac_rewired,0.05,10,0.9800000000000001,0.0026599916457679777,0.98112,4
R2,N2Vp2q0_5,N2V,2.0,0.5,D4,frac_rewired,0.1,10,0.9800000000000001,0.0026599916457679777,0.98112,4
R2,N2Vp2q0_5,N2V,2.0,0.5,D8,diameter,0.05,10,20.7,0.6749485577105527,77.9,10
R2,N2Vp2q0_5,N2V,2.0,0.5,D8,diameter,0.1,10,20.7,0.6749485577105527,77.9,6
R2,N2Vp2q0_5,N2V,2.0,0.5,D8,aspl,0.05,10,8.893521984793917,0.10420403516940485,24.459392813125252,10
R2,N2Vp2q0_5,N2V,2.0,0.5,D8,aspl,0.1,10,8.893521984793917,0.10420403516940485,24.459392813125252,7
R2,N2Vp2q0_5,N2V,2.0,0.5,D8,efficiency,0.05,10,0.13895647170703346,0.0012052012771627326,0.0926701706429651,16
R2,N2Vp2q0_5,N2V,2.0,0.5,D8,efficiency,0.1,10,0.13895647170703346,0.0012052012771627326,0.0926701706429651,12
R2,N2Vp2q0_5,N2V,2.0,0.5,D8,clustering,0.05,10,0.1958790285270289,0.0023123202789223055,0.39631505272505596,10
R2,N2Vp2q0_5,N2V,2.0,0.5,D8,clustering,0.1,10,0.1958790285270289,0.0023123202789223055,0.39631505272505596,7
R2,N2Vp2q0_5,N2V,2.0,0.5,D8,H_norm,0.05,10,0.23151699139251272,0.001273443195732919,0.19581924209026147,3
R2,N2Vp2q0_5,N2V,2.0,0.5,D8,H_norm,0.1,10,0.23151699139251272,0.001273443195732919,0.19581924209026147,2
R2,N2Vp2q0_5,N2V,2.0,0.5,D8,k_max,0.05,10,15.2,0.6324555320336759,12.399999999999999,29
R2,N2Vp2q0_5,N2V,2.0,0.5,D8,k_max,0.1,10,15.2,0.6324555320336759,12.399999999999999,2
R2,N2Vp2q0_5,N2V,2.0,0.5,D8,k_gini,0.05,10,0.1078760444444444,0.0013225655396228693,0.08943375444238293,4
R2,N2Vp2q0_5,N2V,2.0,0.5,D8,k_gini,0.1,10,0.1078760444444444,0.0013225655396228693,0.08943375444238293,3
R2,N2Vp2q0_5,N2V,2.0,0.5,D8,modularity,0.05,10,0.8087550459136823,0.0036022667235610876,0.057469657843675415,16
R2,N2Vp2q0_5,N2V,2.0,0.5,D8,modularity,0.1,10,0.8087550459136823,0.0036022667235610876,0.057469657843675415,14
R2,N2Vp2q0_5,N2V,2.0,0.5,D8,n_communities,0.05,10,14.3,1.1595018087284064,7.700000000000001,26
R2,N2Vp2q0_5,N2V,2.0,0.5,D8,n_communities,0.1,10,14.3,1.1595018087284064,7.700000000000001,20
R2,N2Vp2q0_5,N2V,2.0,0.5,D8,assortativity,0.05,10,-0.0286383266405355,0.0068034958957299595,0.6915633627220684,2
R2,N2Vp2q0_5,N2V,2.0,0.5,D8,assortativity,0.1,10,-0.0286383266405355,0.0068034958957299595,0.6915633627220684,1
R2,N2Vp2q0_5,N2V,2.0,0.5,D8,dyn_len_mean,0.05,10,3.3839957205925337,0.029650368525168516,1.7660903345931889,20
R2,N2Vp2q0_5,N2V,2.0,0.5,D8,dyn_len_mean,0.1,10,3.3839957205925337,0.029650368525168516,1.7660903345931889,16
R2,N2Vp2q0_5,N2V,2.0,0.5,D8,frac_rewired,0.05,10,0.95916,0.0046089767483321695,0.9768800000000001,4
R2,N2Vp2q0_5,N2V,2.0,0.5,D8,frac_rewired,0.1,10,0.95916,0.0046089767483321695,0.9768800000000001,4
R2,N2Vp2q1,N2V,2.0,1.0,D16,diameter,0.05,10,30.3,0.4830458915396476,68.0,5
R2,N2Vp2q1,N2V,2.0,1.0,D16,diameter,0.1,10,30.3,0.4830458915396476,68.0,3
R2,N2Vp2q1,N2V,2.0,1.0,D16,aspl,0.05,10,12.21853237294918,0.10824893874626089,21.1577718767507,5
R2,N2Vp2q1,N2V,2.0,1.0,D16,aspl,0.1,10,12.21853237294918,0.10824893874626089,21.1577718767507,4
R2,N2Vp2q1,N2V,2.0,1.0,D16,efficiency,0.05,10,0.10893404325641476,0.000690454216961133,0.06279063865021489,7
R2,N2Vp2q1,N2V,2.0,1.0,D16,efficiency,0.1,10,0.10893404325641476,0.000690454216961133,0.06279063865021489,5
R2,N2Vp2q1,N2V,2.0,1.0,D16,clustering,0.05,10,0.24231651659451692,0.002990060430233133,0.39699283849484157,6
R2,N2Vp2q1,N2V,2.0,1.0,D16,clustering,0.1,10,0.24231651659451692,0.002990060430233133,0.39699283849484157,5
R2,N2Vp2q1,N2V,2.0,1.0,D16,H_norm,0.05,10,0.22961464605960585,0.0014367093040015657,0.19500524339966677,3
R2,N2Vp2q1,N2V,2.0,1.0,D16,H_norm,0.1,10,0.22961464605960585,0.0014367093040015657,0.19500524339966677,2
R2,N2Vp2q1,N2V,2.0,1.0,D16,k_max,0.05,10,15.2,0.7888106377466155,12.0,29
R2,N2Vp2q1,N2V,2.0,1.0,D16,k_max,0.1,10,15.2,0.7888106377466155,12.0,3
R2,N2Vp2q1,N2V,2.0,1.0,D16,k_gini,0.05,10,0.10560682828282833,0.0016015844375163006,0.0883241221191506,3
R2,N2Vp2q1,N2V,2.0,1.0,D16,k_gini,0.1,10,0.10560682828282833,0.0016015844375163006,0.0883241221191506,3
R2,N2Vp2q1,N2V,2.0,1.0,D16,modularity,0.05,10,0.8334801688603204,0.001770261645282187,0.03147651380606842,10
R2,N2Vp2q1,N2V,2.0,1.0,D16,modularity,0.1,10,0.8334801688603204,0.001770261645282187,0.03147651380606842,7
R2,N2Vp2q1,N2V,2.0,1.0,D16,n_communities,0.05,10,17.3,0.8232726023485649,5.0,29
R2,N2Vp2q1,N2V,2.0,1.0,D16,n_communities,0.1,10,17.3,0.8232726023485649,5.0,23
R2,N2Vp2q1,N2V,2.0,1.0,D16,assortativity,0.05,10,-0.035083350876324,0.009650433535322692,0.6893087949167201,2
R2,N2Vp2q1,N2V,2.0,1.0,D16,assortativity,0.1,10,-0.035083350876324,0.009650433535322692,0.6893087949167201,1
R2,N2Vp2q1,N2V,2.0,1.0,D16,dyn_len_mean,0.05,10,2.498216054490242,0.011927520099066315,0.8953671257030336,9
R2,N2Vp2q1,N2V,2.0,1.0,D16,dyn_len_mean,0.1,10,2.498216054490242,0.011927520099066315,0.8953671257030336,7
R2,N2Vp2q1,N2V,2.0,1.0,D16,frac_rewired,0.05,10,0.87188,0.007185293622702149,0.93284,5
R2,N2Vp2q1,N2V,2.0,1.0,D16,frac_rewired,0.1,10,0.87188,0.007185293622702149,0.93284,3
R2,N2Vp2q1,N2V,2.0,1.0,D2,diameter,0.05,10,15.6,0.6992058987801012,82.4,16
R2,N2Vp2q1,N2V,2.0,1.0,D2,diameter,0.1,10,15.6,0.6992058987801012,82.4,10
R2,N2Vp2q1,N2V,2.0,1.0,D2,aspl,0.05,10,7.288361712685074,0.09198136875593647,26.044971620648262,16
R2,N2Vp2q1,N2V,2.0,1.0,D2,aspl,0.1,10,7.288361712685074,0.09198136875593647,26.044971620648262,10
R2,N2Vp2q1,N2V,2.0,1.0,D2,efficiency,0.05,10,0.16011491579126275,0.0014937113712395027,0.11363196398736644,25
R2,N2Vp2q1,N2V,2.0,1.0,D2,efficiency,0.1,10,0.16011491579126275,0.0014937113712395027,0.11363196398736644,20
R2,N2Vp2q1,N2V,2.0,1.0,D2,clustering,0.05,10,0.18820849778326276,0.0027573158330478917,0.3971931441891471,11
R2,N2Vp2q1,N2V,2.0,1.0,D2,clustering,0.1,10,0.18820849778326276,0.0027573158330478917,0.3971931441891471,8
R2,N2Vp2q1,N2V,2.0,1.0,D2,H_norm,0.05,10,0.2313992234103838,0.0008132111908285521,0.19627853229336995,3
R2,N2Vp2q1,N2V,2.0,1.0,D2,H_norm,0.1,10,0.2313992234103838,0.0008132111908285521,0.19627853229336995,2
R2,N2Vp2q1,N2V,2.0,1.0,D2,k_max,0.05,10,15.9,0.875595035770913,12.899999999999999,29
R2,N2Vp2q1,N2V,2.0,1.0,D2,k_max,0.1,10,15.9,0.875595035770913,12.899999999999999,4
R2,N2Vp2q1,N2V,2.0,1.0,D2,k_gini,0.05,10,0.10798794343434341,0.0007334455077902846,0.08983935848278701,4
R2,N2Vp2q1,N2V,2.0,1.0,D2,k_gini,0.1,10,0.10798794343434341,0.0007334455077902846,0.08983935848278701,3
R2,N2Vp2q1,N2V,2.0,1.0,D2,modularity,0.05,10,0.7886742842567085,0.004357272711797845,0.07577750968036634,27
R2,N2Vp2q1,N2V,2.0,1.0,D2,modularity,0.1,10,0.7886742842567085,0.004357272711797845,0.07577750968036634,25
R2,N2Vp2q1,N2V,2.0,1.0,D2,n_communities,0.05,10,13.2,0.9189365834726816,9.2,28
R2,N2Vp2q1,N2V,2.0,1.0,D2,n_communities,0.1,10,13.2,0.9189365834726816,9.2,23
R2,N2Vp2q1,N2V,2.0,1.0,D2,assortativity,0.05,10,-0.02419912157072786,0.00849439723909981,0.6864399081561787,2
R2,N2Vp2q1,N2V,2.0,1.0,D2,assortativity,0.1,10,-0.02419912157072786,0.00849439723909981,0.6864399081561787,1
R2,N2Vp2q1,N2V,2.0,1.0,D2,dyn_len_mean,0.05,10,4.003133496038149,0.077307343987606,2.3879916052432106,27
R2,N2Vp2q1,N2V,2.0,1.0,D2,dyn_len_mean,0.1,10,4.003133496038149,0.077307343987606,2.3879916052432106,23
R2,N2Vp2q1,N2V,2.0,1.0,D2,frac_rewired,0.05,10,0.9812799999999999,0.0026984769366770267,0.98232,4
R2,N2Vp2q1,N2V,2.0,1.0,D2,frac_rewired,0.1,10,0.9812799999999999,0.0026984769366770267,0.98232,4
R2,N2Vp2q1,N2V,2.0,1.0,D4,diameter,0.05,10,16.3,0.6749485577105528,81.7,15
R2,N2Vp2q1,N2V,2.0,1.0,D4,diameter,0.1,10,16.3,0.6749485577105528,81.7,9
R2,N2Vp2q1,N2V,2.0,1.0,D4,aspl,0.05,10,7.470886754701882,0.19251986623694048,25.862446578631456,15
R2,N2Vp2q1,N2V,2.0,1.0,D4,aspl,0.1,10,7.470886754701882,0.19251986623694048,25.862446578631456,10
R2,N2Vp2q1,N2V,2.0,1.0,D4,efficiency,0.05,10,0.15758391773907263,0.002924478190419488,0.11110096593517632,24
R2,N2Vp2q1,N2V,2.0,1.0,D4,efficiency,0.1,10,0.15758391773907263,0.002924478190419488,0.11110096593517632,19
R2,N2Vp2q1,N2V,2.0,1.0,D4,clustering,0.05,10,0.1886278043002752,0.0025135142749930536,0.3961170596070629,11
R2,N2Vp2q1,N2V,2.0,1.0,D4,clustering,0.1,10,0.1886278043002752,0.0025135142749930536,0.3961170596070629,8
R2,N2Vp2q1,N2V,2.0,1.0,D4,H_norm,0.05,10,0.23125842405105151,0.0013377807381962932,0.19645800872686886,3
R2,N2Vp2q1,N2V,2.0,1.0,D4,H_norm,0.1,10,0.23125842405105151,0.0013377807381962932,0.19645800872686886,2
R2,N2Vp2q1,N2V,2.0,1.0,D4,k_max,0.05,10,16.3,0.8232726023485646,12.3,25
R2,N2Vp2q1,N2V,2.0,1.0,D4,k_max,0.1,10,16.3,0.8232726023485646,12.3,5
R2,N2Vp2q1,N2V,2.0,1.0,D4,k_gini,0.05,10,0.10763306262626263,0.0013748641970024022,0.09008379484642333,4
R2,N2Vp2q1,N2V,2.0,1.0,D4,k_gini,0.1,10,0.10763306262626263,0.0013748641970024022,0.09008379484642333,3
R2,N2Vp2q1,N2V,2.0,1.0,D4,modularity,0.05,10,0.7904929308233853,0.005121352717845859,0.07511736700470173,26
R2,N2Vp2q1,N2V,2.0,1.0,D4,modularity,0.1,10,0.7904929308233853,0.005121352717845859,0.07511736700470173,22
R2,N2Vp2q1,N2V,2.0,1.0,D4,n_communities,0.05,10,13.2,0.9189365834726815,8.900000000000002,28
R2,N2Vp2q1,N2V,2.0,1.0,D4,n_communities,0.1,10,13.2,0.9189365834726815,8.900000000000002,27
R2,N2Vp2q1,N2V,2.0,1.0,D4,assortativity,0.05,10,-0.029461662542481996,0.005829016481693587,0.6887705728580706,2
R2,N2Vp2q1,N2V,2.0,1.0,D4,assortativity,0.1,10,-0.029461662542481996,0.005829016481693587,0.6887705728580706,1
R2,N2Vp2q1,N2V,2.0,1.0,D4,dyn_len_mean,0.05,10,3.98384216689936,0.08109783469547314,2.366162400674618,27
R2,N2Vp2q1,N2V,2.0,1.0,D4,dyn_len_mean,0.1,10,3.98384216689936,0.08109783469547314,2.366162400674618,24
R2,N2Vp2q1,N2V,2.0,1.0,D4,frac_rewired,0.05,10,0.9789200000000001,0.0027263324978602705,0.9814,4
R2,N2Vp2q1,N2V,2.0,1.0,D4,frac_rewired,0.1,10,0.9789200000000001,0.0027263324978602705,0.9814,4
R2,N2Vp2q1,N2V,2.0,1.0,D8,diameter,0.05,10,20.5,0.5270462766947304,77.6,11
R2,N2Vp2q1,N2V,2.0,1.0,D8,diameter,0.1,10,20.5,0.5270462766947304,77.6,7
R2,N2Vp2q1,N2V,2.0,1.0,D8,aspl,0.05,10,8.912130068027212,0.08779564851787518,24.45031036414566,10
R2,N2Vp2q1,N2V,2.0,1.0,D8,aspl,0.1,10,8.912130068027212,0.08779564851787518,24.45031036414566,7
R2,N2Vp2q1,N2V,2.0,1.0,D8,efficiency,0.05,10,0.13882572259156886,0.000983695203459812,0.09259416776639859,17
R2,N2Vp2q1,N2V,2.0,1.0,D8,efficiency,0.1,10,0.13882572259156886,0.000983695203459812,0.09259416776639859,12
R2,N2Vp2q1,N2V,2.0,1.0,D8,clustering,0.05,10,0.19703001187048266,0.003586838400689034,0.3961710704850736,9
R2,N2Vp2q1,N2V,2.0,1.0,D8,clustering,0.1,10,0.19703001187048266,0.003586838400689034,0.3961710704850736,7
R2,N2Vp2q1,N2V,2.0,1.0,D8,H_norm,0.05,10,0.23182147624284366,0.0021010939662440722,0.19627382880202557,3
R2,N2Vp2q1,N2V,2.0,1.0,D8,H_norm,0.1,10,0.23182147624284366,0.0021010939662440722,0.19627382880202557,2
R2,N2Vp2q1,N2V,2.0,1.0,D8,k_max,0.05,10,16.2,1.0327955589886444,12.2,28
R2,N2Vp2q1,N2V,2.0,1.0,D8,k_max,0.1,10,16.2,1.0327955589886444,12.2,11
R2,N2Vp2q1,N2V,2.0,1.0,D8,k_gini,0.05,10,0.10849917575757576,0.00182415755709888,0.0898054837353123,4
R2,N2Vp2q1,N2V,2.0,1.0,D8,k_gini,0.1,10,0.10849917575757576,0.00182415755709888,0.0898054837353123,3
R2,N2Vp2q1,N2V,2.0,1.0,D8,modularity,0.05,10,0.8070803872053872,0.0036203260478613344,0.057510759816253865,21
R2,N2Vp2q1,N2V,2.0,1.0,D8,modularity,0.1,10,0.8070803872053872,0.0036203260478613344,0.057510759816253865,16
R2,N2Vp2q1,N2V,2.0,1.0,D8,n_communities,0.05,10,14.6,0.699205898780101,7.600000000000001,28
R2,N2Vp2q1,N2V,2.0,1.0,D8,n_communities,0.1,10,14.6,0.699205898780101,7.600000000000001,21
R2,N2Vp2q1,N2V,2.0,1.0,D8,assortativity,0.05,10,-0.032379267298189775,0.007116584774994362,0.6885381610190054,2
R2,N2Vp2q1,N2V,2.0,1.0,D8,assortativity,0.1,10,-0.032379267298189775,0.007116584774994362,0.6885381610190054,1
R2,N2Vp2q1,N2V,2.0,1.0,D8,dyn_len_mean,0.05,10,3.378752664784379,0.02640204517470746,1.76333907308941,21
R2,N2Vp2q1,N2V,2.0,1.0,D8,dyn_len_mean,0.1,10,3.378752664784379,0.02640204517470746,1.76333907308941,16
R2,N2Vp2q1,N2V,2.0,1.0,D8,frac_rewired,0.05,10,0.96128,0.004215526855170854,0.97728,4
R2,N2Vp2q1,N2V,2.0,1.0,D8,frac_rewired,0.1,10,0.96128,0.004215526855170854,0.97728,4
R2,N2Vp2q2,N2V,2.0,2.0,D16,diameter,0.05,10,30.2,0.7888106377466156,67.9,5
R2,N2Vp2q2,N2V,2.0,2.0,D16,diameter,0.1,10,30.2,0.7888106377466156,67.9,3
R2,N2Vp2q2,N2V,2.0,2.0,D16,aspl,0.05,10,12.271094229691878,0.09300058700356206,21.06522634653862,5
R2,N2Vp2q2,N2V,2.0,2.0,D16,aspl,0.1,10,12.271094229691878,0.09300058700356206,21.06522634653862,4
R2,N2Vp2q2,N2V,2.0,2.0,D16,efficiency,0.05,10,0.10854434451087105,0.0006462784415433119,0.0621066403756716,7
R2,N2Vp2q2,N2V,2.0,2.0,D16,efficiency,0.1,10,0.10854434451087105,0.0006462784415433119,0.0621066403756716,5
R2,N2Vp2q2,N2V,2.0,2.0,D16,clustering,0.05,10,0.24407036061324314,0.003749388293807205,0.4010223147963178,6
R2,N2Vp2q2,N2V,2.0,2.0,D16,clustering,0.1,10,0.24407036061324314,0.003749388293807205,0.4010223147963178,5
R2,N2Vp2q2,N2V,2.0,2.0,D16,H_norm,0.05,10,0.2308285679087306,0.0012234476578192506,0.19544976188865537,3
R2,N2Vp2q2,N2V,2.0,2.0,D16,H_norm,0.1,10,0.2308285679087306,0.0012234476578192506,0.19544976188865537,2
R2,N2Vp2q2,N2V,2.0,2.0,D16,k_max,0.05,10,15.2,1.1352924243950935,12.2,24
R2,N2Vp2q2,N2V,2.0,2.0,D16,k_max,0.1,10,15.2,1.1352924243950935,12.2,3
R2,N2Vp2q2,N2V,2.0,2.0,D16,k_gini,0.05,10,0.10686799595959595,0.0011451938910435455,0.08889859484642333,4
R2,N2Vp2q2,N2V,2.0,2.0,D16,k_gini,0.1,10,0.10686799595959595,0.0011451938910435455,0.08889859484642333,3
R2,N2Vp2q2,N2V,2.0,2.0,D16,modularity,0.05,10,0.8363033736353434,0.0027643312244976397,0.031226124437131686,30
R2,N2Vp2q2,N2V,2.0,2.0,D16,modularity,0.1,10,0.8363033736353434,0.0027643312244976397,0.031226124437131686,6
R2,N2Vp2q2,N2V,2.0,2.0,D16,n_communities,0.05,10,17.4,1.776388345929897,5.099999999999998,23
R2,N2Vp2q2,N2V,2.0,2.0,D16,n_communities,0.1,10,17.4,1.776388345929897,5.099999999999998,23
R2,N2Vp2q2,N2V,2.0,2.0,D16,assortativity,0.05,10,-0.03253989122016654,0.003959657263734004,0.6917473317558811,2
R2,N2Vp2q2,N2V,2.0,2.0,D16,assortativity,0.1,10,-0.03253989122016654,0.003959657263734004,0.6917473317558811,1
R2,N2Vp2q2,N2V,2.0,2.0,D16,dyn_len_mean,0.05,10,2.4879974377064142,0.017356885478414515,0.8725568589194082,10
R2,N2Vp2q2,N2V,2.0,2.0,D16,dyn_len_mean,0.1,10,2.4879974377064142,0.017356885478414515,0.8725568589194082,8
R2,N2Vp2q2,N2V,2.0,2.0,D16,frac_rewired,0.05,10,0.87652,0.007935405891740308,0.9286,5
R2,N2Vp2q2,N2V,2.0,2.0,D16,frac_rewired,0.1,10,0.87652,0.007935405891740308,0.9286,3
R2,N2Vp2q2,N2V,2.0,2.0,D2,diameter,0.05,10,16.1,0.7378647873726218,82.0,17
R2,N2Vp2q2,N2V,2.0,2.0,D2,diameter,0.1,10,16.1,0.7378647873726218,82.0,10
R2,N2Vp2q2,N2V,2.0,2.0,D2,aspl,0.05,10,7.431083665466187,0.1276217072935583,25.90224966786715,17
R2,N2Vp2q2,N2V,2.0,2.0,D2,aspl,0.1,10,7.431083665466187,0.1276217072935583,25.90224966786715,11
R2,N2Vp2q2,N2V,2.0,2.0,D2,efficiency,0.05,10,0.15778588659092813,0.001969695178518255,0.11130293478703182,25
R2,N2Vp2q2,N2V,2.0,2.0,D2,efficiency,0.1,10,0.15778588659092813,0.001969695178518255,0.11130293478703182,20
R2,N2Vp2q2,N2V,2.0,2.0,D2,clustering,0.05,10,0.19099794538794573,0.0032490557960463766,0.3998914418914447,13
R2,N2Vp2q2,N2V,2.0,2.0,D2,clustering,0.1,10,0.19099794538794573,0.0032490557960463766,0.3998914418914447,8
R2,N2Vp2q2,N2V,2.0,2.0,D2,H_norm,0.05,10,0.23185557460277323,0.001638558866557289,0.1962850449982908,3
R2,N2Vp2q2,N2V,2.0,2.0,D2,H_norm,0.1,10,0.23185557460277323,0.001638558866557289,0.1962850449982908,2
R2,N2Vp2q2,N2V,2.0,2.0,D2,k_max,0.05,10,15.9,0.8755950357709131,12.3,9
R2,N2Vp2q2,N2V,2.0,2.0,D2,k_max,0.1,10,15.9,0.8755950357709131,12.3,3
R2,N2Vp2q2,N2V,2.0,2.0,D2,k_gini,0.05,10,0.10842457373737371,0.001495713208969933,0.0900420211090496,4
R2,N2Vp2q2,N2V,2.0,2.0,D2,k_gini,0.1,10,0.10842457373737371,0.001495713208969933,0.0900420211090496,3
R2,N2Vp2q2,N2V,2.0,2.0,D2,modularity,0.05,10,0.792558084889297,0.0026198925230392018,0.07251661853172775,27
R2,N2Vp2q2,N2V,2.0,2.0,D2,modularity,0.1,10,0.792558084889297,0.0026198925230392018,0.07251661853172775,24
R2,N2Vp2q2,N2V,2.0,2.0,D2,n_communities,0.05,10,13.8,1.0327955589886444,8.3,30
R2,N2Vp2q2,N2V,2.0,2.0,D2,n_communities,0.1,10,13.8,1.0327955589886444,8.3,18
R2,N2Vp2q2,N2V,2.0,2.0,D2,assortativity,0.05,10,-0.03216960678095065,0.006259649729387049,0.6879573607836671,2
R2,N2Vp2q2,N2V,2.0,2.0,D2,assortativity,0.1,10,-0.03216960678095065,0.006259649729387049,0.6879573607836671,1
R2,N2Vp2q2,N2V,2.0,2.0,D2,dyn_len_mean,0.05,10,3.9235047589705743,0.094845050896166,2.3059616842213195,27
R2,N2Vp2q2,N2V,2.0,2.0,D2,dyn_len_mean,0.1,10,3.9235047589705743,0.094845050896166,2.3059616842213195,24
R2,N2Vp2q2,N2V,2.0,2.0,D2,frac_rewired,0.05,10,0.9814,0.0022251092357704933,0.9814,4
R2,N2Vp2q2,N2V,2.0,2.0,D2,frac_rewired,0.1,10,0.9814,0.0022251092357704933,0.9814,4
R2,N2Vp2q2,N2V,2.0,2.0,D4,diameter,0.05,10,16.5,0.7071067811865478,81.5,15
R2,N2Vp2q2,N2V,2.0,2.0,D4,diameter,0.1,10,16.5,0.7071067811865478,81.5,9
R2,N2Vp2q2,N2V,2.0,2.0,D4,aspl,0.05,10,7.584003745498199,0.11845197297824352,25.749329587835135,15
R2,N2Vp2q2,N2V,2.0,2.0,D4,aspl,0.1,10,7.584003745498199,0.11845197297824352,25.749329587835135,10
R2,N2Vp2q2,N2V,2.0,2.0,D4,efficiency,0.05,10,0.15568770506012436,0.0017897172972275595,0.10920475325622805,24
R2,N2Vp2q2,N2V,2.0,2.0,D4,efficiency,0.1,10,0.15568770506012436,0.0017897172972275595,0.10920475325622805,20
R2,N2Vp2q2,N2V,2.0,2.0,D4,clustering,0.05,10,0.19253473315573344,0.004004859517766664,0.40086502763903054,12
R2,N2Vp2q2,N2V,2.0,2.0,D4,clustering,0.1,10,0.19253473315573344,0.004004859517766664,0.40086502763903054,8
R2,N2Vp2q2,N2V,2.0,2.0,D4,H_norm,0.05,10,0.23183887494167515,0.00144255821740401,0.19653469442505994,3
R2,N2Vp2q2,N2V,2.0,2.0,D4,H_norm,0.1,10,0.23183887494167515,0.00144255821740401,0.19653469442505994,2
R2,N2Vp2q2,N2V,2.0,2.0,D4,k_max,0.05,10,15.5,0.5270462766947298,12.7,20
R2,N2Vp2q2,N2V,2.0,2.0,D4,k_max,0.1,10,15.5,0.5270462766947298,12.7,3
R2,N2Vp2q2,N2V,2.0,2.0,D4,k_gini,0.05,10,0.10797269090909092,0.0014836654932416495,0.09020447767470618,4
R2,N2Vp2q2,N2V,2.0,2.0,D4,k_gini,0.1,10,0.10797269090909092,0.0014836654932416495,0.09020447767470618,3
R2,N2Vp2q2,N2V,2.0,2.0,D4,modularity,0.05,10,0.793072437506377,0.004490837008886809,0.0711114014254024,27
R2,N2Vp2q2,N2V,2.0,2.0,D4,modularity,0.1,10,0.793072437506377,0.004490837008886809,0.0711114014254024,23
R2,N2Vp2q2,N2V,2.0,2.0,D4,n_communities,0.05,10,13.7,1.159501808728406,8.700000000000001,30
R2,N2Vp2q2,N2V,2.0,2.0,D4,n_communities,0.1,10,13.7,1.159501808728406,8.700000000000001,20
R2,N2Vp2q2,N2V,2.0,2.0,D4,assortativity,0.05,10,-0.02897737000011233,0.01043764126872576,0.6871236332908367,2
R2,N2Vp2q2,N2V,2.0,2.0,D4,assortativity,0.1,10,-0.02897737000011233,0.01043764126872576,0.6871236332908367,1
R2,N2Vp2q2,N2V,2.0,2.0,D4,dyn_len_mean,0.05,10,3.8619759320454152,0.07861314224297587,2.244854790025279,26
R2,N2Vp2q2,N2V,2.0,2.0,D4,dyn_len_mean,0.1,10,3.8619759320454152,0.07861314224297587,2.244854790025279,23
R2,N2Vp2q2,N2V,2.0,2.0,D4,frac_rewired,0.05,10,0.98056,0.0029586783836331116,0.98056,4
R2,N2Vp2q2,N2V,2.0,2.0,D4,frac_rewired,0.1,10,0.98056,0.0029586783836331116,0.98056,4
R2,N2Vp2q2,N2V,2.0,2.0,D8,diameter,0.05,10,20.5,0.7071067811865477,77.5,10
R2,N2Vp2q2,N2V,2.0,2.0,D8,diameter,0.1,10,20.5,0.7071067811865477,77.5,7
R2,N2Vp2q2,N2V,2.0,2.0,D8,aspl,0.05,10,8.985082641056422,0.08495421160949211,24.357232845138057,10
R2,N2Vp2q2,N2V,2.0,2.0,D8,aspl,0.1,10,8.985082641056422,0.08495421160949211,24.357232845138057,7
R2,N2Vp2q2,N2V,2.0,2.0,D8,efficiency,0.05,10,0.13777892320850965,0.0009659364238805597,0.09134649657279095,16
R2,N2Vp2q2,N2V,2.0,2.0,D8,efficiency,0.1,10,0.13777892320850965,0.0009659364238805597,0.09134649657279095,12
R2,N2Vp2q2,N2V,2.0,2.0,D8,clustering,0.05,10,0.20028284800820137,0.001958610484669368,0.39924429193029487,10
R2,N2Vp2q2,N2V,2.0,2.0,D8,clustering,0.1,10,0.20028284800820137,0.001958610484669368,0.39924429193029487,7
R2,N2Vp2q2,N2V,2.0,2.0,D8,H_norm,0.05,10,0.2320833716997511,0.0016759811308281346,0.19666647077550084,3
R2,N2Vp2q2,N2V,2.0,2.0,D8,H_norm,0.1,10,0.2320833716997511,0.0016759811308281346,0.19666647077550084,2
R2,N2Vp2q2,N2V,2.0,2.0,D8,k_max,0.05,10,15.8,0.9189365834726816,12.2,5
R2,N2Vp2q2,N2V,2.0,2.0,D8,k_max,0.1,10,15.8,0.9189365834726816,12.2,4
R2,N2Vp2q2,N2V,2.0,2.0,D8,k_gini,0.05,10,0.10836370101010104,0.001575818572499226,0.09017729787672638,4
R2,N2Vp2q2,N2V,2.0,2.0,D8,k_gini,0.1,10,0.10836370101010104,0.001575818572499226,0.09017729787672638,3
R2,N2Vp2q2,N2V,2.0,2.0,D8,modularity,0.05,10,0.8109288327721662,0.0027486633996258074,0.05548849838336911,16
R2,N2Vp2q2,N2V,2.0,2.0,D8,modularity,0.1,10,0.8109288327721662,0.0027486633996258074,0.05548849838336911,14
R2,N2Vp2q2,N2V,2.0,2.0,D8,n_communities,0.05,10,14.6,0.8432740427115679,7.000000000000002,23
R2,N2Vp2q2,N2V,2.0,2.0,D8,n_communities,0.1,10,14.6,0.8432740427115679,7.000000000000002,18
R2,N2Vp2q2,N2V,2.0,2.0,D8,assortativity,0.05,10,-0.031005850451157203,0.005934933825627967,0.685104903412955,2
R2,N2Vp2q2,N2V,2.0,2.0,D8,assortativity,0.1,10,-0.031005850451157203,0.005934933825627967,0.685104903412955,1
R2,N2Vp2q2,N2V,2.0,2.0,D8,dyn_len_mean,0.05,10,3.339860214672311,0.0187518867509107,1.7230646043155515,19
R2,N2Vp2q2,N2V,2.0,2.0,D8,dyn_len_mean,0.1,10,3.339860214672311,0.0187518867509107,1.7230646043155515,16
R2,N2Vp2q2,N2V,2.0,2.0,D8,frac_rewired,0.05,10,0.9612399999999999,0.0030779502558972325,0.9752000000000001,4
R2,N2Vp2q2,N2V,2.0,2.0,D8,frac_rewired,0.1,10,0.9612399999999999,0.0030779502558972325,0.9752000000000001,4
R2,RW,RW,,,D16,diameter,0.05,10,30.5,0.8498365855987964,68.0,4
R2,RW,RW,,,D16,diameter,0.1,10,30.5,0.8498365855987964,68.0,3
R2,RW,RW,,,D16,aspl,0.05,10,12.215559119647859,0.10121910963879846,21.13387473389356,5
R2,RW,RW,,,D16,aspl,0.1,10,12.215559119647859,0.10121910963879846,21.13387473389356,4
R2,RW,RW,,,D16,efficiency,0.05,10,0.10899208378209961,0.0007471796122776571,0.06259030677816904,7
R2,RW,RW,,,D16,efficiency,0.1,10,0.10899208378209961,0.0007471796122776571,0.06259030677816904,5
R2,RW,RW,,,D16,clustering,0.05,10,0.2414808969918974,0.002138312198765981,0.39768287379287715,6
R2,RW,RW,,,D16,clustering,0.1,10,0.2414808969918974,0.002138312198765981,0.39768287379287715,5
R2,RW,RW,,,D16,H_norm,0.05,10,0.22989240624481355,0.0014093777718683865,0.1953887162549888,3
R2,RW,RW,,,D16,H_norm,0.1,10,0.22989240624481355,0.0014093777718683865,0.1953887162549888,2
R2,RW,RW,,,D16,k_max,0.05,10,14.9,0.5676462121975466,11.8,30
R2,RW,RW,,,D16,k_max,0.1,10,14.9,0.5676462121975466,11.8,3
R2,RW,RW,,,D16,k_gini,0.05,10,0.10597258585858589,0.001483461946430229,0.08872632413935264,3
R2,RW,RW,,,D16,k_gini,0.1,10,0.10597258585858589,0.001483461946430229,0.08872632413935264,3
R2,RW,RW,,,D16,modularity,0.05,10,0.8328166860524437,0.002366054075744872,0.03258082454567768,17
R2,RW,RW,,,D16,modularity,0.1,10,0.8328166860524437,0.002366054075744872,0.03258082454567768,7
R2,RW,RW,,,D16,n_communities,0.05,10,17.6,1.4298407059684815,5.299999999999997,28
R2,RW,RW,,,D16,n_communities,0.1,10,17.6,1.4298407059684815,5.299999999999997,28
R2,RW,RW,,,D16,assortativity,0.05,10,-0.03245147777155069,0.010361705526391997,0.6899020838016534,2
R2,RW,RW,,,D16,assortativity,0.1,10,-0.03245147777155069,0.010361705526391997,0.6899020838016534,1
R2,RW,RW,,,D16,dyn_len_mean,0.05,10,2.503609390511352,0.012926700969005996,0.8884671160730224,9
R2,RW,RW,,,D16,dyn_len_mean,0.1,10,2.503609390511352,0.012926700969005996,0.8884671160730224,7
R2,RW,RW,,,D16,frac_rewired,0.05,10,0.87332,0.007057982084924204,0.92836,5
R2,RW,RW,,,D16,frac_rewired,0.1,10,0.87332,0.007057982084924204,0.92836,3
R2,RW,RW,,,D2,diameter,0.05,10,15.5,0.5270462766947298,82.5,17
R2,RW,RW,,,D2,diameter,0.1,10,15.5,0.5270462766947298,82.5,11
R2,RW,RW,,,D2,aspl,0.05,10,7.29450100040016,0.0912700764132025,26.038832332933175,16
R2,RW,RW,,,D2,aspl,0.1,10,7.29450100040016,0.0912700764132025,26.038832332933175,11
R2,RW,RW,,,D2,efficiency,0.05,10,0.15999796481438616,0.0014414690939622559,0.11351501301048986,25
R2,RW,RW,,,D2,efficiency,0.1,10,0.15999796481438616,0.0014414690939622559,0.11351501301048986,21
R2,RW,RW,,,D2,clustering,0.05,10,0.18757547318041476,0.00220935881174547,0.3969739245199276,12
R2,RW,RW,,,D2,clustering,0.1,10,0.18757547318041476,0.00220935881174547,0.3969739245199276,8
R2,RW,RW,,,D2,H_norm,0.05,10,0.2313582457402476,0.0013899315559439932,0.1961144661539565,3
R2,RW,RW,,,D2,H_norm,0.1,10,0.2313582457402476,0.0013899315559439932,0.1961144661539565,2
R2,RW,RW,,,D2,k_max,0.05,10,16.3,1.05934990547138,12.3,26
R2,RW,RW,,,D2,k_max,0.1,10,16.3,1.05934990547138,12.3,7
R2,RW,RW,,,D2,k_gini,0.05,10,0.10780114747474749,0.0014899144904457254,0.0899464332302617,4
R2,RW,RW,,,D2,k_gini,0.1,10,0.10780114747474749,0.0014899144904457254,0.0899464332302617,3
R2,RW,RW,,,D2,modularity,0.05,10,0.7895882435465769,0.0036007428022085744,0.07561206973891599,27
R2,RW,RW,,,D2,modularity,0.1,10,0.7895882435465769,0.0036007428022085744,0.07561206973891599,24
R2,RW,RW,,,D2,n_communities,0.05,10,13.5,1.0801234497346432,9.0,30
R2,RW,RW,,,D2,n_communities,0.1,10,13.5,1.0801234497346432,9.0,23
R2,RW,RW,,,D2,assortativity,0.05,10,-0.03310810557481699,0.009286426542133547,0.6889782173805097,2
R2,RW,RW,,,D2,assortativity,0.1,10,-0.03310810557481699,0.009286426542133547,0.6889782173805097,1
R2,RW,RW,,,D2,dyn_len_mean,0.05,10,4.021448061445527,0.06059559112636297,2.407121982910867,27
R2,RW,RW,,,D2,dyn_len_mean,0.1,10,4.021448061445527,0.06059559112636297,2.407121982910867,24
R2,RW,RW,,,D2,frac_rewired,0.05,10,0.9810000000000001,0.0016138291249213478,0.9827600000000001,4
R2,RW,RW,,,D2,frac_rewired,0.1,10,0.9810000000000001,0.0016138291249213478,0.9827600000000001,4
R2,RW,RW,,,D4,diameter,0.05,10,16.2,0.42163702135578407,81.8,15
R2,RW,RW,,,D4,diameter,0.1,10,16.2,0.42163702135578407,81.8,9
R2,RW,RW,,,D4,aspl,0.05,10,7.536492901160464,0.13025127085916569,25.79684043217287,15
R2,RW,RW,,,D4,aspl,0.1,10,7.536492901160464,0.13025127085916569,25.79684043217287,10
R2,RW,RW,,,D4,efficiency,0.05,10,0.15656668245774732,0.0020290386469657465,0.11008373065385102,24
R2,RW,RW,,,D4,efficiency,0.1,10,0.15656668245774732,0.0020290386469657465,0.11008373065385102,19
R2,RW,RW,,,D4,clustering,0.05,10,0.18854827136915406,0.0025408610272622625,0.3961863623043654,11
R2,RW,RW,,,D4,clustering,0.1,10,0.18854827136915406,0.0025408610272622625,0.3961863623043654,8
R2,RW,RW,,,D4,H_norm,0.05,10,0.23219639874698586,0.0011268658497892285,0.19636316947194826,3
R2,RW,RW,,,D4,H_norm,0.1,10,0.23219639874698586,0.0011268658497892285,0.19636316947194826,2
R2,RW,RW,,,D4,k_max,0.05,10,15.8,1.1352924243950933,12.100000000000001,28
R2,RW,RW,,,D4,k_max,0.1,10,15.8,1.1352924243950933,12.100000000000001,3
R2,RW,RW,,,D4,k_gini,0.05,10,0.10855329292929297,0.0010636535501151918,0.0902072897959183,4
R2,RW,RW,,,D4,k_gini,0.1,10,0.10855329292929297,0.0010636535501151918,0.0902072897959183,3
R2,RW,RW,,,D4,modularity,0.05,10,0.7917048495051525,0.0036345751306017236,0.07328789748874998,26
R2,RW,RW,,,D4,modularity,0.1,10,0.7917048495051525,0.0036345751306017236,0.07328789748874998,22
R2,RW,RW,,,D4,n_communities,0.05,10,12.9,1.1972189997378648,8.799999999999999,30
R2,RW,RW,,,D4,n_communities,0.1,10,12.9,1.1972189997378648,8.799999999999999,27
R2,RW,RW,,,D4,assortativity,0.05,10,-0.027686254824123912,0.012014241803050225,0.6869267616889712,2
R2,RW,RW,,,D4,assortativity,0.1,10,-0.027686254824123912,0.012014241803050225,0.6869267616889712,1
R2,RW,RW,,,D4,dyn_len_mean,0.05,10,3.9366291821779535,0.0694906184412006,2.319020755431671,27
R2,RW,RW,,,D4,dyn_len_mean,0.1,10,3.9366291821779535,0.0694906184412006,2.319020755431671,24
R2,RW,RW,,,D4,frac_rewired,0.05,10,0.9803599999999999,0.0019454790898102284,0.98116,4
R2,RW,RW,,,D4,frac_rewired,0.1,10,0.9803599999999999,0.0019454790898102284,0.98116,4
R2,RW,RW,,,D8,diameter,0.05,10,20.9,0.5676462121975463,77.6,10
R2,RW,RW,,,D8,diameter,0.1,10,20.9,0.5676462121975463,77.6,6
R2,RW,RW,,,D8,aspl,0.05,10,8.926493605442177,0.14808985206003694,24.40683972789116,10
R2,RW,RW,,,D8,aspl,0.1,10,8.926493605442177,0.14808985206003694,24.40683972789116,7
R2,RW,RW,,,D8,efficiency,0.05,10,0.1386065797663444,0.0016056392790971727,0.0921236279624481,16
R2,RW,RW,,,D8,efficiency,0.1,10,0.1386065797663444,0.0016056392790971727,0.0921236279624481,12
R2,RW,RW,,,D8,clustering,0.05,10,0.19724877135935986,0.0019221345537415344,0.39828323942724253,9
R2,RW,RW,,,D8,clustering,0.1,10,0.19724877135935986,0.0019221345537415344,0.39828323942724253,7
R2,RW,RW,,,D8,H_norm,0.05,10,0.23029793360599332,0.0018603104729419027,0.19608470601598113,3
R2,RW,RW,,,D8,H_norm,0.1,10,0.23029793360599332,0.0018603104729419027,0.19608470601598113,2
R2,RW,RW,,,D8,k_max,0.05,10,15.4,1.2649110640673518,12.0,4
R2,RW,RW,,,D8,k_max,0.1,10,15.4,1.2649110640673518,12.0,3
R2,RW,RW,,,D8,k_gini,0.05,10,0.10679610909090909,0.001647048363149445,0.08983683727066578,3
R2,RW,RW,,,D8,k_gini,0.1,10,0.10679610909090909,0.001647048363149445,0.08983683727066578,3
R2,RW,RW,,,D8,modularity,0.05,10,0.8088457483930211,0.004671603388245439,0.05597516412528469,16
R2,RW,RW,,,D8,modularity,0.1,10,0.8088457483930211,0.004671603388245439,0.05597516412528469,14
R2,RW,RW,,,D8,n_communities,0.05,10,14.5,0.7071067811865478,7.799999999999999,28
R2,RW,RW,,,D8,n_communities,0.1,10,14.5,0.7071067811865478,7.799999999999999,18
R2,RW,RW,,,D8,assortativity,0.05,10,-0.03443730122483506,0.007615774245569395,0.6864062893446677,2
R2,RW,RW,,,D8,assortativity,0.1,10,-0.03443730122483506,0.007615774245569395,0.6864062893446677,1
R2,RW,RW,,,D8,dyn_len_mean,0.05,10,3.376043937049624,0.039171954451401245,1.7627649192298287,19
R2,RW,RW,,,D8,dyn_len_mean,0.1,10,3.376043937049624,0.039171954451401245,1.7627649192298287,16
R2,RW,RW,,,D8,frac_rewired,0.05,10,0.95984,0.003933672301778305,0.97524,4
R2,RW,RW,,,D8,frac_rewired,0.1,10,0.95984,0.003933672301778305,0.97524,4
R2,RWD,RWD,,,D16,diameter,0.05,10,25.1,0.7378647873726216,73.5,11
R2,RWD,RWD,,,D16,diameter,0.1,10,25.1,0.7378647873726216,73.5,5
R2,RWD,RWD,,,D16,aspl,0.05,10,10.311641392557023,0.18036158977872027,23.021691940776314,13
R2,RWD,RWD,,,D16,aspl,0.1,10,10.311641392557023,0.18036158977872027,23.021691940776314,6
R2,RWD,RWD,,,D16,efficiency,0.05,10,0.12649384466718208,0.0015949042789214832,0.08001089286328578,21
R2,RWD,RWD,,,D16,efficiency,0.1,10,0.12649384466718208,0.0015949042789214832,0.08001089286328578,17
R2,RWD,RWD,,,D16,clustering,0.05,10,0.3136320307862075,0.00422874121133561,0.3958378825618855,22
R2,RWD,RWD,,,D16,clustering,0.1,10,0.3136320307862075,0.00422874121133561,0.3958378825618855,18
R2,RWD,RWD,,,D16,H_norm,0.05,10,0.22739681912356274,0.0017199296094482705,0.2179286906321476,20
R2,RWD,RWD,,,D16,H_norm,0.1,10,0.22739681912356274,0.0017199296094482705,0.2179286906321476,15
R2,RWD,RWD,,,D16,k_max,0.05,10,59.7,0.48304589153964744,55.7,21
R2,RWD,RWD,,,D16,k_max,0.1,10,59.7,0.48304589153964744,55.7,18
R2,RWD,RWD,,,D16,k_gini,0.05,10,0.1845562181818182,0.0018401395145566512,0.1657167079777365,20
R2,RWD,RWD,,,D16,k_gini,0.1,10,0.1845562181818182,0.0018401395145566512,0.1657167079777365,16
R2,RWD,RWD,,,D16,modularity,0.05,10,0.8622058840934599,0.0013808083685990472,0.02841253224096707,28
R2,RWD,RWD,,,D16,modularity,0.1,10,0.8622058840934599,0.0013808083685990472,0.02841253224096707,27
R2,RWD,RWD,,,D16,n_communities,0.05,10,21.1,1.5951314818673863,5.100000000000001,28
R2,RWD,RWD,,,D16,n_communities,0.1,10,21.1,1.5951314818673863,5.100000000000001,28
R2,RWD,RWD,,,D16,assortativity,0.05,10,-0.12287653249147568,0.0031259226538002545,0.7733718305833002,13
R2,RWD,RWD,,,D16,assortativity,0.1,10,-0.12287653249147568,0.0031259226538002545,0.7733718305833002,4
R2,RWD,RWD,,,D16,dyn_len_mean,0.05,10,2.800503361051895,0.009914882553813682,1.184967856120783,23
R2,RWD,RWD,,,D16,dyn_len_mean,0.1,10,2.800503361051895,0.009914882553813682,1.184967856120783,18
R2,RWD,RWD,,,D16,frac_rewired,0.05,10,0.6554,0.011627171242873784,0.9259999999999999,23
R2,RWD,RWD,,,D16,frac_rewired,0.1,10,0.6554,0.011627171242873784,0.9259999999999999,19
R2,RWD,RWD,,,D2,diameter,0.05,10,6.3,0.4830458915396479,91.7,21
R2,RWD,RWD,,,D2,diameter,0.1,10,6.3,0.4830458915396479,91.7,15
R2,RWD,RWD,,,D2,aspl,0.05,10,3.4657337174869953,0.1599073517281908,29.86759961584634,21
R2,RWD,RWD,,,D2,aspl,0.1,10,3.4657337174869953,0.1599073517281908,29.86759961584634,17
R2,RWD,RWD,,,D2,efficiency,0.05,10,0.3229707007374378,0.014593121484534318,0.2764877489335415,29
R2,RWD,RWD,,,D2,efficiency,0.1,10,0.3229707007374378,0.014593121484534318,0.2764877489335415,28
R2,RWD,RWD,,,D2,clustering,0.05,10,0.255669067151327,0.00832799903427466,0.395985894216897,18
R2,RWD,RWD,,,D2,clustering,0.1,10,0.255669067151327,0.00832799903427466,0.395985894216897,14
R2,RWD,RWD,,,D2,H_norm,0.05,10,0.1804730458550253,0.002677941336320012,0.2166703241668798,22
R2,RWD,RWD,,,D2,H_norm,0.1,10,0.1804730458550253,0.002677941336320012,0.2166703241668798,19
R2,RWD,RWD,,,D2,k_max,0.05,10,856.5,223.0661336913338,852.5,30
R2,RWD,RWD,,,D2,k_max,0.1,10,856.5,223.0661336913338,852.5,29
R2,RWD,RWD,,,D2,k_gini,0.05,10,0.2078097212121212,0.002701965763959428,0.18976526555349404,18
R2,RWD,RWD,,,D2,k_gini,0.1,10,0.2078097212121212,0.002701965763959428,0.18976526555349404,16
R2,RWD,RWD,,,D2,modularity,0.05,10,0.6681402724211815,0.029941420830339033,0.1966091256836605,30
R2,RWD,RWD,,,D2,modularity,0.1,10,0.6681402724211815,0.029941420830339033,0.1966091256836605,29
R2,RWD,RWD,,,D2,n_communities,0.05,10,5.8,0.7888106377466155,15.8,28
R2,RWD,RWD,,,D2,n_communities,0.1,10,5.8,0.7888106377466155,15.8,28
R2,RWD,RWD,,,D2,assortativity,0.05,10,-0.12910991548477485,0.01513212247544077,0.7797629468399379,15
R2,RWD,RWD,,,D2,assortativity,0.1,10,-0.12910991548477485,0.01513212247544077,0.7797629468399379,6
R2,RWD,RWD,,,D2,dyn_len_mean,0.05,10,12.957153655216242,0.8149351455273706,11.341519283593398,29
R2,RWD,RWD,,,D2,dyn_len_mean,0.1,10,12.957153655216242,0.8149351455273706,11.341519283593398,29
R2,RWD,RWD,,,D2,frac_rewired,0.05,10,0.96944,0.01716140372398999,0.99716,4
R2,RWD,RWD,,,D2,frac_rewired,0.1,10,0.96944,0.01716140372398999,0.99716,4
R2,RWD,RWD,,,D4,diameter,0.05,10,7.9,0.7378647873726218,90.1,19
R2,RWD,RWD,,,D4,diameter,0.1,10,7.9,0.7378647873726218,90.1,14
R2,RWD,RWD,,,D4,aspl,0.05,10,4.1146117967186875,0.22032412886489647,29.218721536614648,19
R2,RWD,RWD,,,D4,aspl,0.1,10,4.1146117967186875,0.22032412886489647,29.218721536614648,15
R2,RWD,RWD,,,D4,efficiency,0.05,10,0.27918407998119876,0.01387957895286338,0.23270112817730246,27
R2,RWD,RWD,,,D4,efficiency,0.1,10,0.27918407998119876,0.01387957895286338,0.23270112817730246,25
R2,RWD,RWD,,,D4,clustering,0.05,10,0.266947417323781,0.006152865853503255,0.3957442806082833,21
R2,RWD,RWD,,,D4,clustering,0.1,10,0.266947417323781,0.006152865853503255,0.3957442806082833,17
R2,RWD,RWD,,,D4,H_norm,0.05,10,0.18611719448219727,0.0021967684832359356,0.21762260216668516,21
R2,RWD,RWD,,,D4,H_norm,0.1,10,0.18611719448219727,0.0021967684832359356,0.21762260216668516,19
R2,RWD,RWD,,,D4,k_max,0.05,10,591.7,139.10192106669285,587.7,28
R2,RWD,RWD,,,D4,k_max,0.1,10,591.7,139.10192106669285,587.7,27
R2,RWD,RWD,,,D4,k_gini,0.05,10,0.20641694545454548,0.0025051874058533465,0.18995350393733249,18
R2,RWD,RWD,,,D4,k_gini,0.1,10,0.20641694545454548,0.0025051874058533465,0.18995350393733249,16
R2,RWD,RWD,,,D4,modularity,0.05,10,0.7430800862156922,0.024113958025238164,0.12172155281446251,28
R2,RWD,RWD,,,D4,modularity,0.1,10,0.7430800862156922,0.024113958025238164,0.12172155281446251,27
R2,RWD,RWD,,,D4,n_communities,0.05,10,8.2,0.7888106377466155,13.5,28
R2,RWD,RWD,,,D4,n_communities,0.1,10,8.2,0.7888106377466155,13.5,26
R2,RWD,RWD,,,D4,assortativity,0.05,10,-0.1266321148139376,0.01360459175450003,0.7771274129057621,16
R2,RWD,RWD,,,D4,assortativity,0.1,10,-0.1266321148139376,0.01360459175450003,0.7771274129057621,5
R2,RWD,RWD,,,D4,dyn_len_mean,0.05,10,9.182007018290115,0.36128150452896274,7.565877495326417,28
R2,RWD,RWD,,,D4,dyn_len_mean,0.1,10,9.182007018290115,0.36128150452896274,7.565877495326417,26
R2,RWD,RWD,,,D4,frac_rewired,0.05,10,0.79656,0.04505885533881703,0.9882799999999999,27
R2,RWD,RWD,,,D4,frac_rewired,0.1,10,0.79656,0.04505885533881703,0.9882799999999999,24
R2,RWD,RWD,,,D8,diameter,0.05,10,13.0,0.9428090415820634,85.0,16
R2,RWD,RWD,,,D8,diameter,0.1,10,13.0,0.9428090415820634,85.0,10
R2,RWD,RWD,,,D8,aspl,0.05,10,6.183697639055622,0.1411196340425143,27.149635694277713,16
R2,RWD,RWD,,,D8,aspl,0.1,10,6.183697639055622,0.1411196340425143,27.149635694277713,12
R2,RWD,RWD,,,D8,efficiency,0.05,10,0.19536621409669425,0.003388901056160418,0.14888326229279794,22
R2,RWD,RWD,,,D8,efficiency,0.1,10,0.19536621409669425,0.003388901056160418,0.14888326229279794,20
R2,RWD,RWD,,,D8,clustering,0.05,10,0.2887099369287133,0.003515234399858709,0.39520114085914404,21
R2,RWD,RWD,,,D8,clustering,0.1,10,0.2887099369287133,0.003515234399858709,0.39520114085914404,18
R2,RWD,RWD,,,D8,H_norm,0.05,10,0.1973098945063611,0.0009886730555943451,0.2175224782069891,20
R2,RWD,RWD,,,D8,H_norm,0.1,10,0.1973098945063611,0.0009886730555943451,0.2175224782069891,18
R2,RWD,RWD,,,D8,k_max,0.05,10,219.3,9.117138927438928,215.3,25
R2,RWD,RWD,,,D8,k_max,0.1,10,219.3,9.117138927438928,215.3,23
R2,RWD,RWD,,,D8,k_gini,0.05,10,0.20118166868686865,0.0010004035577548347,0.18383343121005974,17
R2,RWD,RWD,,,D8,k_gini,0.1,10,0.20118166868686865,0.0010004035577548347,0.18383343121005974,16
R2,RWD,RWD,,,D8,modularity,0.05,10,0.8487188725640241,0.005919212953289348,0.04701076339812715,28
R2,RWD,RWD,,,D8,modularity,0.1,10,0.8487188725640241,0.005919212953289348,0.04701076339812715,27
R2,RWD,RWD,,,D8,n_communities,0.05,10,14.3,1.3374935098492589,7.399999999999999,28
R2,RWD,RWD,,,D8,n_communities,0.1,10,14.3,1.3374935098492589,7.399999999999999,21
R2,RWD,RWD,,,D8,assortativity,0.05,10,-0.13119727259528835,0.003409103711332149,0.7816933973470388,17
R2,RWD,RWD,,,D8,assortativity,0.1,10,-0.13119727259528835,0.003409103711332149,0.7816933973470388,6
R2,RWD,RWD,,,D8,dyn_len_mean,0.05,10,5.149066405401688,0.05710511050861704,3.5316414325478247,25
R2,RWD,RWD,,,D8,dyn_len_mean,0.1,10,5.149066405401688,0.05710511050861704,3.5316414325478247,22
R2,RWD,RWD,,,D8,frac_rewired,0.05,10,0.70404,0.03257562824498639,0.9779199999999999,25
R2,RWD,RWD,,,D8,frac_rewired,0.1,10,0.70404,0.03257562824498639,0.9779199999999999,21
R2,RWI,RWI,,,D16,diameter,0.05,10,31.0,0.8164965809277258,67.6,4
R2,RWI,RWI,,,D16,diameter,0.1,10,31.0,0.8164965809277258,67.6,3
R2,RWI,RWI,,,D16,aspl,0.05,10,12.431326706682674,0.047600558956361595,20.94819959983994,5
R2,RWI,RWI,,,D16,aspl,0.1,10,12.431326706682674,0.047600558956361595,20.94819959983994,4
R2,RWI,RWI,,,D16,efficiency,0.05,10,0.1073740324833908,0.0002954300747672914,0.0612077323361055,7
R2,RWI,RWI,,,D16,efficiency,0.1,10,0.1073740324833908,0.0002954300747672914,0.0612077323361055,5
R2,RWI,RWI,,,D16,clustering,0.05,10,0.24594117993118036,0.0033573268214984633,0.396865867909871,6
R2,RWI,RWI,,,D16,clustering,0.1,10,0.24594117993118036,0.0033573268214984633,0.396865867909871,5
R2,RWI,RWI,,,D16,H_norm,0.05,10,0.21470577740932092,0.0016660445163019261,0.17916478939231767,2
R2,RWI,RWI,,,D16,H_norm,0.1,10,0.21470577740932092,0.0016660445163019261,0.17916478939231767,2
R2,RWI,RWI,,,D16,k_max,0.05,10,13.4,0.8432740427115681,10.1,10
R2,RWI,RWI,,,D16,k_max,0.1,10,13.4,0.8432740427115681,10.1,2
R2,RWI,RWI,,,D16,k_gini,0.05,10,0.09217129292929291,0.0012608515817842806,0.0740881799162741,2
R2,RWI,RWI,,,D16,k_gini,0.1,10,0.09217129292929291,0.0012608515817842806,0.0740881799162741,2
R2,RWI,RWI,,,D16,modularity,0.05,10,0.834970886134068,0.0012257423661823413,0.031098555714141107,23
R2,RWI,RWI,,,D16,modularity,0.1,10,0.834970886134068,0.0012257423661823413,0.031098555714141107,7
R2,RWI,RWI,,,D16,n_communities,0.05,10,17.4,1.0749676997731406,5.0,30
R2,RWI,RWI,,,D16,n_communities,0.1,10,17.4,1.0749676997731406,5.0,25
R2,RWI,RWI,,,D16,assortativity,0.05,10,-0.03796588906949662,0.010843158693555654,0.6884611871613211,2
R2,RWI,RWI,,,D16,assortativity,0.1,10,-0.03796588906949662,0.010843158693555654,0.6884611871613211,1
R2,RWI,RWI,,,D16,dyn_len_mean,0.05,10,2.4622737444194724,0.013153067962065177,0.8522393142275169,10
R2,RWI,RWI,,,D16,dyn_len_mean,0.1,10,2.4622737444194724,0.013153067962065177,0.8522393142275169,7
R2,RWI,RWI,,,D16,frac_rewired,0.05,10,0.8877200000000001,0.005350140185079282,0.93108,3
R2,RWI,RWI,,,D16,frac_rewired,0.1,10,0.8877200000000001,0.005350140185079282,0.93108,3
R2,RWI,RWI,,,D2,diameter,0.05,10,17.3,0.9486832980505139,80.7,15
R2,RWI,RWI,,,D2,diameter,0.1,10,17.3,0.9486832980505139,80.7,9
R2,RWI,RWI,,,D2,aspl,0.05,10,7.914263561424571,0.1323182150518053,25.419069771908767,16
R2,RWI,RWI,,,D2,aspl,0.1,10,7.914263561424571,0.1323182150518053,25.419069771908767,10
R2,RWI,RWI,,,D2,efficiency,0.05,10,0.15036449439607308,0.001732302239737467,0.10388154259217677,23
R2,RWI,RWI,,,D2,efficiency,0.1,10,0.15036449439607308,0.001732302239737467,0.10388154259217677,19
R2,RWI,RWI,,,D2,clustering,0.05,10,0.19884073948274014,0.002634463920585038,0.39709908713509023,11
R2,RWI,RWI,,,D2,clustering,0.1,10,0.19884073948274014,0.002634463920585038,0.39709908713509023,8
R2,RWI,RWI,,,D2,H_norm,0.05,10,0.2148278246163488,0.0008969525940171168,0.17993606504534437,2
R2,RWI,RWI,,,D2,H_norm,0.1,10,0.2148278246163488,0.0008969525940171168,0.17993606504534437,2
R2,RWI,RWI,,,D2,k_max,0.05,10,13.4,0.5163977794943222,10.2,25
R2,RWI,RWI,,,D2,k_max,0.1,10,13.4,0.5163977794943222,10.2,2
R2,RWI,RWI,,,D2,k_gini,0.05,10,0.09263435151515151,0.0007379158271941529,0.07478908373531223,2
R2,RWI,RWI,,,D2,k_gini,0.1,10,0.09263435151515151,0.0007379158271941529,0.07478908373531223,2
R2,RWI,RWI,,,D2,modularity,0.05,10,0.7987497515559637,0.0034122612858062244,0.06544324458208073,27
R2,RWI,RWI,,,D2,modularity,0.1,10,0.7987497515559637,0.0034122612858062244,0.06544324458208073,23
R2,RWI,RWI,,,D2,n_communities,0.05,10,14.1,0.5676462121975467,7.700000000000001,28
R2,RWI,RWI,,,D2,n_communities,0.1,10,14.1,0.5676462121975467,7.700000000000001,24
R2,RWI,RWI,,,D2,assortativity,0.05,10,-0.0322089989263981,0.012193047727831453,0.6895033649041733,2
R2,RWI,RWI,,,D2,assortativity,0.1,10,-0.0322089989263981,0.012193047727831453,0.6895033649041733,1
R2,RWI,RWI,,,D2,dyn_len_mean,0.05,10,3.651730246013777,0.06312526405151783,2.0352472671079016,26
R2,RWI,RWI,,,D2,dyn_len_mean,0.1,10,3.651730246013777,0.06312526405151783,2.0352472671079016,23
R2,RWI,RWI,,,D2,frac_rewired,0.05,10,0.97868,0.0019141577782408941,0.9800000000000001,4
R2,RWI,RWI,,,D2,frac_rewired,0.1,10,0.97868,0.0019141577782408941,0.9800000000000001,4
R2,RWI,RWI,,,D4,diameter,0.05,10,18.0,1.0540925533894598,80.1,15
R2,RWI,RWI,,,D4,diameter,0.1,10,18.0,1.0540925533894598,80.1,9
R2,RWI,RWI,,,D4,aspl,0.05,10,8.064399583833533,0.12708291217787565,25.2689337494998,15
R2,RWI,RWI,,,D4,aspl,0.1,10,8.064399583833533,0.12708291217787565,25.2689337494998,10
R2,RWI,RWI,,,D4,efficiency,0.05,10,0.1482857323801559,0.0016132280183504678,0.1018027805762596,23
R2,RWI,RWI,,,D4,efficiency,0.1,10,0.1482857323801559,0.0016132280183504678,0.1018027805762596,19
R2,RWI,RWI,,,D4,clustering,0.05,10,0.20010931956932038,0.0025690451351632433,0.39686016450216743,11
R2,RWI,RWI,,,D4,clustering,0.1,10,0.20010931956932038,0.0025690451351632433,0.39686016450216743,7
R2,RWI,RWI,,,D4,H_norm,0.05,10,0.21467103404620042,0.0019751698052929765,0.17940751348507564,2
R2,RWI,RWI,,,D4,H_norm,0.1,10,0.21467103404620042,0.0019751698052929765,0.17940751348507564,2
R2,RWI,RWI,,,D4,k_max,0.05,10,13.9,0.8755950357709134,10.2,29
R2,RWI,RWI,,,D4,k_max,0.1,10,13.9,0.8755950357709134,10.2,2
R2,RWI,RWI,,,D4,k_gini,0.05,10,0.09239561212121215,0.0017283279345140826,0.07453201706864557,2
R2,RWI,RWI,,,D4,k_gini,0.1,10,0.09239561212121215,0.0017283279345140826,0.07453201706864557,2
R2,RWI,RWI,,,D4,modularity,0.05,10,0.8033441041730436,0.0032952364412490048,0.06261372528213127,23
R2,RWI,RWI,,,D4,modularity,0.1,10,0.8033441041730436,0.0032952364412490048,0.06261372528213127,21
R2,RWI,RWI,,,D4,n_communities,0.05,10,15.2,1.1352924243950937,7.600000000000001,30
R2,RWI,RWI,,,D4,n_communities,0.1,10,15.2,1.1352924243950937,7.600000000000001,30
R2,RWI,RWI,,,D4,assortativity,0.05,10,-0.02993907936787966,0.009549914063408521,0.6876937790147457,2
R2,RWI,RWI,,,D4,assortativity,0.1,10,-0.02993907936787966,0.009549914063408521,0.6876937790147457,1
R2,RWI,RWI,,,D4,dyn_len_mean,0.05,10,3.5734849873078374,0.06504288567491531,1.9567139302043648,25
R2,RWI,RWI,,,D4,dyn_len_mean,0.1,10,3.5734849873078374,0.06504288567491531,1.9567139302043648,22
R2,RWI,RWI,,,D4,frac_rewired,0.05,10,0.9788399999999999,0.0017833800616930985,0.9794,4
R2,RWI,RWI,,,D4,frac_rewired,0.1,10,0.9788399999999999,0.0017833800616930985,0.9794,4
R2,RWI,RWI,,,D8,diameter,0.05,10,21.7,0.4830458915396479,76.3,10
R2,RWI,RWI,,,D8,diameter,0.1,10,21.7,0.4830458915396479,76.3,6
R2,RWI,RWI,,,D8,aspl,0.05,10,9.312446258503403,0.10998904536469052,24.023241488595442,10
R2,RWI,RWI,,,D8,aspl,0.1,10,9.312446258503403,0.10998904536469052,24.023241488595442,7
R2,RWI,RWI,,,D8,efficiency,0.05,10,0.13392719168800077,0.0012001890162269418,0.08744873180204937,16
R2,RWI,RWI,,,D8,efficiency,0.1,10,0.13392719168800077,0.0012001890162269418,0.08744873180204937,13
R2,RWI,RWI,,,D8,clustering,0.05,10,0.20636530824730887,0.0023444880681254276,0.3975084098124132,10
R2,RWI,RWI,,,D8,clustering,0.1,10,0.20636530824730887,0.0023444880681254276,0.3975084098124132,7
R2,RWI,RWI,,,D8,H_norm,0.05,10,0.2137414635941703,0.001248278262238947,0.17915974331928736,2
R2,RWI,RWI,,,D8,H_norm,0.1,10,0.2137414635941703,0.001248278262238947,0.17915974331928736,2
R2,RWI,RWI,,,D8,k_max,0.05,10,13.4,0.8432740427115679,10.5,26
R2,RWI,RWI,,,D8,k_max,0.1,10,13.4,0.8432740427115679,10.5,13
R2,RWI,RWI,,,D8,k_gini,0.05,10,0.09165073535353538,0.0009613280151996057,0.07411830393733242,2
R2,RWI,RWI,,,D8,k_gini,0.1,10,0.09165073535353538,0.0009613280151996057,0.07411830393733242,2
R2,RWI,RWI,,,D8,modularity,0.05,10,0.8121061912049792,0.0029901756635625594,0.053137664877047075,22
R2,RWI,RWI,,,D8,modularity,0.1,10,0.8121061912049792,0.0029901756635625594,0.053137664877047075,16
R2,RWI,RWI,,,D8,n_communities,0.05,10,15.1,0.9944289260117533,7.699999999999999,28
R2,RWI,RWI,,,D8,n_communities,0.1,10,15.1,0.9944289260117533,7.699999999999999,27
R2,RWI,RWI,,,D8,assortativity,0.05,10,-0.030085825928476313,0.009320259214337696,0.6872918409363795,1
R2,RWI,RWI,,,D8,assortativity,0.1,10,-0.030085825928476313,0.009320259214337696,0.6872918409363795,1
R2,RWI,RWI,,,D8,dyn_len_mean,0.05,10,3.2086616146584914,0.04602424684368028,1.592571837062082,20
R2,RWI,RWI,,,D8,dyn_len_mean,0.1,10,3.2086616146584914,0.04602424684368028,1.592571837062082,16
R2,RWI,RWI,,,D8,frac_rewired,0.05,10,0.9658,0.0034370530012400643,0.9729599999999999,4
R2,RWI,RWI,,,D8,frac_rewired,0.1,10,0.9658,0.0034370530012400643,0.9729599999999999,4
R2,SP,SP,,,D16,diameter,0.05,10,19.4,0.6992058987801016,78.6,5
R2,SP,SP,,,D16,diameter,0.1,10,19.4,0.6992058987801016,78.6,3
R2,SP,SP,,,D16,aspl,0.05,10,8.227592957182873,0.04158168440388279,25.105740376150464,5
R2,SP,SP,,,D16,aspl,0.1,10,8.227592957182873,0.04158168440388279,25.105740376150464,3
R2,SP,SP,,,D16,efficiency,0.05,10,0.1501666930875534,0.0005755309231624381,0.1036837412836571,12
R2,SP,SP,,,D16,efficiency,0.1,10,0.1501666930875534,0.0005755309231624381,0.1036837412836571,8
R2,SP,SP,,,D16,clustering,0.05,10,0.19184514427382582,0.004329349890690359,0.2784973840641649,6
R2,SP,SP,,,D16,clustering,0.1,10,0.19184514427382582,0.004329349890690359,0.2784973840641649,4
R2,SP,SP,,,D16,H_norm,0.05,10,0.2516542013902783,0.0016049752007924567,0.22546914123851325,3
R2,SP,SP,,,D16,H_norm,0.1,10,0.2516542013902783,0.0016049752007924567,0.22546914123851325,2
R2,SP,SP,,,D16,k_max,0.05,10,44.8,5.006662228138289,41.1,17
R2,SP,SP,,,D16,k_max,0.1,10,44.8,5.006662228138289,41.1,12
R2,SP,SP,,,D16,k_gini,0.05,10,0.19636119575365332,0.00221804795469864,0.17752168554957162,11
R2,SP,SP,,,D16,k_gini,0.1,10,0.19636119575365332,0.00221804795469864,0.17752168554957162,7
R2,SP,SP,,,D16,modularity,0.05,10,0.7904745733763023,0.0027730906797509007,0.07316236748167348,22
R2,SP,SP,,,D16,modularity,0.1,10,0.7904745733763023,0.0027730906797509007,0.07316236748167348,14
R2,SP,SP,,,D16,n_communities,0.05,10,13.3,0.948683298050514,8.8,28
R2,SP,SP,,,D16,n_communities,0.1,10,13.3,0.948683298050514,8.8,8
R2,SP,SP,,,D16,assortativity,0.05,10,-0.04884139445791964,0.006148328125639282,0.6997339061945921,5
R2,SP,SP,,,D16,assortativity,0.1,10,-0.04884139445791964,0.006148328125639282,0.6997339061945921,3
R2,SP,SP,,,D16,dyn_len_mean,0.05,10,3.394634413064812,0.015414848131731367,1.4216399003392342,17
R2,SP,SP,,,D16,dyn_len_mean,0.1,10,3.394634413064812,0.015414848131731367,1.4216399003392342,12
R2,SP,SP,,,D16,frac_rewired,0.05,10,0.14148,0.006567394206735786,0.63588,13
R2,SP,SP,,,D16,frac_rewired,0.1,10,0.14148,0.006567394206735786,0.63588,10
R2,SP,SP,,,D2,diameter,0.05,10,4.0,0.0,94.0,6
R2,SP,SP,,,D2,diameter,0.1,10,4.0,0.0,94.0,5
R2,SP,SP,,,D2,aspl,0.05,10,2.0444796478591436,0.03152392888104463,31.288867066826732,7
R2,SP,SP,,,D2,aspl,0.1,10,2.0444796478591436,0.03152392888104463,31.288867066826732,5
R2,SP,SP,,,D2,efficiency,0.05,10,0.49365556622649054,0.005245099022272316,0.4471739989764158,13
R2,SP,SP,,,D2,efficiency,0.1,10,0.49365556622649054,0.005245099022272316,0.4471739989764158,11
R2,SP,SP,,,D2,clustering,0.05,10,0.2922206814738172,0.002220815579612039,0.2923359128404794,16
R2,SP,SP,,,D2,clustering,0.1,10,0.2922206814738172,0.002220815579612039,0.2923359128404794,13
R2,SP,SP,,,D2,H_norm,0.05,10,0.18672794136624052,0.0015329251303346479,0.22641527345571894,14
R2,SP,SP,,,D2,H_norm,0.1,10,0.18672794136624052,0.0015329251303346479,0.22641527345571894,11
R2,SP,SP,,,D2,k_max,0.05,10,2436.1,45.039365497800304,2432.1,18
R2,SP,SP,,,D2,k_max,0.1,10,2436.1,45.039365497800304,2432.1,15
R2,SP,SP,,,D2,k_gini,0.05,10,0.20050760808080806,0.0024993371733767183,0.22316903525046375,15
R2,SP,SP,,,D2,k_gini,0.1,10,0.20050760808080806,0.0024993371733767183,0.22316903525046375,12
R2,SP,SP,,,D2,modularity,0.05,10,0.391610544332211,0.008648072839998721,0.4752802027700257,11
R2,SP,SP,,,D2,modularity,0.1,10,0.391610544332211,0.008648072839998721,0.4752802027700257,10
R2,SP,SP,,,D2,n_communities,0.05,10,17.9,1.3703203194062976,13.500000000000002,24
R2,SP,SP,,,D2,n_communities,0.1,10,17.9,1.3703203194062976,13.500000000000002,12
R2,SP,SP,,,D2,assortativity,0.05,10,-0.1410850271079521,0.001769892642813758,0.8118232209069531,8
R2,SP,SP,,,D2,assortativity,0.1,10,-0.1410850271079521,0.001769892642813758,0.8118232209069531,5
R2,SP,SP,,,D2,dyn_len_mean,0.05,10,19.995097665112844,0.14598932042790105,18.083001107158612,11
R2,SP,SP,,,D2,dyn_len_mean,0.1,10,19.995097665112844,0.14598932042790105,18.083001107158612,10
R2,SP,SP,,,D2,frac_rewired,0.05,10,0.7277199999999999,0.008868521109331994,0.9978400000000001,13
R2,SP,SP,,,D2,frac_rewired,0.1,10,0.7277199999999999,0.008868521109331994,0.9978400000000001,11
R2,SP,SP,,,D4,diameter,0.05,10,6.0,0.0,92.1,5
R2,SP,SP,,,D4,diameter,0.1,10,6.0,0.0,92.1,4
R2,SP,SP,,,D4,aspl,0.05,10,3.0504691476590637,0.03540805553698685,30.28286418567427,6
R2,SP,SP,,,D4,aspl,0.1,10,3.0504691476590637,0.03540805553698685,30.28286418567427,5
R2,SP,SP,,,D4,efficiency,0.05,10,0.34964388955582226,0.004257649720556083,0.303160937751926,13
R2,SP,SP,,,D4,efficiency,0.1,10,0.34964388955582226,0.004257649720556083,0.303160937751926,10
R2,SP,SP,,,D4,clustering,0.05,10,0.2379217052147274,0.012630386732853752,0.27751435989500733,17
R2,SP,SP,,,D4,clustering,0.1,10,0.2379217052147274,0.012630386732853752,0.27751435989500733,13
R2,SP,SP,,,D4,H_norm,0.05,10,0.188729056258159,0.0026303881541915636,0.2268291383484678,8
R2,SP,SP,,,D4,H_norm,0.1,10,0.188729056258159,0.0026303881541915636,0.2268291383484678,7
R2,SP,SP,,,D4,k_max,0.05,10,920.0,61.88878914813428,916.0,19
R2,SP,SP,,,D4,k_max,0.1,10,920.0,61.88878914813428,916.0,15
R2,SP,SP,,,D4,k_gini,0.05,10,0.23089917575757574,0.0011059025816749996,0.22011134232117083,6
R2,SP,SP,,,D4,k_gini,0.1,10,0.23089917575757574,0.0011059025816749996,0.22011134232117083,5
R2,SP,SP,,,D4,modularity,0.05,10,0.6130516636057546,0.004050096164889324,0.2566473362257954,10
R2,SP,SP,,,D4,modularity,0.1,10,0.6130516636057546,0.004050096164889324,0.2566473362257954,9
R2,SP,SP,,,D4,n_communities,0.05,10,8.1,1.286683937707919,14.3,29
R2,SP,SP,,,D4,n_communities,0.1,10,8.1,1.286683937707919,14.3,6
R2,SP,SP,,,D4,assortativity,0.05,10,-0.10027158083178453,0.013138177547274935,0.750766878923609,6
R2,SP,SP,,,D4,assortativity,0.1,10,-0.10027158083178453,0.013138177547274935,0.750766878923609,4
R2,SP,SP,,,D4,dyn_len_mean,0.05,10,11.652892918644806,0.14241578483958212,9.679483075692907,11
R2,SP,SP,,,D4,dyn_len_mean,0.1,10,11.652892918644806,0.14241578483958212,9.679483075692907,9
R2,SP,SP,,,D4,frac_rewired,0.05,10,0.34072,0.009346276739370036,0.9910399999999999,13
R2,SP,SP,,,D4,frac_rewired,0.1,10,0.34072,0.009346276739370036,0.9910399999999999,11
R2,SP,SP,,,D8,diameter,0.05,10,10.0,0.4714045207910315,88.0,5
R2,SP,SP,,,D8,diameter,0.1,10,10.0,0.4714045207910315,88.0,4
R2,SP,SP,,,D8,aspl,0.05,10,4.746854613845538,0.02743734449017012,28.586478719487797,5
R2,SP,SP,,,D8,aspl,0.1,10,4.746854613845538,0.02743734449017012,28.586478719487797,4
R2,SP,SP,,,D8,efficiency,0.05,10,0.23549457098856852,0.0016191438298759557,0.1890116191846722,14
R2,SP,SP,,,D8,efficiency,0.1,10,0.23549457098856852,0.0016191438298759557,0.1890116191846722,10
R2,SP,SP,,,D8,clustering,0.05,10,0.21125805709065032,0.00489079570345694,0.27797805186316993,17
R2,SP,SP,,,D8,clustering,0.1,10,0.21125805709065032,0.00489079570345694,0.27797805186316993,11
R2,SP,SP,,,D8,H_norm,0.05,10,0.2089496000167305,0.0027624225080053245,0.22673455980173846,11
R2,SP,SP,,,D8,H_norm,0.1,10,0.2089496000167305,0.0027624225080053245,0.22673455980173846,8
R2,SP,SP,,,D8,k_max,0.05,10,214.1,15.708808569292156,210.1,21
R2,SP,SP,,,D8,k_max,0.1,10,214.1,15.708808569292156,210.1,19
R2,SP,SP,,,D8,k_gini,0.05,10,0.22925755555555555,0.0010904896822324156,0.2104443807050092,8
R2,SP,SP,,,D8,k_gini,0.1,10,0.22925755555555555,0.0010904896822324156,0.2104443807050092,6
R2,SP,SP,,,D8,modularity,0.05,10,0.7207816763595553,0.004278444523233005,0.1486608251554965,11
R2,SP,SP,,,D8,modularity,0.1,10,0.7207816763595553,0.004278444523233005,0.1486608251554965,9
R2,SP,SP,,,D8,n_communities,0.05,10,9.4,0.6992058987801009,12.200000000000001,19
R2,SP,SP,,,D8,n_communities,0.1,10,9.4,0.6992058987801009,12.200000000000001,8
R2,SP,SP,,,D8,assortativity,0.05,10,-0.08074487077333121,0.008397964080389626,0.7313392159013556,5
R2,SP,SP,,,D8,assortativity,0.1,10,-0.08074487077333121,0.008397964080389626,0.7313392159013556,4
R2,SP,SP,,,D8,dyn_len_mean,0.05,10,6.485499451294484,0.05393765050744463,4.5113338608856255,14
R2,SP,SP,,,D8,dyn_len_mean,0.1,10,6.485499451294484,0.05393765050744463,4.5113338608856255,10
R2,SP,SP,,,D8,frac_rewired,0.05,10,0.22172,0.008411737830753715,0.9088800000000001,15
R2,SP,SP,,,D8,frac_rewired,0.1,10,0.22172,0.008411737830753715,0.9088800000000001,11
R3,CR,CR,,,D16,diameter,0.05,10,26.4,0.8432740427115678,71.7,11
R3,CR,CR,,,D16,diameter,0.1,10,26.4,0.8432740427115678,71.7,6
R3,CR,CR,,,D16,aspl,0.05,10,10.12290080832333,0.07485473467549306,23.210432525010006,12
R3,CR,CR,,,D16,aspl,0.1,10,10.12290080832333,0.07485473467549306,23.210432525010006,7
R3,CR,CR,,,D16,efficiency,0.05,10,0.12659119756012577,0.0006364187604328657,0.08010824575622946,22
R3,CR,CR,,,D16,efficiency,0.1,10,0.12659119756012577,0.0006364187604328657,0.08010824575622946,16
R3,CR,CR,,,D16,clustering,0.05,10,0.14784731747990545,0.0016074659623233733,0.14784731747990545,22
R3,CR,CR,,,D16,clustering,0.1,10,0.14784731747990545,0.0016074659623233733,0.14784731747990545,17
R3,CR,CR,,,D16,H_norm,0.05,10,0.24775273161081873,0.0014891714088041345,0.21162448724749333,16
R3,CR,CR,,,D16,H_norm,0.1,10,0.24775273161081873,0.0014891714088041345,0.21162448724749333,10
R3,CR,CR,,,D16,k_max,0.05,10,15.6,0.9660917830792958,11.6,29
R3,CR,CR,,,D16,k_max,0.1,10,15.6,0.9660917830792958,11.6,17
R3,CR,CR,,,D16,k_gini,0.05,10,0.1321333914678495,0.0017794467481038376,0.11330504169953887,8
R3,CR,CR,,,D16,k_gini,0.1,10,0.1321333914678495,0.0017794467481038376,0.11330504169953887,5
R3,CR,CR,,,D16,modularity,0.05,10,0.8008398060722959,0.004012837537712877,0.06279713478567994,24
R3,CR,CR,,,D16,modularity,0.1,10,0.8008398060722959,0.004012837537712877,0.06279713478567994,18
R3,CR,CR,,,D16,n_communities,0.05,10,14.4,0.6992058987801011,8.200000000000001,30
R3,CR,CR,,,D16,n_communities,0.1,10,14.4,0.6992058987801011,8.200000000000001,29
R3,CR,CR,,,D16,assortativity,0.05,10,0.07567503163875708,0.011451641642930338,0.5748202664530674,15
R3,CR,CR,,,D16,assortativity,0.1,10,0.07567503163875708,0.011451641642930338,0.5748202664530674,9
R3,CR,CR,,,D16,dyn_len_mean,0.05,10,3.1045217316191955,0.009943718431955373,0.13478402805783185,29
R3,CR,CR,,,D16,dyn_len_mean,0.1,10,3.1045217316191955,0.009943718431955373,0.13478402805783185,27
R3,CR,CR,,,D16,frac_rewired,0.05,10,0.02416,0.0032995622605295864,0.02544,30
R3,CR,CR,,,D16,frac_rewired,0.1,10,0.02416,0.0032995622605295864,0.02544,23
R3,CR,CR,,,D2,diameter,0.05,10,6.0,0.0,92.0,1
R3,CR,CR,,,D2,diameter,0.1,10,6.0,0.0,92.0,1
R3,CR,CR,,,D2,aspl,0.05,10,4.147347002801121,0.0024985936715851646,29.186237022809124,1
R3,CR,CR,,,D2,aspl,0.1,10,4.147347002801121,0.0024985936715851646,29.186237022809124,1
R3,CR,CR,,,D2,efficiency,0.05,10,0.25237316473255966,0.00014519734511144684,0.2059081195960922,1
R3,CR,CR,,,D2,efficiency,0.1,10,0.25237316473255966,0.00014519734511144684,0.2059081195960922,1
R3,CR,CR,,,D2,clustering,0.05,10,0.009454561745444071,0.000532788806795623,0.01308949982525213,4
R3,CR,CR,,,D2,clustering,0.1,10,0.009454561745444071,0.000532788806795623,0.01308949982525213,3
R3,CR,CR,,,D2,H_norm,0.05,10,0.2572366371187776,0.0008263533866518143,0.22838929352223536,1
R3,CR,CR,,,D2,H_norm,0.1,10,0.2572366371187776,0.0008263533866518143,0.22838929352223536,1
R3,CR,CR,,,D2,k_max,0.05,10,19.7,1.4181364924121764,16.5,25
R3,CR,CR,,,D2,k_max,0.1,10,19.7,1.4181364924121764,16.5,2
R3,CR,CR,,,D2,k_gini,0.05,10,0.1383595717171717,0.0012957440637461537,0.12866993185843512,2
R3,CR,CR,,,D2,k_gini,0.1,10,0.1383595717171717,0.0012957440637461537,0.12866993185843512,1
R3,CR,CR,,,D2,modularity,0.05,10,0.39564397051321293,0.004917705202389427,0.47111239014867085,3
R3,CR,CR,,,D2,modularity,0.1,10,0.39564397051321293,0.004917705202389427,0.47111239014867085,2
R3,CR,CR,,,D2,n_communities,0.05,10,19.9,1.1972189997378648,8.700000000000001,23
R3,CR,CR,,,D2,n_communities,0.1,10,19.9,1.1972189997378648,8.700000000000001,15
R3,CR,CR,,,D2,assortativity,0.05,10,0.08083923192422215,0.007314232414097743,0.5759517532174258,4
R3,CR,CR,,,D2,assortativity,0.1,10,0.08083923192422215,0.007314232414097743,0.5759517532174258,3
R3,CR,CR,,,D2,dyn_len_mean,0.05,10,20.490190981475532,0.11638178203846941,5.053242223803512,9
R3,CR,CR,,,D2,dyn_len_mean,0.1,10,20.490190981475532,0.11638178203846941,5.053242223803512,7
R3,CR,CR,,,D2,frac_rewired,0.05,10,0.7802399999999999,0.009917347315576778,0.78208,4
R3,CR,CR,,,D2,frac_rewired,0.1,10,0.7802399999999999,0.009917347315576778,0.78208,3
R3,CR,CR,,,D4,diameter,0.05,10,8.0,0.0,90.0,1
R3,CR,CR,,,D4,diameter,0.1,10,8.0,0.0,90.0,1
R3,CR,CR,,,D4,aspl,0.05,10,4.4533987995198085,0.005650189941956328,28.880407010804326,1
R3,CR,CR,,,D4,aspl,0.1,10,4.4533987995198085,0.005650189941956328,28.880407010804326,1
R3,CR,CR,,,D4,efficiency,0.05,10,0.23873905474570778,0.0002452312696681936,0.19227749073502395,6
R3,CR,CR,,,D4,efficiency,0.1,10,0.23873905474570778,0.0002452312696681936,0.19227749073502395,4
R3,CR,CR,,,D4,clustering,0.05,10,0.026495830882792108,0.0011203604063098136,0.02978083754394926,14
R3,CR,CR,,,D4,clustering,0.1,10,0.026495830882792108,0.0011203604063098136,0.02978083754394926,8
R3,CR,CR,,,D4,H_norm,0.05,10,0.2601298787260092,0.0008187926944590178,0.2249854493593082,2
R3,CR,CR,,,D4,H_norm,0.1,10,0.2601298787260092,0.0008187926944590178,0.2249854493593082,2
R3,CR,CR,,,D4,k_max,0.05,10,20.9,1.449137674618944,18.1,28
R3,CR,CR,,,D4,k_max,0.1,10,20.9,1.449137674618944,18.1,11
R3,CR,CR,,,D4,k_gini,0.05,10,0.1450145909524582,0.0013038298703811557,0.12679263243450353,1
R3,CR,CR,,,D4,k_gini,0.1,10,0.1450145909524582,0.0013038298703811557,0.12679263243450353,1
R3,CR,CR,,,D4,modularity,0.05,10,0.5673750844007339,0.004587970113479002,0.30451223082401,4
R3,CR,CR,,,D4,modularity,0.1,10,0.5673750844007339,0.004587970113479002,0.30451223082401,3
R3,CR,CR,,,D4,n_communities,0.05,10,6.5,0.5270462766947299,15.8,3
R3,CR,CR,,,D4,n_communities,0.1,10,6.5,0.5270462766947299,15.8,3
R3,CR,CR,,,D4,assortativity,0.05,10,0.16744425441451966,0.0111956616537003,0.49804883397197774,5
R3,CR,CR,,,D4,assortativity,0.1,10,0.16744425441451966,0.0111956616537003,0.49804883397197774,4
R3,CR,CR,,,D4,dyn_len_mean,0.05,10,10.852881005397142,0.04652144292343883,1.556787378290073,17
R3,CR,CR,,,D4,dyn_len_mean,0.1,10,10.852881005397142,0.04652144292343883,1.556787378290073,14
R3,CR,CR,,,D4,frac_rewired,0.05,10,0.329,0.010953233921236842,0.33424,12
R3,CR,CR,,,D4,frac_rewired,0.1,10,0.329,0.010953233921236842,0.33424,8
R3,CR,CR,,,D8,diameter,0.05,10,13.8,0.42163702135578396,84.2,4
R3,CR,CR,,,D8,diameter,0.1,10,13.8,0.42163702135578396,84.2,2
R3,CR,CR,,,D8,aspl,0.05,10,6.075888403361344,0.02275752250695977,27.257444929971992,4
R3,CR,CR,,,D8,aspl,0.1,10,6.075888403361344,0.02275752250695977,27.257444929971992,2
R3,CR,CR,,,D8,efficiency,0.05,10,0.18844658291821553,0.0005523934130956567,0.14196363111431923,15
R3,CR,CR,,,D8,efficiency,0.1,10,0.18844658291821553,0.0005523934130956567,0.14196363111431923,9
R3,CR,CR,,,D8,clustering,0.05,10,0.07385455664734283,0.0016941818774566153,0.07730482825018102,8
R3,CR,CR,,,D8,clustering,0.1,10,0.07385455664734283,0.0016941818774566153,0.07730482825018102,7
R3,CR,CR,,,D8,H_norm,0.05,10,0.25917007186739893,0.0007019680022273937,0.22317021164120093,7
R3,CR,CR,,,D8,H_norm,0.1,10,0.25917007186739893,0.0007019680022273937,0.22317021164120093,5
R3,CR,CR,,,D8,k_max,0.05,10,18.9,1.1005049346146119,15.3,20
R3,CR,CR,,,D8,k_max,0.1,10,18.9,1.1005049346146119,15.3,18
R3,CR,CR,,,D8,k_gini,0.05,10,0.1407657353054647,0.0012709785496038452,0.12219537221029411,4
R3,CR,CR,,,D8,k_gini,0.1,10,0.1407657353054647,0.0012709785496038452,0.12219537221029411,2
R3,CR,CR,,,D8,modularity,0.05,10,0.7103957564944959,0.008413067008832818,0.15701539465025993,12
R3,CR,CR,,,D8,modularity,0.1,10,0.7103957564944959,0.008413067008832818,0.15701539465025993,9
R3,CR,CR,,,D8,n_communities,0.05,10,8.6,0.5163977794943222,13.600000000000001,12
R3,CR,CR,,,D8,n_communities,0.1,10,8.6,0.5163977794943222,13.600000000000001,8
R3,CR,CR,,,D8,assortativity,0.05,10,0.09342452097184702,0.00983968524725584,0.5576990931174145,14
R3,CR,CR,,,D8,assortativity,0.1,10,0.09342452097184702,0.00983968524725584,0.5576990931174145,8
R3,CR,CR,,,D8,dyn_len_mean,0.05,10,5.598603265934277,0.0272365998144453,0.565771648979748,28
R3,CR,CR,,,D8,dyn_len_mean,0.1,10,5.598603265934277,0.0272365998144453,0.565771648979748,26
R3,CR,CR,,,D8,frac_rewired,0.05,10,0.1096,0.004389887368841154,0.11220000000000001,20
R3,CR,CR,,,D8,frac_rewired,0.1,10,0.1096,0.004389887368841154,0.11220000000000001,16
R3,N2Vp0_25q0_25,N2V,0.25,0.25,D16,diameter,0.05,10,25.8,0.4216370213557835,72.5,3
R3,N2Vp0_25q0_25,N2V,0.25,0.25,D16,diameter,0.1,10,25.8,0.4216370213557835,72.5,2
R3,N2Vp0_25q0_25,N2V,0.25,0.25,D16,aspl,0.05,10,10.572940216086435,0.06832130451140898,22.813985498199283,4
R3,N2Vp0_25q0_25,N2V,0.25,0.25,D16,aspl,0.1,10,10.572940216086435,0.06832130451140898,22.813985498199283,2
R3,N2Vp0_25q0_25,N2V,0.25,0.25,D16,efficiency,0.05,10,0.12314937745308582,0.0005699045175965943,0.07700592872040138,7
R3,N2Vp0_25q0_25,N2V,0.25,0.25,D16,efficiency,0.1,10,0.12314937745308582,0.0005699045175965943,0.07700592872040138,5
R3,N2Vp0_25q0_25,N2V,0.25,0.25,D16,clustering,0.05,10,0.13609239533668901,0.0028967318335750064,0.13957005427905406,4
R3,N2Vp0_25q0_25,N2V,0.25,0.25,D16,clustering,0.1,10,0.13609239533668901,0.0028967318335750064,0.13957005427905406,3
R3,N2Vp0_25q0_25,N2V,0.25,0.25,D16,H_norm,0.05,10,0.23419702398254363,0.0020933953461447453,0.199058547720985,3
R3,N2Vp0_25q0_25,N2V,0.25,0.25,D16,H_norm,0.1,10,0.23419702398254363,0.0020933953461447453,0.199058547720985,2
R3,N2Vp0_25q0_25,N2V,0.25,0.25,D16,k_max,0.05,10,15.8,0.9189365834726807,12.2,28
R3,N2Vp0_25q0_25,N2V,0.25,0.25,D16,k_max,0.1,10,15.8,0.9189365834726807,12.2,5
R3,N2Vp0_25q0_25,N2V,0.25,0.25,D16,k_gini,0.05,10,0.10981205252525254,0.002137499708643472,0.10053311665187811,5
R3,N2Vp0_25q0_25,N2V,0.25,0.25,D16,k_gini,0.1,10,0.10981205252525254,0.002137499708643472,0.10053311665187811,1
R3,N2Vp0_25q0_25,N2V,0.25,0.25,D16,modularity,0.05,10,0.8115803739414347,0.0018871497634324573,0.052658328113880826,8
R3,N2Vp0_25q0_25,N2V,0.25,0.25,D16,modularity,0.1,10,0.8115803739414347,0.0018871497634324573,0.052658328113880826,6
R3,N2Vp0_25q0_25,N2V,0.25,0.25,D16,n_communities,0.05,10,15.0,1.05409255338946,7.500000000000002,30
R3,N2Vp0_25q0_25,N2V,0.25,0.25,D16,n_communities,0.1,10,15.0,1.05409255338946,7.500000000000002,28
R3,N2Vp0_25q0_25,N2V,0.25,0.25,D16,assortativity,0.05,10,-0.03394629907534564,0.008339009105945898,0.6844415971671701,5
R3,N2Vp0_25q0_25,N2V,0.25,0.25,D16,assortativity,0.1,10,-0.03394629907534564,0.008339009105945898,0.6844415971671701,3
R3,N2Vp0_25q0_25,N2V,0.25,0.25,D16,dyn_len_mean,0.05,10,2.9415187155997793,0.013477054690305489,0.09212704403696081,20
R3,N2Vp0_25q0_25,N2V,0.25,0.25,D16,dyn_len_mean,0.1,10,2.9415187155997793,0.013477054690305489,0.09212704403696081,17
R3,N2Vp0_25q0_25,N2V,0.25,0.25,D16,frac_rewired,0.05,10,0.33716,0.009400614637115785,0.34152,9
R3,N2Vp0_25q0_25,N2V,0.25,0.25,D16,frac_rewired,0.1,10,0.33716,0.009400614637115785,0.34152,8
R3,N2Vp0_25q0_25,N2V,0.25,0.25,D2,diameter,0.05,10,7.0,0.0,91.0,1
R3,N2Vp0_25q0_25,N2V,0.25,0.25,D2,diameter,0.1,10,7.0,0.0,91.0,1
R3,N2Vp0_25q0_25,N2V,0.25,0.25,D2,aspl,0.05,10,4.3302970148059226,0.00584863193670983,29.006216662665068,1
R3,N2Vp0_25q0_25,N2V,0.25,0.25,D2,aspl,0.1,10,4.3302970148059226,0.00584863193670983,29.006216662665068,1
R3,N2Vp0_25q0_25,N2V,0.25,0.25,D2,efficiency,0.05,10,0.2423784589645382,0.00030228068249071345,0.19606318611793905,4
R3,N2Vp0_25q0_25,N2V,0.25,0.25,D2,efficiency,0.1,10,0.2423784589645382,0.00030228068249071345,0.19606318611793905,2
R3,N2Vp0_25q0_25,N2V,0.25,0.25,D2,clustering,0.05,10,0.05505476852353049,0.001386590266684856,0.05505476852353049,9
R3,N2Vp0_25q0_25,N2V,0.25,0.25,D2,clustering,0.1,10,0.05505476852353049,0.001386590266684856,0.05505476852353049,7
R3,N2Vp0_25q0_25,N2V,0.25,0.25,D2,H_norm,0.05,10,0.23532647927034697,0.0010239793563474179,0.19932025992971078,2
R3,N2Vp0_25q0_25,N2V,0.25,0.25,D2,H_norm,0.1,10,0.23532647927034697,0.0010239793563474179,0.19932025992971078,1
R3,N2Vp0_25q0_25,N2V,0.25,0.25,D2,k_max,0.05,10,16.4,1.712697677155351,13.100000000000001,20
R3,N2Vp0_25q0_25,N2V,0.25,0.25,D2,k_max,0.1,10,16.4,1.712697677155351,13.100000000000001,2
R3,N2Vp0_25q0_25,N2V,0.25,0.25,D2,k_gini,0.05,10,0.11195101818181814,0.0012093604285781355,0.0931183847454132,3
R3,N2Vp0_25q0_25,N2V,0.25,0.25,D2,k_gini,0.1,10,0.11195101818181814,0.0012093604285781355,0.0931183847454132,2
R3,N2Vp0_25q0_25,N2V,0.25,0.25,D2,modularity,0.05,10,0.4956649795939191,0.005773342612229999,0.37001002217620865,13
R3,N2Vp0_25q0_25,N2V,0.25,0.25,D2,modularity,0.1,10,0.4956649795939191,0.005773342612229999,0.37001002217620865,10
R3,N2Vp0_25q0_25,N2V,0.25,0.25,D2,n_communities,0.05,10,16.1,1.5238839267549948,14.3,29
R3,N2Vp0_25q0_25,N2V,0.25,0.25,D2,n_communities,0.1,10,16.1,1.5238839267549948,14.3,18
R3,N2Vp0_25q0_25,N2V,0.25,0.25,D2,assortativity,0.05,10,-0.02227041259008537,0.009454505540038512,0.6773363362681607,1
R3,N2Vp0_25q0_25,N2V,0.25,0.25,D2,assortativity,0.1,10,-0.02227041259008537,0.009454505540038512,0.6773363362681607,1
R3,N2Vp0_25q0_25,N2V,0.25,0.25,D2,dyn_len_mean,0.05,10,16.483308539601353,0.177325454105035,9.29734440736207,19
R3,N2Vp0_25q0_25,N2V,0.25,0.25,D2,dyn_len_mean,0.1,10,16.483308539601353,0.177325454105035,9.29734440736207,15
R3,N2Vp0_25q0_25,N2V,0.25,0.25,D2,frac_rewired,0.05,10,0.9082000000000001,0.008167687011088953,0.98568,6
R3,N2Vp0_25q0_25,N2V,0.25,0.25,D2,frac_rewired,0.1,10,0.9082000000000001,0.008167687011088953,0.98568,2
R3,N2Vp0_25q0_25,N2V,0.25,0.25,D4,diameter,0.05,10,9.3,0.483045891539648,88.9,1
R3,N2Vp0_25q0_25,N2V,0.25,0.25,D4,diameter,0.1,10,9.3,0.483045891539648,88.9,1
R3,N2Vp0_25q0_25,N2V,0.25,0.25,D4,aspl,0.05,10,4.979342168867547,0.016431601695984722,28.369247122849142,1
R3,N2Vp0_25q0_25,N2V,0.25,0.25,D4,aspl,0.1,10,4.979342168867547,0.016431601695984722,28.369247122849142,1
R3,N2Vp0_25q0_25,N2V,0.25,0.25,D4,efficiency,0.05,10,0.21828456680449954,0.0005711533577264459,0.17231152220157886,2
R3,N2Vp0_25q0_25,N2V,0.25,0.25,D4,efficiency,0.1,10,0.21828456680449954,0.0005711533577264459,0.17231152220157886,1
R3,N2Vp0_25q0_25,N2V,0.25,0.25,D4,clustering,0.05,10,0.052960470738412334,0.0018305589162188095,0.054196593347829024,9
R3,N2Vp0_25q0_25,N2V,0.25,0.25,D4,clustering,0.1,10,0.052960470738412334,0.0018305589162188095,0.054196593347829024,3
R3,N2Vp0_25q0_25,N2V,0.25,0.25,D4,H_norm,0.05,10,0.23506412819863573,0.0013803601314495615,0.19981465453643835,1
R3,N2Vp0_25q0_25,N2V,0.25,0.25,D4,H_norm,0.1,10,0.23506412819863573,0.0013803601314495615,0.19981465453643835,1
R3,N2Vp0_25q0_25,N2V,0.25,0.25,D4,k_max,0.05,10,16.3,1.0593499054713804,13.100000000000001,27
R3,N2Vp0_25q0_25,N2V,0.25,0.25,D4,k_max,0.1,10,16.3,1.0593499054713804,13.100000000000001,2
R3,N2Vp0_25q0_25,N2V,0.25,0.25,D4,k_gini,0.05,10,0.11136522828282827,0.001118875503404491,0.09357300292723143,2
R3,N2Vp0_25q0_25,N2V,0.25,0.25,D4,k_gini,0.1,10,0.11136522828282827,0.001118875503404491,0.09357300292723143,1
R3,N2Vp0_25q0_25,N2V,0.25,0.25,D4,modularity,0.05,10,0.6466145179063361,0.0061719689237952425,0.22063900850413443,5
R3,N2Vp0_25q0_25,N2V,0.25,0.25,D4,modularity,0.1,10,0.6466145179063361,0.0061719689237952425,0.22063900850413443,3
R3,N2Vp0_25q0_25,N2V,0.25,0.25,D4,n_communities,0.05,10,6.8,0.9189365834726815,15.000000000000002,1
R3,N2Vp0_25q0_25,N2V,0.25,0.25,D4,n_communities,0.1,10,6.8,0.9189365834726815,15.000000000000002,1
R3,N2Vp0_25q0_25,N2V,0.25,0.25,D4,assortativity,0.05,10,-0.027811718220606057,0.008601121108811841,0.6784777047994109,1
R3,N2Vp0_25q0_25,N2V,0.25,0.25,D4,assortativity,0.1,10,-0.027811718220606057,0.008601121108811841,0.6784777047994109,1
R3,N2Vp0_25q0_25,N2V,0.25,0.25,D4,dyn_len_mean,0.05,10,9.089278668620548,0.06894598219165421,2.397941904496845,12
R3,N2Vp0_25q0_25,N2V,0.25,0.25,D4,dyn_len_mean,0.1,10,9.089278668620548,0.06894598219165421,2.397941904496845,10
R3,N2Vp0_25q0_25,N2V,0.25,0.25,D4,frac_rewired,0.05,10,0.8079599999999999,0.00779390074923264,0.84764,2
R3,N2Vp0_25q0_25,N2V,0.25,0.25,D4,frac_rewired,0.1,10,0.8079599999999999,0.00779390074923264,0.84764,2
R3,N2Vp0_25q0_25,N2V,0.25,0.25,D8,diameter,0.05,10,15.0,0.0,83.2,1
R3,N2Vp0_25q0_25,N2V,0.25,0.25,D8,diameter,0.1,10,15.0,0.0,83.2,1
R3,N2Vp0_25q0_25,N2V,0.25,0.25,D8,aspl,0.05,10,6.752353709483794,0.03944397605761523,26.590835374149663,1
R3,N2Vp0_25q0_25,N2V,0.25,0.25,D8,aspl,0.1,10,6.752353709483794,0.03944397605761523,26.590835374149663,1
R3,N2Vp0_25q0_25,N2V,0.25,0.25,D8,efficiency,0.05,10,0.17428639096140172,0.0007421899052703989,0.12795357988805672,3
R3,N2Vp0_25q0_25,N2V,0.25,0.25,D8,efficiency,0.1,10,0.17428639096140172,0.0007421899052703989,0.12795357988805672,2
R3,N2Vp0_25q0_25,N2V,0.25,0.25,D8,clustering,0.05,10,0.06519907642752856,0.0016804936585891874,0.06637714235437778,2
R3,N2Vp0_25q0_25,N2V,0.25,0.25,D8,clustering,0.1,10,0.06519907642752856,0.0016804936585891874,0.06637714235437778,2
R3,N2Vp0_25q0_25,N2V,0.25,0.25,D8,H_norm,0.05,10,0.235596684335539,0.00099599550639203,0.200228911636548,2
R3,N2Vp0_25q0_25,N2V,0.25,0.25,D8,H_norm,0.1,10,0.235596684335539,0.00099599550639203,0.200228911636548,1
R3,N2Vp0_25q0_25,N2V,0.25,0.25,D8,k_max,0.05,10,16.6,1.07496769977314,13.5,25
R3,N2Vp0_25q0_25,N2V,0.25,0.25,D8,k_max,0.1,10,16.6,1.07496769977314,13.5,3
R3,N2Vp0_25q0_25,N2V,0.25,0.25,D8,k_gini,0.05,10,0.11166376565656566,0.001042889213903398,0.09515998636294827,1
R3,N2Vp0_25q0_25,N2V,0.25,0.25,D8,k_gini,0.1,10,0.11166376565656566,0.001042889213903398,0.09515998636294827,1
R3,N2Vp0_25q0_25,N2V,0.25,0.25,D8,modularity,0.05,10,0.7427555127027854,0.008450042440360097,0.127065996056425,3
R3,N2Vp0_25q0_25,N2V,0.25,0.25,D8,modularity,0.1,10,0.7427555127027854,0.008450042440360097,0.127065996056425,2
R3,N2Vp0_25q0_25,N2V,0.25,0.25,D8,n_communities,0.05,10,9.2,1.1352924243950933,12.900000000000002,8
R3,N2Vp0_25q0_25,N2V,0.25,0.25,D8,n_communities,0.1,10,9.2,1.1352924243950933,12.900000000000002,1
R3,N2Vp0_25q0_25,N2V,0.25,0.25,D8,assortativity,0.05,10,-0.01952885816364994,0.006684366629776028,0.6806380263293254,2
R3,N2Vp0_25q0_25,N2V,0.25,0.25,D8,assortativity,0.1,10,-0.01952885816364994,0.006684366629776028,0.6806380263293254,2
R3,N2Vp0_25q0_25,N2V,0.25,0.25,D8,dyn_len_mean,0.05,10,5.142059918147458,0.030841418353468552,0.4618190205283632,12
R3,N2Vp0_25q0_25,N2V,0.25,0.25,D8,dyn_len_mean,0.1,10,5.142059918147458,0.030841418353468552,0.4618190205283632,11
R3,N2Vp0_25q0_25,N2V,0.25,0.25,D8,frac_rewired,0.05,10,0.61852,0.012453718766340894,0.6237999999999999,4
R3,N2Vp0_25q0_25,N2V,0.25,0.25,D8,frac_rewired,0.1,10,0.61852,0.012453718766340894,0.6237999999999999,4
R3,N2Vp0_25q0_5,N2V,0.25,0.5,D16,diameter,0.05,10,25.3,0.6749485577105525,72.7,3
R3,N2Vp0_25q0_5,N2V,0.25,0.5,D16,diameter,0.1,10,25.3,0.6749485577105525,72.7,2
R3,N2Vp0_25q0_5,N2V,0.25,0.5,D16,aspl,0.05,10,10.56747262104842,0.05880142034964347,22.773814965986396,4
R3,N2Vp0_25q0_5,N2V,0.25,0.5,D16,aspl,0.1,10,10.56747262104842,0.05880142034964347,22.773814965986396,2
R3,N2Vp0_25q0_5,N2V,0.25,0.5,D16,efficiency,0.05,10,0.12316866688015973,0.0005148973777764401,0.07670709527432687,7
R3,N2Vp0_25q0_5,N2V,0.25,0.5,D16,efficiency,0.1,10,0.12316866688015973,0.0005148973777764401,0.07670709527432687,4
R3,N2Vp0_25q0_5,N2V,0.25,0.5,D16,clustering,0.05,10,0.13528163947163918,0.0016557726583942456,0.13861792292021669,4
R3,N2Vp0_25q0_5,N2V,0.25,0.5,D16,clustering,0.1,10,0.13528163947163918,0.0016557726583942456,0.13861792292021669,3
R3,N2Vp0_25q0_5,N2V,0.25,0.5,D16,H_norm,0.05,10,0.23424756812550424,0.0007613499650039912,0.1988240129439596,3
R3,N2Vp0_25q0_5,N2V,0.25,0.5,D16,H_norm,0.1,10,0.23424756812550424,0.0007613499650039912,0.1988240129439596,2
R3,N2Vp0_25q0_5,N2V,0.25,0.5,D16,k_max,0.05,10,14.8,0.632455532033676,11.8,29
R3,N2Vp0_25q0_5,N2V,0.25,0.5,D16,k_max,0.1,10,14.8,0.632455532033676,11.8,4
R3,N2Vp0_25q0_5,N2V,0.25,0.5,D16,k_gini,0.05,10,0.10978986666666665,0.0008962952633365137,0.10139959742934115,5
R3,N2Vp0_25q0_5,N2V,0.25,0.5,D16,k_gini,0.1,10,0.10978986666666665,0.0008962952633365137,0.10139959742934115,3
R3,N2Vp0_25q0_5,N2V,0.25,0.5,D16,modularity,0.05,10,0.8112134445464749,0.0035791227252282417,0.052947482639426724,11
R3,N2Vp0_25q0_5,N2V,0.25,0.5,D16,modularity,0.1,10,0.8112134445464749,0.0035791227252282417,0.052947482639426724,7
R3,N2Vp0_25q0_5,N2V,0.25,0.5,D16,n_communities,0.05,10,15.0,0.816496580927726,7.200000000000001,27
R3,N2Vp0_25q0_5,N2V,0.25,0.5,D16,n_communities,0.1,10,15.0,0.816496580927726,7.200000000000001,23
R3,N2Vp0_25q0_5,N2V,0.25,0.5,D16,assortativity,0.05,10,-0.0303661799782989,0.00956978241967089,0.6830647135389843,5
R3,N2Vp0_25q0_5,N2V,0.25,0.5,D16,assortativity,0.1,10,-0.0303661799782989,0.00956978241967089,0.6830647135389843,3
R3,N2Vp0_25q0_5,N2V,0.25,0.5,D16,dyn_len_mean,0.05,10,2.9371632834808166,0.010076839141540493,0.08234639779655151,25
R3,N2Vp0_25q0_5,N2V,0.25,0.5,D16,dyn_len_mean,0.1,10,2.9371632834808166,0.010076839141540493,0.08234639779655151,22
R3,N2Vp0_25q0_5,N2V,0.25,0.5,D16,frac_rewired,0.05,10,0.33496,0.014302385193464143,0.34887999999999997,9
R3,N2Vp0_25q0_5,N2V,0.25,0.5,D16,frac_rewired,0.1,10,0.33496,0.014302385193464143,0.34887999999999997,7
R3,N2Vp0_25q0_5,N2V,0.25,0.5,D2,diameter,0.05,10,7.0,0.0,91.0,1
R3,N2Vp0_25q0_5,N2V,0.25,0.5,D2,diameter,0.1,10,7.0,0.0,91.0,1
R3,N2Vp0_25q0_5,N2V,0.25,0.5,D2,aspl,0.05,10,4.337675166066427,0.005401701460900236,28.998839951980795,1
R3,N2Vp0_25q0_5,N2V,0.25,0.5,D2,aspl,0.1,10,4.337675166066427,0.005401701460900236,28.998839951980795,1
R3,N2Vp0_25q0_5,N2V,0.25,0.5,D2,efficiency,0.05,10,0.24201035225518774,0.00027980473515188526,0.19571906492660537,4
R3,N2Vp0_25q0_5,N2V,0.25,0.5,D2,efficiency,0.1,10,0.24201035225518774,0.00027980473515188526,0.19571906492660537,2
R3,N2Vp0_25q0_5,N2V,0.25,0.5,D2,clustering,0.05,10,0.055770467880932664,0.0014177524178605595,0.056201235065588294,10
R3,N2Vp0_25q0_5,N2V,0.25,0.5,D2,clustering,0.1,10,0.055770467880932664,0.0014177524178605595,0.056201235065588294,8
R3,N2Vp0_25q0_5,N2V,0.25,0.5,D2,H_norm,0.05,10,0.2343399563695852,0.001428423787694361,0.20004713971991064,1
R3,N2Vp0_25q0_5,N2V,0.25,0.5,D2,H_norm,0.1,10,0.2343399563695852,0.001428423787694361,0.20004713971991064,1
R3,N2Vp0_25q0_5,N2V,0.25,0.5,D2,k_max,0.05,10,16.7,1.6363916944844767,13.3,21
R3,N2Vp0_25q0_5,N2V,0.25,0.5,D2,k_max,0.1,10,16.7,1.6363916944844767,13.3,2
R3,N2Vp0_25q0_5,N2V,0.25,0.5,D2,k_gini,0.05,10,0.11066981414141415,0.0014466774605906303,0.09379589181612032,2
R3,N2Vp0_25q0_5,N2V,0.25,0.5,D2,k_gini,0.1,10,0.11066981414141415,0.0014466774605906303,0.09379589181612032,2
R3,N2Vp0_25q0_5,N2V,0.25,0.5,D2,modularity,0.05,10,0.5021119324558718,0.00421692341525788,0.3648352037903297,12
R3,N2Vp0_25q0_5,N2V,0.25,0.5,D2,modularity,0.1,10,0.5021119324558718,0.00421692341525788,0.3648352037903297,9
R3,N2Vp0_25q0_5,N2V,0.25,0.5,D2,n_communities,0.05,10,16.0,0.9428090415820635,14.200000000000001,23
R3,N2Vp0_25q0_5,N2V,0.25,0.5,D2,n_communities,0.1,10,16.0,0.9428090415820635,14.200000000000001,18
R3,N2Vp0_25q0_5,N2V,0.25,0.5,D2,assortativity,0.05,10,-0.018675753794849488,0.009124590218203067,0.6793598824383945,1
R3,N2Vp0_25q0_5,N2V,0.25,0.5,D2,assortativity,0.1,10,-0.018675753794849488,0.009124590218203067,0.6793598824383945,1
R3,N2Vp0_25q0_5,N2V,0.25,0.5,D2,dyn_len_mean,0.05,10,16.319682411163686,0.14029749876700828,9.078319150791145,18
R3,N2Vp0_25q0_5,N2V,0.25,0.5,D2,dyn_len_mean,0.1,10,16.319682411163686,0.14029749876700828,9.078319150791145,15
R3,N2Vp0_25q0_5,N2V,0.25,0.5,D2,frac_rewired,0.05,10,0.91232,0.006173203742340317,0.9854,6
R3,N2Vp0_25q0_5,N2V,0.25,0.5,D2,frac_rewired,0.1,10,0.91232,0.006173203742340317,0.9854,2
R3,N2Vp0_25q0_5,N2V,0.25,0.5,D4,diameter,0.05,10,9.3,0.4830458915396481,88.8,1
R3,N2Vp0_25q0_5,N2V,0.25,0.5,D4,diameter,0.1,10,9.3,0.4830458915396481,88.8,1
R3,N2Vp0_25q0_5,N2V,0.25,0.5,D4,aspl,0.05,10,4.975624521808724,0.012254886623357261,28.365138343337335,1
R3,N2Vp0_25q0_5,N2V,0.25,0.5,D4,aspl,0.1,10,4.975624521808724,0.012254886623357261,28.365138343337335,1
R3,N2Vp0_25q0_5,N2V,0.25,0.5,D4,efficiency,0.05,10,0.21838073933065286,0.00035388209017692503,0.17212192289518963,3
R3,N2Vp0_25q0_5,N2V,0.25,0.5,D4,efficiency,0.1,10,0.21838073933065286,0.00035388209017692503,0.17212192289518963,1
R3,N2Vp0_25q0_5,N2V,0.25,0.5,D4,clustering,0.05,10,0.05381421695298205,0.0030998048126339287,0.05381421695298205,14
R3,N2Vp0_25q0_5,N2V,0.25,0.5,D4,clustering,0.1,10,0.05381421695298205,0.0030998048126339287,0.05381421695298205,8
R3,N2Vp0_25q0_5,N2V,0.25,0.5,D4,H_norm,0.05,10,0.23581350922824335,0.0012499263480234214,0.20012752440676523,1
R3,N2Vp0_25q0_5,N2V,0.25,0.5,D4,H_norm,0.1,10,0.23581350922824335,0.0012499263480234214,0.20012752440676523,1
R3,N2Vp0_25q0_5,N2V,0.25,0.5,D4,k_max,0.05,10,15.9,0.5676462121975467,13.100000000000001,28
R3,N2Vp0_25q0_5,N2V,0.25,0.5,D4,k_max,0.1,10,15.9,0.5676462121975467,13.100000000000001,2
R3,N2Vp0_25q0_5,N2V,0.25,0.5,D4,k_gini,0.05,10,0.11203905858585858,0.0013673540728814013,0.09368983929086779,3
R3,N2Vp0_25q0_5,N2V,0.25,0.5,D4,k_gini,0.1,10,0.11203905858585858,0.0013673540728814013,0.09368983929086779,1
R3,N2Vp0_25q0_5,N2V,0.25,0.5,D4,modularity,0.05,10,0.6482537873686358,0.004631879604998546,0.2199977249616386,5
R3,N2Vp0_25q0_5,N2V,0.25,0.5,D4,modularity,0.1,10,0.6482537873686358,0.004631879604998546,0.2199977249616386,3
R3,N2Vp0_25q0_5,N2V,0.25,0.5,D4,n_communities,0.05,10,7.1,1.1005049346146116,14.900000000000002,1
R3,N2Vp0_25q0_5,N2V,0.25,0.5,D4,n_communities,0.1,10,7.1,1.1005049346146116,14.900000000000002,1
R3,N2Vp0_25q0_5,N2V,0.25,0.5,D4,assortativity,0.05,10,-0.024069764517452692,0.012800333293490103,0.6844273857163816,1
R3,N2Vp0_25q0_5,N2V,0.25,0.5,D4,assortativity,0.1,10,-0.024069764517452692,0.012800333293490103,0.6844273857163816,1
R3,N2Vp0_25q0_5,N2V,0.25,0.5,D4,dyn_len_mean,0.05,10,9.091594720660325,0.06376855105794382,2.3936489965244094,13
R3,N2Vp0_25q0_5,N2V,0.25,0.5,D4,dyn_len_mean,0.1,10,9.091594720660325,0.06376855105794382,2.3936489965244094,10
R3,N2Vp0_25q0_5,N2V,0.25,0.5,D4,frac_rewired,0.05,10,0.80784,0.007561775217794054,0.8472799999999999,2
R3,N2Vp0_25q0_5,N2V,0.25,0.5,D4,frac_rewired,0.1,10,0.80784,0.007561775217794054,0.8472799999999999,2
R3,N2Vp0_25q0_5,N2V,0.25,0.5,D8,diameter,0.05,10,15.1,0.31622776601683794,83.2,1
R3,N2Vp0_25q0_5,N2V,0.25,0.5,D8,diameter,0.1,10,15.1,0.31622776601683794,83.2,1
R3,N2Vp0_25q0_5,N2V,0.25,0.5,D8,aspl,0.05,10,6.7980898279311734,0.039838684592162256,26.58066753101241,1
R3,N2Vp0_25q0_5,N2V,0.25,0.5,D8,aspl,0.1,10,6.7980898279311734,0.039838684592162256,26.58066753101241,1
R3,N2Vp0_25q0_5,N2V,0.25,0.5,D8,efficiency,0.05,10,0.17347288405996206,0.0007157367744391674,0.12774471968463466,3
R3,N2Vp0_25q0_5,N2V,0.25,0.5,D8,efficiency,0.1,10,0.17347288405996206,0.0007157367744391674,0.12774471968463466,2
R3,N2Vp0_25q0_5,N2V,0.25,0.5,D8,clustering,0.05,10,0.06495503195497324,0.0012213074401057125,0.067851810496693,2
R3,N2Vp0_25q0_5,N2V,0.25,0.5,D8,clustering,0.1,10,0.06495503195497324,0.0012213074401057125,0.067851810496693,2
R3,N2Vp0_25q0_5,N2V,0.25,0.5,D8,H_norm,0.05,10,0.23597346949227643,0.0013443669761545175,0.2003337768681244,2
R3,N2Vp0_25q0_5,N2V,0.25,0.5,D8,H_norm,0.1,10,0.23597346949227643,0.0013443669761545175,0.2003337768681244,1
R3,N2Vp0_25q0_5,N2V,0.25,0.5,D8,k_max,0.05,10,16.0,0.9428090415820632,12.8,26
R3,N2Vp0_25q0_5,N2V,0.25,0.5,D8,k_max,0.1,10,16.0,0.9428090415820632,12.8,3
R3,N2Vp0_25q0_5,N2V,0.25,0.5,D8,k_gini,0.05,10,0.11197293737373737,0.0013163809143859383,0.09633571929146859,1
R3,N2Vp0_25q0_5,N2V,0.25,0.5,D8,k_gini,0.1,10,0.11197293737373737,0.0013163809143859383,0.09633571929146859,1
R3,N2Vp0_25q0_5,N2V,0.25,0.5,D8,modularity,0.05,10,0.745493748597082,0.006850453162295987,0.12550564915304774,29
R3,N2Vp0_25q0_5,N2V,0.25,0.5,D8,modularity,0.1,10,0.745493748597082,0.006850453162295987,0.12550564915304774,2
R3,N2Vp0_25q0_5,N2V,0.25,0.5,D8,n_communities,0.05,10,9.2,0.9189365834726816,12.8,5
R3,N2Vp0_25q0_5,N2V,0.25,0.5,D8,n_communities,0.1,10,9.2,0.9189365834726816,12.8,1
R3,N2Vp0_25q0_5,N2V,0.25,0.5,D8,assortativity,0.05,10,-0.02097083036402269,0.009130203472728556,0.6803888681820549,2
R3,N2Vp0_25q0_5,N2V,0.25,0.5,D8,assortativity,0.1,10,-0.02097083036402269,0.009130203472728556,0.6803888681820549,2
R3,N2Vp0_25q0_5,N2V,0.25,0.5,D8,dyn_len_mean,0.05,10,5.136959256071436,0.029136833408183415,0.47732438119888165,16
R3,N2Vp0_25q0_5,N2V,0.25,0.5,D8,dyn_len_mean,0.1,10,5.136959256071436,0.029136833408183415,0.47732438119888165,11
R3,N2Vp0_25q0_5,N2V,0.25,0.5,D8,frac_rewired,0.05,10,0.62196,0.010924305215639352,0.6312800000000001,4
R3,N2Vp0_25q0_5,N2V,0.25,0.5,D8,frac_rewired,0.1,10,0.62196,0.010924305215639352,0.6312800000000001,4
R3,N2Vp0_25q1,N2V,0.25,1.0,D16,diameter,0.05,10,25.8,0.7888106377466142,72.5,3
R3,N2Vp0_25q1,N2V,0.25,1.0,D16,diameter,0.1,10,25.8,0.7888106377466142,72.5,2
R3,N2Vp0_25q1,N2V,0.25,1.0,D16,aspl,0.05,10,10.568673229291717,0.062234825810706565,22.779412693077234,3
R3,N2Vp0_25q1,N2V,0.25,1.0,D16,aspl,0.1,10,10.568673229291717,0.062234825810706565,22.779412693077234,2
R3,N2Vp0_25q1,N2V,0.25,1.0,D16,efficiency,0.05,10,0.12320507793101365,0.0005256690622826714,0.07683301439312382,6
R3,N2Vp0_25q1,N2V,0.25,1.0,D16,efficiency,0.1,10,0.12320507793101365,0.0005256690622826714,0.07683301439312382,4
R3,N2Vp0_25q1,N2V,0.25,1.0,D16,clustering,0.05,10,0.13520848508354372,0.003753389777503854,0.1386921900648368,4
R3,N2Vp0_25q1,N2V,0.25,1.0,D16,clustering,0.1,10,0.13520848508354372,0.003753389777503854,0.1386921900648368,3
R3,N2Vp0_25q1,N2V,0.25,1.0,D16,H_norm,0.05,10,0.23435471732428903,0.0009960760583139613,0.19921111133287425,3
R3,N2Vp0_25q1,N2V,0.25,1.0,D16,H_norm,0.1,10,0.23435471732428903,0.0009960760583139613,0.19921111133287425,2
R3,N2Vp0_25q1,N2V,0.25,1.0,D16,k_max,0.05,10,15.6,0.8432740427115677,12.7,22
R3,N2Vp0_25q1,N2V,0.25,1.0,D16,k_max,0.1,10,15.6,0.8432740427115677,12.7,4
R3,N2Vp0_25q1,N2V,0.25,1.0,D16,k_gini,0.05,10,0.11002855353535348,0.0009713854058519849,0.10075020532225751,5
R3,N2Vp0_25q1,N2V,0.25,1.0,D16,k_gini,0.1,10,0.11002855353535348,0.0009713854058519849,0.10075020532225751,1
R3,N2Vp0_25q1,N2V,0.25,1.0,D16,modularity,0.05,10,0.8107893980206102,0.0029990930193084585,0.053610581812980285,12
R3,N2Vp0_25q1,N2V,0.25,1.0,D16,modularity,0.1,10,0.8107893980206102,0.0029990930193084585,0.053610581812980285,7
R3,N2Vp0_25q1,N2V,0.25,1.0,D16,n_communities,0.05,10,15.5,0.97182531580755,7.100000000000001,30
R3,N2Vp0_25q1,N2V,0.25,1.0,D16,n_communities,0.1,10,15.5,0.97182531580755,7.100000000000001,28
R3,N2Vp0_25q1,N2V,0.25,1.0,D16,assortativity,0.05,10,-0.026333804406178107,0.011787032725229707,0.6774007447387935,5
R3,N2Vp0_25q1,N2V,0.25,1.0,D16,assortativity,0.1,10,-0.026333804406178107,0.011787032725229707,0.6774007447387935,3
R3,N2Vp0_25q1,N2V,0.25,1.0,D16,dyn_len_mean,0.05,10,2.9452761086991384,0.01410950716354786,0.08833347033758177,28
R3,N2Vp0_25q1,N2V,0.25,1.0,D16,dyn_len_mean,0.1,10,2.9452761086991384,0.01410950716354786,0.08833347033758177,25
R3,N2Vp0_25q1,N2V,0.25,1.0,D16,frac_rewired,0.05,10,0.35452,0.010025833298700609,0.3588,10
R3,N2Vp0_25q1,N2V,0.25,1.0,D16,frac_rewired,0.1,10,0.35452,0.010025833298700609,0.3588,8
R3,N2Vp0_25q1,N2V,0.25,1.0,D2,diameter,0.05,10,7.0,0.0,91.0,1
R3,N2Vp0_25q1,N2V,0.25,1.0,D2,diameter,0.1,10,7.0,0.0,91.0,1
R3,N2Vp0_25q1,N2V,0.25,1.0,D2,aspl,0.05,10,4.337048547418968,0.00630617215424372,28.998244961984796,1
R3,N2Vp0_25q1,N2V,0.25,1.0,D2,aspl,0.1,10,4.337048547418968,0.00630617215424372,28.998244961984796,1
R3,N2Vp0_25q1,N2V,0.25,1.0,D2,efficiency,0.05,10,0.2420468447188399,0.00031957533521400467,0.1956567985724447,4
R3,N2Vp0_25q1,N2V,0.25,1.0,D2,efficiency,0.1,10,0.2420468447188399,0.00031957533521400467,0.1956567985724447,2
R3,N2Vp0_25q1,N2V,0.25,1.0,D2,clustering,0.05,10,0.05614345765998739,0.002044858858729156,0.056989180623298566,9
R3,N2Vp0_25q1,N2V,0.25,1.0,D2,clustering,0.1,10,0.05614345765998739,0.002044858858729156,0.056989180623298566,8
R3,N2Vp0_25q1,N2V,0.25,1.0,D2,H_norm,0.05,10,0.23539533291590892,0.0008780398351420094,0.20041946705912295,2
R3,N2Vp0_25q1,N2V,0.25,1.0,D2,H_norm,0.1,10,0.23539533291590892,0.0008780398351420094,0.20041946705912295,1
R3,N2Vp0_25q1,N2V,0.25,1.0,D2,k_max,0.05,10,16.7,1.7669811040931431,12.7,29
R3,N2Vp0_25q1,N2V,0.25,1.0,D2,k_max,0.1,10,16.7,1.7669811040931431,12.7,3
R3,N2Vp0_25q1,N2V,0.25,1.0,D2,k_gini,0.05,10,0.11208429898989894,0.0010890739755034205,0.09394816252319105,2
R3,N2Vp0_25q1,N2V,0.25,1.0,D2,k_gini,0.1,10,0.11208429898989894,0.0010890739755034205,0.09394816252319105,2
R3,N2Vp0_25q1,N2V,0.25,1.0,D2,modularity,0.05,10,0.49864965666768696,0.004001757362994594,0.36498728419028886,14
R3,N2Vp0_25q1,N2V,0.25,1.0,D2,modularity,0.1,10,0.49864965666768696,0.004001757362994594,0.36498728419028886,10
R3,N2Vp0_25q1,N2V,0.25,1.0,D2,n_communities,0.05,10,16.1,2.1832697191750414,13.900000000000002,24
R3,N2Vp0_25q1,N2V,0.25,1.0,D2,n_communities,0.1,10,16.1,2.1832697191750414,13.900000000000002,21
R3,N2Vp0_25q1,N2V,0.25,1.0,D2,assortativity,0.05,10,-0.02274775579857754,0.009642895869085089,0.6811616047987814,1
R3,N2Vp0_25q1,N2V,0.25,1.0,D2,assortativity,0.1,10,-0.02274775579857754,0.009642895869085089,0.6811616047987814,1
R3,N2Vp0_25q1,N2V,0.25,1.0,D2,dyn_len_mean,0.05,10,16.28341823342496,0.20879331924937305,9.071004764978856,20
R3,N2Vp0_25q1,N2V,0.25,1.0,D2,dyn_len_mean,0.1,10,16.28341823342496,0.20879331924937305,9.071004764978856,15
R3,N2Vp0_25q1,N2V,0.25,1.0,D2,frac_rewired,0.05,10,0.91264,0.006055153911246926,0.98552,6
R3,N2Vp0_25q1,N2V,0.25,1.0,D2,frac_rewired,0.1,10,0.91264,0.006055153911246926,0.98552,2
R3,N2Vp0_25q1,N2V,0.25,1.0,D4,diameter,0.05,10,9.3,0.4830458915396482,89.0,1
R3,N2Vp0_25q1,N2V,0.25,1.0,D4,diameter,0.1,10,9.3,0.4830458915396482,89.0,1
R3,N2Vp0_25q1,N2V,0.25,1.0,D4,aspl,0.05,10,4.979913277310924,0.01624583213029648,28.367419287715087,1
R3,N2Vp0_25q1,N2V,0.25,1.0,D4,aspl,0.1,10,4.979913277310924,0.01624583213029648,28.367419287715087,1
R3,N2Vp0_25q1,N2V,0.25,1.0,D4,efficiency,0.05,10,0.21824037155179526,0.0005760741539845094,0.17226391194477772,3
R3,N2Vp0_25q1,N2V,0.25,1.0,D4,efficiency,0.1,10,0.21824037155179526,0.0005760741539845094,0.17226391194477772,1
R3,N2Vp0_25q1,N2V,0.25,1.0,D4,clustering,0.05,10,0.05377733885069219,0.0024133326802097924,0.05377733885069219,12
R3,N2Vp0_25q1,N2V,0.25,1.0,D4,clustering,0.1,10,0.05377733885069219,0.0024133326802097924,0.05377733885069219,3
R3,N2Vp0_25q1,N2V,0.25,1.0,D4,H_norm,0.05,10,0.2356126426852753,0.001318825650419182,0.20044918017242438,1
R3,N2Vp0_25q1,N2V,0.25,1.0,D4,H_norm,0.1,10,0.2356126426852753,0.001318825650419182,0.20044918017242438,1
R3,N2Vp0_25q1,N2V,0.25,1.0,D4,k_max,0.05,10,16.1,0.7378647873726216,13.399999999999999,14
R3,N2Vp0_25q1,N2V,0.25,1.0,D4,k_max,0.1,10,16.1,0.7378647873726216,13.399999999999999,2
R3,N2Vp0_25q1,N2V,0.25,1.0,D4,k_gini,0.05,10,0.11163781010101011,0.0016298387917973317,0.09400420292723141,2
R3,N2Vp0_25q1,N2V,0.25,1.0,D4,k_gini,0.1,10,0.11163781010101011,0.0016298387917973317,0.09400420292723141,1
R3,N2Vp0_25q1,N2V,0.25,1.0,D4,modularity,0.05,10,0.6466964039383736,0.00534494680670716,0.2225936513977167,6
R3,N2Vp0_25q1,N2V,0.25,1.0,D4,modularity,0.1,10,0.6466964039383736,0.00534494680670716,0.2225936513977167,4
R3,N2Vp0_25q1,N2V,0.25,1.0,D4,n_communities,0.05,10,7.0,0.8164965809277263,14.900000000000002,6
R3,N2Vp0_25q1,N2V,0.25,1.0,D4,n_communities,0.1,10,7.0,0.8164965809277263,14.900000000000002,1
R3,N2Vp0_25q1,N2V,0.25,1.0,D4,assortativity,0.05,10,-0.02183520053654356,0.012773276493808229,0.6801983301116662,1
R3,N2Vp0_25q1,N2V,0.25,1.0,D4,assortativity,0.1,10,-0.02183520053654356,0.012773276493808229,0.6801983301116662,1
R3,N2Vp0_25q1,N2V,0.25,1.0,D4,dyn_len_mean,0.05,10,9.050692379530485,0.07348163512074551,2.4474847062549436,11
R3,N2Vp0_25q1,N2V,0.25,1.0,D4,dyn_len_mean,0.1,10,9.050692379530485,0.07348163512074551,2.4474847062549436,10
R3,N2Vp0_25q1,N2V,0.25,1.0,D4,frac_rewired,0.05,10,0.8116,0.010530801383455017,0.85336,2
R3,N2Vp0_25q1,N2V,0.25,1.0,D4,frac_rewired,0.1,10,0.8116,0.010530801383455017,0.85336,2
R3,N2Vp0_25q1,N2V,0.25,1.0,D8,diameter,0.05,10,15.1,0.316227766016838,83.1,1
R3,N2Vp0_25q1,N2V,0.25,1.0,D8,diameter,0.1,10,15.1,0.316227766016838,83.1,1
R3,N2Vp0_25q1,N2V,0.25,1.0,D8,aspl,0.05,10,6.7627150060024,0.05724791488019304,26.584322785114047,1
R3,N2Vp0_25q1,N2V,0.25,1.0,D8,aspl,0.1,10,6.7627150060024,0.05724791488019304,26.584322785114047,1
R3,N2Vp0_25q1,N2V,0.25,1.0,D8,efficiency,0.05,10,0.17407439064674596,0.0010863535300773492,0.12779273949799907,3
R3,N2Vp0_25q1,N2V,0.25,1.0,D8,efficiency,0.1,10,0.17407439064674596,0.0010863535300773492,0.12779273949799907,2
R3,N2Vp0_25q1,N2V,0.25,1.0,D8,clustering,0.05,10,0.064937837391367,0.0013450154144283432,0.06644912727795096,2
R3,N2Vp0_25q1,N2V,0.25,1.0,D8,clustering,0.1,10,0.064937837391367,0.0013450154144283432,0.06644912727795096,2
R3,N2Vp0_25q1,N2V,0.25,1.0,D8,H_norm,0.05,10,0.23609966461198256,0.0006623114754799172,0.20036108900927851,2
R3,N2Vp0_25q1,N2V,0.25,1.0,D8,H_norm,0.1,10,0.23609966461198256,0.0006623114754799172,0.20036108900927851,1
R3,N2Vp0_25q1,N2V,0.25,1.0,D8,k_max,0.05,10,15.9,0.7378647873726218,13.0,25
R3,N2Vp0_25q1,N2V,0.25,1.0,D8,k_max,0.1,10,15.9,0.7378647873726218,13.0,2
R3,N2Vp0_25q1,N2V,0.25,1.0,D8,k_gini,0.05,10,0.11219817777777781,0.0009072517185978658,0.09508295569214628,1
R3,N2Vp0_25q1,N2V,0.25,1.0,D8,k_gini,0.1,10,0.11219817777777781,0.0009072517185978658,0.09508295569214628,1
R3,N2Vp0_25q1,N2V,0.25,1.0,D8,modularity,0.05,10,0.7382587756351393,0.00532865795456542,0.12539964160279782,27
R3,N2Vp0_25q1,N2V,0.25,1.0,D8,modularity,0.1,10,0.7382587756351393,0.00532865795456542,0.12539964160279782,4
R3,N2Vp0_25q1,N2V,0.25,1.0,D8,n_communities,0.05,10,9.7,0.9486832980505138,12.900000000000002,30
R3,N2Vp0_25q1,N2V,0.25,1.0,D8,n_communities,0.1,10,9.7,0.9486832980505138,12.900000000000002,1
R3,N2Vp0_25q1,N2V,0.25,1.0,D8,assortativity,0.05,10,-0.02056663968856075,0.01254006301108069,0.6801602416213427,2
R3,N2Vp0_25q1,N2V,0.25,1.0,D8,assortativity,0.1,10,-0.02056663968856075,0.01254006301108069,0.6801602416213427,2
R3,N2Vp0_25q1,N2V,0.25,1.0,D8,dyn_len_mean,0.05,10,5.15322380692361,0.041954126656245906,0.45056230032533495,20
R3,N2Vp0_25q1,N2V,0.25,1.0,D8,dyn_len_mean,0.1,10,5.15322380692361,0.041954126656245906,0.45056230032533495,13
R3,N2Vp0_25q1,N2V,0.25,1.0,D8,frac_rewired,0.05,10,0.6258,0.013420051332903986,0.63304,4
R3,N2Vp0_25q1,N2V,0.25,1.0,D8,frac_rewired,0.1,10,0.6258,0.013420051332903986,0.63304,4
R3,N2Vp0_25q2,N2V,0.25,2.0,D16,diameter,0.05,10,26.3,0.6749485577105525,72.3,3
R3,N2Vp0_25q2,N2V,0.25,2.0,D16,diameter,0.1,10,26.3,0.6749485577105525,72.3,2
R3,N2Vp0_25q2,N2V,0.25,2.0,D16,aspl,0.05,10,10.593413525410165,0.06372140911407716,22.78000592236895,3
R3,N2Vp0_25q2,N2V,0.25,2.0,D16,aspl,0.1,10,10.593413525410165,0.06372140911407716,22.78000592236895,2
R3,N2Vp0_25q2,N2V,0.25,2.0,D16,efficiency,0.05,10,0.12293632830036043,0.0005038924232148197,0.07673098681981305,6
R3,N2Vp0_25q2,N2V,0.25,2.0,D16,efficiency,0.1,10,0.12293632830036043,0.0005038924232148197,0.07673098681981305,4
R3,N2Vp0_25q2,N2V,0.25,2.0,D16,clustering,0.05,10,0.13632361164978776,0.0018500482642051183,0.1393365462968401,4
R3,N2Vp0_25q2,N2V,0.25,2.0,D16,clustering,0.1,10,0.13632361164978776,0.0018500482642051183,0.1393365462968401,3
R3,N2Vp0_25q2,N2V,0.25,2.0,D16,H_norm,0.05,10,0.23543707821411108,0.0015712656653201489,0.20057211808380024,3
R3,N2Vp0_25q2,N2V,0.25,2.0,D16,H_norm,0.1,10,0.23543707821411108,0.0015712656653201489,0.20057211808380024,2
R3,N2Vp0_25q2,N2V,0.25,2.0,D16,k_max,0.05,10,15.9,1.1972189997378648,12.3,7
R3,N2Vp0_25q2,N2V,0.25,2.0,D16,k_max,0.1,10,15.9,1.1972189997378648,12.3,4
R3,N2Vp0_25q2,N2V,0.25,2.0,D16,k_gini,0.05,10,0.11144785858585864,0.001649643675816656,0.10134697892164839,5
R3,N2Vp0_25q2,N2V,0.25,2.0,D16,k_gini,0.1,10,0.11144785858585864,0.001649643675816656,0.10134697892164839,1
R3,N2Vp0_25q2,N2V,0.25,2.0,D16,modularity,0.05,10,0.8118834669931638,0.0030737176441747514,0.05291056619175849,11
R3,N2Vp0_25q2,N2V,0.25,2.0,D16,modularity,0.1,10,0.8118834669931638,0.0030737176441747514,0.05291056619175849,6
R3,N2Vp0_25q2,N2V,0.25,2.0,D16,n_communities,0.05,10,14.8,0.9189365834726816,7.000000000000002,28
R3,N2Vp0_25q2,N2V,0.25,2.0,D16,n_communities,0.1,10,14.8,0.9189365834726816,7.000000000000002,28
R3,N2Vp0_25q2,N2V,0.25,2.0,D16,assortativity,0.05,10,-0.02876403910915106,0.009854800811291952,0.6854536763464179,4
R3,N2Vp0_25q2,N2V,0.25,2.0,D16,assortativity,0.1,10,-0.02876403910915106,0.009854800811291952,0.6854536763464179,3
R3,N2Vp0_25q2,N2V,0.25,2.0,D16,dyn_len_mean,0.05,10,2.9319625209589746,0.01032853782736088,0.08151825254200773,22
R3,N2Vp0_25q2,N2V,0.25,2.0,D16,dyn_len_mean,0.1,10,2.9319625209589746,0.01032853782736088,0.08151825254200773,21
R3,N2Vp0_25q2,N2V,0.25,2.0,D16,frac_rewired,0.05,10,0.36256,0.008403597113405919,0.37144,9
R3,N2Vp0_25q2,N2V,0.25,2.0,D16,frac_rewired,0.1,10,0.36256,0.008403597113405919,0.37144,7
R3,N2Vp0_25q2,N2V,0.25,2.0,D2,diameter,0.05,10,7.0,0.0,91.0,1
R3,N2Vp0_25q2,N2V,0.25,2.0,D2,diameter,0.1,10,7.0,0.0,91.0,1
R3,N2Vp0_25q2,N2V,0.25,2.0,D2,aspl,0.05,10,4.348211764705882,0.0051249032979144345,28.986552765106044,1
R3,N2Vp0_25q2,N2V,0.25,2.0,D2,aspl,0.1,10,4.348211764705882,0.0051249032979144345,28.986552765106044,1
R3,N2Vp0_25q2,N2V,0.25,2.0,D2,efficiency,0.05,10,0.24150755913794084,0.0002462192274360612,0.19508129766732074,4
R3,N2Vp0_25q2,N2V,0.25,2.0,D2,efficiency,0.1,10,0.24150755913794084,0.0002462192274360612,0.19508129766732074,2
R3,N2Vp0_25q2,N2V,0.25,2.0,D2,clustering,0.05,10,0.05658205275117072,0.001525563936367063,0.0581683630160692,8
R3,N2Vp0_25q2,N2V,0.25,2.0,D2,clustering,0.1,10,0.05658205275117072,0.001525563936367063,0.0581683630160692,7
R3,N2Vp0_25q2,N2V,0.25,2.0,D2,H_norm,0.05,10,0.2350190587071202,0.0015089126923305152,0.19986140468786198,2
R3,N2Vp0_25q2,N2V,0.25,2.0,D2,H_norm,0.1,10,0.2350190587071202,0.0015089126923305152,0.19986140468786198,1
R3,N2Vp0_25q2,N2V,0.25,2.0,D2,k_max,0.05,10,16.7,1.0593499054713802,13.3,28
R3,N2Vp0_25q2,N2V,0.25,2.0,D2,k_max,0.1,10,16.7,1.0593499054713802,13.3,2
R3,N2Vp0_25q2,N2V,0.25,2.0,D2,k_gini,0.05,10,0.11168159191919191,0.0014534001890063914,0.09364621504844355,3
R3,N2Vp0_25q2,N2V,0.25,2.0,D2,k_gini,0.1,10,0.11168159191919191,0.0014534001890063914,0.09364621504844355,2
R3,N2Vp0_25q2,N2V,0.25,2.0,D2,modularity,0.05,10,0.5062367906336088,0.004036799637931272,0.3593013383684339,12
R3,N2Vp0_25q2,N2V,0.25,2.0,D2,modularity,0.1,10,0.5062367906336088,0.004036799637931272,0.3593013383684339,9
R3,N2Vp0_25q2,N2V,0.25,2.0,D2,n_communities,0.05,10,15.5,1.080123449734643,14.200000000000001,28
R3,N2Vp0_25q2,N2V,0.25,2.0,D2,n_communities,0.1,10,15.5,1.080123449734643,14.200000000000001,15
R3,N2Vp0_25q2,N2V,0.25,2.0,D2,assortativity,0.05,10,-0.01343175893781134,0.0074138896268339475,0.6816375881463267,1
R3,N2Vp0_25q2,N2V,0.25,2.0,D2,assortativity,0.1,10,-0.01343175893781134,0.0074138896268339475,0.6816375881463267,1
R3,N2Vp0_25q2,N2V,0.25,2.0,D2,dyn_len_mean,0.05,10,16.037781300637278,0.10875412135360961,8.775033541420028,19
R3,N2Vp0_25q2,N2V,0.25,2.0,D2,dyn_len_mean,0.1,10,16.037781300637278,0.10875412135360961,8.775033541420028,15
R3,N2Vp0_25q2,N2V,0.25,2.0,D2,frac_rewired,0.05,10,0.91784,0.004877886609770455,0.98512,5
R3,N2Vp0_25q2,N2V,0.25,2.0,D2,frac_rewired,0.1,10,0.91784,0.004877886609770455,0.98512,2
R3,N2Vp0_25q2,N2V,0.25,2.0,D4,diameter,0.05,10,9.7,0.4830458915396481,88.9,1
R3,N2Vp0_25q2,N2V,0.25,2.0,D4,diameter,0.1,10,9.7,0.4830458915396481,88.9,1
R3,N2Vp0_25q2,N2V,0.25,2.0,D4,aspl,0.05,10,4.9979263385354145,0.020048124372248004,28.35818042416967,1
R3,N2Vp0_25q2,N2V,0.25,2.0,D4,aspl,0.1,10,4.9979263385354145,0.020048124372248004,28.35818042416967,1
R3,N2Vp0_25q2,N2V,0.25,2.0,D4,efficiency,0.05,10,0.21757787332075687,0.0006722822798633597,0.1718710361404878,2
R3,N2Vp0_25q2,N2V,0.25,2.0,D4,efficiency,0.1,10,0.21757787332075687,0.0006722822798633597,0.1718710361404878,1
R3,N2Vp0_25q2,N2V,0.25,2.0,D4,clustering,0.05,10,0.05579672152031012,0.0017713949541232395,0.05629167948838264,15
R3,N2Vp0_25q2,N2V,0.25,2.0,D4,clustering,0.1,10,0.05579672152031012,0.0017713949541232395,0.05629167948838264,6
R3,N2Vp0_25q2,N2V,0.25,2.0,D4,H_norm,0.05,10,0.23544807515935498,0.0017348331355463635,0.2000623242634117,1
R3,N2Vp0_25q2,N2V,0.25,2.0,D4,H_norm,0.1,10,0.23544807515935498,0.0017348331355463635,0.2000623242634117,1
R3,N2Vp0_25q2,N2V,0.25,2.0,D4,k_max,0.05,10,16.2,1.2292725943057188,12.8,5
R3,N2Vp0_25q2,N2V,0.25,2.0,D4,k_max,0.1,10,16.2,1.2292725943057188,12.8,3
R3,N2Vp0_25q2,N2V,0.25,2.0,D4,k_gini,0.05,10,0.1114489292929293,0.0019907002030197167,0.09377289787672635,2
R3,N2Vp0_25q2,N2V,0.25,2.0,D4,k_gini,0.1,10,0.1114489292929293,0.0019907002030197167,0.09377289787672635,1
R3,N2Vp0_25q2,N2V,0.25,2.0,D4,modularity,0.05,10,0.6481894138353229,0.002808493934051491,0.2205112521527417,5
R3,N2Vp0_25q2,N2V,0.25,2.0,D4,modularity,0.1,10,0.6481894138353229,0.002808493934051491,0.2205112521527417,3
R3,N2Vp0_25q2,N2V,0.25,2.0,D4,n_communities,0.05,10,7.2,0.7888106377466154,14.700000000000001,1
R3,N2Vp0_25q2,N2V,0.25,2.0,D4,n_communities,0.1,10,7.2,0.7888106377466154,14.700000000000001,1
R3,N2Vp0_25q2,N2V,0.25,2.0,D4,assortativity,0.05,10,-0.01873691628868235,0.006617352105954942,0.679857608581748,1
R3,N2Vp0_25q2,N2V,0.25,2.0,D4,assortativity,0.1,10,-0.01873691628868235,0.006617352105954942,0.679857608581748,1
R3,N2Vp0_25q2,N2V,0.25,2.0,D4,dyn_len_mean,0.05,10,8.966641659513275,0.07536070244775839,2.3356077170971963,11
R3,N2Vp0_25q2,N2V,0.25,2.0,D4,dyn_len_mean,0.1,10,8.966641659513275,0.07536070244775839,2.3356077170971963,10
R3,N2Vp0_25q2,N2V,0.25,2.0,D4,frac_rewired,0.05,10,0.81828,0.010417165321397786,0.85252,2
R3,N2Vp0_25q2,N2V,0.25,2.0,D4,frac_rewired,0.1,10,0.81828,0.010417165321397786,0.85252,2
R3,N2Vp0_25q2,N2V,0.25,2.0,D8,diameter,0.05,10,15.0,0.0,83.1,1
R3,N2Vp0_25q2,N2V,0.25,2.0,D8,diameter,0.1,10,15.0,0.0,83.1,1
R3,N2Vp0_25q2,N2V,0.25,2.0,D8,aspl,0.05,10,6.810571172468988,0.03174590546541508,26.554486338535416,1
R3,N2Vp0_25q2,N2V,0.25,2.0,D8,aspl,0.1,10,6.810571172468988,0.03174590546541508,26.554486338535416,1
R3,N2Vp0_25q2,N2V,0.25,2.0,D8,efficiency,0.05,10,0.17316626214255262,0.000594541597882528,0.1272068980953041,3
R3,N2Vp0_25q2,N2V,0.25,2.0,D8,efficiency,0.1,10,0.17316626214255262,0.000594541597882528,0.1272068980953041,2
R3,N2Vp0_25q2,N2V,0.25,2.0,D8,clustering,0.05,10,0.0657961547252199,0.0013542339382902888,0.06798744798991865,2
R3,N2Vp0_25q2,N2V,0.25,2.0,D8,clustering,0.1,10,0.0657961547252199,0.0013542339382902888,0.06798744798991865,2
R3,N2Vp0_25q2,N2V,0.25,2.0,D8,H_norm,0.05,10,0.23647907732529871,0.0016371602508581252,0.20101119614025967,2
R3,N2Vp0_25q2,N2V,0.25,2.0,D8,H_norm,0.1,10,0.23647907732529871,0.0016371602508581252,0.20101119614025967,1
R3,N2Vp0_25q2,N2V,0.25,2.0,D8,k_max,0.05,10,16.8,1.135292424395094,13.0,30
R3,N2Vp0_25q2,N2V,0.25,2.0,D8,k_max,0.1,10,16.8,1.135292424395094,13.0,26
R3,N2Vp0_25q2,N2V,0.25,2.0,D8,k_gini,0.05,10,0.11287387070707071,0.0016083428782215435,0.09535259940292937,1
R3,N2Vp0_25q2,N2V,0.25,2.0,D8,k_gini,0.1,10,0.11287387070707071,0.0016083428782215435,0.09535259940292937,1
R3,N2Vp0_25q2,N2V,0.25,2.0,D8,modularity,0.05,10,0.744251350882563,0.006894891414957304,0.12515869884185493,4
R3,N2Vp0_25q2,N2V,0.25,2.0,D8,modularity,0.1,10,0.744251350882563,0.006894891414957304,0.12515869884185493,2
R3,N2Vp0_25q2,N2V,0.25,2.0,D8,n_communities,0.05,10,9.4,0.6992058987801011,12.900000000000002,28
R3,N2Vp0_25q2,N2V,0.25,2.0,D8,n_communities,0.1,10,9.4,0.6992058987801011,12.900000000000002,2
R3,N2Vp0_25q2,N2V,0.25,2.0,D8,assortativity,0.05,10,-0.02007979307930003,0.012154386092644428,0.6769303626932872,2
R3,N2Vp0_25q2,N2V,0.25,2.0,D8,assortativity,0.1,10,-0.02007979307930003,0.012154386092644428,0.6769303626932872,2
R3,N2Vp0_25q2,N2V,0.25,2.0,D8,dyn_len_mean,0.05,10,5.108644689572337,0.029317632279503156,0.4112317158035781,11
R3,N2Vp0_25q2,N2V,0.25,2.0,D8,dyn_len_mean,0.1,10,5.108644689572337,0.029317632279503156,0.4112317158035781,9
R3,N2Vp0_25q2,N2V,0.25,2.0,D8,frac_rewired,0.05,10,0.6428,0.011280661919113305,0.64636,5
R3,N2Vp0_25q2,N2V,0.25,2.0,D8,frac_rewired,0.1,10,0.6428,0.011280661919113305,0.64636,4
R3,N2Vp0_5q0_25,N2V,0.5,0.25,D16,diameter,0.05,10,25.6,0.5163977794943221,72.4,3
R3,N2Vp0_5q0_25,N2V,0.5,0.25,D16,diameter,0.1,10,25.6,0.5163977794943221,72.4,2
R3,N2Vp0_5q0_25,N2V,0.5,0.25,D16,aspl,0.05,10,10.565196158463385,0.07359717888656074,22.76813717486995,4
R3,N2Vp0_5q0_25,N2V,0.5,0.25,D16,aspl,0.1,10,10.565196158463385,0.07359717888656074,22.76813717486995,2
R3,N2Vp0_5q0_25,N2V,0.5,0.25,D16,efficiency,0.05,10,0.12319592105936912,0.0005790521463406011,0.07671296925547283,7
R3,N2Vp0_5q0_25,N2V,0.5,0.25,D16,efficiency,0.1,10,0.12319592105936912,0.0005790521463406011,0.07671296925547283,5
R3,N2Vp0_5q0_25,N2V,0.5,0.25,D16,clustering,0.05,10,0.13514917788094227,0.0014797510894458852,0.1381007415199178,4
R3,N2Vp0_5q0_25,N2V,0.5,0.25,D16,clustering,0.1,10,0.13514917788094227,0.0014797510894458852,0.1381007415199178,3
R3,N2Vp0_5q0_25,N2V,0.5,0.25,D16,H_norm,0.05,10,0.23491975908623872,0.0015653568696399978,0.1992684056728453,3
R3,N2Vp0_5q0_25,N2V,0.5,0.25,D16,H_norm,0.1,10,0.23491975908623872,0.0015653568696399978,0.1992684056728453,2
R3,N2Vp0_5q0_25,N2V,0.5,0.25,D16,k_max,0.05,10,16.2,1.2292725943057183,12.3,29
R3,N2Vp0_5q0_25,N2V,0.5,0.25,D16,k_max,0.1,10,16.2,1.2292725943057183,12.3,7
R3,N2Vp0_5q0_25,N2V,0.5,0.25,D16,k_gini,0.05,10,0.11068764444444443,0.0013909207884767127,0.1018107821102077,5
R3,N2Vp0_5q0_25,N2V,0.5,0.25,D16,k_gini,0.1,10,0.11068764444444443,0.0013909207884767127,0.1018107821102077,1
R3,N2Vp0_5q0_25,N2V,0.5,0.25,D16,modularity,0.05,10,0.8127652739516377,0.0031668988555658543,0.05252412178786936,7
R3,N2Vp0_5q0_25,N2V,0.5,0.25,D16,modularity,0.1,10,0.8127652739516377,0.0031668988555658543,0.05252412178786936,7
R3,N2Vp0_5q0_25,N2V,0.5,0.25,D16,n_communities,0.05,10,14.9,0.8755950357709131,7.400000000000002,29
R3,N2Vp0_5q0_25,N2V,0.5,0.25,D16,n_communities,0.1,10,14.9,0.8755950357709131,7.400000000000002,4
R3,N2Vp0_5q0_25,N2V,0.5,0.25,D16,assortativity,0.05,10,-0.03184019868658751,0.007213076262060109,0.682335496778412,5
R3,N2Vp0_5q0_25,N2V,0.5,0.25,D16,assortativity,0.1,10,-0.03184019868658751,0.007213076262060109,0.682335496778412,3
R3,N2Vp0_5q0_25,N2V,0.5,0.25,D16,dyn_len_mean,0.05,10,2.939206576249497,0.011691744027989708,0.07313358098724576,25
R3,N2Vp0_5q0_25,N2V,0.5,0.25,D16,dyn_len_mean,0.1,10,2.939206576249497,0.011691744027989708,0.07313358098724576,18
R3,N2Vp0_5q0_25,N2V,0.5,0.25,D16,frac_rewired,0.05,10,0.34064,0.010011904025819588,0.34712,11
R3,N2Vp0_5q0_25,N2V,0.5,0.25,D16,frac_rewired,0.1,10,0.34064,0.010011904025819588,0.34712,8
R3,N2Vp0_5q0_25,N2V,0.5,0.25,D2,diameter,0.05,10,7.0,0.0,91.0,1
R3,N2Vp0_5q0_25,N2V,0.5,0.25,D2,diameter,0.1,10,7.0,0.0,91.0,1
R3,N2Vp0_5q0_25,N2V,0.5,0.25,D2,aspl,0.05,10,4.33343081232493,0.0036011481309391738,29.004329219687875,1
R3,N2Vp0_5q0_25,N2V,0.5,0.25,D2,aspl,0.1,10,4.33343081232493,0.0036011481309391738,29.004329219687875,1
R3,N2Vp0_5q0_25,N2V,0.5,0.25,D2,efficiency,0.05,10,0.24223063274833737,0.0001786079927323894,0.19599128208013347,4
R3,N2Vp0_5q0_25,N2V,0.5,0.25,D2,efficiency,0.1,10,0.24223063274833737,0.0001786079927323894,0.19599128208013347,2
R3,N2Vp0_5q0_25,N2V,0.5,0.25,D2,clustering,0.05,10,0.05468193698458444,0.0013617554509154333,0.05519927571774669,9
R3,N2Vp0_5q0_25,N2V,0.5,0.25,D2,clustering,0.1,10,0.05468193698458444,0.0013617554509154333,0.05519927571774669,8
R3,N2Vp0_5q0_25,N2V,0.5,0.25,D2,H_norm,0.05,10,0.23488049931209326,0.001352953132202678,0.20000415787219225,2
R3,N2Vp0_5q0_25,N2V,0.5,0.25,D2,H_norm,0.1,10,0.23488049931209326,0.001352953132202678,0.20000415787219225,1
R3,N2Vp0_5q0_25,N2V,0.5,0.25,D2,k_max,0.05,10,16.1,1.286683937707919,13.100000000000001,27
R3,N2Vp0_5q0_25,N2V,0.5,0.25,D2,k_max,0.1,10,16.1,1.286683937707919,13.100000000000001,2
R3,N2Vp0_5q0_25,N2V,0.5,0.25,D2,k_gini,0.05,10,0.1111653575757576,0.00143956029357644,0.09374500696763546,2
R3,N2Vp0_5q0_25,N2V,0.5,0.25,D2,k_gini,0.1,10,0.1111653575757576,0.00143956029357644,0.09374500696763546,2
R3,N2Vp0_5q0_25,N2V,0.5,0.25,D2,modularity,0.05,10,0.4985806973778185,0.0016857183232601711,0.36864187657882064,12
R3,N2Vp0_5q0_25,N2V,0.5,0.25,D2,modularity,0.1,10,0.4985806973778185,0.0016857183232601711,0.36864187657882064,9
R3,N2Vp0_5q0_25,N2V,0.5,0.25,D2,n_communities,0.05,10,16.6,1.505545305418162,13.900000000000002,29
R3,N2Vp0_5q0_25,N2V,0.5,0.25,D2,n_communities,0.1,10,16.6,1.505545305418162,13.900000000000002,26
R3,N2Vp0_5q0_25,N2V,0.5,0.25,D2,assortativity,0.05,10,-0.02045274966116802,0.00875716980474801,0.6789226995889642,1
R3,N2Vp0_5q0_25,N2V,0.5,0.25,D2,assortativity,0.1,10,-0.02045274966116802,0.00875716980474801,0.6789226995889642,1
R3,N2Vp0_5q0_25,N2V,0.5,0.25,D2,dyn_len_mean,0.05,10,16.319250999995766,0.12184147277172536,9.147236201841132,17
R3,N2Vp0_5q0_25,N2V,0.5,0.25,D2,dyn_len_mean,0.1,10,16.319250999995766,0.12184147277172536,9.147236201841132,14
R3,N2Vp0_5q0_25,N2V,0.5,0.25,D2,frac_rewired,0.05,10,0.9093199999999999,0.004702906902473564,0.9845600000000001,6
R3,N2Vp0_5q0_25,N2V,0.5,0.25,D2,frac_rewired,0.1,10,0.9093199999999999,0.004702906902473564,0.9845600000000001,2
R3,N2Vp0_5q0_25,N2V,0.5,0.25,D4,diameter,0.05,10,9.4,0.5163977794943223,88.9,1
R3,N2Vp0_5q0_25,N2V,0.5,0.25,D4,diameter,0.1,10,9.4,0.5163977794943223,88.9,1
R3,N2Vp0_5q0_25,N2V,0.5,0.25,D4,aspl,0.05,10,4.97104256102441,0.01448720888119429,28.37544400160064,1
R3,N2Vp0_5q0_25,N2V,0.5,0.25,D4,aspl,0.1,10,4.97104256102441,0.01448720888119429,28.37544400160064,1
R3,N2Vp0_5q0_25,N2V,0.5,0.25,D4,efficiency,0.05,10,0.218546147373235,0.0005075290493502063,0.17255394620610132,3
R3,N2Vp0_5q0_25,N2V,0.5,0.25,D4,efficiency,0.1,10,0.218546147373235,0.0005075290493502063,0.17255394620610132,1
R3,N2Vp0_5q0_25,N2V,0.5,0.25,D4,clustering,0.05,10,0.052651784744667494,0.0024229294911458916,0.053169446742800094,10
R3,N2Vp0_5q0_25,N2V,0.5,0.25,D4,clustering,0.1,10,0.052651784744667494,0.0024229294911458916,0.053169446742800094,4
R3,N2Vp0_5q0_25,N2V,0.5,0.25,D4,H_norm,0.05,10,0.23470799550369228,0.0013425446188353044,0.1995370534166025,1
R3,N2Vp0_5q0_25,N2V,0.5,0.25,D4,H_norm,0.1,10,0.23470799550369228,0.0013425446188353044,0.1995370534166025,1
R3,N2Vp0_5q0_25,N2V,0.5,0.25,D4,k_max,0.05,10,16.2,0.6324555320336759,12.899999999999999,19
R3,N2Vp0_5q0_25,N2V,0.5,0.25,D4,k_max,0.1,10,16.2,0.6324555320336759,12.899999999999999,2
R3,N2Vp0_5q0_25,N2V,0.5,0.25,D4,k_gini,0.05,10,0.11088220606060609,0.001435533435092206,0.09320635646258502,2
R3,N2Vp0_5q0_25,N2V,0.5,0.25,D4,k_gini,0.1,10,0.11088220606060609,0.001435533435092206,0.09320635646258502,1
R3,N2Vp0_5q0_25,N2V,0.5,0.25,D4,modularity,0.05,10,0.6423030155086216,0.005211868932044497,0.22551814073553933,5
R3,N2Vp0_5q0_25,N2V,0.5,0.25,D4,modularity,0.1,10,0.6423030155086216,0.005211868932044497,0.22551814073553933,4
R3,N2Vp0_5q0_25,N2V,0.5,0.25,D4,n_communities,0.05,10,6.8,0.6324555320336759,15.000000000000002,10
R3,N2Vp0_5q0_25,N2V,0.5,0.25,D4,n_communities,0.1,10,6.8,0.6324555320336759,15.000000000000002,1
R3,N2Vp0_5q0_25,N2V,0.5,0.25,D4,assortativity,0.05,10,-0.02407850540008192,0.00839267147702057,0.6789222461033347,1
R3,N2Vp0_5q0_25,N2V,0.5,0.25,D4,assortativity,0.1,10,-0.02407850540008192,0.00839267147702057,0.6789222461033347,1
R3,N2Vp0_5q0_25,N2V,0.5,0.25,D4,dyn_len_mean,0.05,10,9.052790751262798,0.048165565271621344,2.416214968712617,11
R3,N2Vp0_5q0_25,N2V,0.5,0.25,D4,dyn_len_mean,0.1,10,9.052790751262798,0.048165565271621344,2.416214968712617,9
R3,N2Vp0_5q0_25,N2V,0.5,0.25,D4,frac_rewired,0.05,10,0.8002800000000001,0.006113155213690124,0.84656,5
R3,N2Vp0_5q0_25,N2V,0.5,0.25,D4,frac_rewired,0.1,10,0.8002800000000001,0.006113155213690124,0.84656,2
R3,N2Vp0_5q0_25,N2V,0.5,0.25,D8,diameter,0.05,10,15.1,0.316227766016838,83.2,1
R3,N2Vp0_5q0_25,N2V,0.5,0.25,D8,diameter,0.1,10,15.1,0.316227766016838,83.2,1
R3,N2Vp0_5q0_25,N2V,0.5,0.25,D8,aspl,0.05,10,6.757319791916767,0.028690878871376148,26.59572142456983,1
R3,N2Vp0_5q0_25,N2V,0.5,0.25,D8,aspl,0.1,10,6.757319791916767,0.028690878871376148,26.59572142456983,1
R3,N2Vp0_5q0_25,N2V,0.5,0.25,D8,efficiency,0.05,10,0.17418931361093665,0.0005136480151567583,0.12800743584047208,3
R3,N2Vp0_5q0_25,N2V,0.5,0.25,D8,efficiency,0.1,10,0.17418931361093665,0.0005136480151567583,0.12800743584047208,2
R3,N2Vp0_5q0_25,N2V,0.5,0.25,D8,clustering,0.05,10,0.06400475153226562,0.002672249243272151,0.06820854204687653,6
R3,N2Vp0_5q0_25,N2V,0.5,0.25,D8,clustering,0.1,10,0.06400475153226562,0.002672249243272151,0.06820854204687653,2
R3,N2Vp0_5q0_25,N2V,0.5,0.25,D8,H_norm,0.05,10,0.23582855572875644,0.0011331901079525313,0.20014710895167742,2
R3,N2Vp0_5q0_25,N2V,0.5,0.25,D8,H_norm,0.1,10,0.23582855572875644,0.0011331901079525313,0.20014710895167742,1
R3,N2Vp0_5q0_25,N2V,0.5,0.25,D8,k_max,0.05,10,16.2,1.6193277068654828,13.0,29
R3,N2Vp0_5q0_25,N2V,0.5,0.25,D8,k_max,0.1,10,16.2,1.6193277068654828,13.0,3
R3,N2Vp0_5q0_25,N2V,0.5,0.25,D8,k_gini,0.05,10,0.11200969292929293,0.0014012145109215967,0.0952296540873987,1
R3,N2Vp0_5q0_25,N2V,0.5,0.25,D8,k_gini,0.1,10,0.11200969292929293,0.0014012145109215967,0.0952296540873987,1
R3,N2Vp0_5q0_25,N2V,0.5,0.25,D8,modularity,0.05,10,0.7398306545250485,0.004670875012067264,0.12570211752360383,25
R3,N2Vp0_5q0_25,N2V,0.5,0.25,D8,modularity,0.1,10,0.7398306545250485,0.004670875012067264,0.12570211752360383,3
R3,N2Vp0_5q0_25,N2V,0.5,0.25,D8,n_communities,0.05,10,9.5,0.5270462766947298,13.100000000000001,21
R3,N2Vp0_5q0_25,N2V,0.5,0.25,D8,n_communities,0.1,10,9.5,0.5270462766947298,13.100000000000001,1
R3,N2Vp0_5q0_25,N2V,0.5,0.25,D8,assortativity,0.05,10,-0.0166736220259331,0.006023748332321318,0.6768510105088992,2
R3,N2Vp0_5q0_25,N2V,0.5,0.25,D8,assortativity,0.1,10,-0.0166736220259331,0.006023748332321318,0.6768510105088992,2
R3,N2Vp0_5q0_25,N2V,0.5,0.25,D8,dyn_len_mean,0.05,10,5.14030160981843,0.02523895285076557,0.45800499428256725,16
R3,N2Vp0_5q0_25,N2V,0.5,0.25,D8,dyn_len_mean,0.1,10,5.14030160981843,0.02523895285076557,0.45800499428256725,10
R3,N2Vp0_5q0_25,N2V,0.5,0.25,D8,frac_rewired,0.05,10,0.61044,0.009404396135141619,0.62664,4
R3,N2Vp0_5q0_25,N2V,0.5,0.25,D8,frac_rewired,0.1,10,0.61044,0.009404396135141619,0.62664,4
R3,N2Vp0_5q0_5,N2V,0.5,0.5,D16,diameter,0.05,10,25.9,0.316227766016838,72.4,3
R3,N2Vp0_5q0_5,N2V,0.5,0.5,D16,diameter,0.1,10,25.9,0.316227766016838,72.4,2
R3,N2Vp0_5q0_5,N2V,0.5,0.5,D16,aspl,0.05,10,10.586959519807923,0.08037439514722487,22.784137687074832,3
R3,N2Vp0_5q0_5,N2V,0.5,0.5,D16,aspl,0.1,10,10.586959519807923,0.08037439514722487,22.784137687074832,2
R3,N2Vp0_5q0_5,N2V,0.5,0.5,D16,efficiency,0.05,10,0.12304954184495198,0.0006698066365585713,0.07679444697855436,6
R3,N2Vp0_5q0_5,N2V,0.5,0.5,D16,efficiency,0.1,10,0.12304954184495198,0.0006698066365585713,0.07679444697855436,4
R3,N2Vp0_5q0_5,N2V,0.5,0.5,D16,clustering,0.05,10,0.13543660587846945,0.002313840489366461,0.13817405883005865,4
R3,N2Vp0_5q0_5,N2V,0.5,0.5,D16,clustering,0.1,10,0.13543660587846945,0.002313840489366461,0.13817405883005865,3
R3,N2Vp0_5q0_5,N2V,0.5,0.5,D16,H_norm,0.05,10,0.2343080978557653,0.0005925622448404259,0.19908882146941115,3
R3,N2Vp0_5q0_5,N2V,0.5,0.5,D16,H_norm,0.1,10,0.2343080978557653,0.0005925622448404259,0.19908882146941115,2
R3,N2Vp0_5q0_5,N2V,0.5,0.5,D16,k_max,0.05,10,16.3,1.337493509849259,12.3,27
R3,N2Vp0_5q0_5,N2V,0.5,0.5,D16,k_max,0.1,10,16.3,1.337493509849259,12.3,8
R3,N2Vp0_5q0_5,N2V,0.5,0.5,D16,k_gini,0.05,10,0.10999388686868687,0.0007022532958761404,0.10099673061131764,5
R3,N2Vp0_5q0_5,N2V,0.5,0.5,D16,k_gini,0.1,10,0.10999388686868687,0.0007022532958761404,0.10099673061131764,1
R3,N2Vp0_5q0_5,N2V,0.5,0.5,D16,modularity,0.05,10,0.8128569977553312,0.0035082871105858904,0.05281620536030185,7
R3,N2Vp0_5q0_5,N2V,0.5,0.5,D16,modularity,0.1,10,0.8128569977553312,0.0035082871105858904,0.05281620536030185,5
R3,N2Vp0_5q0_5,N2V,0.5,0.5,D16,n_communities,0.05,10,15.4,1.0749676997731394,7.100000000000001,29
R3,N2Vp0_5q0_5,N2V,0.5,0.5,D16,n_communities,0.1,10,15.4,1.0749676997731394,7.100000000000001,22
R3,N2Vp0_5q0_5,N2V,0.5,0.5,D16,assortativity,0.05,10,-0.026680655468673393,0.007335272721431233,0.679901534669,5
R3,N2Vp0_5q0_5,N2V,0.5,0.5,D16,assortativity,0.1,10,-0.026680655468673393,0.007335272721431233,0.679901534669,3
R3,N2Vp0_5q0_5,N2V,0.5,0.5,D16,dyn_len_mean,0.05,10,2.9419425950935953,0.012740075405731178,0.0743060935434885,27
R3,N2Vp0_5q0_5,N2V,0.5,0.5,D16,dyn_len_mean,0.1,10,2.9419425950935953,0.012740075405731178,0.0743060935434885,19
R3,N2Vp0_5q0_5,N2V,0.5,0.5,D16,frac_rewired,0.05,10,0.3386,0.010967831751687909,0.34556,9
R3,N2Vp0_5q0_5,N2V,0.5,0.5,D16,frac_rewired,0.1,10,0.3386,0.010967831751687909,0.34556,8
R3,N2Vp0_5q0_5,N2V,0.5,0.5,D2,diameter,0.05,10,7.0,0.0,91.0,1
R3,N2Vp0_5q0_5,N2V,0.5,0.5,D2,diameter,0.1,10,7.0,0.0,91.0,1
R3,N2Vp0_5q0_5,N2V,0.5,0.5,D2,aspl,0.05,10,4.330893157262905,0.00658555084847456,29.00244017607043,1
R3,N2Vp0_5q0_5,N2V,0.5,0.5,D2,aspl,0.1,10,4.330893157262905,0.00658555084847456,29.00244017607043,1
R3,N2Vp0_5q0_5,N2V,0.5,0.5,D2,efficiency,0.05,10,0.2423658671849692,0.0003334753995182577,0.1958829153810729,4
R3,N2Vp0_5q0_5,N2V,0.5,0.5,D2,efficiency,0.1,10,0.2423658671849692,0.0003334753995182577,0.1958829153810729,2
R3,N2Vp0_5q0_5,N2V,0.5,0.5,D2,clustering,0.05,10,0.05532313564866535,0.002073768611920768,0.05648796856119488,10
R3,N2Vp0_5q0_5,N2V,0.5,0.5,D2,clustering,0.1,10,0.05532313564866535,0.002073768611920768,0.05648796856119488,7
R3,N2Vp0_5q0_5,N2V,0.5,0.5,D2,H_norm,0.05,10,0.23602420503462263,0.0014544723748346228,0.19989596067129722,2
R3,N2Vp0_5q0_5,N2V,0.5,0.5,D2,H_norm,0.1,10,0.23602420503462263,0.0014544723748346228,0.19989596067129722,1
R3,N2Vp0_5q0_5,N2V,0.5,0.5,D2,k_max,0.05,10,16.2,0.9189365834726814,13.399999999999999,29
R3,N2Vp0_5q0_5,N2V,0.5,0.5,D2,k_max,0.1,10,16.2,0.9189365834726814,13.399999999999999,2
R3,N2Vp0_5q0_5,N2V,0.5,0.5,D2,k_gini,0.05,10,0.11259079595959594,0.001611144022073995,0.09375128575551424,3
R3,N2Vp0_5q0_5,N2V,0.5,0.5,D2,k_gini,0.1,10,0.11259079595959594,0.001611144022073995,0.09375128575551424,2
R3,N2Vp0_5q0_5,N2V,0.5,0.5,D2,modularity,0.05,10,0.49606650341801856,0.0033557830588787606,0.3675911445106644,13
R3,N2Vp0_5q0_5,N2V,0.5,0.5,D2,modularity,0.1,10,0.49606650341801856,0.0033557830588787606,0.3675911445106644,9
R3,N2Vp0_5q0_5,N2V,0.5,0.5,D2,n_communities,0.05,10,17.0,1.4907119849998596,14.600000000000001,30
R3,N2Vp0_5q0_5,N2V,0.5,0.5,D2,n_communities,0.1,10,17.0,1.4907119849998596,14.600000000000001,20
R3,N2Vp0_5q0_5,N2V,0.5,0.5,D2,assortativity,0.05,10,-0.01900588989635842,0.008838297668754921,0.6785577609454774,1
R3,N2Vp0_5q0_5,N2V,0.5,0.5,D2,assortativity,0.1,10,-0.01900588989635842,0.008838297668754921,0.6785577609454774,1
R3,N2Vp0_5q0_5,N2V,0.5,0.5,D2,dyn_len_mean,0.05,10,16.443974686474068,0.17614099375807796,9.182106910051047,19
R3,N2Vp0_5q0_5,N2V,0.5,0.5,D2,dyn_len_mean,0.1,10,16.443974686474068,0.17614099375807796,9.182106910051047,16
R3,N2Vp0_5q0_5,N2V,0.5,0.5,D2,frac_rewired,0.05,10,0.91156,0.004037380889195912,0.9837199999999999,6
R3,N2Vp0_5q0_5,N2V,0.5,0.5,D2,frac_rewired,0.1,10,0.91156,0.004037380889195912,0.9837199999999999,2
R3,N2Vp0_5q0_5,N2V,0.5,0.5,D4,diameter,0.05,10,9.4,0.5163977794943222,88.9,1
R3,N2Vp0_5q0_5,N2V,0.5,0.5,D4,diameter,0.1,10,9.4,0.5163977794943222,88.9,1
R3,N2Vp0_5q0_5,N2V,0.5,0.5,D4,aspl,0.05,10,4.964010212084834,0.007756656838708604,28.380719967987197,1
R3,N2Vp0_5q0_5,N2V,0.5,0.5,D4,aspl,0.1,10,4.964010212084834,0.007756656838708604,28.380719967987197,1
R3,N2Vp0_5q0_5,N2V,0.5,0.5,D4,efficiency,0.05,10,0.2187659657005659,0.0003029927751672304,0.1726868605654959,3
R3,N2Vp0_5q0_5,N2V,0.5,0.5,D4,efficiency,0.1,10,0.2187659657005659,0.0003029927751672304,0.1726868605654959,1
R3,N2Vp0_5q0_5,N2V,0.5,0.5,D4,clustering,0.05,10,0.05297842140865712,0.002315270083398099,0.05383416924252258,10
R3,N2Vp0_5q0_5,N2V,0.5,0.5,D4,clustering,0.1,10,0.05297842140865712,0.002315270083398099,0.05383416924252258,3
R3,N2Vp0_5q0_5,N2V,0.5,0.5,D4,H_norm,0.05,10,0.23558488690779048,0.0009381632470919978,0.2000449534555403,1
R3,N2Vp0_5q0_5,N2V,0.5,0.5,D4,H_norm,0.1,10,0.23558488690779048,0.0009381632470919978,0.2000449534555403,1
R3,N2Vp0_5q0_5,N2V,0.5,0.5,D4,k_max,0.05,10,15.6,1.0749676997731399,13.100000000000001,28
R3,N2Vp0_5q0_5,N2V,0.5,0.5,D4,k_max,0.1,10,15.6,1.0749676997731399,13.100000000000001,26
R3,N2Vp0_5q0_5,N2V,0.5,0.5,D4,k_gini,0.05,10,0.11182032727272725,0.0011062867638881963,0.09360300292723142,3
R3,N2Vp0_5q0_5,N2V,0.5,0.5,D4,k_gini,0.1,10,0.11182032727272725,0.0011062867638881963,0.09360300292723142,1
R3,N2Vp0_5q0_5,N2V,0.5,0.5,D4,modularity,0.05,10,0.6430426961534537,0.007705422520759624,0.22562336928364668,7
R3,N2Vp0_5q0_5,N2V,0.5,0.5,D4,modularity,0.1,10,0.6430426961534537,0.007705422520759624,0.22562336928364668,4
R3,N2Vp0_5q0_5,N2V,0.5,0.5,D4,n_communities,0.05,10,7.0,0.9428090415820635,15.000000000000002,2
R3,N2Vp0_5q0_5,N2V,0.5,0.5,D4,n_communities,0.1,10,7.0,0.9428090415820635,15.000000000000002,1
R3,N2Vp0_5q0_5,N2V,0.5,0.5,D4,assortativity,0.05,10,-0.02937207147896694,0.011708056046263468,0.6810721642910545,1
R3,N2Vp0_5q0_5,N2V,0.5,0.5,D4,assortativity,0.1,10,-0.02937207147896694,0.011708056046263468,0.6810721642910545,1
R3,N2Vp0_5q0_5,N2V,0.5,0.5,D4,dyn_len_mean,0.05,10,9.099965371423393,0.06789081555054759,2.4735291349923054,12
R3,N2Vp0_5q0_5,N2V,0.5,0.5,D4,dyn_len_mean,0.1,10,9.099965371423393,0.06789081555054759,2.4735291349923054,10
R3,N2Vp0_5q0_5,N2V,0.5,0.5,D4,frac_rewired,0.05,10,0.80532,0.010744797190578624,0.8544,5
R3,N2Vp0_5q0_5,N2V,0.5,0.5,D4,frac_rewired,0.1,10,0.80532,0.010744797190578624,0.8544,2
R3,N2Vp0_5q0_5,N2V,0.5,0.5,D8,diameter,0.05,10,15.0,0.0,83.1,1
R3,N2Vp0_5q0_5,N2V,0.5,0.5,D8,diameter,0.1,10,15.0,0.0,83.1,1
R3,N2Vp0_5q0_5,N2V,0.5,0.5,D8,aspl,0.05,10,6.766319743897559,0.04390584872217033,26.60106679471789,1
R3,N2Vp0_5q0_5,N2V,0.5,0.5,D8,aspl,0.1,10,6.766319743897559,0.04390584872217033,26.60106679471789,1
R3,N2Vp0_5q0_5,N2V,0.5,0.5,D8,efficiency,0.05,10,0.17392117894528214,0.0007344248356782307,0.12805445613785735,3
R3,N2Vp0_5q0_5,N2V,0.5,0.5,D8,efficiency,0.1,10,0.17392117894528214,0.0007344248356782307,0.12805445613785735,2
R3,N2Vp0_5q0_5,N2V,0.5,0.5,D8,clustering,0.05,10,0.0658831917384302,0.0011311787962474847,0.0670170822641413,2
R3,N2Vp0_5q0_5,N2V,0.5,0.5,D8,clustering,0.1,10,0.0658831917384302,0.0011311787962474847,0.0670170822641413,2
R3,N2Vp0_5q0_5,N2V,0.5,0.5,D8,H_norm,0.05,10,0.23559205089776697,0.0010625360887078319,0.20056213438906362,2
R3,N2Vp0_5q0_5,N2V,0.5,0.5,D8,H_norm,0.1,10,0.23559205089776697,0.0010625360887078319,0.20056213438906362,1
R3,N2Vp0_5q0_5,N2V,0.5,0.5,D8,k_max,0.05,10,16.1,1.370320319406298,13.2,19
R3,N2Vp0_5q0_5,N2V,0.5,0.5,D8,k_max,0.1,10,16.1,1.370320319406298,13.2,3
R3,N2Vp0_5q0_5,N2V,0.5,0.5,D8,k_gini,0.05,10,0.11173643232323235,0.0012299842280333476,0.09514669906685594,1
R3,N2Vp0_5q0_5,N2V,0.5,0.5,D8,k_gini,0.1,10,0.11173643232323235,0.0012299842280333476,0.09514669906685594,1
R3,N2Vp0_5q0_5,N2V,0.5,0.5,D8,modularity,0.05,10,0.7440382542597694,0.007229350607617746,0.12464137203846759,3
R3,N2Vp0_5q0_5,N2V,0.5,0.5,D8,modularity,0.1,10,0.7440382542597694,0.007229350607617746,0.12464137203846759,2
R3,N2Vp0_5q0_5,N2V,0.5,0.5,D8,n_communities,0.05,10,9.1,0.7378647873726221,12.600000000000001,30
R3,N2Vp0_5q0_5,N2V,0.5,0.5,D8,n_communities,0.1,10,9.1,0.7378647873726221,12.600000000000001,2
R3,N2Vp0_5q0_5,N2V,0.5,0.5,D8,assortativity,0.05,10,-0.02378101744802523,0.004916983995721542,0.6777520224335469,2
R3,N2Vp0_5q0_5,N2V,0.5,0.5,D8,assortativity,0.1,10,-0.02378101744802523,0.004916983995721542,0.6777520224335469,2
R3,N2Vp0_5q0_5,N2V,0.5,0.5,D8,dyn_len_mean,0.05,10,5.128263071868265,0.02627400938336667,0.44060186158421377,13
R3,N2Vp0_5q0_5,N2V,0.5,0.5,D8,dyn_len_mean,0.1,10,5.128263071868265,0.02627400938336667,0.44060186158421377,9
R3,N2Vp0_5q0_5,N2V,0.5,0.5,D8,frac_rewired,0.05,10,0.62232,0.010734451287534173,0.6269199999999999,5
R3,N2Vp0_5q0_5,N2V,0.5,0.5,D8,frac_rewired,0.1,10,0.62232,0.010734451287534173,0.6269199999999999,4
R3,N2Vp0_5q1,N2V,0.5,1.0,D16,diameter,0.05,10,26.2,0.6324555320336758,72.4,3
R3,N2Vp0_5q1,N2V,0.5,1.0,D16,diameter,0.1,10,26.2,0.6324555320336758,72.4,2
R3,N2Vp0_5q1,N2V,0.5,1.0,D16,aspl,0.05,10,10.591678015206082,0.07309313931624972,22.752244129651864,3
R3,N2Vp0_5q1,N2V,0.5,1.0,D16,aspl,0.1,10,10.591678015206082,0.07309313931624972,22.752244129651864,2
R3,N2Vp0_5q1,N2V,0.5,1.0,D16,efficiency,0.05,10,0.12302960959871509,0.0005679691283660507,0.07654665779481878,6
R3,N2Vp0_5q1,N2V,0.5,1.0,D16,efficiency,0.1,10,0.12302960959871509,0.0005679691283660507,0.07654665779481878,4
R3,N2Vp0_5q1,N2V,0.5,1.0,D16,clustering,0.05,10,0.13615048547530867,0.0028054597952056597,0.13901300227223737,4
R3,N2Vp0_5q1,N2V,0.5,1.0,D16,clustering,0.1,10,0.13615048547530867,0.0028054597952056597,0.13901300227223737,4
R3,N2Vp0_5q1,N2V,0.5,1.0,D16,H_norm,0.05,10,0.23515819729641319,0.0013008040219200715,0.19967817972482418,3
R3,N2Vp0_5q1,N2V,0.5,1.0,D16,H_norm,0.1,10,0.23515819729641319,0.0013008040219200715,0.19967817972482418,2
R3,N2Vp0_5q1,N2V,0.5,1.0,D16,k_max,0.05,10,15.6,0.9660917830792958,12.100000000000001,18
R3,N2Vp0_5q1,N2V,0.5,1.0,D16,k_max,0.1,10,15.6,0.9660917830792958,12.100000000000001,5
R3,N2Vp0_5q1,N2V,0.5,1.0,D16,k_gini,0.05,10,0.11065154343434343,0.0013281408799965962,0.10060055861272126,5
R3,N2Vp0_5q1,N2V,0.5,1.0,D16,k_gini,0.1,10,0.11065154343434343,0.0013281408799965962,0.10060055861272126,1
R3,N2Vp0_5q1,N2V,0.5,1.0,D16,modularity,0.05,10,0.8120074880114274,0.0019852672443539596,0.052960419074484455,8
R3,N2Vp0_5q1,N2V,0.5,1.0,D16,modularity,0.1,10,0.8120074880114274,0.0019852672443539596,0.052960419074484455,6
R3,N2Vp0_5q1,N2V,0.5,1.0,D16,n_communities,0.05,10,15.0,1.05409255338946,7.000000000000002,28
R3,N2Vp0_5q1,N2V,0.5,1.0,D16,n_communities,0.1,10,15.0,1.05409255338946,7.000000000000002,23
R3,N2Vp0_5q1,N2V,0.5,1.0,D16,assortativity,0.05,10,-0.02213507202045838,0.012034367516611634,0.6796458769036572,4
R3,N2Vp0_5q1,N2V,0.5,1.0,D16,assortativity,0.1,10,-0.02213507202045838,0.012034367516611634,0.6796458769036572,3
R3,N2Vp0_5q1,N2V,0.5,1.0,D16,dyn_len_mean,0.05,10,2.93580179441594,0.013620156700115573,0.08113656881303122,24
R3,N2Vp0_5q1,N2V,0.5,1.0,D16,dyn_len_mean,0.1,10,2.93580179441594,0.013620156700115573,0.08113656881303122,13
R3,N2Vp0_5q1,N2V,0.5,1.0,D16,frac_rewired,0.05,10,0.34796,0.01143787081973256,0.3544,9
R3,N2Vp0_5q1,N2V,0.5,1.0,D16,frac_rewired,0.1,10,0.34796,0.01143787081973256,0.3544,8
R3,N2Vp0_5q1,N2V,0.5,1.0,D2,diameter,0.05,10,7.0,0.0,91.0,1
R3,N2Vp0_5q1,N2V,0.5,1.0,D2,diameter,0.1,10,7.0,0.0,91.0,1
R3,N2Vp0_5q1,N2V,0.5,1.0,D2,aspl,0.05,10,4.33703731092437,0.004390541124561748,28.996296022408966,1
R3,N2Vp0_5q1,N2V,0.5,1.0,D2,aspl,0.1,10,4.33703731092437,0.004390541124561748,28.996296022408966,1
R3,N2Vp0_5q1,N2V,0.5,1.0,D2,efficiency,0.05,10,0.24205082939842598,0.00021681383730135138,0.19556787759452968,4
R3,N2Vp0_5q1,N2V,0.5,1.0,D2,efficiency,0.1,10,0.24205082939842598,0.00021681383730135138,0.19556787759452968,2
R3,N2Vp0_5q1,N2V,0.5,1.0,D2,clustering,0.05,10,0.055931866360334224,0.0019483114723059475,0.056293211657623764,11
R3,N2Vp0_5q1,N2V,0.5,1.0,D2,clustering,0.1,10,0.055931866360334224,0.0019483114723059475,0.056293211657623764,8
R3,N2Vp0_5q1,N2V,0.5,1.0,D2,H_norm,0.05,10,0.23578475316214925,0.0015765142852960904,0.19971597751968348,1
R3,N2Vp0_5q1,N2V,0.5,1.0,D2,H_norm,0.1,10,0.23578475316214925,0.0015765142852960904,0.19971597751968348,1
R3,N2Vp0_5q1,N2V,0.5,1.0,D2,k_max,0.05,10,17.0,1.4907119849998598,13.0,30
R3,N2Vp0_5q1,N2V,0.5,1.0,D2,k_max,0.1,10,17.0,1.4907119849998598,13.0,16
R3,N2Vp0_5q1,N2V,0.5,1.0,D2,k_gini,0.05,10,0.11196391111111115,0.0018070956278981925,0.09332673626056476,2
R3,N2Vp0_5q1,N2V,0.5,1.0,D2,k_gini,0.1,10,0.11196391111111115,0.0018070956278981925,0.09332673626056476,2
R3,N2Vp0_5q1,N2V,0.5,1.0,D2,modularity,0.05,10,0.49806266095296403,0.003780600751464558,0.36582400289246214,14
R3,N2Vp0_5q1,N2V,0.5,1.0,D2,modularity,0.1,10,0.49806266095296403,0.003780600751464558,0.36582400289246214,9
R3,N2Vp0_5q1,N2V,0.5,1.0,D2,n_communities,0.05,10,16.0,1.0540925533894596,14.100000000000001,30
R3,N2Vp0_5q1,N2V,0.5,1.0,D2,n_communities,0.1,10,16.0,1.0540925533894596,14.100000000000001,17
R3,N2Vp0_5q1,N2V,0.5,1.0,D2,assortativity,0.05,10,-0.01658148189897174,0.009082077651269806,0.6770766331857809,1
R3,N2Vp0_5q1,N2V,0.5,1.0,D2,assortativity,0.1,10,-0.01658148189897174,0.009082077651269806,0.6770766331857809,1
R3,N2Vp0_5q1,N2V,0.5,1.0,D2,dyn_len_mean,0.05,10,16.27298909941144,0.12775396944610407,9.053302762080524,18
R3,N2Vp0_5q1,N2V,0.5,1.0,D2,dyn_len_mean,0.1,10,16.27298909941144,0.12775396944610407,9.053302762080524,15
R3,N2Vp0_5q1,N2V,0.5,1.0,D2,frac_rewired,0.05,10,0.91472,0.006213390557676413,0.9861599999999999,5
R3,N2Vp0_5q1,N2V,0.5,1.0,D2,frac_rewired,0.1,10,0.91472,0.006213390557676413,0.9861599999999999,2
R3,N2Vp0_5q1,N2V,0.5,1.0,D4,diameter,0.05,10,9.0,0.0,89.0,1
R3,N2Vp0_5q1,N2V,0.5,1.0,D4,diameter,0.1,10,9.0,0.0,89.0,1
R3,N2Vp0_5q1,N2V,0.5,1.0,D4,aspl,0.05,10,4.972707482993197,0.013569126759395036,28.36349304521809,1
R3,N2Vp0_5q1,N2V,0.5,1.0,D4,aspl,0.1,10,4.972707482993197,0.013569126759395036,28.36349304521809,1
R3,N2Vp0_5q1,N2V,0.5,1.0,D4,efficiency,0.05,10,0.21841250892738043,0.00048406528133930254,0.17209389443936288,3
R3,N2Vp0_5q1,N2V,0.5,1.0,D4,efficiency,0.1,10,0.21841250892738043,0.00048406528133930254,0.17209389443936288,1
R3,N2Vp0_5q1,N2V,0.5,1.0,D4,clustering,0.05,10,0.05266487827858461,0.001475846976328671,0.05381951888634281,7
R3,N2Vp0_5q1,N2V,0.5,1.0,D4,clustering,0.1,10,0.05266487827858461,0.001475846976328671,0.05381951888634281,3
R3,N2Vp0_5q1,N2V,0.5,1.0,D4,H_norm,0.05,10,0.23448072409400456,0.0010641853208035892,0.19988201214519746,1
R3,N2Vp0_5q1,N2V,0.5,1.0,D4,H_norm,0.1,10,0.23448072409400456,0.0010641853208035892,0.19988201214519746,1
R3,N2Vp0_5q1,N2V,0.5,1.0,D4,k_max,0.05,10,16.1,0.9944289260117528,12.899999999999999,22
R3,N2Vp0_5q1,N2V,0.5,1.0,D4,k_max,0.1,10,16.1,0.9944289260117528,12.899999999999999,2
R3,N2Vp0_5q1,N2V,0.5,1.0,D4,k_gini,0.05,10,0.11068876767676765,0.0014400946110721057,0.09343987161410013,2
R3,N2Vp0_5q1,N2V,0.5,1.0,D4,k_gini,0.1,10,0.11068876767676765,0.0014400946110721057,0.09343987161410013,1
R3,N2Vp0_5q1,N2V,0.5,1.0,D4,modularity,0.05,10,0.6475423222120191,0.004387049012697293,0.22037815655025206,5
R3,N2Vp0_5q1,N2V,0.5,1.0,D4,modularity,0.1,10,0.6475423222120191,0.004387049012697293,0.22037815655025206,3
R3,N2Vp0_5q1,N2V,0.5,1.0,D4,n_communities,0.05,10,7.2,1.0327955589886444,15.000000000000002,1
R3,N2Vp0_5q1,N2V,0.5,1.0,D4,n_communities,0.1,10,7.2,1.0327955589886444,15.000000000000002,1
R3,N2Vp0_5q1,N2V,0.5,1.0,D4,assortativity,0.05,10,-0.02500149698667714,0.007432354902143722,0.6777422888408756,1
R3,N2Vp0_5q1,N2V,0.5,1.0,D4,assortativity,0.1,10,-0.02500149698667714,0.007432354902143722,0.6777422888408756,1
R3,N2Vp0_5q1,N2V,0.5,1.0,D4,dyn_len_mean,0.05,10,9.085399302835878,0.08636513069595585,2.4183837110908195,16
R3,N2Vp0_5q1,N2V,0.5,1.0,D4,dyn_len_mean,0.1,10,9.085399302835878,0.08636513069595585,2.4183837110908195,11
R3,N2Vp0_5q1,N2V,0.5,1.0,D4,frac_rewired,0.05,10,0.8105600000000001,0.011578063549469554,0.85276,2
R3,N2Vp0_5q1,N2V,0.5,1.0,D4,frac_rewired,0.1,10,0.8105600000000001,0.011578063549469554,0.85276,2
R3,N2Vp0_5q1,N2V,0.5,1.0,D8,diameter,0.05,10,15.0,0.0,83.2,1
R3,N2Vp0_5q1,N2V,0.5,1.0,D8,diameter,0.1,10,15.0,0.0,83.2,1
R3,N2Vp0_5q1,N2V,0.5,1.0,D8,aspl,0.05,10,6.742341480592236,0.049871581865510585,26.590991852741098,1
R3,N2Vp0_5q1,N2V,0.5,1.0,D8,aspl,0.1,10,6.742341480592236,0.049871581865510585,26.590991852741098,1
R3,N2Vp0_5q1,N2V,0.5,1.0,D8,efficiency,0.05,10,0.17437156904169143,0.0009462990913712841,0.12788861723779513,3
R3,N2Vp0_5q1,N2V,0.5,1.0,D8,efficiency,0.1,10,0.17437156904169143,0.0009462990913712841,0.12788861723779513,2
R3,N2Vp0_5q1,N2V,0.5,1.0,D8,clustering,0.05,10,0.06418698346098362,0.001596074781693746,0.0666586188125601,2
R3,N2Vp0_5q1,N2V,0.5,1.0,D8,clustering,0.1,10,0.06418698346098362,0.001596074781693746,0.0666586188125601,2
R3,N2Vp0_5q1,N2V,0.5,1.0,D8,H_norm,0.05,10,0.2357841438191734,0.0012669037993324021,0.20054470464672544,2
R3,N2Vp0_5q1,N2V,0.5,1.0,D8,H_norm,0.1,10,0.2357841438191734,0.0012669037993324021,0.20054470464672544,1
R3,N2Vp0_5q1,N2V,0.5,1.0,D8,k_max,0.05,10,16.3,0.9486832980505137,12.899999999999999,22
R3,N2Vp0_5q1,N2V,0.5,1.0,D8,k_max,0.1,10,16.3,0.9486832980505137,12.899999999999999,3
R3,N2Vp0_5q1,N2V,0.5,1.0,D8,k_gini,0.05,10,0.1120408808080808,0.001477579385108509,0.09480232275125455,1
R3,N2Vp0_5q1,N2V,0.5,1.0,D8,k_gini,0.1,10,0.1120408808080808,0.001477579385108509,0.09480232275125455,1
R3,N2Vp0_5q1,N2V,0.5,1.0,D8,modularity,0.05,10,0.7420298821548821,0.00461157752823333,0.1255232968420591,5
R3,N2Vp0_5q1,N2V,0.5,1.0,D8,modularity,0.1,10,0.7420298821548821,0.00461157752823333,0.1255232968420591,3
R3,N2Vp0_5q1,N2V,0.5,1.0,D8,n_communities,0.05,10,9.6,1.1737877907772671,12.700000000000001,10
R3,N2Vp0_5q1,N2V,0.5,1.0,D8,n_communities,0.1,10,9.6,1.1737877907772671,12.700000000000001,1
R3,N2Vp0_5q1,N2V,0.5,1.0,D8,assortativity,0.05,10,-0.022384470656235618,0.008340351287064342,0.6780392344287071,2
R3,N2Vp0_5q1,N2V,0.5,1.0,D8,assortativity,0.1,10,-0.022384470656235618,0.008340351287064342,0.6780392344287071,2
R3,N2Vp0_5q1,N2V,0.5,1.0,D8,dyn_len_mean,0.05,10,5.149860850633752,0.03825012046570759,0.45236681013364066,23
R3,N2Vp0_5q1,N2V,0.5,1.0,D8,dyn_len_mean,0.1,10,5.149860850633752,0.03825012046570759,0.45236681013364066,11
R3,N2Vp0_5q1,N2V,0.5,1.0,D8,frac_rewired,0.05,10,0.62792,0.012013029962873205,0.6378,4
R3,N2Vp0_5q1,N2V,0.5,1.0,D8,frac_rewired,0.1,10,0.62792,0.012013029962873205,0.6378,4
R3,N2Vp0_5q2,N2V,0.5,2.0,D16,diameter,0.05,10,25.9,0.7378647873726217,72.3,3
R3,N2Vp0_5q2,N2V,0.5,2.0,D16,diameter,0.1,10,25.9,0.7378647873726217,72.3,2
R3,N2Vp0_5q2,N2V,0.5,2.0,D16,aspl,0.05,10,10.617954477791116,0.056745095434940836,22.735002384953983,3
R3,N2Vp0_5q2,N2V,0.5,2.0,D16,aspl,0.1,10,10.617954477791116,0.056745095434940836,22.735002384953983,2
R3,N2Vp0_5q2,N2V,0.5,2.0,D16,efficiency,0.05,10,0.12284108128805823,0.0004467998858565255,0.07645879198368105,6
R3,N2Vp0_5q2,N2V,0.5,2.0,D16,efficiency,0.1,10,0.12284108128805823,0.0004467998858565255,0.07645879198368105,4
R3,N2Vp0_5q2,N2V,0.5,2.0,D16,clustering,0.05,10,0.13461251045033368,0.002999027743477231,0.13739734620281663,4
R3,N2Vp0_5q2,N2V,0.5,2.0,D16,clustering,0.1,10,0.13461251045033368,0.002999027743477231,0.13739734620281663,3
R3,N2Vp0_5q2,N2V,0.5,2.0,D16,H_norm,0.05,10,0.23526844822227866,0.0010671452724598056,0.20012009470612452,3
R3,N2Vp0_5q2,N2V,0.5,2.0,D16,H_norm,0.1,10,0.23526844822227866,0.0010671452724598056,0.20012009470612452,2
R3,N2Vp0_5q2,N2V,0.5,2.0,D16,k_max,0.05,10,16.1,0.9944289260117529,12.399999999999999,24
R3,N2Vp0_5q2,N2V,0.5,2.0,D16,k_max,0.1,10,16.1,0.9944289260117529,12.399999999999999,5
R3,N2Vp0_5q2,N2V,0.5,2.0,D16,k_gini,0.05,10,0.11067506262626262,0.0014325558546930165,0.10150165024686437,5
R3,N2Vp0_5q2,N2V,0.5,2.0,D16,k_gini,0.1,10,0.11067506262626262,0.0014325558546930165,0.10150165024686437,1
R3,N2Vp0_5q2,N2V,0.5,2.0,D16,modularity,0.05,10,0.812370423936333,0.0023793915867081554,0.052091645990105184,12
R3,N2Vp0_5q2,N2V,0.5,2.0,D16,modularity,0.1,10,0.812370423936333,0.0023793915867081554,0.052091645990105184,7
R3,N2Vp0_5q2,N2V,0.5,2.0,D16,n_communities,0.05,10,15.4,1.1737877907772674,7.000000000000002,30
R3,N2Vp0_5q2,N2V,0.5,2.0,D16,n_communities,0.1,10,15.4,1.1737877907772674,7.000000000000002,29
R3,N2Vp0_5q2,N2V,0.5,2.0,D16,assortativity,0.05,10,-0.023312900876113117,0.012700448778111058,0.6829142382879128,4
R3,N2Vp0_5q2,N2V,0.5,2.0,D16,assortativity,0.1,10,-0.023312900876113117,0.012700448778111058,0.6829142382879128,3
R3,N2Vp0_5q2,N2V,0.5,2.0,D16,dyn_len_mean,0.05,10,2.940193950351329,0.01420191674328142,0.07472895261703139,28
R3,N2Vp0_5q2,N2V,0.5,2.0,D16,dyn_len_mean,0.1,10,2.940193950351329,0.01420191674328142,0.07472895261703139,23
R3,N2Vp0_5q2,N2V,0.5,2.0,D16,frac_rewired,0.05,10,0.36536,0.010945034389063286,0.36751999999999996,9
R3,N2Vp0_5q2,N2V,0.5,2.0,D16,frac_rewired,0.1,10,0.36536,0.010945034389063286,0.36751999999999996,8
R3,N2Vp0_5q2,N2V,0.5,2.0,D2,diameter,0.05,10,7.0,0.0,91.0,1
R3,N2Vp0_5q2,N2V,0.5,2.0,D2,diameter,0.1,10,7.0,0.0,91.0,1
R3,N2Vp0_5q2,N2V,0.5,2.0,D2,aspl,0.05,10,4.3478333733493395,0.004391626662731906,28.987628651460586,1
R3,N2Vp0_5q2,N2V,0.5,2.0,D2,aspl,0.1,10,4.3478333733493395,0.004391626662731906,28.987628651460586,1
R3,N2Vp0_5q2,N2V,0.5,2.0,D2,efficiency,0.05,10,0.2414959910821471,0.0002213848599366203,0.19513518970032442,4
R3,N2Vp0_5q2,N2V,0.5,2.0,D2,efficiency,0.1,10,0.2414959910821471,0.0002213848599366203,0.19513518970032442,2
R3,N2Vp0_5q2,N2V,0.5,2.0,D2,clustering,0.05,10,0.05733867316343816,0.0019305278902510728,0.05800308117235396,10
R3,N2Vp0_5q2,N2V,0.5,2.0,D2,clustering,0.1,10,0.05733867316343816,0.0019305278902510728,0.05800308117235396,7
R3,N2Vp0_5q2,N2V,0.5,2.0,D2,H_norm,0.05,10,0.23532435360400847,0.0011387946582181348,0.19962528726559256,2
R3,N2Vp0_5q2,N2V,0.5,2.0,D2,H_norm,0.1,10,0.23532435360400847,0.0011387946582181348,0.19962528726559256,1
R3,N2Vp0_5q2,N2V,0.5,2.0,D2,k_max,0.05,10,16.5,0.5270462766947299,12.899999999999999,26
R3,N2Vp0_5q2,N2V,0.5,2.0,D2,k_max,0.1,10,16.5,0.5270462766947299,12.899999999999999,3
R3,N2Vp0_5q2,N2V,0.5,2.0,D2,k_gini,0.05,10,0.11168694949494948,0.001411191649847081,0.09361417868480718,3
R3,N2Vp0_5q2,N2V,0.5,2.0,D2,k_gini,0.1,10,0.11168694949494948,0.001411191649847081,0.09361417868480718,2
R3,N2Vp0_5q2,N2V,0.5,2.0,D2,modularity,0.05,10,0.5048326481991634,0.005516828901883877,0.3613894553973085,13
R3,N2Vp0_5q2,N2V,0.5,2.0,D2,modularity,0.1,10,0.5048326481991634,0.005516828901883877,0.3613894553973085,9
R3,N2Vp0_5q2,N2V,0.5,2.0,D2,n_communities,0.05,10,16.9,1.3703203194062976,14.000000000000002,29
R3,N2Vp0_5q2,N2V,0.5,2.0,D2,n_communities,0.1,10,16.9,1.3703203194062976,14.000000000000002,25
R3,N2Vp0_5q2,N2V,0.5,2.0,D2,assortativity,0.05,10,-0.02397730545307178,0.007588143499414384,0.6771975075763453,1
R3,N2Vp0_5q2,N2V,0.5,2.0,D2,assortativity,0.1,10,-0.02397730545307178,0.007588143499414384,0.6771975075763453,1
R3,N2Vp0_5q2,N2V,0.5,2.0,D2,dyn_len_mean,0.05,10,16.101497617726,0.19996735651085826,8.88978378049991,20
R3,N2Vp0_5q2,N2V,0.5,2.0,D2,dyn_len_mean,0.1,10,16.101497617726,0.19996735651085826,8.88978378049991,15
R3,N2Vp0_5q2,N2V,0.5,2.0,D2,frac_rewired,0.05,10,0.91848,0.005884216175498666,0.984,5
R3,N2Vp0_5q2,N2V,0.5,2.0,D2,frac_rewired,0.1,10,0.91848,0.005884216175498666,0.984,2
R3,N2Vp0_5q2,N2V,0.5,2.0,D4,diameter,0.05,10,9.5,0.5270462766947299,88.9,1
R3,N2Vp0_5q2,N2V,0.5,2.0,D4,diameter,0.1,10,9.5,0.5270462766947299,88.9,1
R3,N2Vp0_5q2,N2V,0.5,2.0,D4,aspl,0.05,10,4.985309355742297,0.01517114517323931,28.352036014405765,1
R3,N2Vp0_5q2,N2V,0.5,2.0,D4,aspl,0.1,10,4.985309355742297,0.01517114517323931,28.352036014405765,1
R3,N2Vp0_5q2,N2V,0.5,2.0,D4,efficiency,0.05,10,0.2180140349981262,0.0004937905419520614,0.1717317420482477,2
R3,N2Vp0_5q2,N2V,0.5,2.0,D4,efficiency,0.1,10,0.2180140349981262,0.0004937905419520614,0.1717317420482477,1
R3,N2Vp0_5q2,N2V,0.5,2.0,D4,clustering,0.05,10,0.054831545461762554,0.0018602438182298787,0.05532524397171491,9
R3,N2Vp0_5q2,N2V,0.5,2.0,D4,clustering,0.1,10,0.054831545461762554,0.0018602438182298787,0.05532524397171491,4
R3,N2Vp0_5q2,N2V,0.5,2.0,D4,H_norm,0.05,10,0.2359166235164991,0.0014194327819985913,0.1997883791531737,2
R3,N2Vp0_5q2,N2V,0.5,2.0,D4,H_norm,0.1,10,0.2359166235164991,0.0014194327819985913,0.1997883791531737,1
R3,N2Vp0_5q2,N2V,0.5,2.0,D4,k_max,0.05,10,16.2,1.3165611772087666,12.7,3
R3,N2Vp0_5q2,N2V,0.5,2.0,D4,k_max,0.1,10,16.2,1.3165611772087666,12.7,3
R3,N2Vp0_5q2,N2V,0.5,2.0,D4,k_gini,0.05,10,0.11231773737373736,0.001085885326029969,0.09365335848278702,2
R3,N2Vp0_5q2,N2V,0.5,2.0,D4,k_gini,0.1,10,0.11231773737373736,0.001085885326029969,0.09365335848278702,1
R3,N2Vp0_5q2,N2V,0.5,2.0,D4,modularity,0.05,10,0.6469173808795021,0.005642491829112438,0.21944653375665968,7
R3,N2Vp0_5q2,N2V,0.5,2.0,D4,modularity,0.1,10,0.6469173808795021,0.005642491829112438,0.21944653375665968,4
R3,N2Vp0_5q2,N2V,0.5,2.0,D4,n_communities,0.05,10,6.9,0.8755950357709131,14.8,1
R3,N2Vp0_5q2,N2V,0.5,2.0,D4,n_communities,0.1,10,6.9,0.8755950357709131,14.8,1
R3,N2Vp0_5q2,N2V,0.5,2.0,D4,assortativity,0.05,10,-0.02186922044486712,0.00894467237308716,0.6780634331553309,1
R3,N2Vp0_5q2,N2V,0.5,2.0,D4,assortativity,0.1,10,-0.02186922044486712,0.00894467237308716,0.6780634331553309,1
R3,N2Vp0_5q2,N2V,0.5,2.0,D4,dyn_len_mean,0.05,10,8.991513537537262,0.10526718850544839,2.3104393789557056,13
R3,N2Vp0_5q2,N2V,0.5,2.0,D4,dyn_len_mean,0.1,10,8.991513537537262,0.10526718850544839,2.3104393789557056,11
R3,N2Vp0_5q2,N2V,0.5,2.0,D4,frac_rewired,0.05,10,0.81212,0.011085205355688186,0.85136,2
R3,N2Vp0_5q2,N2V,0.5,2.0,D4,frac_rewired,0.1,10,0.81212,0.011085205355688186,0.85136,2
R3,N2Vp0_5q2,N2V,0.5,2.0,D8,diameter,0.05,10,15.0,0.0,83.1,1
R3,N2Vp0_5q2,N2V,0.5,2.0,D8,diameter,0.1,10,15.0,0.0,83.1,1
R3,N2Vp0_5q2,N2V,0.5,2.0,D8,aspl,0.05,10,6.768494789915967,0.041277539155789716,26.583492212885155,1
R3,N2Vp0_5q2,N2V,0.5,2.0,D8,aspl,0.1,10,6.768494789915967,0.041277539155789716,26.583492212885155,1
R3,N2Vp0_5q2,N2V,0.5,2.0,D8,efficiency,0.05,10,0.17387352689087618,0.0007449388545225107,0.1277625862508638,3
R3,N2Vp0_5q2,N2V,0.5,2.0,D8,efficiency,0.1,10,0.17387352689087618,0.0007449388545225107,0.1277625862508638,2
R3,N2Vp0_5q2,N2V,0.5,2.0,D8,clustering,0.05,10,0.06648743375578683,0.0019167324516062478,0.06710810726528389,2
R3,N2Vp0_5q2,N2V,0.5,2.0,D8,clustering,0.1,10,0.06648743375578683,0.0019167324516062478,0.06710810726528389,2
R3,N2Vp0_5q2,N2V,0.5,2.0,D8,H_norm,0.05,10,0.23544252264663065,0.0011789664195588406,0.20071566271470526,2
R3,N2Vp0_5q2,N2V,0.5,2.0,D8,H_norm,0.1,10,0.23544252264663065,0.0011789664195588406,0.20071566271470526,1
R3,N2Vp0_5q2,N2V,0.5,2.0,D8,k_max,0.05,10,16.1,0.9944289260117529,13.0,27
R3,N2Vp0_5q2,N2V,0.5,2.0,D8,k_max,0.1,10,16.1,0.9944289260117529,13.0,3
R3,N2Vp0_5q2,N2V,0.5,2.0,D8,k_gini,0.05,10,0.11167587474747478,0.0014273481275955148,0.09608521284574809,1
R3,N2Vp0_5q2,N2V,0.5,2.0,D8,k_gini,0.1,10,0.11167587474747478,0.0014273481275955148,0.09608521284574809,1
R3,N2Vp0_5q2,N2V,0.5,2.0,D8,modularity,0.05,10,0.7409740067340067,0.004424478673538477,0.12352675516263867,6
R3,N2Vp0_5q2,N2V,0.5,2.0,D8,modularity,0.1,10,0.7409740067340067,0.004424478673538477,0.12352675516263867,3
R3,N2Vp0_5q2,N2V,0.5,2.0,D8,n_communities,0.05,10,9.1,0.7378647873726217,12.500000000000002,29
R3,N2Vp0_5q2,N2V,0.5,2.0,D8,n_communities,0.1,10,9.1,0.7378647873726217,12.500000000000002,2
R3,N2Vp0_5q2,N2V,0.5,2.0,D8,assortativity,0.05,10,-0.01997825000965235,0.008001405918084794,0.6802339312727154,2
R3,N2Vp0_5q2,N2V,0.5,2.0,D8,assortativity,0.1,10,-0.01997825000965235,0.008001405918084794,0.6802339312727154,2
R3,N2Vp0_5q2,N2V,0.5,2.0,D8,dyn_len_mean,0.05,10,5.116878553974429,0.025641440440455764,0.4338587308987245,15
R3,N2Vp0_5q2,N2V,0.5,2.0,D8,dyn_len_mean,0.1,10,5.116878553974429,0.025641440440455764,0.4338587308987245,10
R3,N2Vp0_5q2,N2V,0.5,2.0,D8,frac_rewired,0.05,10,0.62808,0.007621723339682887,0.64388,4
R3,N2Vp0_5q2,N2V,0.5,2.0,D8,frac_rewired,0.1,10,0.62808,0.007621723339682887,0.64388,4
R3,N2Vp1q0_25,N2V,1.0,0.25,D16,diameter,0.05,10,25.8,0.6324555320336758,72.6,3
R3,N2Vp1q0_25,N2V,1.0,0.25,D16,diameter,0.1,10,25.8,0.6324555320336758,72.6,2
R3,N2Vp1q0_25,N2V,1.0,0.25,D16,aspl,0.05,10,10.562861560624249,0.05890502341592611,22.784379127651064,3
R3,N2Vp1q0_25,N2V,1.0,0.25,D16,aspl,0.1,10,10.562861560624249,0.05890502341592611,22.784379127651064,2
R3,N2Vp1q0_25,N2V,1.0,0.25,D16,efficiency,0.05,10,0.12325158789280363,0.0004857970553811412,0.07689899460006641,6
R3,N2Vp1q0_25,N2V,1.0,0.25,D16,efficiency,0.1,10,0.12325158789280363,0.0004857970553811412,0.07689899460006641,4
R3,N2Vp1q0_25,N2V,1.0,0.25,D16,clustering,0.05,10,0.13491500374135645,0.0030686737129789012,0.1382995878565877,4
R3,N2Vp1q0_25,N2V,1.0,0.25,D16,clustering,0.1,10,0.13491500374135645,0.0030686737129789012,0.1382995878565877,3
R3,N2Vp1q0_25,N2V,1.0,0.25,D16,H_norm,0.05,10,0.23449753918585317,0.0011863698359579657,0.19890225526725996,3
R3,N2Vp1q0_25,N2V,1.0,0.25,D16,H_norm,0.1,10,0.23449753918585317,0.0011863698359579657,0.19890225526725996,2
R3,N2Vp1q0_25,N2V,1.0,0.25,D16,k_max,0.05,10,15.6,1.1737877907772674,12.399999999999999,26
R3,N2Vp1q0_25,N2V,1.0,0.25,D16,k_max,0.1,10,15.6,1.1737877907772674,12.399999999999999,4
R3,N2Vp1q0_25,N2V,1.0,0.25,D16,k_gini,0.05,10,0.10993397289921134,0.001007092977842326,0.10079573660355301,4
R3,N2Vp1q0_25,N2V,1.0,0.25,D16,k_gini,0.1,10,0.10993397289921134,0.001007092977842326,0.10079573660355301,1
R3,N2Vp1q0_25,N2V,1.0,0.25,D16,modularity,0.05,10,0.8134141192708517,0.0018268876334151156,0.0534051343904266,29
R3,N2Vp1q0_25,N2V,1.0,0.25,D16,modularity,0.1,10,0.8134141192708517,0.0018268876334151156,0.0534051343904266,5
R3,N2Vp1q0_25,N2V,1.0,0.25,D16,n_communities,0.05,10,14.9,0.5676462121975469,7.200000000000001,29
R3,N2Vp1q0_25,N2V,1.0,0.25,D16,n_communities,0.1,10,14.9,0.5676462121975469,7.200000000000001,4
R3,N2Vp1q0_25,N2V,1.0,0.25,D16,assortativity,0.05,10,-0.02812168971618218,0.010035900046096207,0.6841344948375107,5
R3,N2Vp1q0_25,N2V,1.0,0.25,D16,assortativity,0.1,10,-0.02812168971618218,0.010035900046096207,0.6841344948375107,3
R3,N2Vp1q0_25,N2V,1.0,0.25,D16,dyn_len_mean,0.05,10,2.93956738201269,0.01391283525287909,0.08877634481834118,16
R3,N2Vp1q0_25,N2V,1.0,0.25,D16,dyn_len_mean,0.1,10,2.93956738201269,0.01391283525287909,0.08877634481834118,15
R3,N2Vp1q0_25,N2V,1.0,0.25,D16,frac_rewired,0.05,10,0.33712,0.011685964991295223,0.34308,10
R3,N2Vp1q0_25,N2V,1.0,0.25,D16,frac_rewired,0.1,10,0.33712,0.011685964991295223,0.34308,8
R3,N2Vp1q0_25,N2V,1.0,0.25,D2,diameter,0.05,10,7.0,0.0,91.0,1
R3,N2Vp1q0_25,N2V,1.0,0.25,D2,diameter,0.1,10,7.0,0.0,91.0,1
R3,N2Vp1q0_25,N2V,1.0,0.25,D2,aspl,0.05,10,4.333904217687075,0.005455527475433471,29.001917470988396,1
R3,N2Vp1q0_25,N2V,1.0,0.25,D2,aspl,0.1,10,4.333904217687075,0.005455527475433471,29.001917470988396,1
R3,N2Vp1q0_25,N2V,1.0,0.25,D2,efficiency,0.05,10,0.2422072517387907,0.0002895333113600567,0.19586760655277968,4
R3,N2Vp1q0_25,N2V,1.0,0.25,D2,efficiency,0.1,10,0.2422072517387907,0.0002895333113600567,0.19586760655277968,2
R3,N2Vp1q0_25,N2V,1.0,0.25,D2,clustering,0.05,10,0.054858575587811265,0.0020732519177567234,0.05562846181269745,8
R3,N2Vp1q0_25,N2V,1.0,0.25,D2,clustering,0.1,10,0.054858575587811265,0.0020732519177567234,0.05562846181269745,7
R3,N2Vp1q0_25,N2V,1.0,0.25,D2,H_norm,0.05,10,0.23409363808715797,0.0016267785501709912,0.19964103944067887,1
R3,N2Vp1q0_25,N2V,1.0,0.25,D2,H_norm,0.1,10,0.23409363808715797,0.0016267785501709912,0.19964103944067887,1
R3,N2Vp1q0_25,N2V,1.0,0.25,D2,k_max,0.05,10,16.1,0.875595035770913,12.8,25
R3,N2Vp1q0_25,N2V,1.0,0.25,D2,k_max,0.1,10,16.1,0.875595035770913,12.8,1
R3,N2Vp1q0_25,N2V,1.0,0.25,D2,k_gini,0.05,10,0.11034469494949499,0.001445320896714682,0.0934827281797567,2
R3,N2Vp1q0_25,N2V,1.0,0.25,D2,k_gini,0.1,10,0.11034469494949499,0.001445320896714682,0.0934827281797567,1
R3,N2Vp1q0_25,N2V,1.0,0.25,D2,modularity,0.05,10,0.4966500066319764,0.004631687674723195,0.3689146977195206,13
R3,N2Vp1q0_25,N2V,1.0,0.25,D2,modularity,0.1,10,0.4966500066319764,0.004631687674723195,0.3689146977195206,9
R3,N2Vp1q0_25,N2V,1.0,0.25,D2,n_communities,0.05,10,16.5,1.35400640077266,13.8,29
R3,N2Vp1q0_25,N2V,1.0,0.25,D2,n_communities,0.1,10,16.5,1.35400640077266,13.8,20
R3,N2Vp1q0_25,N2V,1.0,0.25,D2,assortativity,0.05,10,-0.02410103977160266,0.013134297996716183,0.679921205083355,1
R3,N2Vp1q0_25,N2V,1.0,0.25,D2,assortativity,0.1,10,-0.02410103977160266,0.013134297996716183,0.679921205083355,1
R3,N2Vp1q0_25,N2V,1.0,0.25,D2,dyn_len_mean,0.05,10,16.32233869783115,0.11671299134917457,9.110935290686076,17
R3,N2Vp1q0_25,N2V,1.0,0.25,D2,dyn_len_mean,0.1,10,16.32233869783115,0.11671299134917457,9.110935290686076,15
R3,N2Vp1q0_25,N2V,1.0,0.25,D2,frac_rewired,0.05,10,0.9128399999999999,0.005871058961834161,0.9842000000000001,6
R3,N2Vp1q0_25,N2V,1.0,0.25,D2,frac_rewired,0.1,10,0.9128399999999999,0.005871058961834161,0.9842000000000001,2
R3,N2Vp1q0_25,N2V,1.0,0.25,D4,diameter,0.05,10,9.5,0.5270462766947298,88.9,1
R3,N2Vp1q0_25,N2V,1.0,0.25,D4,diameter,0.1,10,9.5,0.5270462766947298,88.9,1
R3,N2Vp1q0_25,N2V,1.0,0.25,D4,aspl,0.05,10,4.967972821128451,0.018719856336388594,28.367748699479794,1
R3,N2Vp1q0_25,N2V,1.0,0.25,D4,aspl,0.1,10,4.967972821128451,0.018719856336388594,28.367748699479794,1
R3,N2Vp1q0_25,N2V,1.0,0.25,D4,efficiency,0.05,10,0.21871853819623083,0.0005932234581713403,0.17228947828559976,3
R3,N2Vp1q0_25,N2V,1.0,0.25,D4,efficiency,0.1,10,0.21871853819623083,0.0005932234581713403,0.17228947828559976,1
R3,N2Vp1q0_25,N2V,1.0,0.25,D4,clustering,0.05,10,0.05143534734546544,0.0016312789924797036,0.05293781756392944,5
R3,N2Vp1q0_25,N2V,1.0,0.25,D4,clustering,0.1,10,0.05143534734546544,0.0016312789924797036,0.05293781756392944,3
R3,N2Vp1q0_25,N2V,1.0,0.25,D4,H_norm,0.05,10,0.2357540182076626,0.0018391550267661957,0.1998963694472842,1
R3,N2Vp1q0_25,N2V,1.0,0.25,D4,H_norm,0.1,10,0.2357540182076626,0.0018391550267661957,0.1998963694472842,1
R3,N2Vp1q0_25,N2V,1.0,0.25,D4,k_max,0.05,10,16.1,1.1005049346146112,13.2,23
R3,N2Vp1q0_25,N2V,1.0,0.25,D4,k_max,0.1,10,16.1,1.1005049346146112,13.2,1
R3,N2Vp1q0_25,N2V,1.0,0.25,D4,k_gini,0.05,10,0.11209835555555558,0.002080099926618831,0.09333763727066577,2
R3,N2Vp1q0_25,N2V,1.0,0.25,D4,k_gini,0.1,10,0.11209835555555558,0.002080099926618831,0.09333763727066577,1
R3,N2Vp1q0_25,N2V,1.0,0.25,D4,modularity,0.05,10,0.6447626543209877,0.003154088982451577,0.22233553640945014,5
R3,N2Vp1q0_25,N2V,1.0,0.25,D4,modularity,0.1,10,0.6447626543209877,0.003154088982451577,0.22233553640945014,3
R3,N2Vp1q0_25,N2V,1.0,0.25,D4,n_communities,0.05,10,6.7,0.483045891539648,15.000000000000002,20
R3,N2Vp1q0_25,N2V,1.0,0.25,D4,n_communities,0.1,10,6.7,0.483045891539648,15.000000000000002,1
R3,N2Vp1q0_25,N2V,1.0,0.25,D4,assortativity,0.05,10,-0.02405183622204924,0.009304241838694395,0.6783737981949564,1
R3,N2Vp1q0_25,N2V,1.0,0.25,D4,assortativity,0.1,10,-0.02405183622204924,0.009304241838694395,0.6783737981949564,1
R3,N2Vp1q0_25,N2V,1.0,0.25,D4,dyn_len_mean,0.05,10,9.142782124895048,0.09977787141816623,2.4581074820946167,15
R3,N2Vp1q0_25,N2V,1.0,0.25,D4,dyn_len_mean,0.1,10,9.142782124895048,0.09977787141816623,2.4581074820946167,11
R3,N2Vp1q0_25,N2V,1.0,0.25,D4,frac_rewired,0.05,10,0.8059200000000001,0.015773733440966553,0.8484,4
R3,N2Vp1q0_25,N2V,1.0,0.25,D4,frac_rewired,0.1,10,0.8059200000000001,0.015773733440966553,0.8484,2
R3,N2Vp1q0_25,N2V,1.0,0.25,D8,diameter,0.05,10,15.0,0.0,83.2,1
R3,N2Vp1q0_25,N2V,1.0,0.25,D8,diameter,0.1,10,15.0,0.0,83.2,1
R3,N2Vp1q0_25,N2V,1.0,0.25,D8,aspl,0.05,10,6.761234893957583,0.04623573507154123,26.58818423369348,1
R3,N2Vp1q0_25,N2V,1.0,0.25,D8,aspl,0.1,10,6.761234893957583,0.04623573507154123,26.58818423369348,1
R3,N2Vp1q0_25,N2V,1.0,0.25,D8,efficiency,0.05,10,0.17405410666768645,0.0008387450015890586,0.12789278848071792,3
R3,N2Vp1q0_25,N2V,1.0,0.25,D8,efficiency,0.1,10,0.17405410666768645,0.0008387450015890586,0.12789278848071792,2
R3,N2Vp1q0_25,N2V,1.0,0.25,D8,clustering,0.05,10,0.06417449270612444,0.0021211295594782287,0.06719529799612167,2
R3,N2Vp1q0_25,N2V,1.0,0.25,D8,clustering,0.1,10,0.06417449270612444,0.0021211295594782287,0.06719529799612167,2
R3,N2Vp1q0_25,N2V,1.0,0.25,D8,H_norm,0.05,10,0.23522433794457345,0.0013438080293810039,0.2003944788149591,2
R3,N2Vp1q0_25,N2V,1.0,0.25,D8,H_norm,0.1,10,0.23522433794457345,0.0013438080293810039,0.2003944788149591,1
R3,N2Vp1q0_25,N2V,1.0,0.25,D8,k_max,0.05,10,15.7,1.3374935098492589,12.899999999999999,29
R3,N2Vp1q0_25,N2V,1.0,0.25,D8,k_max,0.1,10,15.7,1.3374935098492589,12.899999999999999,2
R3,N2Vp1q0_25,N2V,1.0,0.25,D8,k_gini,0.05,10,0.11113429090909091,0.0013514342513672247,0.09550081117716076,1
R3,N2Vp1q0_25,N2V,1.0,0.25,D8,k_gini,0.1,10,0.11113429090909091,0.0013514342513672247,0.09550081117716076,1
R3,N2Vp1q0_25,N2V,1.0,0.25,D8,modularity,0.05,10,0.7434586557494134,0.0068358943509617956,0.125109830359047,4
R3,N2Vp1q0_25,N2V,1.0,0.25,D8,modularity,0.1,10,0.7434586557494134,0.0068358943509617956,0.125109830359047,2
R3,N2Vp1q0_25,N2V,1.0,0.25,D8,n_communities,0.05,10,9.2,0.7888106377466155,12.8,19
R3,N2Vp1q0_25,N2V,1.0,0.25,D8,n_communities,0.1,10,9.2,0.7888106377466155,12.8,2
R3,N2Vp1q0_25,N2V,1.0,0.25,D8,assortativity,0.05,10,-0.0191090341893933,0.008386684532123719,0.6775641922536421,2
R3,N2Vp1q0_25,N2V,1.0,0.25,D8,assortativity,0.1,10,-0.0191090341893933,0.008386684532123719,0.6775641922536421,1
R3,N2Vp1q0_25,N2V,1.0,0.25,D8,dyn_len_mean,0.05,10,5.147490157174503,0.030362627273355917,0.45361215306569846,14
R3,N2Vp1q0_25,N2V,1.0,0.25,D8,dyn_len_mean,0.1,10,5.147490157174503,0.030362627273355917,0.45361215306569846,11
R3,N2Vp1q0_25,N2V,1.0,0.25,D8,frac_rewired,0.05,10,0.62092,0.010122889354768716,0.62352,5
R3,N2Vp1q0_25,N2V,1.0,0.25,D8,frac_rewired,0.1,10,0.62092,0.010122889354768716,0.62352,4
R3,N2Vp1q0_5,N2V,1.0,0.5,D16,diameter,0.05,10,26.0,0.6666666666666664,72.3,3
R3,N2Vp1q0_5,N2V,1.0,0.5,D16,diameter,0.1,10,26.0,0.6666666666666664,72.3,2
R3,N2Vp1q0_5,N2V,1.0,0.5,D16,aspl,0.05,10,10.574344521808722,0.03383172080602726,22.762533909563828,3
R3,N2Vp1q0_5,N2V,1.0,0.5,D16,aspl,0.1,10,10.574344521808722,0.03383172080602726,22.762533909563828,2
R3,N2Vp1q0_5,N2V,1.0,0.5,D16,efficiency,0.05,10,0.12311666736755174,0.00033254820827376797,0.07669166793504859,6
R3,N2Vp1q0_5,N2V,1.0,0.5,D16,efficiency,0.1,10,0.12311666736755174,0.00033254820827376797,0.07669166793504859,4
R3,N2Vp1q0_5,N2V,1.0,0.5,D16,clustering,0.05,10,0.13516264009846332,0.0026275443531862982,0.13905482932753496,4
R3,N2Vp1q0_5,N2V,1.0,0.5,D16,clustering,0.1,10,0.13516264009846332,0.0026275443531862982,0.13905482932753496,3
R3,N2Vp1q0_5,N2V,1.0,0.5,D16,H_norm,0.05,10,0.23517457839517436,0.0013469731205594103,0.19929210637409944,3
R3,N2Vp1q0_5,N2V,1.0,0.5,D16,H_norm,0.1,10,0.23517457839517436,0.0013469731205594103,0.19929210637409944,2
R3,N2Vp1q0_5,N2V,1.0,0.5,D16,k_max,0.05,10,16.1,0.9944289260117533,12.600000000000001,30
R3,N2Vp1q0_5,N2V,1.0,0.5,D16,k_max,0.1,10,16.1,0.9944289260117533,12.600000000000001,6
R3,N2Vp1q0_5,N2V,1.0,0.5,D16,k_gini,0.05,10,0.11074227474747475,0.0016001379837167296,0.10087132168710751,4
R3,N2Vp1q0_5,N2V,1.0,0.5,D16,k_gini,0.1,10,0.11074227474747475,0.0016001379837167296,0.10087132168710751,1
R3,N2Vp1q0_5,N2V,1.0,0.5,D16,modularity,0.05,10,0.8118369799000102,0.0032720834425800736,0.052559920622785916,9
R3,N2Vp1q0_5,N2V,1.0,0.5,D16,modularity,0.1,10,0.8118369799000102,0.0032720834425800736,0.052559920622785916,6
R3,N2Vp1q0_5,N2V,1.0,0.5,D16,n_communities,0.05,10,14.8,0.9189365834726816,6.800000000000001,29
R3,N2Vp1q0_5,N2V,1.0,0.5,D16,n_communities,0.1,10,14.8,0.9189365834726816,6.800000000000001,24
R3,N2Vp1q0_5,N2V,1.0,0.5,D16,assortativity,0.05,10,-0.02793966239546436,0.009379168639936993,0.6838450202747551,5
R3,N2Vp1q0_5,N2V,1.0,0.5,D16,assortativity,0.1,10,-0.02793966239546436,0.009379168639936993,0.6838450202747551,3
R3,N2Vp1q0_5,N2V,1.0,0.5,D16,dyn_len_mean,0.05,10,2.9416506327109984,0.015202153421367668,0.0736322573070094,30
R3,N2Vp1q0_5,N2V,1.0,0.5,D16,dyn_len_mean,0.1,10,2.9416506327109984,0.015202153421367668,0.0736322573070094,26
R3,N2Vp1q0_5,N2V,1.0,0.5,D16,frac_rewired,0.05,10,0.33956,0.01536570495906025,0.34731999999999996,9
R3,N2Vp1q0_5,N2V,1.0,0.5,D16,frac_rewired,0.1,10,0.33956,0.01536570495906025,0.34731999999999996,8
R3,N2Vp1q0_5,N2V,1.0,0.5,D2,diameter,0.05,10,7.0,0.0,91.0,1
R3,N2Vp1q0_5,N2V,1.0,0.5,D2,diameter,0.1,10,7.0,0.0,91.0,1
R3,N2Vp1q0_5,N2V,1.0,0.5,D2,aspl,0.05,10,4.335785322128851,0.004921456465049768,28.99809069227691,1
R3,N2Vp1q0_5,N2V,1.0,0.5,D2,aspl,0.1,10,4.335785322128851,0.004921456465049768,28.99809069227691,1
R3,N2Vp1q0_5,N2V,1.0,0.5,D2,efficiency,0.05,10,0.2421176344061434,0.0002415924817740413,0.19567112719913343,4
R3,N2Vp1q0_5,N2V,1.0,0.5,D2,efficiency,0.1,10,0.2421176344061434,0.0002415924817740413,0.19567112719913343,2
R3,N2Vp1q0_5,N2V,1.0,0.5,D2,clustering,0.05,10,0.055112436811554866,0.0014432938694089335,0.056073246289658416,10
R3,N2Vp1q0_5,N2V,1.0,0.5,D2,clustering,0.1,10,0.055112436811554866,0.0014432938694089335,0.056073246289658416,7
R3,N2Vp1q0_5,N2V,1.0,0.5,D2,H_norm,0.05,10,0.2343300234102716,0.0014049565869881165,0.1995521435638778,1
R3,N2Vp1q0_5,N2V,1.0,0.5,D2,H_norm,0.1,10,0.2343300234102716,0.0014049565869881165,0.1995521435638778,1
R3,N2Vp1q0_5,N2V,1.0,0.5,D2,k_max,0.05,10,16.3,0.8232726023485648,13.3,25
R3,N2Vp1q0_5,N2V,1.0,0.5,D2,k_max,0.1,10,16.3,0.8232726023485648,13.3,2
R3,N2Vp1q0_5,N2V,1.0,0.5,D2,k_gini,0.05,10,0.11048359595959598,0.00143414221164845,0.09327897464440313,2
R3,N2Vp1q0_5,N2V,1.0,0.5,D2,k_gini,0.1,10,0.11048359595959598,0.00143414221164845,0.09327897464440313,1
R3,N2Vp1q0_5,N2V,1.0,0.5,D2,modularity,0.05,10,0.49729525252525253,0.0043315723894341825,0.3663416883327233,13
R3,N2Vp1q0_5,N2V,1.0,0.5,D2,modularity,0.1,10,0.49729525252525253,0.0043315723894341825,0.3663416883327233,9
R3,N2Vp1q0_5,N2V,1.0,0.5,D2,n_communities,0.05,10,15.4,1.4298407059684812,13.8,30
R3,N2Vp1q0_5,N2V,1.0,0.5,D2,n_communities,0.1,10,15.4,1.4298407059684812,13.8,15
R3,N2Vp1q0_5,N2V,1.0,0.5,D2,assortativity,0.05,10,-0.01724845855201204,0.006864993136225879,0.678286044344994,1
R3,N2Vp1q0_5,N2V,1.0,0.5,D2,assortativity,0.1,10,-0.01724845855201204,0.006864993136225879,0.678286044344994,1
R3,N2Vp1q0_5,N2V,1.0,0.5,D2,dyn_len_mean,0.05,10,16.327741193951613,0.16673251463732713,9.080083783099647,18
R3,N2Vp1q0_5,N2V,1.0,0.5,D2,dyn_len_mean,0.1,10,16.327741193951613,0.16673251463732713,9.080083783099647,15
R3,N2Vp1q0_5,N2V,1.0,0.5,D2,frac_rewired,0.05,10,0.9149200000000001,0.005641276451300723,0.98476,5
R3,N2Vp1q0_5,N2V,1.0,0.5,D2,frac_rewired,0.1,10,0.9149200000000001,0.005641276451300723,0.98476,2
R3,N2Vp1q0_5,N2V,1.0,0.5,D4,diameter,0.05,10,9.2,0.42163702135578396,89.0,1
R3,N2Vp1q0_5,N2V,1.0,0.5,D4,diameter,0.1,10,9.2,0.42163702135578396,89.0,1
R3,N2Vp1q0_5,N2V,1.0,0.5,D4,aspl,0.05,10,4.970022408963585,0.022506385342173942,28.37245147659064,1
R3,N2Vp1q0_5,N2V,1.0,0.5,D4,aspl,0.1,10,4.970022408963585,0.022506385342173942,28.37245147659064,1
R3,N2Vp1q0_5,N2V,1.0,0.5,D4,efficiency,0.05,10,0.21858114020211256,0.0007695532014107646,0.17241908158088617,3
R3,N2Vp1q0_5,N2V,1.0,0.5,D4,efficiency,0.1,10,0.21858114020211256,0.0007695532014107646,0.17241908158088617,1
R3,N2Vp1q0_5,N2V,1.0,0.5,D4,clustering,0.05,10,0.05198987357740344,0.001566285438747774,0.05421335950324224,5
R3,N2Vp1q0_5,N2V,1.0,0.5,D4,clustering,0.1,10,0.05198987357740344,0.001566285438747774,0.05421335950324224,3
R3,N2Vp1q0_5,N2V,1.0,0.5,D4,H_norm,0.05,10,0.2354865934380276,0.0015505531193377906,0.2000696432406578,1
R3,N2Vp1q0_5,N2V,1.0,0.5,D4,H_norm,0.1,10,0.2354865934380276,0.0015505531193377906,0.2000696432406578,1
R3,N2Vp1q0_5,N2V,1.0,0.5,D4,k_max,0.05,10,16.3,0.8232726023485646,13.100000000000001,17
R3,N2Vp1q0_5,N2V,1.0,0.5,D4,k_max,0.1,10,16.3,0.8232726023485646,13.100000000000001,2
R3,N2Vp1q0_5,N2V,1.0,0.5,D4,k_gini,0.05,10,0.11165226262626263,0.0016886091804367413,0.09354273626056472,3
R3,N2Vp1q0_5,N2V,1.0,0.5,D4,k_gini,0.1,10,0.11165226262626263,0.0016886091804367413,0.09354273626056472,1
R3,N2Vp1q0_5,N2V,1.0,0.5,D4,modularity,0.05,10,0.6428349760228549,0.005804700201492296,0.22080196483512093,7
R3,N2Vp1q0_5,N2V,1.0,0.5,D4,modularity,0.1,10,0.6428349760228549,0.005804700201492296,0.22080196483512093,3
R3,N2Vp1q0_5,N2V,1.0,0.5,D4,n_communities,0.05,10,7.3,0.6749485577105528,14.8,2
R3,N2Vp1q0_5,N2V,1.0,0.5,D4,n_communities,0.1,10,7.3,0.6749485577105528,14.8,1
R3,N2Vp1q0_5,N2V,1.0,0.5,D4,assortativity,0.05,10,-0.01856513057871989,0.01059402125303972,0.6785543766193411,1
R3,N2Vp1q0_5,N2V,1.0,0.5,D4,assortativity,0.1,10,-0.01856513057871989,0.01059402125303972,0.6785543766193411,1
R3,N2Vp1q0_5,N2V,1.0,0.5,D4,dyn_len_mean,0.05,10,9.142675173364466,0.05382331510826807,2.4881227235792114,18
R3,N2Vp1q0_5,N2V,1.0,0.5,D4,dyn_len_mean,0.1,10,9.142675173364466,0.05382331510826807,2.4881227235792114,12
R3,N2Vp1q0_5,N2V,1.0,0.5,D4,frac_rewired,0.05,10,0.80144,0.012994631370086832,0.85064,4
R3,N2Vp1q0_5,N2V,1.0,0.5,D4,frac_rewired,0.1,10,0.80144,0.012994631370086832,0.85064,2
R3,N2Vp1q0_5,N2V,1.0,0.5,D8,diameter,0.05,10,15.0,0.0,83.1,1
R3,N2Vp1q0_5,N2V,1.0,0.5,D8,diameter,0.1,10,15.0,0.0,83.1,1
R3,N2Vp1q0_5,N2V,1.0,0.5,D8,aspl,0.05,10,6.769630988395359,0.03869140428636289,26.578351244497803,1
R3,N2Vp1q0_5,N2V,1.0,0.5,D8,aspl,0.1,10,6.769630988395359,0.03869140428636289,26.578351244497803,1
R3,N2Vp1q0_5,N2V,1.0,0.5,D8,efficiency,0.05,10,0.1739067111901037,0.0006563120503082344,0.12772297591295573,3
R3,N2Vp1q0_5,N2V,1.0,0.5,D8,efficiency,0.1,10,0.1739067111901037,0.0006563120503082344,0.12772297591295573,2
R3,N2Vp1q0_5,N2V,1.0,0.5,D8,clustering,0.05,10,0.06515456862745111,0.002164800101377451,0.06655997818521356,2
R3,N2Vp1q0_5,N2V,1.0,0.5,D8,clustering,0.1,10,0.06515456862745111,0.002164800101377451,0.06655997818521356,2
R3,N2Vp1q0_5,N2V,1.0,0.5,D8,H_norm,0.05,10,0.23570068645430334,0.0019667494438813373,0.20012444377177896,2
R3,N2Vp1q0_5,N2V,1.0,0.5,D8,H_norm,0.1,10,0.23570068645430334,0.0019667494438813373,0.20012444377177896,1
R3,N2Vp1q0_5,N2V,1.0,0.5,D8,k_max,0.05,10,16.1,1.1005049346146119,13.0,29
R3,N2Vp1q0_5,N2V,1.0,0.5,D8,k_max,0.1,10,16.1,1.1005049346146119,13.0,3
R3,N2Vp1q0_5,N2V,1.0,0.5,D8,k_gini,0.05,10,0.11206308282828285,0.0022101116298667393,0.09512920657672748,1
R3,N2Vp1q0_5,N2V,1.0,0.5,D8,k_gini,0.1,10,0.11206308282828285,0.0022101116298667393,0.09512920657672748,1
R3,N2Vp1q0_5,N2V,1.0,0.5,D8,modularity,0.05,10,0.7435979114376084,0.004815864571131502,0.12394026755933274,4
R3,N2Vp1q0_5,N2V,1.0,0.5,D8,modularity,0.1,10,0.7435979114376084,0.004815864571131502,0.12394026755933274,2
R3,N2Vp1q0_5,N2V,1.0,0.5,D8,n_communities,0.05,10,9.2,0.7888106377466156,12.600000000000001,4
R3,N2Vp1q0_5,N2V,1.0,0.5,D8,n_communities,0.1,10,9.2,0.7888106377466156,12.600000000000001,1
R3,N2Vp1q0_5,N2V,1.0,0.5,D8,assortativity,0.05,10,-0.02345804349473278,0.0072767280803168995,0.6781268569544437,2
R3,N2Vp1q0_5,N2V,1.0,0.5,D8,assortativity,0.1,10,-0.02345804349473278,0.0072767280803168995,0.6781268569544437,2
R3,N2Vp1q0_5,N2V,1.0,0.5,D8,dyn_len_mean,0.05,10,5.147909621169733,0.03145591164246086,0.46725306138415323,14
R3,N2Vp1q0_5,N2V,1.0,0.5,D8,dyn_len_mean,0.1,10,5.147909621169733,0.03145591164246086,0.46725306138415323,11
R3,N2Vp1q0_5,N2V,1.0,0.5,D8,frac_rewired,0.05,10,0.621,0.013102332277541704,0.6308,4
R3,N2Vp1q0_5,N2V,1.0,0.5,D8,frac_rewired,0.1,10,0.621,0.013102332277541704,0.6308,4
R3,N2Vp1q1,N2V,1.0,1.0,D16,diameter,0.05,10,26.0,0.6666666666666665,72.3,3
R3,N2Vp1q1,N2V,1.0,1.0,D16,diameter,0.1,10,26.0,0.6666666666666665,72.3,2
R3,N2Vp1q1,N2V,1.0,1.0,D16,aspl,0.05,10,10.606257991196479,0.04786394809491623,22.77058986794718,3
R3,N2Vp1q1,N2V,1.0,1.0,D16,aspl,0.1,10,10.606257991196479,0.04786394809491623,22.77058986794718,2
R3,N2Vp1q1,N2V,1.0,1.0,D16,efficiency,0.05,10,0.1228172464778787,0.000438430534221896,0.07671728485666857,6
R3,N2Vp1q1,N2V,1.0,1.0,D16,efficiency,0.1,10,0.1228172464778787,0.000438430534221896,0.07671728485666857,4
R3,N2Vp1q1,N2V,1.0,1.0,D16,clustering,0.05,10,0.13591375790875757,0.0023190610123017628,0.13967549845579225,4
R3,N2Vp1q1,N2V,1.0,1.0,D16,clustering,0.1,10,0.13591375790875757,0.0023190610123017628,0.13967549845579225,3
R3,N2Vp1q1,N2V,1.0,1.0,D16,H_norm,0.05,10,0.2352804061476037,0.0011575790170510027,0.19927524769436772,3
R3,N2Vp1q1,N2V,1.0,1.0,D16,H_norm,0.1,10,0.2352804061476037,0.0011575790170510027,0.19927524769436772,2
R3,N2Vp1q1,N2V,1.0,1.0,D16,k_max,0.05,10,15.7,0.6749485577105528,12.3,10
R3,N2Vp1q1,N2V,1.0,1.0,D16,k_max,0.1,10,15.7,0.6749485577105528,12.3,4
R3,N2Vp1q1,N2V,1.0,1.0,D16,k_gini,0.05,10,0.11127564848484846,0.0012320441305326128,0.10044090396619001,4
R3,N2Vp1q1,N2V,1.0,1.0,D16,k_gini,0.1,10,0.11127564848484846,0.0012320441305326128,0.10044090396619001,1
R3,N2Vp1q1,N2V,1.0,1.0,D16,modularity,0.05,10,0.8127210197938985,0.0011898484374677407,0.05232396769197234,9
R3,N2Vp1q1,N2V,1.0,1.0,D16,modularity,0.1,10,0.8127210197938985,0.0011898484374677407,0.05232396769197234,6
R3,N2Vp1q1,N2V,1.0,1.0,D16,n_communities,0.05,10,15.2,0.6324555320336759,7.100000000000001,28
R3,N2Vp1q1,N2V,1.0,1.0,D16,n_communities,0.1,10,15.2,0.6324555320336759,7.100000000000001,3
R3,N2Vp1q1,N2V,1.0,1.0,D16,assortativity,0.05,10,-0.02913500191351648,0.006962672892515318,0.68133169652016,5
R3,N2Vp1q1,N2V,1.0,1.0,D16,assortativity,0.1,10,-0.02913500191351648,0.006962672892515318,0.68133169652016,3
R3,N2Vp1q1,N2V,1.0,1.0,D16,dyn_len_mean,0.05,10,2.929589456920387,0.012821740894124292,0.07708214672118974,19
R3,N2Vp1q1,N2V,1.0,1.0,D16,dyn_len_mean,0.1,10,2.929589456920387,0.012821740894124292,0.07708214672118974,14
R3,N2Vp1q1,N2V,1.0,1.0,D16,frac_rewired,0.05,10,0.35368,0.011376076261660319,0.35656,10
R3,N2Vp1q1,N2V,1.0,1.0,D16,frac_rewired,0.1,10,0.35368,0.011376076261660319,0.35656,8
R3,N2Vp1q1,N2V,1.0,1.0,D2,diameter,0.05,10,7.0,0.0,91.0,1
R3,N2Vp1q1,N2V,1.0,1.0,D2,diameter,0.1,10,7.0,0.0,91.0,1
R3,N2Vp1q1,N2V,1.0,1.0,D2,aspl,0.05,10,4.341603201280512,0.006181005952954195,28.993588667466987,1
R3,N2Vp1q1,N2V,1.0,1.0,D2,aspl,0.1,10,4.341603201280512,0.006181005952954195,28.993588667466987,1
R3,N2Vp1q1,N2V,1.0,1.0,D2,efficiency,0.05,10,0.24181500798414599,0.0003049507402599401,0.19544363734604936,4
R3,N2Vp1q1,N2V,1.0,1.0,D2,efficiency,0.1,10,0.24181500798414599,0.0003049507402599401,0.19544363734604936,2
R3,N2Vp1q1,N2V,1.0,1.0,D2,clustering,0.05,10,0.055933488407018186,0.0014183878481065192,0.05720980146788229,9
R3,N2Vp1q1,N2V,1.0,1.0,D2,clustering,0.1,10,0.055933488407018186,0.0014183878481065192,0.05720980146788229,7
R3,N2Vp1q1,N2V,1.0,1.0,D2,H_norm,0.05,10,0.23435944568631725,0.0008677560060477938,0.1999595597318845,1
R3,N2Vp1q1,N2V,1.0,1.0,D2,H_norm,0.1,10,0.23435944568631725,0.0008677560060477938,0.1999595597318845,1
R3,N2Vp1q1,N2V,1.0,1.0,D2,k_max,0.05,10,16.0,1.333333333333333,13.100000000000001,25
R3,N2Vp1q1,N2V,1.0,1.0,D2,k_max,0.1,10,16.0,1.333333333333333,13.100000000000001,2
R3,N2Vp1q1,N2V,1.0,1.0,D2,k_gini,0.05,10,0.11081609696969699,0.000997308218296569,0.0936412009070294,2
R3,N2Vp1q1,N2V,1.0,1.0,D2,k_gini,0.1,10,0.11081609696969699,0.000997308218296569,0.0936412009070294,2
R3,N2Vp1q1,N2V,1.0,1.0,D2,modularity,0.05,10,0.5011277522701765,0.00529538265737226,0.3632798757625775,13
R3,N2Vp1q1,N2V,1.0,1.0,D2,modularity,0.1,10,0.5011277522701765,0.00529538265737226,0.3632798757625775,10
R3,N2Vp1q1,N2V,1.0,1.0,D2,n_communities,0.05,10,16.3,1.3374935098492586,14.100000000000001,29
R3,N2Vp1q1,N2V,1.0,1.0,D2,n_communities,0.1,10,16.3,1.3374935098492586,14.100000000000001,20
R3,N2Vp1q1,N2V,1.0,1.0,D2,assortativity,0.05,10,-0.020936310500417398,0.007193917867943031,0.6818336748787922,1
R3,N2Vp1q1,N2V,1.0,1.0,D2,assortativity,0.1,10,-0.020936310500417398,0.007193917867943031,0.6818336748787922,1
R3,N2Vp1q1,N2V,1.0,1.0,D2,dyn_len_mean,0.05,10,16.237601980234334,0.2029451788907618,8.94212714200983,19
R3,N2Vp1q1,N2V,1.0,1.0,D2,dyn_len_mean,0.1,10,16.237601980234334,0.2029451788907618,8.94212714200983,15
R3,N2Vp1q1,N2V,1.0,1.0,D2,frac_rewired,0.05,10,0.9138400000000001,0.007143481877441384,0.9854800000000001,6
R3,N2Vp1q1,N2V,1.0,1.0,D2,frac_rewired,0.1,10,0.9138400000000001,0.007143481877441384,0.9854800000000001,2
R3,N2Vp1q1,N2V,1.0,1.0,D4,diameter,0.05,10,9.4,0.5163977794943223,88.9,1
R3,N2Vp1q1,N2V,1.0,1.0,D4,diameter,0.1,10,9.4,0.5163977794943223,88.9,1
R3,N2Vp1q1,N2V,1.0,1.0,D4,aspl,0.05,10,4.987123841536615,0.01855638910563682,28.36281879151661,1
R3,N2Vp1q1,N2V,1.0,1.0,D4,aspl,0.1,10,4.987123841536615,0.01855638910563682,28.36281879151661,1
R3,N2Vp1q1,N2V,1.0,1.0,D4,efficiency,0.05,10,0.21802097561564304,0.0005736876080041319,0.17208717167406629,3
R3,N2Vp1q1,N2V,1.0,1.0,D4,efficiency,0.1,10,0.21802097561564304,0.0005736876080041319,0.17208717167406629,1
R3,N2Vp1q1,N2V,1.0,1.0,D4,clustering,0.05,10,0.053483411699412085,0.00275931764901167,0.05402457274098491,9
R3,N2Vp1q1,N2V,1.0,1.0,D4,clustering,0.1,10,0.053483411699412085,0.00275931764901167,0.05402457274098491,3
R3,N2Vp1q1,N2V,1.0,1.0,D4,H_norm,0.05,10,0.2359116999362917,0.0012619100837505952,0.19982393736894039,1
R3,N2Vp1q1,N2V,1.0,1.0,D4,H_norm,0.1,10,0.2359116999362917,0.0012619100837505952,0.19982393736894039,1
R3,N2Vp1q1,N2V,1.0,1.0,D4,k_max,0.05,10,16.3,0.8232726023485646,12.7,15
R3,N2Vp1q1,N2V,1.0,1.0,D4,k_max,0.1,10,16.3,0.8232726023485646,12.7,2
R3,N2Vp1q1,N2V,1.0,1.0,D4,k_gini,0.05,10,0.11253932929292929,0.001273431464454013,0.09369981908884759,3
R3,N2Vp1q1,N2V,1.0,1.0,D4,k_gini,0.1,10,0.11253932929292929,0.001273431464454013,0.09369981908884759,1
R3,N2Vp1q1,N2V,1.0,1.0,D4,modularity,0.05,10,0.6497855157636976,0.0082165163840947,0.22089632561463324,4
R3,N2Vp1q1,N2V,1.0,1.0,D4,modularity,0.1,10,0.6497855157636976,0.0082165163840947,0.22089632561463324,3
R3,N2Vp1q1,N2V,1.0,1.0,D4,n_communities,0.05,10,7.0,0.816496580927726,15.100000000000001,6
R3,N2Vp1q1,N2V,1.0,1.0,D4,n_communities,0.1,10,7.0,0.816496580927726,15.100000000000001,1
R3,N2Vp1q1,N2V,1.0,1.0,D4,assortativity,0.05,10,-0.02188812639688975,0.007942324768103921,0.6762072118870487,1
R3,N2Vp1q1,N2V,1.0,1.0,D4,assortativity,0.1,10,-0.02188812639688975,0.007942324768103921,0.6762072118870487,1
R3,N2Vp1q1,N2V,1.0,1.0,D4,dyn_len_mean,0.05,10,9.027715837677455,0.055741314622042695,2.3648666355870827,12
R3,N2Vp1q1,N2V,1.0,1.0,D4,dyn_len_mean,0.1,10,9.027715837677455,0.055741314622042695,2.3648666355870827,10
R3,N2Vp1q1,N2V,1.0,1.0,D4,frac_rewired,0.05,10,0.81196,0.006641151171964747,0.85196,2
R3,N2Vp1q1,N2V,1.0,1.0,D4,frac_rewired,0.1,10,0.81196,0.006641151171964747,0.85196,2
R3,N2Vp1q1,N2V,1.0,1.0,D8,diameter,0.05,10,15.0,0.0,83.1,1
R3,N2Vp1q1,N2V,1.0,1.0,D8,diameter,0.1,10,15.0,0.0,83.1,1
R3,N2Vp1q1,N2V,1.0,1.0,D8,aspl,0.05,10,6.791366434573829,0.04918809940343314,26.566847090836337,1
R3,N2Vp1q1,N2V,1.0,1.0,D8,aspl,0.1,10,6.791366434573829,0.04918809940343314,26.566847090836337,1
R3,N2Vp1q1,N2V,1.0,1.0,D8,efficiency,0.05,10,0.17349196207394044,0.0009522209389754151,0.12745710452810477,3
R3,N2Vp1q1,N2V,1.0,1.0,D8,efficiency,0.1,10,0.17349196207394044,0.0009522209389754151,0.12745710452810477,2
R3,N2Vp1q1,N2V,1.0,1.0,D8,clustering,0.05,10,0.06469685086258783,0.0021690583473992667,0.06773848177312897,2
R3,N2Vp1q1,N2V,1.0,1.0,D8,clustering,0.1,10,0.06469685086258783,0.0021690583473992667,0.06773848177312897,2
R3,N2Vp1q1,N2V,1.0,1.0,D8,H_norm,0.05,10,0.23560266730257115,0.001193856330236794,0.20062542430708305,2
R3,N2Vp1q1,N2V,1.0,1.0,D8,H_norm,0.1,10,0.23560266730257115,0.001193856330236794,0.20062542430708305,1
R3,N2Vp1q1,N2V,1.0,1.0,D8,k_max,0.05,10,16.2,1.8135294011647258,13.0,11
R3,N2Vp1q1,N2V,1.0,1.0,D8,k_max,0.1,10,16.2,1.8135294011647258,13.0,3
R3,N2Vp1q1,N2V,1.0,1.0,D8,k_gini,0.05,10,0.11207901414141412,0.0013615725493586694,0.09675961421950285,1
R3,N2Vp1q1,N2V,1.0,1.0,D8,k_gini,0.1,10,0.11207901414141412,0.0013615725493586694,0.09675961421950285,1
R3,N2Vp1q1,N2V,1.0,1.0,D8,modularity,0.05,10,0.7453172334455668,0.003646535845600016,0.1243765750789736,4
R3,N2Vp1q1,N2V,1.0,1.0,D8,modularity,0.1,10,0.7453172334455668,0.003646535845600016,0.1243765750789736,2
R3,N2Vp1q1,N2V,1.0,1.0,D8,n_communities,0.05,10,9.9,0.8755950357709131,12.700000000000001,19
R3,N2Vp1q1,N2V,1.0,1.0,D8,n_communities,0.1,10,9.9,0.8755950357709131,12.700000000000001,1
R3,N2Vp1q1,N2V,1.0,1.0,D8,assortativity,0.05,10,-0.02499189535977518,0.011607826027424273,0.6763632384551032,2
R3,N2Vp1q1,N2V,1.0,1.0,D8,assortativity,0.1,10,-0.02499189535977518,0.011607826027424273,0.6763632384551032,2
R3,N2Vp1q1,N2V,1.0,1.0,D8,dyn_len_mean,0.05,10,5.1236681647358,0.049767487571610064,0.4708110651463322,12
R3,N2Vp1q1,N2V,1.0,1.0,D8,dyn_len_mean,0.1,10,5.1236681647358,0.049767487571610064,0.4708110651463322,10
R3,N2Vp1q1,N2V,1.0,1.0,D8,frac_rewired,0.05,10,0.6293200000000001,0.011200079364798157,0.6374000000000001,4
R3,N2Vp1q1,N2V,1.0,1.0,D8,frac_rewired,0.1,10,0.6293200000000001,0.011200079364798157,0.6374000000000001,4
R3,N2Vp1q2,N2V,1.0,2.0,D16,diameter,0.05,10,26.3,0.6749485577105524,72.5,3
R3,N2Vp1q2,N2V,1.0,2.0,D16,diameter,0.1,10,26.3,0.6749485577105524,72.5,2
R3,N2Vp1q2,N2V,1.0,2.0,D16,aspl,0.05,10,10.64891588635454,0.05918229873155433,22.760419943977595,3
R3,N2Vp1q2,N2V,1.0,2.0,D16,aspl,0.1,10,10.64891588635454,0.05918229873155433,22.760419943977595,2
R3,N2Vp1q2,N2V,1.0,2.0,D16,efficiency,0.05,10,0.1225571703528596,0.0005100887819589412,0.0766166003450601,6
R3,N2Vp1q2,N2V,1.0,2.0,D16,efficiency,0.1,10,0.1225571703528596,0.0005100887819589412,0.0766166003450601,4
R3,N2Vp1q2,N2V,1.0,2.0,D16,clustering,0.05,10,0.13503820694853802,0.0031263455421996463,0.13995903873903842,4
R3,N2Vp1q2,N2V,1.0,2.0,D16,clustering,0.1,10,0.13503820694853802,0.0031263455421996463,0.13995903873903842,3
R3,N2Vp1q2,N2V,1.0,2.0,D16,H_norm,0.05,10,0.2358276480465334,0.0014458470350968622,0.20028622572969262,3
R3,N2Vp1q2,N2V,1.0,2.0,D16,H_norm,0.1,10,0.2358276480465334,0.0014458470350968622,0.20028622572969262,2
R3,N2Vp1q2,N2V,1.0,2.0,D16,k_max,0.05,10,15.7,1.4181364924121764,12.5,16
R3,N2Vp1q2,N2V,1.0,2.0,D16,k_max,0.1,10,15.7,1.4181364924121764,12.5,4
R3,N2Vp1q2,N2V,1.0,2.0,D16,k_gini,0.05,10,0.11169440404040407,0.0015118948210788808,0.10203916436761828,4
R3,N2Vp1q2,N2V,1.0,2.0,D16,k_gini,0.1,10,0.11169440404040407,0.0015118948210788808,0.10203916436761828,1
R3,N2Vp1q2,N2V,1.0,2.0,D16,modularity,0.05,10,0.8143649821446791,0.0020593657809699515,0.05240193890854539,22
R3,N2Vp1q2,N2V,1.0,2.0,D16,modularity,0.1,10,0.8143649821446791,0.0020593657809699515,0.05240193890854539,5
R3,N2Vp1q2,N2V,1.0,2.0,D16,n_communities,0.05,10,15.1,0.8755950357709131,6.900000000000002,30
R3,N2Vp1q2,N2V,1.0,2.0,D16,n_communities,0.1,10,15.1,0.8755950357709131,6.900000000000002,28
R3,N2Vp1q2,N2V,1.0,2.0,D16,assortativity,0.05,10,-0.02907641257140724,0.00928494819137564,0.6802293942285051,5
R3,N2Vp1q2,N2V,1.0,2.0,D16,assortativity,0.1,10,-0.02907641257140724,0.00928494819137564,0.6802293942285051,3
R3,N2Vp1q2,N2V,1.0,2.0,D16,dyn_len_mean,0.05,10,2.9339792952041615,0.012133022646409954,0.08209213378173619,26
R3,N2Vp1q2,N2V,1.0,2.0,D16,dyn_len_mean,0.1,10,2.9339792952041615,0.012133022646409954,0.08209213378173619,17
R3,N2Vp1q2,N2V,1.0,2.0,D16,frac_rewired,0.05,10,0.3654,0.008535937102756925,0.36904,10
R3,N2Vp1q2,N2V,1.0,2.0,D16,frac_rewired,0.1,10,0.3654,0.008535937102756925,0.36904,8
R3,N2Vp1q2,N2V,1.0,2.0,D2,diameter,0.05,10,7.0,0.0,91.0,1
R3,N2Vp1q2,N2V,1.0,2.0,D2,diameter,0.1,10,7.0,0.0,91.0,1
R3,N2Vp1q2,N2V,1.0,2.0,D2,aspl,0.05,10,4.347738231292517,0.0045973174380027,28.98711993597439,1
R3,N2Vp1q2,N2V,1.0,2.0,D2,aspl,0.1,10,4.347738231292517,0.0045973174380027,28.98711993597439,1
R3,N2Vp1q2,N2V,1.0,2.0,D2,efficiency,0.05,10,0.24151260123096852,0.00023219277840055548,0.19510227017060774,4
R3,N2Vp1q2,N2V,1.0,2.0,D2,efficiency,0.1,10,0.24151260123096852,0.00023219277840055548,0.19510227017060774,2
R3,N2Vp1q2,N2V,1.0,2.0,D2,clustering,0.05,10,0.05718517316017348,0.0018348928851338099,0.05909031587366912,10
R3,N2Vp1q2,N2V,1.0,2.0,D2,clustering,0.1,10,0.05718517316017348,0.0018348928851338099,0.05909031587366912,7
R3,N2Vp1q2,N2V,1.0,2.0,D2,H_norm,0.05,10,0.23525255617519894,0.001110887516598299,0.19933830579321576,1
R3,N2Vp1q2,N2V,1.0,2.0,D2,H_norm,0.1,10,0.23525255617519894,0.001110887516598299,0.19933830579321576,1
R3,N2Vp1q2,N2V,1.0,2.0,D2,k_max,0.05,10,15.5,0.7071067811865476,12.7,30
R3,N2Vp1q2,N2V,1.0,2.0,D2,k_max,0.1,10,15.5,0.7071067811865476,12.7,2
R3,N2Vp1q2,N2V,1.0,2.0,D2,k_gini,0.05,10,0.11146239595959602,0.0012916292560673525,0.09298748777571628,2
R3,N2Vp1q2,N2V,1.0,2.0,D2,k_gini,0.1,10,0.11146239595959602,0.0012916292560673525,0.09298748777571628,2
R3,N2Vp1q2,N2V,1.0,2.0,D2,modularity,0.05,10,0.5078650418324661,0.004275778436065701,0.3602498400519356,11
R3,N2Vp1q2,N2V,1.0,2.0,D2,modularity,0.1,10,0.5078650418324661,0.004275778436065701,0.3602498400519356,9
R3,N2Vp1q2,N2V,1.0,2.0,D2,n_communities,0.05,10,15.3,0.8232726023485646,13.900000000000002,30
R3,N2Vp1q2,N2V,1.0,2.0,D2,n_communities,0.1,10,15.3,0.8232726023485646,13.900000000000002,16
R3,N2Vp1q2,N2V,1.0,2.0,D2,assortativity,0.05,10,-0.01933245366464032,0.00687529690674659,0.6768758562651326,1
R3,N2Vp1q2,N2V,1.0,2.0,D2,assortativity,0.1,10,-0.01933245366464032,0.00687529690674659,0.6768758562651326,1
R3,N2Vp1q2,N2V,1.0,2.0,D2,dyn_len_mean,0.05,10,16.05106753590785,0.17630893834129438,8.866852404906208,18
R3,N2Vp1q2,N2V,1.0,2.0,D2,dyn_len_mean,0.1,10,16.05106753590785,0.17630893834129438,8.866852404906208,15
R3,N2Vp1q2,N2V,1.0,2.0,D2,frac_rewired,0.05,10,0.91472,0.006100783191980803,0.9851599999999999,6
R3,N2Vp1q2,N2V,1.0,2.0,D2,frac_rewired,0.1,10,0.91472,0.006100783191980803,0.9851599999999999,2
R3,N2Vp1q2,N2V,1.0,2.0,D4,diameter,0.05,10,9.7,0.483045891539648,89.0,1
R3,N2Vp1q2,N2V,1.0,2.0,D4,diameter,0.1,10,9.7,0.483045891539648,89.0,1
R3,N2Vp1q2,N2V,1.0,2.0,D4,aspl,0.05,10,4.994188427370949,0.018726785748288795,28.351512028811527,1
R3,N2Vp1q2,N2V,1.0,2.0,D4,aspl,0.1,10,4.994188427370949,0.018726785748288795,28.351512028811527,1
R3,N2Vp1q2,N2V,1.0,2.0,D4,efficiency,0.05,10,0.21773829766827363,0.0006069096737670231,0.17167992269193372,2
R3,N2Vp1q2,N2V,1.0,2.0,D4,efficiency,0.1,10,0.21773829766827363,0.0006069096737670231,0.17167992269193372,1
R3,N2Vp1q2,N2V,1.0,2.0,D4,clustering,0.05,10,0.052840820029643985,0.0021234221445565484,0.0553487183013069,6
R3,N2Vp1q2,N2V,1.0,2.0,D4,clustering,0.1,10,0.052840820029643985,0.0021234221445565484,0.0553487183013069,3
R3,N2Vp1q2,N2V,1.0,2.0,D4,H_norm,0.05,10,0.23503887560474065,0.001285080491301228,0.19948055542372417,1
R3,N2Vp1q2,N2V,1.0,2.0,D4,H_norm,0.1,10,0.23503887560474065,0.001285080491301228,0.19948055542372417,1
R3,N2Vp1q2,N2V,1.0,2.0,D4,k_max,0.05,10,16.5,0.5270462766947299,13.2,28
R3,N2Vp1q2,N2V,1.0,2.0,D4,k_max,0.1,10,16.5,0.5270462766947299,13.2,2
R3,N2Vp1q2,N2V,1.0,2.0,D4,k_gini,0.05,10,0.11165168888888888,0.0014217119213893934,0.09346558474541325,2
R3,N2Vp1q2,N2V,1.0,2.0,D4,k_gini,0.1,10,0.11165168888888888,0.0014217119213893934,0.09346558474541325,1
R3,N2Vp1q2,N2V,1.0,2.0,D4,modularity,0.05,10,0.6476137149270482,0.004159736722214404,0.22004622919590044,6
R3,N2Vp1q2,N2V,1.0,2.0,D4,modularity,0.1,10,0.6476137149270482,0.004159736722214404,0.22004622919590044,3
R3,N2Vp1q2,N2V,1.0,2.0,D4,n_communities,0.05,10,7.2,0.6324555320336759,15.100000000000001,1
R3,N2Vp1q2,N2V,1.0,2.0,D4,n_communities,0.1,10,7.2,0.6324555320336759,15.100000000000001,1
R3,N2Vp1q2,N2V,1.0,2.0,D4,assortativity,0.05,10,-0.02202661467442867,0.006491722762518859,0.6773678717366405,1
R3,N2Vp1q2,N2V,1.0,2.0,D4,assortativity,0.1,10,-0.02202661467442867,0.006491722762518859,0.6773678717366405,1
R3,N2Vp1q2,N2V,1.0,2.0,D4,dyn_len_mean,0.05,10,8.965381930028638,0.07046287129022735,2.341381096227429,12
R3,N2Vp1q2,N2V,1.0,2.0,D4,dyn_len_mean,0.1,10,8.965381930028638,0.07046287129022735,2.341381096227429,10
R3,N2Vp1q2,N2V,1.0,2.0,D4,frac_rewired,0.05,10,0.81376,0.011729090141846286,0.8546400000000001,2
R3,N2Vp1q2,N2V,1.0,2.0,D4,frac_rewired,0.1,10,0.81376,0.011729090141846286,0.8546400000000001,2
R3,N2Vp1q2,N2V,1.0,2.0,D8,diameter,0.05,10,14.9,0.3162277660168377,83.1,1
R3,N2Vp1q2,N2V,1.0,2.0,D8,diameter,0.1,10,14.9,0.3162277660168377,83.1,1
R3,N2Vp1q2,N2V,1.0,2.0,D8,aspl,0.05,10,6.773541192476991,0.03809220723723604,26.57117679071629,1
R3,N2Vp1q2,N2V,1.0,2.0,D8,aspl,0.1,10,6.773541192476991,0.03809220723723604,26.57117679071629,1
R3,N2Vp1q2,N2V,1.0,2.0,D8,efficiency,0.05,10,0.1737325095542046,0.0006071235041423676,0.1275106330352563,3
R3,N2Vp1q2,N2V,1.0,2.0,D8,efficiency,0.1,10,0.1737325095542046,0.0006071235041423676,0.1275106330352563,2
R3,N2Vp1q2,N2V,1.0,2.0,D8,clustering,0.05,10,0.06440613798344777,0.002072503850364685,0.06808783860583865,4
R3,N2Vp1q2,N2V,1.0,2.0,D8,clustering,0.1,10,0.06440613798344777,0.002072503850364685,0.06808783860583865,2
R3,N2Vp1q2,N2V,1.0,2.0,D8,H_norm,0.05,10,0.23599100406128035,0.0010319638504956675,0.20060415640644205,2
R3,N2Vp1q2,N2V,1.0,2.0,D8,H_norm,0.1,10,0.23599100406128035,0.0010319638504956675,0.20060415640644205,1
R3,N2Vp1q2,N2V,1.0,2.0,D8,k_max,0.05,10,16.8,1.1352924243950933,13.5,28
R3,N2Vp1q2,N2V,1.0,2.0,D8,k_max,0.1,10,16.8,1.1352924243950933,13.5,4
R3,N2Vp1q2,N2V,1.0,2.0,D8,k_gini,0.05,10,0.11215001212121214,0.0011456190582597912,0.09544796810959481,1
R3,N2Vp1q2,N2V,1.0,2.0,D8,k_gini,0.1,10,0.11215001212121214,0.0011456190582597912,0.09544796810959481,1
R3,N2Vp1q2,N2V,1.0,2.0,D8,modularity,0.05,10,0.7437335399449035,0.004244959060759009,0.12212942218707368,4
R3,N2Vp1q2,N2V,1.0,2.0,D8,modularity,0.1,10,0.7437335399449035,0.004244959060759009,0.12212942218707368,2
R3,N2Vp1q2,N2V,1.0,2.0,D8,n_communities,0.05,10,9.8,1.1352924243950935,12.500000000000002,30
R3,N2Vp1q2,N2V,1.0,2.0,D8,n_communities,0.1,10,9.8,1.1352924243950935,12.500000000000002,1
R3,N2Vp1q2,N2V,1.0,2.0,D8,assortativity,0.05,10,-0.02251544189529356,0.008063817341414046,0.6752178647725751,2
R3,N2Vp1q2,N2V,1.0,2.0,D8,assortativity,0.1,10,-0.02251544189529356,0.008063817341414046,0.6752178647725751,2
R3,N2Vp1q2,N2V,1.0,2.0,D8,dyn_len_mean,0.05,10,5.12256862518063,0.018608645916360855,0.4470496279030609,24
R3,N2Vp1q2,N2V,1.0,2.0,D8,dyn_len_mean,0.1,10,5.12256862518063,0.018608645916360855,0.4470496279030609,10
R3,N2Vp1q2,N2V,1.0,2.0,D8,frac_rewired,0.05,10,0.6352800000000001,0.008898039734183658,0.6417200000000001,4
R3,N2Vp1q2,N2V,1.0,2.0,D8,frac_rewired,0.1,10,0.6352800000000001,0.008898039734183658,0.6417200000000001,4
R3,N2Vp2q0_25,N2V,2.0,0.25,D16,diameter,0.05,10,25.6,0.5163977794943221,72.4,3
R3,N2Vp2q0_25,N2V,2.0,0.25,D16,diameter,0.1,10,25.6,0.5163977794943221,72.4,2
R3,N2Vp2q0_25,N2V,2.0,0.25,D16,aspl,0.05,10,10.589547082833132,0.055789399395244056,22.765422617046823,3
R3,N2Vp2q0_25,N2V,2.0,0.25,D16,aspl,0.1,10,10.589547082833132,0.055789399395244056,22.765422617046823,2
R3,N2Vp2q0_25,N2V,2.0,0.25,D16,efficiency,0.05,10,0.1230350727507187,0.00039784515847312386,0.07669466749147674,6
R3,N2Vp2q0_25,N2V,2.0,0.25,D16,efficiency,0.1,10,0.1230350727507187,0.00039784515847312386,0.07669466749147674,4
R3,N2Vp2q0_25,N2V,2.0,0.25,D16,clustering,0.05,10,0.1358261548320958,0.003422938693805504,0.13926316976487546,4
R3,N2Vp2q0_25,N2V,2.0,0.25,D16,clustering,0.1,10,0.1358261548320958,0.003422938693805504,0.13926316976487546,3
R3,N2Vp2q0_25,N2V,2.0,0.25,D16,H_norm,0.05,10,0.23402291527229996,0.001309208656440532,0.19873709781306986,3
R3,N2Vp2q0_25,N2V,2.0,0.25,D16,H_norm,0.1,10,0.23402291527229996,0.001309208656440532,0.19873709781306986,2
R3,N2Vp2q0_25,N2V,2.0,0.25,D16,k_max,0.05,10,15.6,0.6992058987801016,12.2,10
R3,N2Vp2q0_25,N2V,2.0,0.25,D16,k_max,0.1,10,15.6,0.6992058987801016,12.2,5
R3,N2Vp2q0_25,N2V,2.0,0.25,D16,k_gini,0.05,10,0.10948178585858584,0.0013426881347324761,0.10088078932449714,5
R3,N2Vp2q0_25,N2V,2.0,0.25,D16,k_gini,0.1,10,0.10948178585858584,0.0013426881347324761,0.10088078932449714,3
R3,N2Vp2q0_25,N2V,2.0,0.25,D16,modularity,0.05,10,0.8117529935720844,0.0019264786064082866,0.05365274840172518,8
R3,N2Vp2q0_25,N2V,2.0,0.25,D16,modularity,0.1,10,0.8117529935720844,0.0019264786064082866,0.05365274840172518,6
R3,N2Vp2q0_25,N2V,2.0,0.25,D16,n_communities,0.05,10,15.0,0.816496580927726,7.200000000000001,22
R3,N2Vp2q0_25,N2V,2.0,0.25,D16,n_communities,0.1,10,15.0,0.816496580927726,7.200000000000001,5
R3,N2Vp2q0_25,N2V,2.0,0.25,D16,assortativity,0.05,10,-0.02796071643040607,0.011024106800893779,0.6838033706570578,5
R3,N2Vp2q0_25,N2V,2.0,0.25,D16,assortativity,0.1,10,-0.02796071643040607,0.011024106800893779,0.6838033706570578,3
R3,N2Vp2q0_25,N2V,2.0,0.25,D16,dyn_len_mean,0.05,10,2.940531108130417,0.01154024036522057,0.08067185010261468,23
R3,N2Vp2q0_25,N2V,2.0,0.25,D16,dyn_len_mean,0.1,10,2.940531108130417,0.01154024036522057,0.08067185010261468,22
R3,N2Vp2q0_25,N2V,2.0,0.25,D16,frac_rewired,0.05,10,0.33448,0.009435253043771519,0.34136,9
R3,N2Vp2q0_25,N2V,2.0,0.25,D16,frac_rewired,0.1,10,0.33448,0.009435253043771519,0.34136,8
R3,N2Vp2q0_25,N2V,2.0,0.25,D2,diameter,0.05,10,7.0,0.0,91.0,1
R3,N2Vp2q0_25,N2V,2.0,0.25,D2,diameter,0.1,10,7.0,0.0,91.0,1
R3,N2Vp2q0_25,N2V,2.0,0.25,D2,aspl,0.05,10,4.335873229291717,0.005723038214887517,29.001291396558628,1
R3,N2Vp2q0_25,N2V,2.0,0.25,D2,aspl,0.1,10,4.335873229291717,0.005723038214887517,29.001291396558628,1
R3,N2Vp2q0_25,N2V,2.0,0.25,D2,efficiency,0.05,10,0.24210472897730514,0.0002800009681439672,0.19582278626275887,4
R3,N2Vp2q0_25,N2V,2.0,0.25,D2,efficiency,0.1,10,0.24210472897730514,0.0002800009681439672,0.19582278626275887,2
R3,N2Vp2q0_25,N2V,2.0,0.25,D2,clustering,0.05,10,0.055810870991753705,0.001871678262601444,0.05601030530803937,13
R3,N2Vp2q0_25,N2V,2.0,0.25,D2,clustering,0.1,10,0.055810870991753705,0.001871678262601444,0.05601030530803937,7
R3,N2Vp2q0_25,N2V,2.0,0.25,D2,H_norm,0.05,10,0.23536399213549694,0.0016211582726031594,0.19984597333005863,2
R3,N2Vp2q0_25,N2V,2.0,0.25,D2,H_norm,0.1,10,0.23536399213549694,0.0016211582726031594,0.19984597333005863,1
R3,N2Vp2q0_25,N2V,2.0,0.25,D2,k_max,0.05,10,15.9,0.7378647873726218,13.3,30
R3,N2Vp2q0_25,N2V,2.0,0.25,D2,k_max,0.1,10,15.9,0.7378647873726218,13.3,27
R3,N2Vp2q0_25,N2V,2.0,0.25,D2,k_gini,0.05,10,0.1114913575757576,0.00126287915415969,0.09369201302824152,2
R3,N2Vp2q0_25,N2V,2.0,0.25,D2,k_gini,0.1,10,0.1114913575757576,0.00126287915415969,0.09369201302824152,2
R3,N2Vp2q0_25,N2V,2.0,0.25,D2,modularity,0.05,10,0.5012071630445873,0.0062735801344077045,0.3655960899243977,12
R3,N2Vp2q0_25,N2V,2.0,0.25,D2,modularity,0.1,10,0.5012071630445873,0.0062735801344077045,0.3655960899243977,9
R3,N2Vp2q0_25,N2V,2.0,0.25,D2,n_communities,0.05,10,16.6,1.07496769977314,14.100000000000001,27
R3,N2Vp2q0_25,N2V,2.0,0.25,D2,n_communities,0.1,10,16.6,1.07496769977314,14.100000000000001,18
R3,N2Vp2q0_25,N2V,2.0,0.25,D2,assortativity,0.05,10,-0.02179463303766792,0.008706555933407406,0.679075128395432,1
R3,N2Vp2q0_25,N2V,2.0,0.25,D2,assortativity,0.1,10,-0.02179463303766792,0.008706555933407406,0.679075128395432,1
R3,N2Vp2q0_25,N2V,2.0,0.25,D2,dyn_len_mean,0.05,10,16.249742377527063,0.18613325456713248,9.119882099943952,17
R3,N2Vp2q0_25,N2V,2.0,0.25,D2,dyn_len_mean,0.1,10,16.249742377527063,0.18613325456713248,9.119882099943952,15
R3,N2Vp2q0_25,N2V,2.0,0.25,D2,frac_rewired,0.05,10,0.9084,0.005218769544208234,0.98604,6
R3,N2Vp2q0_25,N2V,2.0,0.25,D2,frac_rewired,0.1,10,0.9084,0.005218769544208234,0.98604,2
R3,N2Vp2q0_25,N2V,2.0,0.25,D4,diameter,0.05,10,9.2,0.4216370213557839,88.9,1
R3,N2Vp2q0_25,N2V,2.0,0.25,D4,diameter,0.1,10,9.2,0.4216370213557839,88.9,1
R3,N2Vp2q0_25,N2V,2.0,0.25,D4,aspl,0.05,10,4.971594845938375,0.010906360570356436,28.373065898359346,1
R3,N2Vp2q0_25,N2V,2.0,0.25,D4,aspl,0.1,10,4.971594845938375,0.010906360570356436,28.373065898359346,1
R3,N2Vp2q0_25,N2V,2.0,0.25,D4,efficiency,0.05,10,0.21852718709070929,0.00039511586108857265,0.17245318418700795,3
R3,N2Vp2q0_25,N2V,2.0,0.25,D4,efficiency,0.1,10,0.21852718709070929,0.00039511586108857265,0.17245318418700795,1
R3,N2Vp2q0_25,N2V,2.0,0.25,D4,clustering,0.05,10,0.052676168818110415,0.0014032482637426251,0.05305984764908332,13
R3,N2Vp2q0_25,N2V,2.0,0.25,D4,clustering,0.1,10,0.052676168818110415,0.0014032482637426251,0.05305984764908332,3
R3,N2Vp2q0_25,N2V,2.0,0.25,D4,H_norm,0.05,10,0.2350793182251813,0.0018007860639067791,0.1999674617428717,1
R3,N2Vp2q0_25,N2V,2.0,0.25,D4,H_norm,0.1,10,0.2350793182251813,0.0018007860639067791,0.1999674617428717,1
R3,N2Vp2q0_25,N2V,2.0,0.25,D4,k_max,0.05,10,15.9,0.8755950357709131,13.2,28
R3,N2Vp2q0_25,N2V,2.0,0.25,D4,k_max,0.1,10,15.9,0.8755950357709131,13.2,1
R3,N2Vp2q0_25,N2V,2.0,0.25,D4,k_gini,0.05,10,0.11139925656565655,0.0019828074347827043,0.09355076454339306,2
R3,N2Vp2q0_25,N2V,2.0,0.25,D4,k_gini,0.1,10,0.11139925656565655,0.0019828074347827043,0.09355076454339306,1
R3,N2Vp2q0_25,N2V,2.0,0.25,D4,modularity,0.05,10,0.6464029578614426,0.010046559088355589,0.22270121338118765,5
R3,N2Vp2q0_25,N2V,2.0,0.25,D4,modularity,0.1,10,0.6464029578614426,0.010046559088355589,0.22270121338118765,3
R3,N2Vp2q0_25,N2V,2.0,0.25,D4,n_communities,0.05,10,6.7,0.4830458915396479,14.900000000000002,2
R3,N2Vp2q0_25,N2V,2.0,0.25,D4,n_communities,0.1,10,6.7,0.4830458915396479,14.900000000000002,1
R3,N2Vp2q0_25,N2V,2.0,0.25,D4,assortativity,0.05,10,-0.02221714340544704,0.010092388245088214,0.678457107682013,1
R3,N2Vp2q0_25,N2V,2.0,0.25,D4,assortativity,0.1,10,-0.02221714340544704,0.010092388245088214,0.678457107682013,1
R3,N2Vp2q0_25,N2V,2.0,0.25,D4,dyn_len_mean,0.05,10,9.095170812989938,0.04385867334096189,2.4558422248582135,12
R3,N2Vp2q0_25,N2V,2.0,0.25,D4,dyn_len_mean,0.1,10,9.095170812989938,0.04385867334096189,2.4558422248582135,10
R3,N2Vp2q0_25,N2V,2.0,0.25,D4,frac_rewired,0.05,10,0.8074,0.011181333651323625,0.84376,2
R3,N2Vp2q0_25,N2V,2.0,0.25,D4,frac_rewired,0.1,10,0.8074,0.011181333651323625,0.84376,2
R3,N2Vp2q0_25,N2V,2.0,0.25,D8,diameter,0.05,10,14.9,0.316227766016838,83.1,1
R3,N2Vp2q0_25,N2V,2.0,0.25,D8,diameter,0.1,10,14.9,0.316227766016838,83.1,1
R3,N2Vp2q0_25,N2V,2.0,0.25,D8,aspl,0.05,10,6.732274349739896,0.03674983345037791,26.60105898359344,1
R3,N2Vp2q0_25,N2V,2.0,0.25,D8,aspl,0.1,10,6.732274349739896,0.03674983345037791,26.60105898359344,1
R3,N2Vp2q0_25,N2V,2.0,0.25,D8,efficiency,0.05,10,0.17466642226307766,0.0006214210177309303,0.12818347045918135,3
R3,N2Vp2q0_25,N2V,2.0,0.25,D8,efficiency,0.1,10,0.17466642226307766,0.0006214210177309303,0.12818347045918135,2
R3,N2Vp2q0_25,N2V,2.0,0.25,D8,clustering,0.05,10,0.06410174665857034,0.0015385750098446131,0.06643313579231239,2
R3,N2Vp2q0_25,N2V,2.0,0.25,D8,clustering,0.1,10,0.06410174665857034,0.0015385750098446131,0.06643313579231239,2
R3,N2Vp2q0_25,N2V,2.0,0.25,D8,H_norm,0.05,10,0.23612831187184663,0.0007586070640455947,0.20072680150735323,2
R3,N2Vp2q0_25,N2V,2.0,0.25,D8,H_norm,0.1,10,0.23612831187184663,0.0007586070640455947,0.20072680150735323,1
R3,N2Vp2q0_25,N2V,2.0,0.25,D8,k_max,0.05,10,16.4,1.1737877907772674,12.5,25
R3,N2Vp2q0_25,N2V,2.0,0.25,D8,k_max,0.1,10,16.4,1.1737877907772674,12.5,3
R3,N2Vp2q0_25,N2V,2.0,0.25,D8,k_gini,0.05,10,0.11219883232323238,0.000995235343479355,0.09522284162365699,1
R3,N2Vp2q0_25,N2V,2.0,0.25,D8,k_gini,0.1,10,0.11219883232323238,0.000995235343479355,0.09522284162365699,1
R3,N2Vp2q0_25,N2V,2.0,0.25,D8,modularity,0.05,10,0.7381594587287011,0.004755686439573078,0.12731164241904103,18
R3,N2Vp2q0_25,N2V,2.0,0.25,D8,modularity,0.1,10,0.7381594587287011,0.004755686439573078,0.12731164241904103,5
R3,N2Vp2q0_25,N2V,2.0,0.25,D8,n_communities,0.05,10,9.0,0.6666666666666666,12.900000000000002,24
R3,N2Vp2q0_25,N2V,2.0,0.25,D8,n_communities,0.1,10,9.0,0.6666666666666666,12.900000000000002,2
R3,N2Vp2q0_25,N2V,2.0,0.25,D8,assortativity,0.05,10,-0.02334559698566771,0.010908067403522263,0.6787295421730934,2
R3,N2Vp2q0_25,N2V,2.0,0.25,D8,assortativity,0.1,10,-0.02334559698566771,0.010908067403522263,0.6787295421730934,2
R3,N2Vp2q0_25,N2V,2.0,0.25,D8,dyn_len_mean,0.05,10,5.155781751428251,0.032330716271119234,0.47071549959392023,24
R3,N2Vp2q0_25,N2V,2.0,0.25,D8,dyn_len_mean,0.1,10,5.155781751428251,0.032330716271119234,0.47071549959392023,11
R3,N2Vp2q0_25,N2V,2.0,0.25,D8,frac_rewired,0.05,10,0.61388,0.006299347408881133,0.62768,4
R3,N2Vp2q0_25,N2V,2.0,0.25,D8,frac_rewired,0.1,10,0.61388,0.006299347408881133,0.62768,4
R3,N2Vp2q0_5,N2V,2.0,0.5,D16,diameter,0.05,10,25.8,0.42163702135578407,72.3,3
R3,N2Vp2q0_5,N2V,2.0,0.5,D16,diameter,0.1,10,25.8,0.42163702135578407,72.3,2
R3,N2Vp2q0_5,N2V,2.0,0.5,D16,aspl,0.05,10,10.598845106042416,0.056601770950029745,22.749212388955584,3
R3,N2Vp2q0_5,N2V,2.0,0.5,D16,aspl,0.1,10,10.598845106042416,0.056601770950029745,22.749212388955584,2
R3,N2Vp2q0_5,N2V,2.0,0.5,D16,efficiency,0.05,10,0.12295198630426592,0.0005007248541563523,0.07652192206069092,6
R3,N2Vp2q0_5,N2V,2.0,0.5,D16,efficiency,0.1,10,0.12295198630426592,0.0005007248541563523,0.07652192206069092,4
R3,N2Vp2q0_5,N2V,2.0,0.5,D16,clustering,0.05,10,0.13515192052392017,0.0012994669319343313,0.13857801398601355,4
R3,N2Vp2q0_5,N2V,2.0,0.5,D16,clustering,0.1,10,0.13515192052392017,0.0012994669319343313,0.13857801398601355,4
R3,N2Vp2q0_5,N2V,2.0,0.5,D16,H_norm,0.05,10,0.2340426049006104,0.0014801186208021966,0.19911013548067255,3
R3,N2Vp2q0_5,N2V,2.0,0.5,D16,H_norm,0.1,10,0.2340426049006104,0.0014801186208021966,0.19911013548067255,2
R3,N2Vp2q0_5,N2V,2.0,0.5,D16,k_max,0.05,10,15.4,0.699205898780101,12.0,7
R3,N2Vp2q0_5,N2V,2.0,0.5,D16,k_max,0.1,10,15.4,0.699205898780101,12.0,5
R3,N2Vp2q0_5,N2V,2.0,0.5,D16,k_gini,0.05,10,0.10976955959595965,0.0014846666759610145,0.10115105973121472,5
R3,N2Vp2q0_5,N2V,2.0,0.5,D16,k_gini,0.1,10,0.10976955959595965,0.0014846666759610145,0.10115105973121472,3
R3,N2Vp2q0_5,N2V,2.0,0.5,D16,modularity,0.05,10,0.8128922579328641,0.002591986844866363,0.05263461120453561,7
R3,N2Vp2q0_5,N2V,2.0,0.5,D16,modularity,0.1,10,0.8128922579328641,0.002591986844866363,0.05263461120453561,6
R3,N2Vp2q0_5,N2V,2.0,0.5,D16,n_communities,0.05,10,15.2,0.6324555320336758,6.800000000000001,20
R3,N2Vp2q0_5,N2V,2.0,0.5,D16,n_communities,0.1,10,15.2,0.6324555320336758,6.800000000000001,19
R3,N2Vp2q0_5,N2V,2.0,0.5,D16,assortativity,0.05,10,-0.031014571507269828,0.01265821536731669,0.6815802908850074,5
R3,N2Vp2q0_5,N2V,2.0,0.5,D16,assortativity,0.1,10,-0.031014571507269828,0.01265821536731669,0.6815802908850074,3
R3,N2Vp2q0_5,N2V,2.0,0.5,D16,dyn_len_mean,0.05,10,2.941102017902109,0.011797616703261198,0.07218240822271405,26
R3,N2Vp2q0_5,N2V,2.0,0.5,D16,dyn_len_mean,0.1,10,2.941102017902109,0.011797616703261198,0.07218240822271405,18
R3,N2Vp2q0_5,N2V,2.0,0.5,D16,frac_rewired,0.05,10,0.34636,0.010924305215639318,0.34724,12
R3,N2Vp2q0_5,N2V,2.0,0.5,D16,frac_rewired,0.1,10,0.34636,0.010924305215639318,0.34724,8
R3,N2Vp2q0_5,N2V,2.0,0.5,D2,diameter,0.05,10,7.0,0.0,91.0,1
R3,N2Vp2q0_5,N2V,2.0,0.5,D2,diameter,0.1,10,7.0,0.0,91.0,1
R3,N2Vp2q0_5,N2V,2.0,0.5,D2,aspl,0.05,10,4.334299607843137,0.004069006328073726,29.00093954381753,1
R3,N2Vp2q0_5,N2V,2.0,0.5,D2,aspl,0.1,10,4.334299607843137,0.004069006328073726,29.00093954381753,1
R3,N2Vp2q0_5,N2V,2.0,0.5,D2,efficiency,0.05,10,0.24218121785857197,0.00021985870351704905,0.19580119255861056,4
R3,N2Vp2q0_5,N2V,2.0,0.5,D2,efficiency,0.1,10,0.24218121785857197,0.00021985870351704905,0.19580119255861056,2
R3,N2Vp2q0_5,N2V,2.0,0.5,D2,clustering,0.05,10,0.054437879675880006,0.0014254848578263743,0.05587531509666839,8
R3,N2Vp2q0_5,N2V,2.0,0.5,D2,clustering,0.1,10,0.054437879675880006,0.0014254848578263743,0.05587531509666839,7
R3,N2Vp2q0_5,N2V,2.0,0.5,D2,H_norm,0.05,10,0.23479029498810872,0.0014067785645455917,0.1997744810076618,1
R3,N2Vp2q0_5,N2V,2.0,0.5,D2,H_norm,0.1,10,0.23479029498810872,0.0014067785645455917,0.1997744810076618,1
R3,N2Vp2q0_5,N2V,2.0,0.5,D2,k_max,0.05,10,15.6,0.5163977794943222,12.8,28
R3,N2Vp2q0_5,N2V,2.0,0.5,D2,k_max,0.1,10,15.6,0.5163977794943222,12.8,1
R3,N2Vp2q0_5,N2V,2.0,0.5,D2,k_gini,0.05,10,0.11116375757575755,0.0012471086274718417,0.09348530595753443,2
R3,N2Vp2q0_5,N2V,2.0,0.5,D2,k_gini,0.1,10,0.11116375757575755,0.0012471086274718417,0.09348530595753443,2
R3,N2Vp2q0_5,N2V,2.0,0.5,D2,modularity,0.05,10,0.4966404208754208,0.004024451603807383,0.366996519982555,13
R3,N2Vp2q0_5,N2V,2.0,0.5,D2,modularity,0.1,10,0.4966404208754208,0.004024451603807383,0.366996519982555,10
R3,N2Vp2q0_5,N2V,2.0,0.5,D2,n_communities,0.05,10,17.0,2.160246899469286,14.100000000000001,29
R3,N2Vp2q0_5,N2V,2.0,0.5,D2,n_communities,0.1,10,17.0,2.160246899469286,14.100000000000001,21
R3,N2Vp2q0_5,N2V,2.0,0.5,D2,assortativity,0.05,10,-0.01602952439507293,0.009929107463130972,0.6813654634870349,1
R3,N2Vp2q0_5,N2V,2.0,0.5,D2,assortativity,0.1,10,-0.01602952439507293,0.009929107463130972,0.6813654634870349,1
R3,N2Vp2q0_5,N2V,2.0,0.5,D2,dyn_len_mean,0.05,10,16.345361363082194,0.1312237042451619,9.107417750686238,19
R3,N2Vp2q0_5,N2V,2.0,0.5,D2,dyn_len_mean,0.1,10,16.345361363082194,0.1312237042451619,9.107417750686238,15
R3,N2Vp2q0_5,N2V,2.0,0.5,D2,frac_rewired,0.05,10,0.9114000000000001,0.00899431919479054,0.9849600000000001,6
R3,N2Vp2q0_5,N2V,2.0,0.5,D2,frac_rewired,0.1,10,0.9114000000000001,0.00899431919479054,0.9849600000000001,2
R3,N2Vp2q0_5,N2V,2.0,0.5,D4,diameter,0.05,10,9.1,0.3162277660168379,88.9,1
R3,N2Vp2q0_5,N2V,2.0,0.5,D4,diameter,0.1,10,9.1,0.3162277660168379,88.9,1
R3,N2Vp2q0_5,N2V,2.0,0.5,D4,aspl,0.05,10,4.962786458583434,0.021665305324773662,28.37210292116847,1
R3,N2Vp2q0_5,N2V,2.0,0.5,D4,aspl,0.1,10,4.962786458583434,0.021665305324773662,28.37210292116847,1
R3,N2Vp2q0_5,N2V,2.0,0.5,D4,efficiency,0.05,10,0.2188333994550201,0.0007719885890397141,0.17238617339538967,3
R3,N2Vp2q0_5,N2V,2.0,0.5,D4,efficiency,0.1,10,0.2188333994550201,0.0007719885890397141,0.17238617339538967,1
R3,N2Vp2q0_5,N2V,2.0,0.5,D4,clustering,0.05,10,0.05305398543286818,0.002730193132813535,0.05395125198331115,8
R3,N2Vp2q0_5,N2V,2.0,0.5,D4,clustering,0.1,10,0.05305398543286818,0.002730193132813535,0.05395125198331115,3
R3,N2Vp2q0_5,N2V,2.0,0.5,D4,H_norm,0.05,10,0.23540767400188808,0.0020344288175277413,0.20041567619729134,1
R3,N2Vp2q0_5,N2V,2.0,0.5,D4,H_norm,0.1,10,0.23540767400188808,0.0020344288175277413,0.20041567619729134,1
R3,N2Vp2q0_5,N2V,2.0,0.5,D4,k_max,0.05,10,16.5,1.8408935028645432,13.3,30
R3,N2Vp2q0_5,N2V,2.0,0.5,D4,k_max,0.1,10,16.5,1.8408935028645432,13.3,3
R3,N2Vp2q0_5,N2V,2.0,0.5,D4,k_gini,0.05,10,0.11170826666666664,0.0019740220346839764,0.0939637423211708,3
R3,N2Vp2q0_5,N2V,2.0,0.5,D4,k_gini,0.1,10,0.11170826666666664,0.0019740220346839764,0.0939637423211708,1
R3,N2Vp2q0_5,N2V,2.0,0.5,D4,modularity,0.05,10,0.6423899831649832,0.006909592299071467,0.22200761017743298,7
R3,N2Vp2q0_5,N2V,2.0,0.5,D4,modularity,0.1,10,0.6423899831649832,0.006909592299071467,0.22200761017743298,4
R3,N2Vp2q0_5,N2V,2.0,0.5,D4,n_communities,0.05,10,7.3,0.6749485577105528,15.000000000000002,1
R3,N2Vp2q0_5,N2V,2.0,0.5,D4,n_communities,0.1,10,7.3,0.6749485577105528,15.000000000000002,1
R3,N2Vp2q0_5,N2V,2.0,0.5,D4,assortativity,0.05,10,-0.02808621543169696,0.006526395018405159,0.6789971779418087,1
R3,N2Vp2q0_5,N2V,2.0,0.5,D4,assortativity,0.1,10,-0.02808621543169696,0.006526395018405159,0.6789971779418087,1
R3,N2Vp2q0_5,N2V,2.0,0.5,D4,dyn_len_mean,0.05,10,9.104743166443066,0.10879808706381966,2.46391927131004,13
R3,N2Vp2q0_5,N2V,2.0,0.5,D4,dyn_len_mean,0.1,10,9.104743166443066,0.10879808706381966,2.46391927131004,10
R3,N2Vp2q0_5,N2V,2.0,0.5,D4,frac_rewired,0.05,10,0.79992,0.011402611786584485,0.8553200000000001,5
R3,N2Vp2q0_5,N2V,2.0,0.5,D4,frac_rewired,0.1,10,0.79992,0.011402611786584485,0.8553200000000001,2
R3,N2Vp2q0_5,N2V,2.0,0.5,D8,diameter,0.05,10,15.0,0.0,83.2,1
R3,N2Vp2q0_5,N2V,2.0,0.5,D8,diameter,0.1,10,15.0,0.0,83.2,1
R3,N2Vp2q0_5,N2V,2.0,0.5,D8,aspl,0.05,10,6.770371668667467,0.019749995401056826,26.592039215686277,1
R3,N2Vp2q0_5,N2V,2.0,0.5,D8,aspl,0.1,10,6.770371668667467,0.019749995401056826,26.592039215686277,1
R3,N2Vp2q0_5,N2V,2.0,0.5,D8,efficiency,0.05,10,0.17382444659755342,0.0004386305883197118,0.1278775884361313,3
R3,N2Vp2q0_5,N2V,2.0,0.5,D8,efficiency,0.1,10,0.17382444659755342,0.0004386305883197118,0.1278775884361313,2
R3,N2Vp2q0_5,N2V,2.0,0.5,D8,clustering,0.05,10,0.06427936971525225,0.0013125274561894284,0.0672918785658787,2
R3,N2Vp2q0_5,N2V,2.0,0.5,D8,clustering,0.1,10,0.06427936971525225,0.0013125274561894284,0.0672918785658787,2
R3,N2Vp2q0_5,N2V,2.0,0.5,D8,H_norm,0.05,10,0.235791563787283,0.0012883052625713848,0.20075548975446586,2
R3,N2Vp2q0_5,N2V,2.0,0.5,D8,H_norm,0.1,10,0.235791563787283,0.0012883052625713848,0.20075548975446586,1
R3,N2Vp2q0_5,N2V,2.0,0.5,D8,k_max,0.05,10,16.1,0.994428926011753,12.600000000000001,4
R3,N2Vp2q0_5,N2V,2.0,0.5,D8,k_max,0.1,10,16.1,0.994428926011753,12.600000000000001,3
R3,N2Vp2q0_5,N2V,2.0,0.5,D8,k_gini,0.05,10,0.11201831111111107,0.0015084611779152544,0.09547907635281475,1
R3,N2Vp2q0_5,N2V,2.0,0.5,D8,k_gini,0.1,10,0.11201831111111107,0.0015084611779152544,0.09547907635281475,1
R3,N2Vp2q0_5,N2V,2.0,0.5,D8,modularity,0.05,10,0.7443120992755842,0.008927801115341092,0.12360138938363652,4
R3,N2Vp2q0_5,N2V,2.0,0.5,D8,modularity,0.1,10,0.7443120992755842,0.008927801115341092,0.12360138938363652,2
R3,N2Vp2q0_5,N2V,2.0,0.5,D8,n_communities,0.05,10,8.7,1.1595018087284057,12.900000000000002,29
R3,N2Vp2q0_5,N2V,2.0,0.5,D8,n_communities,0.1,10,8.7,1.1595018087284057,12.900000000000002,4
R3,N2Vp2q0_5,N2V,2.0,0.5,D8,assortativity,0.05,10,-0.02029263811622343,0.011699680439609108,0.6774324403545641,2
R3,N2Vp2q0_5,N2V,2.0,0.5,D8,assortativity,0.1,10,-0.02029263811622343,0.011699680439609108,0.6774324403545641,2
R3,N2Vp2q0_5,N2V,2.0,0.5,D8,dyn_len_mean,0.05,10,5.1419427244672296,0.03777836526577805,0.4488954916510304,12
R3,N2Vp2q0_5,N2V,2.0,0.5,D8,dyn_len_mean,0.1,10,5.1419427244672296,0.03777836526577805,0.4488954916510304,10
R3,N2Vp2q0_5,N2V,2.0,0.5,D8,frac_rewired,0.05,10,0.62836,0.013757842208072538,0.6304000000000001,5
R3,N2Vp2q0_5,N2V,2.0,0.5,D8,frac_rewired,0.1,10,0.62836,0.013757842208072538,0.6304000000000001,4
R3,N2Vp2q1,N2V,2.0,1.0,D16,diameter,0.05,10,25.8,0.6324555320336759,72.4,3
R3,N2Vp2q1,N2V,2.0,1.0,D16,diameter,0.1,10,25.8,0.6324555320336759,72.4,2
R3,N2Vp2q1,N2V,2.0,1.0,D16,aspl,0.05,10,10.570859159663865,0.04626620938560879,22.781028315326132,3
R3,N2Vp2q1,N2V,2.0,1.0,D16,aspl,0.1,10,10.570859159663865,0.04626620938560879,22.781028315326132,2
R3,N2Vp2q1,N2V,2.0,1.0,D16,efficiency,0.05,10,0.12321090178636832,0.00036893680825929065,0.07688193359342518,6
R3,N2Vp2q1,N2V,2.0,1.0,D16,efficiency,0.1,10,0.12321090178636832,0.00036893680825929065,0.07688193359342518,4
R3,N2Vp2q1,N2V,2.0,1.0,D16,clustering,0.05,10,0.13494862737262708,0.0019445122492295966,0.1380605853492909,4
R3,N2Vp2q1,N2V,2.0,1.0,D16,clustering,0.1,10,0.13494862737262708,0.0019445122492295966,0.1380605853492909,3
R3,N2Vp2q1,N2V,2.0,1.0,D16,H_norm,0.05,10,0.23469198446630907,0.0009692669751116144,0.19928558891340772,3
R3,N2Vp2q1,N2V,2.0,1.0,D16,H_norm,0.1,10,0.23469198446630907,0.0009692669751116144,0.19928558891340772,2
R3,N2Vp2q1,N2V,2.0,1.0,D16,k_max,0.05,10,14.9,0.5676462121975467,12.399999999999999,29
R3,N2Vp2q1,N2V,2.0,1.0,D16,k_max,0.1,10,14.9,0.5676462121975467,12.399999999999999,23
R3,N2Vp2q1,N2V,2.0,1.0,D16,k_gini,0.05,10,0.11040060626958544,0.0009832009675084655,0.10032287597756188,4
R3,N2Vp2q1,N2V,2.0,1.0,D16,k_gini,0.1,10,0.11040060626958544,0.0009832009675084655,0.10032287597756188,1
R3,N2Vp2q1,N2V,2.0,1.0,D16,modularity,0.05,10,0.8107619824349834,0.0022984118124800713,0.05378301371169503,14
R3,N2Vp2q1,N2V,2.0,1.0,D16,modularity,0.1,10,0.8107619824349834,0.0022984118124800713,0.05378301371169503,7
R3,N2Vp2q1,N2V,2.0,1.0,D16,n_communities,0.05,10,15.1,1.1972189997378648,7.400000000000002,30
R3,N2Vp2q1,N2V,2.0,1.0,D16,n_communities,0.1,10,15.1,1.1972189997378648,7.400000000000002,27
R3,N2Vp2q1,N2V,2.0,1.0,D16,assortativity,0.05,10,-0.025759262161432372,0.011217512509669781,0.6819089215458104,5
R3,N2Vp2q1,N2V,2.0,1.0,D16,assortativity,0.1,10,-0.025759262161432372,0.011217512509669781,0.6819089215458104,3
R3,N2Vp2q1,N2V,2.0,1.0,D16,dyn_len_mean,0.05,10,2.9420870823560903,0.010806948000612458,0.08475242721325538,24
R3,N2Vp2q1,N2V,2.0,1.0,D16,dyn_len_mean,0.1,10,2.9420870823560903,0.010806948000612458,0.08475242721325538,16
R3,N2Vp2q1,N2V,2.0,1.0,D16,frac_rewired,0.05,10,0.34612,0.006640080320799331,0.35663999999999996,9
R3,N2Vp2q1,N2V,2.0,1.0,D16,frac_rewired,0.1,10,0.34612,0.006640080320799331,0.35663999999999996,7
R3,N2Vp2q1,N2V,2.0,1.0,D2,diameter,0.05,10,7.0,0.0,91.0,1
R3,N2Vp2q1,N2V,2.0,1.0,D2,diameter,0.1,10,7.0,0.0,91.0,1
R3,N2Vp2q1,N2V,2.0,1.0,D2,aspl,0.05,10,4.338655110044018,0.0065140274737449195,28.99636942777111,1
R3,N2Vp2q1,N2V,2.0,1.0,D2,aspl,0.1,10,4.338655110044018,0.0065140274737449195,28.99636942777111,1
R3,N2Vp2q1,N2V,2.0,1.0,D2,efficiency,0.05,10,0.2419762359801063,0.0003280598464682995,0.19558233633040498,4
R3,N2Vp2q1,N2V,2.0,1.0,D2,efficiency,0.1,10,0.2419762359801063,0.0003280598464682995,0.19558233633040498,2
R3,N2Vp2q1,N2V,2.0,1.0,D2,clustering,0.05,10,0.055406096787629686,0.0017180262941769238,0.05671906166363248,9
R3,N2Vp2q1,N2V,2.0,1.0,D2,clustering,0.1,10,0.055406096787629686,0.0017180262941769238,0.05671906166363248,7
R3,N2Vp2q1,N2V,2.0,1.0,D2,H_norm,0.05,10,0.23485919632569127,0.0010652962822733463,0.19931524524376915,2
R3,N2Vp2q1,N2V,2.0,1.0,D2,H_norm,0.1,10,0.23485919632569127,0.0010652962822733463,0.19931524524376915,1
R3,N2Vp2q1,N2V,2.0,1.0,D2,k_max,0.05,10,16.4,1.4298407059684815,13.100000000000001,21
R3,N2Vp2q1,N2V,2.0,1.0,D2,k_max,0.1,10,16.4,1.4298407059684815,13.100000000000001,2
R3,N2Vp2q1,N2V,2.0,1.0,D2,k_gini,0.05,10,0.11116679191919195,0.0010615672291751004,0.093016962523191,3
R3,N2Vp2q1,N2V,2.0,1.0,D2,k_gini,0.1,10,0.11116679191919195,0.0010615672291751004,0.093016962523191,2
R3,N2Vp2q1,N2V,2.0,1.0,D2,modularity,0.05,10,0.5006356973778187,0.00506682561486642,0.3647400716609552,12
R3,N2Vp2q1,N2V,2.0,1.0,D2,modularity,0.1,10,0.5006356973778187,0.00506682561486642,0.3647400716609552,9
R3,N2Vp2q1,N2V,2.0,1.0,D2,n_communities,0.05,10,16.3,1.1595018087284057,14.3,28
R3,N2Vp2q1,N2V,2.0,1.0,D2,n_communities,0.1,10,16.3,1.1595018087284057,14.3,20
R3,N2Vp2q1,N2V,2.0,1.0,D2,assortativity,0.05,10,-0.01550697467012541,0.0060988501683630365,0.6789428518496817,1
R3,N2Vp2q1,N2V,2.0,1.0,D2,assortativity,0.1,10,-0.01550697467012541,0.0060988501683630365,0.6789428518496817,1
R3,N2Vp2q1,N2V,2.0,1.0,D2,dyn_len_mean,0.05,10,16.370681785972565,0.2543011245548927,9.098613873272416,20
R3,N2Vp2q1,N2V,2.0,1.0,D2,dyn_len_mean,0.1,10,16.370681785972565,0.2543011245548927,9.098613873272416,15
R3,N2Vp2q1,N2V,2.0,1.0,D2,frac_rewired,0.05,10,0.91332,0.005112251080601468,0.9852000000000001,6
R3,N2Vp2q1,N2V,2.0,1.0,D2,frac_rewired,0.1,10,0.91332,0.005112251080601468,0.9852000000000001,2
R3,N2Vp2q1,N2V,2.0,1.0,D4,diameter,0.05,10,9.1,0.316227766016838,88.9,1
R3,N2Vp2q1,N2V,2.0,1.0,D4,diameter,0.1,10,9.1,0.316227766016838,88.9,1
R3,N2Vp2q1,N2V,2.0,1.0,D4,aspl,0.05,10,4.97780731492597,0.02657808479077666,28.368941144457786,1
R3,N2Vp2q1,N2V,2.0,1.0,D4,aspl,0.1,10,4.97780731492597,0.02657808479077666,28.368941144457786,1
R3,N2Vp2q1,N2V,2.0,1.0,D4,efficiency,0.05,10,0.21829982027096548,0.0009311303579043291,0.1722560682104586,2
R3,N2Vp2q1,N2V,2.0,1.0,D4,efficiency,0.1,10,0.21829982027096548,0.0009311303579043291,0.1722560682104586,1
R3,N2Vp2q1,N2V,2.0,1.0,D4,clustering,0.05,10,0.053596381487793665,0.001955088169833778,0.05436105250305291,9
R3,N2Vp2q1,N2V,2.0,1.0,D4,clustering,0.1,10,0.053596381487793665,0.001955088169833778,0.05436105250305291,4
R3,N2Vp2q1,N2V,2.0,1.0,D4,H_norm,0.05,10,0.23495966894303302,0.0017186771775262585,0.19997415371926042,1
R3,N2Vp2q1,N2V,2.0,1.0,D4,H_norm,0.1,10,0.23495966894303302,0.0017186771775262585,0.19997415371926042,1
R3,N2Vp2q1,N2V,2.0,1.0,D4,k_max,0.05,10,17.0,1.6996731711975945,13.0,30
R3,N2Vp2q1,N2V,2.0,1.0,D4,k_max,0.1,10,17.0,1.6996731711975945,13.0,29
R3,N2Vp2q1,N2V,2.0,1.0,D4,k_gini,0.05,10,0.11132343838383836,0.0018858812557433653,0.09370324535147385,2
R3,N2Vp2q1,N2V,2.0,1.0,D4,k_gini,0.1,10,0.11132343838383836,0.0018858812557433653,0.09370324535147385,1
R3,N2Vp2q1,N2V,2.0,1.0,D4,modularity,0.05,10,0.6443570727476788,0.011012362098509771,0.2202512067492114,6
R3,N2Vp2q1,N2V,2.0,1.0,D4,modularity,0.1,10,0.6443570727476788,0.011012362098509771,0.2202512067492114,4
R3,N2Vp2q1,N2V,2.0,1.0,D4,n_communities,0.05,10,6.8,0.9189365834726815,15.100000000000001,2
R3,N2Vp2q1,N2V,2.0,1.0,D4,n_communities,0.1,10,6.8,0.9189365834726815,15.100000000000001,1
R3,N2Vp2q1,N2V,2.0,1.0,D4,assortativity,0.05,10,-0.021317952145660048,0.007974755764519188,0.6768500037266184,1
R3,N2Vp2q1,N2V,2.0,1.0,D4,assortativity,0.1,10,-0.021317952145660048,0.007974755764519188,0.6768500037266184,1
R3,N2Vp2q1,N2V,2.0,1.0,D4,dyn_len_mean,0.05,10,9.026813395770278,0.09941165207491402,2.4006585817084103,12
R3,N2Vp2q1,N2V,2.0,1.0,D4,dyn_len_mean,0.1,10,9.026813395770278,0.09941165207491402,2.4006585817084103,9
R3,N2Vp2q1,N2V,2.0,1.0,D4,frac_rewired,0.05,10,0.8073600000000001,0.012110895003168759,0.8507199999999999,4
R3,N2Vp2q1,N2V,2.0,1.0,D4,frac_rewired,0.1,10,0.8073600000000001,0.012110895003168759,0.8507199999999999,2
R3,N2Vp2q1,N2V,2.0,1.0,D8,diameter,0.05,10,15.1,0.3162277660168377,83.3,1
R3,N2Vp2q1,N2V,2.0,1.0,D8,diameter,0.1,10,15.1,0.3162277660168377,83.3,1
R3,N2Vp2q1,N2V,2.0,1.0,D8,aspl,0.05,10,6.756274029611845,0.03224474802879888,26.57936406562625,1
R3,N2Vp2q1,N2V,2.0,1.0,D8,aspl,0.1,10,6.756274029611845,0.03224474802879888,26.57936406562625,1
R3,N2Vp2q1,N2V,2.0,1.0,D8,efficiency,0.05,10,0.174159741359392,0.0005831048655339569,0.1276954210447658,3
R3,N2Vp2q1,N2V,2.0,1.0,D8,efficiency,0.1,10,0.174159741359392,0.0005831048655339569,0.1276954210447658,2
R3,N2Vp2q1,N2V,2.0,1.0,D8,clustering,0.05,10,0.06547570785423737,0.0017368888725889729,0.06731661536502723,2
R3,N2Vp2q1,N2V,2.0,1.0,D8,clustering,0.1,10,0.06547570785423737,0.0017368888725889729,0.06731661536502723,2
R3,N2Vp2q1,N2V,2.0,1.0,D8,H_norm,0.05,10,0.23664909717690485,0.0014136052161637417,0.2006095172127061,2
R3,N2Vp2q1,N2V,2.0,1.0,D8,H_norm,0.1,10,0.23664909717690485,0.0014136052161637417,0.2006095172127061,1
R3,N2Vp2q1,N2V,2.0,1.0,D8,k_max,0.05,10,16.6,0.8432740427115678,13.0,19
R3,N2Vp2q1,N2V,2.0,1.0,D8,k_max,0.1,10,16.6,0.8432740427115678,13.0,4
R3,N2Vp2q1,N2V,2.0,1.0,D8,k_gini,0.05,10,0.1129709818181818,0.001500317618288982,0.09622070153758104,1
R3,N2Vp2q1,N2V,2.0,1.0,D8,k_gini,0.1,10,0.1129709818181818,0.001500317618288982,0.09622070153758104,1
R3,N2Vp2q1,N2V,2.0,1.0,D8,modularity,0.05,10,0.7440234976022856,0.0032409643204056255,0.12371010635129276,4
R3,N2Vp2q1,N2V,2.0,1.0,D8,modularity,0.1,10,0.7440234976022856,0.0032409643204056255,0.12371010635129276,2
R3,N2Vp2q1,N2V,2.0,1.0,D8,n_communities,0.05,10,9.4,0.8432740427115679,12.900000000000002,27
R3,N2Vp2q1,N2V,2.0,1.0,D8,n_communities,0.1,10,9.4,0.8432740427115679,12.900000000000002,1
R3,N2Vp2q1,N2V,2.0,1.0,D8,assortativity,0.05,10,-0.02284078640857919,0.0074478542182103286,0.6775564323773358,2
R3,N2Vp2q1,N2V,2.0,1.0,D8,assortativity,0.1,10,-0.02284078640857919,0.0074478542182103286,0.6775564323773358,2
R3,N2Vp2q1,N2V,2.0,1.0,D8,dyn_len_mean,0.05,10,5.12406953512908,0.02746532943260571,0.44043352382697254,12
R3,N2Vp2q1,N2V,2.0,1.0,D8,dyn_len_mean,0.1,10,5.12406953512908,0.02746532943260571,0.44043352382697254,10
R3,N2Vp2q1,N2V,2.0,1.0,D8,frac_rewired,0.05,10,0.62344,0.014570838456771576,0.63608,4
R3,N2Vp2q1,N2V,2.0,1.0,D8,frac_rewired,0.1,10,0.62344,0.014570838456771576,0.63608,4
R3,N2Vp2q2,N2V,2.0,2.0,D16,diameter,0.05,10,26.0,0.47140452079103157,72.2,3
R3,N2Vp2q2,N2V,2.0,2.0,D16,diameter,0.1,10,26.0,0.47140452079103157,72.2,2
R3,N2Vp2q2,N2V,2.0,2.0,D16,aspl,0.05,10,10.621126210484194,0.08155029763713943,22.746087651060428,3
R3,N2Vp2q2,N2V,2.0,2.0,D16,aspl,0.1,10,10.621126210484194,0.08155029763713943,22.746087651060428,2
R3,N2Vp2q2,N2V,2.0,2.0,D16,efficiency,0.05,10,0.12273587292496153,0.0006522033317030868,0.0764894153528031,6
R3,N2Vp2q2,N2V,2.0,2.0,D16,efficiency,0.1,10,0.12273587292496153,0.0006522033317030868,0.0764894153528031,4
R3,N2Vp2q2,N2V,2.0,2.0,D16,clustering,0.05,10,0.13721900035911763,0.002684085023791423,0.13929841949759872,4
R3,N2Vp2q2,N2V,2.0,2.0,D16,clustering,0.1,10,0.13721900035911763,0.002684085023791423,0.13929841949759872,3
R3,N2Vp2q2,N2V,2.0,2.0,D16,H_norm,0.05,10,0.23627385200867373,0.0016111521177626582,0.20016540615463677,3
R3,N2Vp2q2,N2V,2.0,2.0,D16,H_norm,0.1,10,0.23627385200867373,0.0016111521177626582,0.20016540615463677,2
R3,N2Vp2q2,N2V,2.0,2.0,D16,k_max,0.05,10,15.9,1.2866839377079187,12.399999999999999,5
R3,N2Vp2q2,N2V,2.0,2.0,D16,k_max,0.1,10,15.9,1.2866839377079187,12.399999999999999,4
R3,N2Vp2q2,N2V,2.0,2.0,D16,k_gini,0.05,10,0.11206787070707067,0.0016082204772489758,0.1009008015069699,4
R3,N2Vp2q2,N2V,2.0,2.0,D16,k_gini,0.1,10,0.11206787070707067,0.0016082204772489758,0.1009008015069699,1
R3,N2Vp2q2,N2V,2.0,2.0,D16,modularity,0.05,10,0.8114868135904499,0.002587078832694124,0.05340538897551472,10
R3,N2Vp2q2,N2V,2.0,2.0,D16,modularity,0.1,10,0.8114868135904499,0.002587078832694124,0.05340538897551472,7
R3,N2Vp2q2,N2V,2.0,2.0,D16,n_communities,0.05,10,15.2,0.7888106377466155,7.100000000000001,30
R3,N2Vp2q2,N2V,2.0,2.0,D16,n_communities,0.1,10,15.2,0.7888106377466155,7.100000000000001,5
R3,N2Vp2q2,N2V,2.0,2.0,D16,assortativity,0.05,10,-0.02857138306676395,0.009920564381304904,0.684391137992026,5
R3,N2Vp2q2,N2V,2.0,2.0,D16,assortativity,0.1,10,-0.02857138306676395,0.009920564381304904,0.684391137992026,3
R3,N2Vp2q2,N2V,2.0,2.0,D16,dyn_len_mean,0.05,10,2.9285387183700236,0.011881215781191523,0.07367383841770359,25
R3,N2Vp2q2,N2V,2.0,2.0,D16,dyn_len_mean,0.1,10,2.9285387183700236,0.011881215781191523,0.07367383841770359,22
R3,N2Vp2q2,N2V,2.0,2.0,D16,frac_rewired,0.05,10,0.36332,0.008700549152527985,0.36884,9
R3,N2Vp2q2,N2V,2.0,2.0,D16,frac_rewired,0.1,10,0.36332,0.008700549152527985,0.36884,7
R3,N2Vp2q2,N2V,2.0,2.0,D2,diameter,0.05,10,7.0,0.0,91.0,1
R3,N2Vp2q2,N2V,2.0,2.0,D2,diameter,0.1,10,7.0,0.0,91.0,1
R3,N2Vp2q2,N2V,2.0,2.0,D2,aspl,0.05,10,4.347232268907563,0.007072030876144017,28.986101064425775,1
R3,N2Vp2q2,N2V,2.0,2.0,D2,aspl,0.1,10,4.347232268907563,0.007072030876144017,28.986101064425775,1
R3,N2Vp2q2,N2V,2.0,2.0,D2,efficiency,0.05,10,0.24153907574458353,0.0003494206027065472,0.19505612394068722,4
R3,N2Vp2q2,N2V,2.0,2.0,D2,efficiency,0.1,10,0.24153907574458353,0.0003494206027065472,0.19505612394068722,2
R3,N2Vp2q2,N2V,2.0,2.0,D2,clustering,0.05,10,0.05777698838416514,0.002368931278488543,0.05854886693698488,10
R3,N2Vp2q2,N2V,2.0,2.0,D2,clustering,0.1,10,0.05777698838416514,0.002368931278488543,0.05854886693698488,7
R3,N2Vp2q2,N2V,2.0,2.0,D2,H_norm,0.05,10,0.23582127303726455,0.0013439360654217381,0.19972946332989555,2
R3,N2Vp2q2,N2V,2.0,2.0,D2,H_norm,0.1,10,0.23582127303726455,0.0013439360654217381,0.19972946332989555,1
R3,N2Vp2q2,N2V,2.0,2.0,D2,k_max,0.05,10,15.9,0.9944289260117531,13.0,29
R3,N2Vp2q2,N2V,2.0,2.0,D2,k_max,0.1,10,15.9,0.9944289260117531,13.0,2
R3,N2Vp2q2,N2V,2.0,2.0,D2,k_gini,0.05,10,0.11207983434343434,0.0013539598299114244,0.09351926555349403,2
R3,N2Vp2q2,N2V,2.0,2.0,D2,k_gini,0.1,10,0.11207983434343434,0.0013539598299114244,0.09351926555349403,2
R3,N2Vp2q2,N2V,2.0,2.0,D2,modularity,0.05,10,0.504549334251607,0.005019867625516133,0.35908760660636885,13
R3,N2Vp2q2,N2V,2.0,2.0,D2,modularity,0.1,10,0.504549334251607,0.005019867625516133,0.35908760660636885,9
R3,N2Vp2q2,N2V,2.0,2.0,D2,n_communities,0.05,10,16.1,1.1972189997378646,14.200000000000001,20
R3,N2Vp2q2,N2V,2.0,2.0,D2,n_communities,0.1,10,16.1,1.1972189997378646,14.200000000000001,18
R3,N2Vp2q2,N2V,2.0,2.0,D2,assortativity,0.05,10,-0.02183389563285315,0.007934921036355356,0.6799975750287685,1
R3,N2Vp2q2,N2V,2.0,2.0,D2,assortativity,0.1,10,-0.02183389563285315,0.007934921036355356,0.6799975750287685,1
R3,N2Vp2q2,N2V,2.0,2.0,D2,dyn_len_mean,0.05,10,16.043414964657305,0.15696285611827304,8.77761536848538,18
R3,N2Vp2q2,N2V,2.0,2.0,D2,dyn_len_mean,0.1,10,16.043414964657305,0.15696285611827304,8.77761536848538,15
R3,N2Vp2q2,N2V,2.0,2.0,D2,frac_rewired,0.05,10,0.91644,0.007240503358806552,0.98404,6
R3,N2Vp2q2,N2V,2.0,2.0,D2,frac_rewired,0.1,10,0.91644,0.007240503358806552,0.98404,2
R3,N2Vp2q2,N2V,2.0,2.0,D4,diameter,0.05,10,9.3,0.48304589153964794,88.8,1
R3,N2Vp2q2,N2V,2.0,2.0,D4,diameter,0.1,10,9.3,0.48304589153964794,88.8,1
R3,N2Vp2q2,N2V,2.0,2.0,D4,aspl,0.05,10,4.984112076830732,0.013978071601141853,28.349221256502602,1
R3,N2Vp2q2,N2V,2.0,2.0,D4,aspl,0.1,10,4.984112076830732,0.013978071601141853,28.349221256502602,1
R3,N2Vp2q2,N2V,2.0,2.0,D4,efficiency,0.05,10,0.21807692350591026,0.0004941597443484284,0.1716083720780374,2
R3,N2Vp2q2,N2V,2.0,2.0,D4,efficiency,0.1,10,0.21807692350591026,0.0004941597443484284,0.1716083720780374,1
R3,N2Vp2q2,N2V,2.0,2.0,D4,clustering,0.05,10,0.05484769543562766,0.002454859911580976,0.05517505684374143,10
R3,N2Vp2q2,N2V,2.0,2.0,D4,clustering,0.1,10,0.05484769543562766,0.002454859911580976,0.05517505684374143,5
R3,N2Vp2q2,N2V,2.0,2.0,D4,H_norm,0.05,10,0.23598068093674143,0.0009994279214199748,0.1999841241038733,1
R3,N2Vp2q2,N2V,2.0,2.0,D4,H_norm,0.1,10,0.23598068093674143,0.0009994279214199748,0.1999841241038733,1
R3,N2Vp2q2,N2V,2.0,2.0,D4,k_max,0.05,10,16.5,1.3540064007726604,13.2,25
R3,N2Vp2q2,N2V,2.0,2.0,D4,k_max,0.1,10,16.5,1.3540064007726604,13.2,2
R3,N2Vp2q2,N2V,2.0,2.0,D4,k_gini,0.05,10,0.11261775757575754,0.0012721937477927412,0.09409695848278696,2
R3,N2Vp2q2,N2V,2.0,2.0,D4,k_gini,0.1,10,0.11261775757575754,0.0012721937477927412,0.09409695848278696,1
R3,N2Vp2q2,N2V,2.0,2.0,D4,modularity,0.05,10,0.6459442179369452,0.004388306616259797,0.22160135622375476,6
R3,N2Vp2q2,N2V,2.0,2.0,D4,modularity,0.1,10,0.6459442179369452,0.004388306616259797,0.22160135622375476,3
R3,N2Vp2q2,N2V,2.0,2.0,D4,n_communities,0.05,10,7.1,0.5676462121975467,14.8,2
R3,N2Vp2q2,N2V,2.0,2.0,D4,n_communities,0.1,10,7.1,0.5676462121975467,14.8,1
R3,N2Vp2q2,N2V,2.0,2.0,D4,assortativity,0.05,10,-0.01901902530161088,0.007276847064878554,0.6783267661626651,1
R3,N2Vp2q2,N2V,2.0,2.0,D4,assortativity,0.1,10,-0.01901902530161088,0.007276847064878554,0.6783267661626651,1
R3,N2Vp2q2,N2V,2.0,2.0,D4,dyn_len_mean,0.05,10,9.001273262155818,0.09568747107446043,2.3405922277617925,11
R3,N2Vp2q2,N2V,2.0,2.0,D4,dyn_len_mean,0.1,10,9.001273262155818,0.09568747107446043,2.3405922277617925,9
R3,N2Vp2q2,N2V,2.0,2.0,D4,frac_rewired,0.05,10,0.81308,0.011455886405395846,0.85616,4
R3,N2Vp2q2,N2V,2.0,2.0,D4,frac_rewired,0.1,10,0.81308,0.011455886405395846,0.85616,2
R3,N2Vp2q2,N2V,2.0,2.0,D8,diameter,0.05,10,15.0,0.4714045207910317,83.2,1
R3,N2Vp2q2,N2V,2.0,2.0,D8,diameter,0.1,10,15.0,0.4714045207910317,83.2,1
R3,N2Vp2q2,N2V,2.0,2.0,D8,aspl,0.05,10,6.774228731492597,0.03620775432789775,26.564520144057624,1
R3,N2Vp2q2,N2V,2.0,2.0,D8,aspl,0.1,10,6.774228731492597,0.03620775432789775,26.564520144057624,1
R3,N2Vp2q2,N2V,2.0,2.0,D8,efficiency,0.05,10,0.17378562730209185,0.0007259180466164923,0.12739085790544638,3
R3,N2Vp2q2,N2V,2.0,2.0,D8,efficiency,0.1,10,0.17378562730209185,0.0007259180466164923,0.12739085790544638,2
R3,N2Vp2q2,N2V,2.0,2.0,D8,clustering,0.05,10,0.06565171112547594,0.0019990343689830587,0.06767807794853933,2
R3,N2Vp2q2,N2V,2.0,2.0,D8,clustering,0.1,10,0.06565171112547594,0.0019990343689830587,0.06767807794853933,2
R3,N2Vp2q2,N2V,2.0,2.0,D8,H_norm,0.05,10,0.2361703691738916,0.0017650153928523138,0.2005982162587308,2
R3,N2Vp2q2,N2V,2.0,2.0,D8,H_norm,0.1,10,0.2361703691738916,0.0017650153928523138,0.2005982162587308,1
R3,N2Vp2q2,N2V,2.0,2.0,D8,k_max,0.05,10,16.4,1.4298407059684815,12.899999999999999,22
R3,N2Vp2q2,N2V,2.0,2.0,D8,k_max,0.1,10,16.4,1.4298407059684815,12.899999999999999,3
R3,N2Vp2q2,N2V,2.0,2.0,D8,k_gini,0.05,10,0.11239670303030307,0.0017442743269718024,0.09576735644389327,1
R3,N2Vp2q2,N2V,2.0,2.0,D8,k_gini,0.1,10,0.11239670303030307,0.0017442743269718024,0.09576735644389327,1
R3,N2Vp2q2,N2V,2.0,2.0,D8,modularity,0.05,10,0.7446406805428019,0.006383810949406888,0.12293976352913183,3
R3,N2Vp2q2,N2V,2.0,2.0,D8,modularity,0.1,10,0.7446406805428019,0.006383810949406888,0.12293976352913183,2
R3,N2Vp2q2,N2V,2.0,2.0,D8,n_communities,0.05,10,9.7,0.9486832980505141,12.600000000000001,15
R3,N2Vp2q2,N2V,2.0,2.0,D8,n_communities,0.1,10,9.7,0.9486832980505141,12.600000000000001,1
R3,N2Vp2q2,N2V,2.0,2.0,D8,assortativity,0.05,10,-0.01984702397635757,0.007324048809140733,0.6798236937062292,2
R3,N2Vp2q2,N2V,2.0,2.0,D8,assortativity,0.1,10,-0.01984702397635757,0.007324048809140733,0.6798236937062292,2
R3,N2Vp2q2,N2V,2.0,2.0,D8,dyn_len_mean,0.05,10,5.124911245197678,0.04485944439292634,0.4231175297763601,26
R3,N2Vp2q2,N2V,2.0,2.0,D8,dyn_len_mean,0.1,10,5.124911245197678,0.04485944439292634,0.4231175297763601,14
R3,N2Vp2q2,N2V,2.0,2.0,D8,frac_rewired,0.05,10,0.6338,0.011091939014938337,0.6436,4
R3,N2Vp2q2,N2V,2.0,2.0,D8,frac_rewired,0.1,10,0.6338,0.011091939014938337,0.6436,4
R3,RW,RW,,,D16,diameter,0.05,10,26.2,0.4216370213557835,72.5,3
R3,RW,RW,,,D16,diameter,0.1,10,26.2,0.4216370213557835,72.5,2
R3,RW,RW,,,D16,aspl,0.05,10,10.589759103641457,0.0655455432050845,22.74357422969188,3
R3,RW,RW,,,D16,aspl,0.1,10,10.589759103641457,0.0655455432050845,22.74357422969188,2
R3,RW,RW,,,D16,efficiency,0.05,10,0.12299178526479501,0.0005524969361379262,0.0765088334608987,6
R3,RW,RW,,,D16,efficiency,0.1,10,0.12299178526479501,0.0005524969361379262,0.0765088334608987,4
R3,RW,RW,,,D16,clustering,0.05,10,0.13633843271107943,0.0015168813646846213,0.1386729138639135,4
R3,RW,RW,,,D16,clustering,0.1,10,0.13633843271107943,0.0015168813646846213,0.1386729138639135,3
R3,RW,RW,,,D16,H_norm,0.05,10,0.23540191597813323,0.001161958342851611,0.19927367161480783,3
R3,RW,RW,,,D16,H_norm,0.1,10,0.23540191597813323,0.001161958342851611,0.19927367161480783,2
R3,RW,RW,,,D16,k_max,0.05,10,15.5,1.0801234497346435,12.5,30
R3,RW,RW,,,D16,k_max,0.1,10,15.5,1.0801234497346435,12.5,4
R3,RW,RW,,,D16,k_gini,0.05,10,0.11143914712903351,0.0009679821633845148,0.10103313312297317,4
R3,RW,RW,,,D16,k_gini,0.1,10,0.11143914712903351,0.0009679821633845148,0.10103313312297317,1
R3,RW,RW,,,D16,modularity,0.05,10,0.8122010904050864,0.00292708251555255,0.05258646218725871,8
R3,RW,RW,,,D16,modularity,0.1,10,0.8122010904050864,0.00292708251555255,0.05258646218725871,6
R3,RW,RW,,,D16,n_communities,0.05,10,15.0,1.2472191289246475,6.900000000000002,30
R3,RW,RW,,,D16,n_communities,0.1,10,15.0,1.2472191289246475,6.900000000000002,27
R3,RW,RW,,,D16,assortativity,0.05,10,-0.03045690829940782,0.009457347787237586,0.6835283161449625,5
R3,RW,RW,,,D16,assortativity,0.1,10,-0.03045690829940782,0.009457347787237586,0.6835283161449625,3
R3,RW,RW,,,D16,dyn_len_mean,0.05,10,2.933057865493386,0.006577384467083477,0.0688190643401545,20
R3,RW,RW,,,D16,dyn_len_mean,0.1,10,2.933057865493386,0.006577384467083477,0.0688190643401545,18
R3,RW,RW,,,D16,frac_rewired,0.05,10,0.34788,0.013452864213822838,0.36132,9
R3,RW,RW,,,D16,frac_rewired,0.1,10,0.34788,0.013452864213822838,0.36132,7
R3,RW,RW,,,D2,diameter,0.05,10,7.0,0.0,91.0,1
R3,RW,RW,,,D2,diameter,0.1,10,7.0,0.0,91.0,1
R3,RW,RW,,,D2,aspl,0.05,10,4.340252356942777,0.00468911215285249,28.99308097639056,1
R3,RW,RW,,,D2,aspl,0.1,10,4.340252356942777,0.00468911215285249,28.99308097639056,1
R3,RW,RW,,,D2,efficiency,0.05,10,0.24188337018616965,0.0002343313737070056,0.19540041838227334,4
R3,RW,RW,,,D2,efficiency,0.1,10,0.24188337018616965,0.0002343313737070056,0.19540041838227334,2
R3,RW,RW,,,D2,clustering,0.05,10,0.05641256977009949,0.001245015084962289,0.057535163378417575,9
R3,RW,RW,,,D2,clustering,0.1,10,0.05641256977009949,0.001245015084962289,0.057535163378417575,7
R3,RW,RW,,,D2,H_norm,0.05,10,0.23455003905548638,0.0013036370198447444,0.19947032702122341,1
R3,RW,RW,,,D2,H_norm,0.1,10,0.23455003905548638,0.0013036370198447444,0.19947032702122341,1
R3,RW,RW,,,D2,k_max,0.05,10,16.1,0.7378647873726218,12.899999999999999,7
R3,RW,RW,,,D2,k_max,0.1,10,16.1,0.7378647873726218,12.899999999999999,1
R3,RW,RW,,,D2,k_gini,0.05,10,0.11086441212121215,0.00154089672985404,0.0932659685837971,2
R3,RW,RW,,,D2,k_gini,0.1,10,0.11086441212121215,0.00154089672985404,0.0932659685837971,2
R3,RW,RW,,,D2,modularity,0.05,10,0.4995538939904091,0.003826987961863025,0.3641973321445792,12
R3,RW,RW,,,D2,modularity,0.1,10,0.4995538939904091,0.003826987961863025,0.3641973321445792,10
R3,RW,RW,,,D2,n_communities,0.05,10,16.5,2.068278940998476,14.100000000000001,29
R3,RW,RW,,,D2,n_communities,0.1,10,16.5,2.068278940998476,14.100000000000001,20
R3,RW,RW,,,D2,assortativity,0.05,10,-0.024927732928353354,0.007478540370056647,0.6764143593747275,1
R3,RW,RW,,,D2,assortativity,0.1,10,-0.024927732928353354,0.007478540370056647,0.6764143593747275,1
R3,RW,RW,,,D2,dyn_len_mean,0.05,10,16.264874166073373,0.17392359351383122,9.002825673288747,18
R3,RW,RW,,,D2,dyn_len_mean,0.1,10,16.264874166073373,0.17392359351383122,9.002825673288747,15
R3,RW,RW,,,D2,frac_rewired,0.05,10,0.9148,0.0073442343220908625,0.9849600000000001,6
R3,RW,RW,,,D2,frac_rewired,0.1,10,0.9148,0.0073442343220908625,0.9849600000000001,2
R3,RW,RW,,,D4,diameter,0.05,10,9.3,0.483045891539648,88.9,1
R3,RW,RW,,,D4,diameter,0.1,10,9.3,0.483045891539648,88.9,1
R3,RW,RW,,,D4,aspl,0.05,10,4.970657286914766,0.018517824435509006,28.367346778711486,1
R3,RW,RW,,,D4,aspl,0.1,10,4.970657286914766,0.018517824435509006,28.367346778711486,1
R3,RW,RW,,,D4,efficiency,0.05,10,0.21850699174908056,0.0006022312025720876,0.1722334370754649,3
R3,RW,RW,,,D4,efficiency,0.1,10,0.21850699174908056,0.0006022312025720876,0.1722334370754649,1
R3,RW,RW,,,D4,clustering,0.05,10,0.05490575564305015,0.0013102416662936186,0.05490575564305015,11
R3,RW,RW,,,D4,clustering,0.1,10,0.05490575564305015,0.0013102416662936186,0.05490575564305015,7
R3,RW,RW,,,D4,H_norm,0.05,10,0.2351521379322595,0.0011630938677180491,0.19956222007553165,1
R3,RW,RW,,,D4,H_norm,0.1,10,0.2351521379322595,0.0011630938677180491,0.19956222007553165,1
R3,RW,RW,,,D4,k_max,0.05,10,16.5,1.178511301977579,12.5,28
R3,RW,RW,,,D4,k_max,0.1,10,16.5,1.178511301977579,12.5,2
R3,RW,RW,,,D4,k_gini,0.05,10,0.11171489292929293,0.0012778580817643405,0.09315110797773647,2
R3,RW,RW,,,D4,k_gini,0.1,10,0.11171489292929293,0.0012778580817643405,0.09315110797773647,1
R3,RW,RW,,,D4,modularity,0.05,10,0.6470501239669422,0.0039256731101068665,0.22246919930099174,5
R3,RW,RW,,,D4,modularity,0.1,10,0.6470501239669422,0.0039256731101068665,0.22246919930099174,3
R3,RW,RW,,,D4,n_communities,0.05,10,7.3,0.8232726023485647,14.8,1
R3,RW,RW,,,D4,n_communities,0.1,10,7.3,0.8232726023485647,14.8,1
R3,RW,RW,,,D4,assortativity,0.05,10,-0.02682355875834654,0.007904697257863583,0.6806246502627369,1
R3,RW,RW,,,D4,assortativity,0.1,10,-0.02682355875834654,0.007904697257863583,0.6806246502627369,1
R3,RW,RW,,,D4,dyn_len_mean,0.05,10,9.070336818926549,0.10090246096765028,2.437263222537907,13
R3,RW,RW,,,D4,dyn_len_mean,0.1,10,9.070336818926549,0.10090246096765028,2.437263222537907,10
R3,RW,RW,,,D4,frac_rewired,0.05,10,0.8090400000000001,0.009868828591974702,0.84932,2
R3,RW,RW,,,D4,frac_rewired,0.1,10,0.8090400000000001,0.009868828591974702,0.84932,2
R3,RW,RW,,,D8,diameter,0.05,10,14.9,0.316227766016838,83.1,1
R3,RW,RW,,,D8,diameter,0.1,10,14.9,0.316227766016838,83.1,1
R3,RW,RW,,,D8,aspl,0.05,10,6.775249363745499,0.019664038005665862,26.58418349739896,1
R3,RW,RW,,,D8,aspl,0.1,10,6.775249363745499,0.019664038005665862,26.58418349739896,1
R3,RW,RW,,,D8,efficiency,0.05,10,0.173763949285786,0.0003531980192517427,0.12775207476901498,3
R3,RW,RW,,,D8,efficiency,0.1,10,0.173763949285786,0.0003531980192517427,0.12775207476901498,2
R3,RW,RW,,,D8,clustering,0.05,10,0.06533918855001224,0.002133144633099912,0.06744236167753825,2
R3,RW,RW,,,D8,clustering,0.1,10,0.06533918855001224,0.002133144633099912,0.06744236167753825,2
R3,RW,RW,,,D8,H_norm,0.05,10,0.23602660335056097,0.0015757710950379286,0.20049774570028572,2
R3,RW,RW,,,D8,H_norm,0.1,10,0.23602660335056097,0.0015757710950379286,0.20049774570028572,1
R3,RW,RW,,,D8,k_max,0.05,10,16.0,0.8164965809277261,13.0,27
R3,RW,RW,,,D8,k_max,0.1,10,16.0,0.8164965809277261,13.0,3
R3,RW,RW,,,D8,k_gini,0.05,10,0.11236552323232325,0.0014924494115424625,0.09535669631808874,1
R3,RW,RW,,,D8,k_gini,0.1,10,0.11236552323232325,0.0014924494115424625,0.09535669631808874,1
R3,RW,RW,,,D8,modularity,0.05,10,0.7437312146719722,0.005900792091703303,0.12415481301387832,3
R3,RW,RW,,,D8,modularity,0.1,10,0.7437312146719722,0.005900792091703303,0.12415481301387832,2
R3,RW,RW,,,D8,n_communities,0.05,10,9.7,0.4830458915396482,12.900000000000002,29
R3,RW,RW,,,D8,n_communities,0.1,10,9.7,0.4830458915396482,12.900000000000002,1
R3,RW,RW,,,D8,assortativity,0.05,10,-0.01969532663845504,0.006051867945773852,0.6778936931221986,2
R3,RW,RW,,,D8,assortativity,0.1,10,-0.01969532663845504,0.006051867945773852,0.6778936931221986,2
R3,RW,RW,,,D8,dyn_len_mean,0.05,10,5.122402069945737,0.03448413012003089,0.4307510278972879,17
R3,RW,RW,,,D8,dyn_len_mean,0.1,10,5.122402069945737,0.03448413012003089,0.4307510278972879,9
R3,RW,RW,,,D8,frac_rewired,0.05,10,0.62488,0.014712413503946626,0.63448,4
R3,RW,RW,,,D8,frac_rewired,0.1,10,0.62488,0.014712413503946626,0.63448,4
R3,RWD,RWD,,,D16,diameter,0.05,10,25.0,0.4714045207910314,73.4,3
R3,RWD,RWD,,,D16,diameter,0.1,10,25.0,0.4714045207910314,73.4,2
R3,RWD,RWD,,,D16,aspl,0.05,10,10.279582296918768,0.05736882880697224,23.07825136454582,4
R3,RWD,RWD,,,D16,aspl,0.1,10,10.279582296918768,0.05736882880697224,23.07825136454582,2
R3,RWD,RWD,,,D16,efficiency,0.05,10,0.12630707391416526,0.0004895551419943038,0.07996689556616371,8
R3,RWD,RWD,,,D16,efficiency,0.1,10,0.12630707391416526,0.0004895551419943038,0.07996689556616371,5
R3,RWD,RWD,,,D16,clustering,0.05,10,0.15794574340401196,0.004450190214703733,0.15794574340401196,23
R3,RWD,RWD,,,D16,clustering,0.1,10,0.15794574340401196,0.004450190214703733,0.15794574340401196,8
R3,RWD,RWD,,,D16,H_norm,0.05,10,0.25547101706288117,0.0008558482891841222,0.22140873579029718,5
R3,RWD,RWD,,,D16,H_norm,0.1,10,0.25547101706288117,0.0008558482891841222,0.22140873579029718,3
R3,RWD,RWD,,,D16,k_max,0.05,10,40.6,4.718756898449704,36.6,28
R3,RWD,RWD,,,D16,k_max,0.1,10,40.6,4.718756898449704,36.6,26
R3,RWD,RWD,,,D16,k_gini,0.05,10,0.1625881575757576,0.0020493186680708548,0.1437486473716759,23
R3,RWD,RWD,,,D16,k_gini,0.1,10,0.1625881575757576,0.0020493186680708548,0.1437486473716759,18
R3,RWD,RWD,,,D16,modularity,0.05,10,0.8207991041730436,0.001634671257280301,0.049200437886369186,26
R3,RWD,RWD,,,D16,modularity,0.1,10,0.8207991041730436,0.001634671257280301,0.049200437886369186,18
R3,RWD,RWD,,,D16,n_communities,0.05,10,16.1,1.5238839267549944,6.700000000000001,27
R3,RWD,RWD,,,D16,n_communities,0.1,10,16.1,1.5238839267549944,6.700000000000001,25
R3,RWD,RWD,,,D16,assortativity,0.05,10,-0.07186043449815878,0.008135013593772939,0.7223557325899833,10
R3,RWD,RWD,,,D16,assortativity,0.1,10,-0.07186043449815878,0.008135013593772939,0.7223557325899833,6
R3,RWD,RWD,,,D16,dyn_len_mean,0.05,10,2.9717083493000613,0.004398411161862899,0.10389383075809366,28
R3,RWD,RWD,,,D16,dyn_len_mean,0.1,10,2.9717083493000613,0.004398411161862899,0.10389383075809366,24
R3,RWD,RWD,,,D16,frac_rewired,0.05,10,0.32288,0.011734545391942347,0.33616,9
R3,RWD,RWD,,,D16,frac_rewired,0.1,10,0.32288,0.011734545391942347,0.33616,7
R3,RWD,RWD,,,D2,diameter,0.05,10,4.1,0.3162277660168379,93.9,2
R3,RWD,RWD,,,D2,diameter,0.1,10,4.1,0.3162277660168379,93.9,1
R3,RWD,RWD,,,D2,aspl,0.05,10,2.233606530612245,0.1531956202588833,31.09972680272109,12
R3,RWD,RWD,,,D2,aspl,0.1,10,2.233606530612245,0.1531956202588833,31.09972680272109,1
R3,RWD,RWD,,,D2,efficiency,0.05,10,0.46336898759503803,0.02409729863168963,0.41688603579114175,23
R3,RWD,RWD,,,D2,efficiency,0.1,10,0.46336898759503803,0.02409729863168963,0.41688603579114175,21
R3,RWD,RWD,,,D2,clustering,0.05,10,0.27635352470434704,0.01646620375636552,0.27635352470434704,26
R3,RWD,RWD,,,D2,clustering,0.1,10,0.27635352470434704,0.01646620375636552,0.27635352470434704,24
R3,RWD,RWD,,,D2,H_norm,0.05,10,0.18800725274644364,0.004653029626652315,0.21878633569524664,15
R3,RWD,RWD,,,D2,H_norm,0.1,10,0.18800725274644364,0.004653029626652315,0.21878633569524664,14
R3,RWD,RWD,,,D2,k_max,0.05,10,2138.2,245.2743588537357,2134.2,26
R3,RWD,RWD,,,D2,k_max,0.1,10,2138.2,245.2743588537357,2134.2,23
R3,RWD,RWD,,,D2,k_gini,0.05,10,0.2091962262626262,0.003352574413468186,0.20514659484642334,22
R3,RWD,RWD,,,D2,k_gini,0.1,10,0.2091962262626262,0.003352574413468186,0.20514659484642334,12
R3,RWD,RWD,,,D2,modularity,0.05,10,0.4166861804917866,0.025436359898417985,0.448609826787983,17
R3,RWD,RWD,,,D2,modularity,0.1,10,0.4166861804917866,0.025436359898417985,0.448609826787983,15
R3,RWD,RWD,,,D2,n_communities,0.05,10,15.6,2.0110804171997803,13.900000000000002,30
R3,RWD,RWD,,,D2,n_communities,0.1,10,15.6,2.0110804171997803,13.900000000000002,17
R3,RWD,RWD,,,D2,assortativity,0.05,10,-0.1353189601647133,0.008883992485216435,0.787450140599943,16
R3,RWD,RWD,,,D2,assortativity,0.1,10,-0.1353189601647133,0.008883992485216435,0.787450140599943,11
R3,RWD,RWD,,,D2,dyn_len_mean,0.05,10,20.05663179096735,0.21755385330259736,12.871217655458942,19
R3,RWD,RWD,,,D2,dyn_len_mean,0.1,10,20.05663179096735,0.21755385330259736,12.871217655458942,17
R3,RWD,RWD,,,D2,frac_rewired,0.05,10,0.75816,0.012057934225138954,0.9830400000000001,18
R3,RWD,RWD,,,D2,frac_rewired,0.1,10,0.75816,0.012057934225138954,0.9830400000000001,14
R3,RWD,RWD,,,D4,diameter,0.05,10,7.2,0.6324555320336759,91.0,1
R3,RWD,RWD,,,D4,diameter,0.1,10,7.2,0.6324555320336759,91.0,1
R3,RWD,RWD,,,D4,aspl,0.05,10,3.6108842577030815,0.10302484626753894,29.723157134853945,4
R3,RWD,RWD,,,D4,aspl,0.1,10,3.6108842577030815,0.10302484626753894,29.723157134853945,1
R3,RWD,RWD,,,D4,efficiency,0.05,10,0.3098816368452143,0.006047525763287904,0.263398685041318,24
R3,RWD,RWD,,,D4,efficiency,0.1,10,0.3098816368452143,0.006047525763287904,0.263398685041318,20
R3,RWD,RWD,,,D4,clustering,0.05,10,0.23318678188141656,0.015631428165135245,0.23318678188141656,28
R3,RWD,RWD,,,D4,clustering,0.1,10,0.23318678188141656,0.015631428165135245,0.23318678188141656,27
R3,RWD,RWD,,,D4,H_norm,0.05,10,0.18676782556686705,0.004588553634384454,0.21928689924134526,19
R3,RWD,RWD,,,D4,H_norm,0.1,10,0.18676782556686705,0.004588553634384454,0.21928689924134526,17
R3,RWD,RWD,,,D4,k_max,0.05,10,705.8,64.05691913360249,701.8,28
R3,RWD,RWD,,,D4,k_max,0.1,10,705.8,64.05691913360249,701.8,26
R3,RWD,RWD,,,D4,k_gini,0.05,10,0.21354012525252525,0.0036133528656122978,0.19899922514945367,16
R3,RWD,RWD,,,D4,k_gini,0.1,10,0.21354012525252525,0.0036133528656122978,0.19899922514945367,14
R3,RWD,RWD,,,D4,modularity,0.05,10,0.671966352413019,0.010905942732499582,0.2149991702223264,19
R3,RWD,RWD,,,D4,modularity,0.1,10,0.671966352413019,0.010905942732499582,0.2149991702223264,14
R3,RWD,RWD,,,D4,n_communities,0.05,10,5.2,0.42163702135578385,16.8,12
R3,RWD,RWD,,,D4,n_communities,0.1,10,5.2,0.42163702135578385,16.8,8
R3,RWD,RWD,,,D4,assortativity,0.05,10,-0.13107131052356008,0.0030978894072822482,0.7815666086153845,17
R3,RWD,RWD,,,D4,assortativity,0.1,10,-0.13107131052356008,0.0030978894072822482,0.7815666086153845,12
R3,RWD,RWD,,,D4,dyn_len_mean,0.05,10,10.439764762051253,0.11147629772494025,3.8114627071364833,21
R3,RWD,RWD,,,D4,dyn_len_mean,0.1,10,10.439764762051253,0.11147629772494025,3.8114627071364833,19
R3,RWD,RWD,,,D4,frac_rewired,0.05,10,0.6270800000000001,0.029768917421438834,0.84256,20
R3,RWD,RWD,,,D4,frac_rewired,0.1,10,0.6270800000000001,0.029768917421438834,0.84256,16
R3,RWD,RWD,,,D8,diameter,0.05,10,13.0,0.6666666666666666,85.2,2
R3,RWD,RWD,,,D8,diameter,0.1,10,13.0,0.6666666666666666,85.2,1
R3,RWD,RWD,,,D8,aspl,0.05,10,5.871809139655863,0.0890226703651618,27.461524193677473,2
R3,RWD,RWD,,,D8,aspl,0.1,10,5.871809139655863,0.0890226703651618,27.461524193677473,1
R3,RWD,RWD,,,D8,efficiency,0.05,10,0.2024799292726303,0.002524347399419882,0.155996977468734,22
R3,RWD,RWD,,,D8,efficiency,0.1,10,0.2024799292726303,0.002524347399419882,0.155996977468734,17
R3,RWD,RWD,,,D8,clustering,0.05,10,0.18774158988430673,0.007293109550873121,0.18774158988430673,29
R3,RWD,RWD,,,D8,clustering,0.1,10,0.18774158988430673,0.007293109550873121,0.18774158988430673,28
R3,RWD,RWD,,,D8,H_norm,0.05,10,0.20763955867602268,0.002573425102292173,0.22085375392161405,25
R3,RWD,RWD,,,D8,H_norm,0.1,10,0.20763955867602268,0.002573425102292173,0.22085375392161405,21
R3,RWD,RWD,,,D8,k_max,0.05,10,193.6,12.075687236021897,189.6,28
R3,RWD,RWD,,,D8,k_max,0.1,10,193.6,12.075687236021897,189.6,26
R3,RWD,RWD,,,D8,k_gini,0.05,10,0.20541202424242427,0.0017001959074369253,0.18657251403834257,22
R3,RWD,RWD,,,D8,k_gini,0.1,10,0.20541202424242427,0.0017001959074369253,0.18657251403834257,18
R3,RWD,RWD,,,D8,modularity,0.05,10,0.7972844245485156,0.005381895779474104,0.11843690834455534,26
R3,RWD,RWD,,,D8,modularity,0.1,10,0.7972844245485156,0.005381895779474104,0.11843690834455534,25
R3,RWD,RWD,,,D8,n_communities,0.05,10,10.8,0.6324555320336759,12.400000000000002,20
R3,RWD,RWD,,,D8,n_communities,0.1,10,10.8,0.6324555320336759,12.400000000000002,14
R3,RWD,RWD,,,D8,assortativity,0.05,10,-0.1195962850645567,0.004732571576437883,0.7700915831563812,19
R3,RWD,RWD,,,D8,assortativity,0.1,10,-0.1195962850645567,0.004732571576437883,0.7700915831563812,10
R3,RWD,RWD,,,D8,dyn_len_mean,0.05,10,5.494015041250713,0.03391022714000193,0.7900595847465155,25
R3,RWD,RWD,,,D8,dyn_len_mean,0.1,10,5.494015041250713,0.03391022714000193,0.7900595847465155,23
R3,RWD,RWD,,,D8,frac_rewired,0.05,10,0.48764,0.013147302215875152,0.6058399999999999,24
R3,RWD,RWD,,,D8,frac_rewired,0.1,10,0.48764,0.013147302215875152,0.6058399999999999,20
R3,RWI,RWI,,,D16,diameter,0.05,10,26.0,0.4714045207910318,72.1,3
R3,RWI,RWI,,,D16,diameter,0.1,10,26.0,0.4714045207910318,72.1,2
R3,RWI,RWI,,,D16,aspl,0.05,10,10.65257293317327,0.02905988291692147,22.680760400160068,3
R3,RWI,RWI,,,D16,aspl,0.1,10,10.65257293317327,0.02905988291692147,22.680760400160068,2
R3,RWI,RWI,,,D16,efficiency,0.05,10,0.12242111423148298,0.0002686106379831075,0.07593816242758669,6
R3,RWI,RWI,,,D16,efficiency,0.1,10,0.12242111423148298,0.0002686106379831075,0.07593816242758669,4
R3,RWI,RWI,,,D16,clustering,0.05,10,0.13485001198801178,0.0021428996462860964,0.13919945254745253,4
R3,RWI,RWI,,,D16,clustering,0.1,10,0.13485001198801178,0.0021428996462860964,0.13919945254745253,3
R3,RWI,RWI,,,D16,H_norm,0.05,10,0.21474674101871516,0.0015186000467642942,0.18574131997252125,2
R3,RWI,RWI,,,D16,H_norm,0.1,10,0.21474674101871516,0.0015186000467642942,0.18574131997252125,2
R3,RWI,RWI,,,D16,k_max,0.05,10,13.7,0.6749485577105531,10.3,28
R3,RWI,RWI,,,D16,k_max,0.1,10,13.7,0.6749485577105531,10.3,3
R3,RWI,RWI,,,D16,k_gini,0.05,10,0.0919814101010101,0.0014266674530888375,0.09553596366173334,7
R3,RWI,RWI,,,D16,k_gini,0.1,10,0.0919814101010101,0.0014266674530888375,0.09553596366173334,5
R3,RWI,RWI,,,D16,modularity,0.05,10,0.8113439807162534,0.0034420378006059724,0.05369402492151565,10
R3,RWI,RWI,,,D16,modularity,0.1,10,0.8113439807162534,0.0034420378006059724,0.05369402492151565,6
R3,RWI,RWI,,,D16,n_communities,0.05,10,14.5,0.8498365855987975,7.200000000000001,30
R3,RWI,RWI,,,D16,n_communities,0.1,10,14.5,0.8498365855987975,7.200000000000001,30
R3,RWI,RWI,,,D16,assortativity,0.05,10,-0.02540127371231905,0.008717947785464223,0.6851049607152375,4
R3,RWI,RWI,,,D16,assortativity,0.1,10,-0.02540127371231905,0.008717947785464223,0.6851049607152375,3
R3,RWI,RWI,,,D16,dyn_len_mean,0.05,10,2.9311857788861824,0.008309182840947865,0.08147794606904313,25
R3,RWI,RWI,,,D16,dyn_len_mean,0.1,10,2.9311857788861824,0.008309182840947865,0.08147794606904313,20
R3,RWI,RWI,,,D16,frac_rewired,0.05,10,0.35388000000000003,0.008989969719390345,0.36151999999999995,8
R3,RWI,RWI,,,D16,frac_rewired,0.1,10,0.35388000000000003,0.008989969719390345,0.36151999999999995,7
R3,RWI,RWI,,,D2,diameter,0.05,10,7.0,0.0,91.0,1
R3,RWI,RWI,,,D2,diameter,0.1,10,7.0,0.0,91.0,1
R3,RWI,RWI,,,D2,aspl,0.05,10,4.379664729891957,0.008748307606986035,28.954522641056425,1
R3,RWI,RWI,,,D2,aspl,0.1,10,4.379664729891957,0.008748307606986035,28.954522641056425,1
R3,RWI,RWI,,,D2,efficiency,0.05,10,0.23981719201966495,0.0004360185737483937,0.19338933806443195,4
R3,RWI,RWI,,,D2,efficiency,0.1,10,0.23981719201966495,0.0004360185737483937,0.19338933806443195,2
R3,RWI,RWI,,,D2,clustering,0.05,10,0.059214287712288,0.002036524908307729,0.05995977733377759,10
R3,RWI,RWI,,,D2,clustering,0.1,10,0.059214287712288,0.002036524908307729,0.05995977733377759,8
R3,RWI,RWI,,,D2,H_norm,0.05,10,0.2168527018505905,0.0014435083137649808,0.18659103316569528,1
R3,RWI,RWI,,,D2,H_norm,0.1,10,0.2168527018505905,0.0014435083137649808,0.18659103316569528,1
R3,RWI,RWI,,,D2,k_max,0.05,10,13.4,0.5163977794943222,10.4,29
R3,RWI,RWI,,,D2,k_max,0.1,10,13.4,0.5163977794943222,10.4,1
R3,RWI,RWI,,,D2,k_gini,0.05,10,0.09446174545454547,0.0013506276833448799,0.0804089767521448,2
R3,RWI,RWI,,,D2,k_gini,0.1,10,0.09446174545454547,0.0013506276833448799,0.0804089767521448,1
R3,RWI,RWI,,,D2,modularity,0.05,10,0.5127115396388123,0.005208739004403579,0.3511783815272953,14
R3,RWI,RWI,,,D2,modularity,0.1,10,0.5127115396388123,0.005208739004403579,0.3511783815272953,9
R3,RWI,RWI,,,D2,n_communities,0.05,10,16.8,1.0327955589886444,13.900000000000002,30
R3,RWI,RWI,,,D2,n_communities,0.1,10,16.8,1.0327955589886444,13.900000000000002,27
R3,RWI,RWI,,,D2,assortativity,0.05,10,-0.03292882039891593,0.010738201499771434,0.684306780024801,1
R3,RWI,RWI,,,D2,assortativity,0.1,10,-0.03292882039891593,0.010738201499771434,0.684306780024801,1
R3,RWI,RWI,,,D2,dyn_len_mean,0.05,10,15.794307400457068,0.12523945876601483,8.520588396230352,21
R3,RWI,RWI,,,D2,dyn_len_mean,0.1,10,15.794307400457068,0.12523945876601483,8.520588396230352,16
R3,RWI,RWI,,,D2,frac_rewired,0.05,10,0.9225199999999999,0.0052596577835444846,0.9853999999999999,5
R3,RWI,RWI,,,D2,frac_rewired,0.1,10,0.9225199999999999,0.0052596577835444846,0.9853999999999999,2
R3,RWI,RWI,,,D4,diameter,0.05,10,9.2,0.4216370213557839,88.9,1
R3,RWI,RWI,,,D4,diameter,0.1,10,9.2,0.4216370213557839,88.9,1
R3,RWI,RWI,,,D4,aspl,0.05,10,5.0170402240896355,0.022696319172764132,28.324525938375352,1
R3,RWI,RWI,,,D4,aspl,0.1,10,5.0170402240896355,0.022696319172764132,28.324525938375352,1
R3,RWI,RWI,,,D4,efficiency,0.05,10,0.216781244675648,0.0007210027306137459,0.1705824173786973,2
R3,RWI,RWI,,,D4,efficiency,0.1,10,0.216781244675648,0.0007210027306137459,0.1705824173786973,1
R3,RWI,RWI,,,D4,clustering,0.05,10,0.05446211743811781,0.0013732275242288356,0.055111268620268994,8
R3,RWI,RWI,,,D4,clustering,0.1,10,0.05446211743811781,0.0013732275242288356,0.055111268620268994,4
R3,RWI,RWI,,,D4,H_norm,0.05,10,0.21651962209696424,0.002018447706521661,0.18865258612638114,1
R3,RWI,RWI,,,D4,H_norm,0.1,10,0.21651962209696424,0.002018447706521661,0.18865258612638114,1
R3,RWI,RWI,,,D4,k_max,0.05,10,13.9,0.5676462121975466,10.6,11
R3,RWI,RWI,,,D4,k_max,0.1,10,13.9,0.5676462121975466,10.6,1
R3,RWI,RWI,,,D4,k_gini,0.05,10,0.09412391111111111,0.0017720046376865303,0.0833292827011475,2
R3,RWI,RWI,,,D4,k_gini,0.1,10,0.09412391111111111,0.0017720046376865303,0.0833292827011475,1
R3,RWI,RWI,,,D4,modularity,0.05,10,0.6444080129578614,0.006372121881391277,0.2203072994948495,8
R3,RWI,RWI,,,D4,modularity,0.1,10,0.6444080129578614,0.006372121881391277,0.2203072994948495,4
R3,RWI,RWI,,,D4,n_communities,0.05,10,7.5,0.8498365855987974,14.700000000000001,1
R3,RWI,RWI,,,D4,n_communities,0.1,10,7.5,0.8498365855987974,14.700000000000001,1
R3,RWI,RWI,,,D4,assortativity,0.05,10,-0.03082713522744812,0.012080399969420152,0.6859785538415714,1
R3,RWI,RWI,,,D4,assortativity,0.1,10,-0.03082713522744812,0.012080399969420152,0.6859785538415714,1
R3,RWI,RWI,,,D4,dyn_len_mean,0.05,10,8.93318456051609,0.07553192276510108,2.2896371427130306,14
R3,RWI,RWI,,,D4,dyn_len_mean,0.1,10,8.93318456051609,0.07553192276510108,2.2896371427130306,11
R3,RWI,RWI,,,D4,frac_rewired,0.05,10,0.8247199999999999,0.014934285683918334,0.85788,2
R3,RWI,RWI,,,D4,frac_rewired,0.1,10,0.8247199999999999,0.014934285683918334,0.85788,2
R3,RWI,RWI,,,D8,diameter,0.05,10,15.1,0.316227766016838,83.1,1
R3,RWI,RWI,,,D8,diameter,0.1,10,15.1,0.316227766016838,83.1,1
R3,RWI,RWI,,,D8,aspl,0.05,10,6.815291876750701,0.03484082515671496,26.527987226890758,1
R3,RWI,RWI,,,D8,aspl,0.1,10,6.815291876750701,0.03484082515671496,26.527987226890758,1
R3,RWI,RWI,,,D8,efficiency,0.05,10,0.1728317159219332,0.0005534161948674492,0.12656297228770721,3
R3,RWI,RWI,,,D8,efficiency,0.1,10,0.1728317159219332,0.0005534161948674492,0.12656297228770721,2
R3,RWI,RWI,,,D8,clustering,0.05,10,0.06499876368076384,0.001550069836449552,0.06801388245088257,2
R3,RWI,RWI,,,D8,clustering,0.1,10,0.06499876368076384,0.001550069836449552,0.06801388245088257,2
R3,RWI,RWI,,,D8,H_norm,0.05,10,0.21559393166856608,0.0014325319254998939,0.18689158791791088,1
R3,RWI,RWI,,,D8,H_norm,0.1,10,0.21559393166856608,0.0014325319254998939,0.18689158791791088,1
R3,RWI,RWI,,,D8,k_max,0.05,10,13.5,0.7071067811865476,10.3,29
R3,RWI,RWI,,,D8,k_max,0.1,10,13.5,0.7071067811865476,10.3,2
R3,RWI,RWI,,,D8,k_gini,0.05,10,0.09274890909090905,0.001109030597613149,0.09373745719710902,4
R3,RWI,RWI,,,D8,k_gini,0.1,10,0.09274890909090905,0.001109030597613149,0.09373745719710902,3
R3,RWI,RWI,,,D8,modularity,0.05,10,0.7409271936537087,0.006330750247166529,0.12387637611968383,4
R3,RWI,RWI,,,D8,modularity,0.1,10,0.7409271936537087,0.006330750247166529,0.12387637611968383,3
R3,RWI,RWI,,,D8,n_communities,0.05,10,9.2,0.9189365834726817,13.100000000000001,26
R3,RWI,RWI,,,D8,n_communities,0.1,10,9.2,0.9189365834726817,13.100000000000001,3
R3,RWI,RWI,,,D8,assortativity,0.05,10,-0.03123963589132006,0.008009958351369605,0.6858431823568513,2
R3,RWI,RWI,,,D8,assortativity,0.1,10,-0.03123963589132006,0.008009958351369605,0.6858431823568513,2
R3,RWI,RWI,,,D8,dyn_len_mean,0.05,10,5.1081327518385535,0.025514226860768003,0.4115418197588694,26
R3,RWI,RWI,,,D8,dyn_len_mean,0.1,10,5.1081327518385535,0.025514226860768003,0.4115418197588694,13
R3,RWI,RWI,,,D8,frac_rewired,0.05,10,0.6352,0.008204064033554753,0.64688,4
R3,RWI,RWI,,,D8,frac_rewired,0.1,10,0.6352,0.008204064033554753,0.64688,4
R3,SP,SP,,,D16,diameter,0.05,10,22.1,0.3162277660168379,75.9,10
R3,SP,SP,,,D16,diameter,0.1,10,22.1,0.3162277660168379,75.9,5
R3,SP,SP,,,D16,aspl,0.05,10,8.947141896758703,0.032310453120170356,24.386191436574634,11
R3,SP,SP,,,D16,aspl,0.1,10,8.947141896758703,0.032310453120170356,24.386191436574634,6
R3,SP,SP,,,D16,efficiency,0.05,10,0.13891621997591447,0.00037805751282506746,0.09243326817201816,21
R3,SP,SP,,,D16,efficiency,0.1,10,0.13891621997591447,0.00037805751282506746,0.09243326817201816,16
R3,SP,SP,,,D16,clustering,0.05,10,0.1983100303178382,0.002378728257012611,0.1983100303178382,19
R3,SP,SP,,,D16,clustering,0.1,10,0.1983100303178382,0.002378728257012611,0.1983100303178382,15
R3,SP,SP,,,D16,H_norm,0.05,10,0.262652854350108,0.0015108194370128355,0.22689158692544603,11
R3,SP,SP,,,D16,H_norm,0.1,10,0.262652854350108,0.0015108194370128355,0.22689158692544603,8
R3,SP,SP,,,D16,k_max,0.05,10,35.2,2.4855135843076335,31.200000000000003,27
R3,SP,SP,,,D16,k_max,0.1,10,35.2,2.4855135843076335,31.200000000000003,23
R3,SP,SP,,,D16,k_gini,0.05,10,0.18604949495833692,0.001144431459653399,0.16720998475425522,16
R3,SP,SP,,,D16,k_gini,0.1,10,0.18604949495833692,0.001144431459653399,0.16720998475425522,11
R3,SP,SP,,,D16,modularity,0.05,10,0.804667347604366,0.002347002661394282,0.05896959325360984,25
R3,SP,SP,,,D16,modularity,0.1,10,0.804667347604366,0.002347002661394282,0.05896959325360984,21
R3,SP,SP,,,D16,n_communities,0.05,10,14.6,1.5055453054181618,7.200000000000001,26
R3,SP,SP,,,D16,n_communities,0.1,10,14.6,1.5055453054181618,7.200000000000001,24
R3,SP,SP,,,D16,assortativity,0.05,10,-0.01373653399823838,0.007807660061819838,0.6642318320900629,18
R3,SP,SP,,,D16,assortativity,0.1,10,-0.01373653399823838,0.007807660061819838,0.6642318320900629,12
R3,SP,SP,,,D16,dyn_len_mean,0.05,10,3.0984288830959756,0.012322961493973612,0.21488249357495315,29
R3,SP,SP,,,D16,dyn_len_mean,0.1,10,3.0984288830959756,0.012322961493973612,0.21488249357495315,27
R3,SP,SP,,,D16,frac_rewired,0.05,10,0.0274,0.0018595100907975145,0.02924,29
R3,SP,SP,,,D16,frac_rewired,0.1,10,0.0274,0.0018595100907975145,0.02924,18
R3,SP,SP,,,D2,diameter,0.05,10,4.0,0.0,94.0,1
R3,SP,SP,,,D2,diameter,0.1,10,4.0,0.0,94.0,1
R3,SP,SP,,,D2,aspl,0.05,10,2.0895106842737095,0.09174216291312845,31.243822649059627,11
R3,SP,SP,,,D2,aspl,0.1,10,2.0895106842737095,0.09174216291312845,31.243822649059627,1
R3,SP,SP,,,D2,efficiency,0.05,10,0.48636590369481125,0.014905078482844482,0.439882951890915,21
R3,SP,SP,,,D2,efficiency,0.1,10,0.48636590369481125,0.014905078482844482,0.439882951890915,19
R3,SP,SP,,,D2,clustering,0.05,10,0.2786830766918948,0.01646831366273185,0.2786830766918948,24
R3,SP,SP,,,D2,clustering,0.1,10,0.2786830766918948,0.01646831366273185,0.2786830766918948,22
R3,SP,SP,,,D2,H_norm,0.05,10,0.18777615204786668,0.0035334555464375727,0.2207935653123147,15
R3,SP,SP,,,D2,H_norm,0.1,10,0.18777615204786668,0.0035334555464375727,0.2207935653123147,13
R3,SP,SP,,,D2,k_max,0.05,10,2376.4,125.74418475619457,2372.4,24
R3,SP,SP,,,D2,k_max,0.1,10,2376.4,125.74418475619457,2372.4,22
R3,SP,SP,,,D2,k_gini,0.05,10,0.19876886464646465,0.0025527284949097666,0.189849859492888,17
R3,SP,SP,,,D2,k_gini,0.1,10,0.19876886464646465,0.0025527284949097666,0.189849859492888,9
R3,SP,SP,,,D2,modularity,0.05,10,0.3881460963167024,0.0071260233141412655,0.47549084454127344,14
R3,SP,SP,,,D2,modularity,0.1,10,0.3881460963167024,0.0071260233141412655,0.47549084454127344,3
R3,SP,SP,,,D2,n_communities,0.05,10,17.7,1.418136492412176,10.100000000000001,30
R3,SP,SP,,,D2,n_communities,0.1,10,17.7,1.418136492412176,10.100000000000001,16
R3,SP,SP,,,D2,assortativity,0.05,10,-0.13747689543778566,0.00668059018885238,0.7896085316143311,15
R3,SP,SP,,,D2,assortativity,0.1,10,-0.13747689543778566,0.00668059018885238,0.7896085316143311,12
R3,SP,SP,,,D2,dyn_len_mean,0.05,10,20.118385614563124,0.26848283030256215,4.566331360591288,14
R3,SP,SP,,,D2,dyn_len_mean,0.1,10,20.118385614563124,0.26848283030256215,4.566331360591288,12
R3,SP,SP,,,D2,frac_rewired,0.05,10,0.7285999999999999,0.00829296890946385,0.82972,17
R3,SP,SP,,,D2,frac_rewired,0.1,10,0.7285999999999999,0.00829296890946385,0.82972,12
R3,SP,SP,,,D4,diameter,0.05,10,6.1,0.316227766016838,91.9,2
R3,SP,SP,,,D4,diameter,0.1,10,6.1,0.316227766016838,91.9,1
R3,SP,SP,,,D4,aspl,0.05,10,3.1881558063225293,0.03547967880481959,30.145177527010805,4
R3,SP,SP,,,D4,aspl,0.1,10,3.1881558063225293,0.03547967880481959,30.145177527010805,1
R3,SP,SP,,,D4,efficiency,0.05,10,0.33413560654738084,0.0036306417438802187,0.28765265474348456,24
R3,SP,SP,,,D4,efficiency,0.1,10,0.33413560654738084,0.0036306417438802187,0.28765265474348456,20
R3,SP,SP,,,D4,clustering,0.05,10,0.14811714543039242,0.007583863643100552,0.14811714543039242,27
R3,SP,SP,,,D4,clustering,0.1,10,0.14811714543039242,0.007583863643100552,0.14811714543039242,25
R3,SP,SP,,,D4,H_norm,0.05,10,0.21321858196774754,0.00330189407171666,0.2286546608058022,18
R3,SP,SP,,,D4,H_norm,0.1,10,0.21321858196774754,0.00330189407171666,0.2286546608058022,15
R3,SP,SP,,,D4,k_max,0.05,10,869.3,63.590792485145904,865.3,28
R3,SP,SP,,,D4,k_max,0.1,10,869.3,63.590792485145904,865.3,26
R3,SP,SP,,,D4,k_gini,0.05,10,0.20829203636363633,0.002567294234208947,0.19064292615955464,15
R3,SP,SP,,,D4,k_gini,0.1,10,0.20829203636363633,0.002567294234208947,0.19064292615955464,12
R3,SP,SP,,,D4,modularity,0.05,10,0.5675576252423222,0.01243037011294139,0.31183294289987096,15
R3,SP,SP,,,D4,modularity,0.1,10,0.5675576252423222,0.01243037011294139,0.31183294289987096,3
R3,SP,SP,,,D4,n_communities,0.05,10,6.7,1.2516655570345725,15.600000000000001,10
R3,SP,SP,,,D4,n_communities,0.1,10,6.7,1.2516655570345725,15.600000000000001,3
R3,SP,SP,,,D4,assortativity,0.05,10,-0.07033329466520635,0.008232706125056324,0.7208285927570308,14
R3,SP,SP,,,D4,assortativity,0.1,10,-0.07033329466520635,0.008232706125056324,0.7208285927570308,10
R3,SP,SP,,,D4,dyn_len_mean,0.05,10,12.08242954258602,0.10974321374467534,2.8197846171595415,15
R3,SP,SP,,,D4,dyn_len_mean,0.1,10,12.08242954258602,0.10974321374467534,2.8197846171595415,13
R3,SP,SP,,,D4,frac_rewired,0.05,10,0.28548,0.01222754631513981,0.41403999999999996,26
R3,SP,SP,,,D4,frac_rewired,0.1,10,0.28548,0.01222754631513981,0.41403999999999996,22
R3,SP,SP,,,D8,diameter,0.05,10,11.1,0.3162277660168379,86.9,4
R3,SP,SP,,,D8,diameter,0.1,10,11.1,0.3162277660168379,86.9,2
R3,SP,SP,,,D8,aspl,0.05,10,5.043883025210084,0.04562015262065407,28.28945030812325,5
R3,SP,SP,,,D8,aspl,0.1,10,5.043883025210084,0.04562015262065407,28.28945030812325,3
R3,SP,SP,,,D8,efficiency,0.05,10,0.22118032806311555,0.002279259378179536,0.17469737625921924,20
R3,SP,SP,,,D8,efficiency,0.1,10,0.22118032806311555,0.002279259378179536,0.17469737625921924,14
R3,SP,SP,,,D8,clustering,0.05,10,0.13848083483978532,0.006781442620869057,0.13848083483978532,21
R3,SP,SP,,,D8,clustering,0.1,10,0.13848083483978532,0.006781442620869057,0.13848083483978532,13
R3,SP,SP,,,D8,H_norm,0.05,10,0.2408120726961886,0.0037788227008722516,0.2270782507846087,19
R3,SP,SP,,,D8,H_norm,0.1,10,0.2408120726961886,0.0037788227008722516,0.2270782507846087,2
R3,SP,SP,,,D8,k_max,0.05,10,138.5,31.868654052393097,134.5,28
R3,SP,SP,,,D8,k_max,0.1,10,138.5,31.868654052393097,134.5,27
R3,SP,SP,,,D8,k_gini,0.05,10,0.20502180998356123,0.0017861553633222596,0.18618229977947953,18
R3,SP,SP,,,D8,k_gini,0.1,10,0.20502180998356123,0.0017861553633222596,0.18618229977947953,12
R3,SP,SP,,,D8,modularity,0.05,10,0.699366220925748,0.007018859681828087,0.1650910332335339,13
R3,SP,SP,,,D8,modularity,0.1,10,0.699366220925748,0.007018859681828087,0.1650910332335339,10
R3,SP,SP,,,D8,n_communities,0.05,10,8.2,0.632455532033676,13.600000000000001,18
R3,SP,SP,,,D8,n_communities,0.1,10,8.2,0.632455532033676,13.600000000000001,11
R3,SP,SP,,,D8,assortativity,0.05,10,-0.04283284990137385,0.007783043912088749,0.6933281479931983,14
R3,SP,SP,,,D8,assortativity,0.1,10,-0.04283284990137385,0.007783043912088749,0.6933281479931983,9
R3,SP,SP,,,D8,dyn_len_mean,0.05,10,6.393745378507703,0.03912430806871428,1.3326189981229914,26
R3,SP,SP,,,D8,dyn_len_mean,0.1,10,6.393745378507703,0.03912430806871428,1.3326189981229914,23
R3,SP,SP,,,D8,frac_rewired,0.05,10,0.11172,0.004537449112050127,0.12456,25
R3,SP,SP,,,D8,frac_rewired,0.1,10,0.11172,0.004537449112050127,0.12456,22
