rule,strategy,lmax,metric,n,mean,sd,ci_lo,ci_hi
R1,CR,D16,diameter,10,27.1,0.31622776601683794,27.0,27.3
R1,CR,D16,clustering,10,0.20853091197691193,0.0022976911492811015,0.2071813513153511,0.2098947882894882
R1,CR,D16,H_norm,10,0.23310620807100474,0.001028898181504412,0.2324874087409602,0.23367232425779944
R1,CR,D16,k_max,10,13.8,0.7888106377466155,13.4,14.3
R1,CR,D16,modularity,10,0.8126807687741593,0.00230811973231676,0.8113272655723089,0.8140519006750435
R1,CR,D16,frac_rewired,10,0.01108,0.0017389652095427326,0.010080000000000002,0.012119999999999999
R1,CR,D16,dyn_len_frac_lmax,10,0.6740971228172749,0.002931317657282867,0.6723708159994595,0.6757934053551582
R1,CR,D16,assortativity,10,0.18649772434649026,0.009508081793161509,0.18123914512416353,0.1921850824481239
R1,CR,D16,k_gini,10,0.10645351261198092,0.0009874205804446265,0.10584625585590664,0.10702646524204432
R1,CR,D16,efficiency,10,0.1208618137637292,0.0005367833922743893,0.1205511093187208,0.12118013719068035
R1,CR,D2,diameter,10,9.0,0.0,9.0,9.0
R1,CR,D2,clustering,10,0.15283785568537273,0.0028269043225483317,0.15104549516111876,0.15444025407718193
R1,CR,D2,H_norm,10,0.2345436043035086,0.0019503808123897592,0.23339187621499202,0.23568372674020016
R1,CR,D2,k_max,10,68.5,19.12677007059303,59.1,81.20249999999997
R1,CR,D2,modularity,10,0.6903653550658098,0.003967382598676042,0.688274076969187,0.6928613873966943
R1,CR,D2,frac_rewired,10,0.08632,0.003313541240961935,0.08432,0.08816
R1,CR,D2,dyn_len_frac_lmax,10,0.32831414041720147,0.002008439782865964,0.3271632780762829,0.32952748993648556
R1,CR,D2,assortativity,10,0.01535590179854214,0.01481054059131343,0.006653546094867339,0.02406511137297407
R1,CR,D2,k_gini,10,0.21304778989898993,0.0014931564417073823,0.21218277828282836,0.21392343303030303
R1,CR,D2,efficiency,10,0.22739854913393928,0.00234966704423871,0.2260642415420136,0.2287871399067563
R1,CR,D4,diameter,10,10.3,0.48304589153964794,10.0,10.6
R1,CR,D4,clustering,10,0.13631469859331563,0.002628185266024058,0.13482527506735786,0.13791578811200778
R1,CR,D4,H_norm,10,0.25269707452224055,0.0008225301609317242,0.2522142050419253,0.2531838532956589
R1,CR,D4,k_max,10,43.0,4.08248290463863,40.7,45.5
R1,CR,D4,modularity,10,0.7150553509845934,0.0020468406066778072,0.7139974643913886,0.7163510609631671
R1,CR,D4,frac_rewired,10,0.07816000000000001,0.0032287596517685995,0.07604,0.07972
R1,CR,D4,dyn_len_frac_lmax,10,0.5362480471592124,0.0037255224515786558,0.5341202865674293,0.538439066022219
R1,CR,D4,assortativity,10,0.10329516254220797,0.01091841644546448,0.09670505964953555,0.1094958861423099
R1,CR,D4,k_gini,10,0.19491302626262624,0.00135914349342757,0.19411123727272728,0.19571409585858585
R1,CR,D4,efficiency,10,0.21074378786897152,0.0014437325091936051,0.20982947207512148,0.21150022636818072
R1,CR,D8,diameter,10,16.1,0.3162277660168379,16.0,16.3
R1,CR,D8,clustering,10,0.14632836502450855,0.0015947263461594005,0.14537838566480338,0.14723452786235428
R1,CR,D8,H_norm,10,0.2611314625204472,0.0006238283336943251,0.2607629127553629,0.26149624832586876
R1,CR,D8,k_max,10,21.6,3.134042472944842,19.9,23.5
R1,CR,D8,modularity,10,0.7685387108458321,0.003205426212855918,0.7667461568207327,0.7704959172533415
R1,CR,D8,frac_rewired,10,0.03671999999999999,0.003679613506274206,0.034839999999999996,0.03908
R1,CR,D8,dyn_len_frac_lmax,10,0.5509822217407614,0.0033120070805991546,0.548941078647738,0.5528802695104738
R1,CR,D8,assortativity,10,0.1449618488200996,0.00972125928447799,0.1392462611728257,0.15075173864445607
R1,CR,D8,k_gini,10,0.1460312929292929,0.0009060144123995596,0.1455354905050505,0.14658761141414137
R1,CR,D8,efficiency,10,0.16363676328681162,0.0010173121389342088,0.16303147823482522,0.16421265578464347
R1,N2Vp0_25q0_25,D16,diameter,10,34.5,0.7071067811865476,34.1,34.9
R1,N2Vp0_25q0_25,D16,clustering,10,0.39087152583950563,0.003724378144138143,0.3886407370998757,0.3929337510373746
R1,N2Vp0_25q0_25,D16,H_norm,10,0.2524207987805496,0.0012550980819345092,0.25168345722136437,0.253142869728885
R1,N2Vp0_25q0_25,D16,k_max,10,46.0,2.748737083745107,44.5,47.7
R1,N2Vp0_25q0_25,D16,modularity,10,0.8571748729721458,0.0018008485752541163,0.8560936479568412,0.8581953324023058
R1,N2Vp0_25q0_25,D16,frac_rewired,10,0.07204,0.005680219088106453,0.0688,0.07544
R1,N2Vp0_25q0_25,D16,dyn_len_frac_lmax,10,0.48814134140142695,0.002144015195633768,0.4868643551824681,0.48939147419970774
R1,N2Vp0_25q0_25,D16,assortativity,10,-0.10148780701277318,0.004569727989171103,-0.10414432692595514,-0.09877796937111795
R1,N2Vp0_25q0_25,D16,k_gini,10,0.15348929292929292,0.0022685286562669255,0.1520566448484848,0.15474784414141413
R1,N2Vp0_25q0_25,D16,efficiency,10,0.09497508953280033,0.0007445577189256375,0.09453349629276174,0.0954040517688997
R1,N2Vp0_25q0_25,D2,diameter,10,29.3,1.0593499054713804,28.6,29.9
R1,N2Vp0_25q0_25,D2,clustering,10,0.3919339910740108,0.004542010985353921,0.38926550935451315,0.3946271710380356
R1,N2Vp0_25q0_25,D2,H_norm,10,0.24621523588062524,0.0020287398341246733,0.24492387581170325,0.24734290212603377
R1,N2Vp0_25q0_25,D2,k_max,10,109.0,19.148542155126762,98.8,121.1
R1,N2Vp0_25q0_25,D2,modularity,10,0.8557081726354454,0.0026913259924527806,0.8540633454111826,0.8572045697760432
R1,N2Vp0_25q0_25,D2,frac_rewired,10,0.07668,0.01620211234513711,0.06724,0.08632
R1,N2Vp0_25q0_25,D2,dyn_len_frac_lmax,10,0.0690751748220556,0.0023508095112189176,0.06779019427106252,0.07055668427475689
R1,N2Vp0_25q0_25,D2,assortativity,10,-0.07283289123923811,0.008194846034661264,-0.07761951947668164,-0.06799035666097533
R1,N2Vp0_25q0_25,D2,k_gini,10,0.1595191636363637,0.006385178873085481,0.15586624181818187,0.1633761494949495
R1,N2Vp0_25q0_25,D2,efficiency,10,0.10230094566514517,0.0019896736670294924,0.10126636943661382,0.10360480322276112
R1,N2Vp0_25q0_25,D4,diameter,10,28.8,1.2292725943057183,28.1,29.5
R1,N2Vp0_25q0_25,D4,clustering,10,0.396334539359072,0.006369258622423415,0.3924609457779441,0.3999461590762721
R1,N2Vp0_25q0_25,D4,H_norm,10,0.24617962456560516,0.0027898494990982303,0.24455831446536558,0.24781641606943083
R1,N2Vp0_25q0_25,D4,k_max,10,116.7,29.732324347603758,99.2,134.5
R1,N2Vp0_25q0_25,D4,modularity,10,0.8546517309458219,0.0022034216682172035,0.85340985234925,0.8559866804152638
R1,N2Vp0_25q0_25,D4,frac_rewired,10,0.06912,0.011461704352611206,0.062439999999999996,0.07596
R1,N2Vp0_25q0_25,D4,dyn_len_frac_lmax,10,0.1414555239181891,0.0069208902708310744,0.13737216033828029,0.1456152693196803
R1,N2Vp0_25q0_25,D4,assortativity,10,-0.0735937875341509,0.006303368578555263,-0.07732519084535187,-0.06992566991794766
R1,N2Vp0_25q0_25,D4,k_gini,10,0.16212347878787875,0.004165242925158962,0.15964073969696968,0.16452172777777777
R1,N2Vp0_25q0_25,D4,efficiency,10,0.10269187371531015,0.0018706084430842277,0.10157170452256604,0.10378678055218124
R1,N2Vp0_25q0_25,D8,diameter,10,30.0,1.0540925533894598,29.3,30.6
R1,N2Vp0_25q0_25,D8,clustering,10,0.3915800991687641,0.0031448837425236465,0.3898101061135091,0.3934831479204125
R1,N2Vp0_25q0_25,D8,H_norm,10,0.24775834442737682,0.0014881634787599547,0.24684312923727483,0.24861650732954715
R1,N2Vp0_25q0_25,D8,k_max,10,99.3,15.449199907366653,90.6,108.6
R1,N2Vp0_25q0_25,D8,modularity,10,0.8549884731149883,0.0019874418378574197,0.8538035363355779,0.8561404105320886
R1,N2Vp0_25q0_25,D8,frac_rewired,10,0.0706,0.011905180945005974,0.06388,0.07780000000000001
R1,N2Vp0_25q0_25,D8,dyn_len_frac_lmax,10,0.2717639903856592,0.005219613634185258,0.2687258569642396,0.27491743430560467
R1,N2Vp0_25q0_25,D8,assortativity,10,-0.07607958491954296,0.004916597894464182,-0.07891696009015184,-0.07314635799773944
R1,N2Vp0_25q0_25,D8,k_gini,10,0.15989497373737377,0.0029595393161255847,0.1581315561616162,0.1615554778787879
R1,N2Vp0_25q0_25,D8,efficiency,10,0.10107440556536955,0.0013684351026882942,0.10028437170056764,0.10186030280763249
R1,N2Vp0_25q0_5,D16,diameter,10,33.1,0.8755950357709131,32.5,33.6
R1,N2Vp0_25q0_5,D16,clustering,10,0.3996981098518532,0.002936240209675873,0.3979485057130261,0.40140755427068564
R1,N2Vp0_25q0_5,D16,H_norm,10,0.25221416655211437,0.000987697882852583,0.25162560506652903,0.2527894744553857
R1,N2Vp0_25q0_5,D16,k_max,10,51.7,2.496664441476534,50.3,53.2
R1,N2Vp0_25q0_5,D16,modularity,10,0.8593379752066117,0.0014587256025259906,0.8584514820681562,0.8601913474007755
R1,N2Vp0_25q0_5,D16,frac_rewired,10,0.08452000000000001,0.005188191720949923,0.0814,0.08744
R1,N2Vp0_25q0_5,D16,dyn_len_frac_lmax,10,0.5081146294154623,0.003951039716573481,0.5059659424990219,0.510533990692804
R1,N2Vp0_25q0_5,D16,assortativity,10,-0.11756693847559367,0.003575499495008092,-0.11965786761192337,-0.11551806239811521
R1,N2Vp0_25q0_5,D16,k_gini,10,0.1714907797979798,0.0028749649135674515,0.16982476030303031,0.17314877979797977
R1,N2Vp0_25q0_5,D16,efficiency,10,0.09734468719469166,0.0005363044084093962,0.09706512414499217,0.09768746841642031
R1,N2Vp0_25q0_5,D2,diameter,10,26.0,0.4714045207910317,25.7,26.3
R1,N2Vp0_25q0_5,D2,clustering,10,0.4061505804779335,0.008294227106274216,0.40150283699138256,0.4109961547140129
R1,N2Vp0_25q0_5,D2,H_norm,10,0.24348731465125736,0.0018111188246164463,0.24243520939952995,0.2445787285545449
R1,N2Vp0_25q0_5,D2,k_max,10,138.4,29.63181473424205,121.0,156.0
R1,N2Vp0_25q0_5,D2,modularity,10,0.8572398836853383,0.0026333692326503165,0.8557163908274665,0.8587973725385165
R1,N2Vp0_25q0_5,D2,frac_rewired,10,0.09263999999999999,0.017778088886166714,0.08199999999999999,0.10288
R1,N2Vp0_25q0_5,D2,dyn_len_frac_lmax,10,0.07715606976011047,0.004069685335860684,0.07478058663183884,0.07950480747811622
R1,N2Vp0_25q0_5,D2,assortativity,10,-0.08410459160753661,0.005643157536704556,-0.08733719696192707,-0.08068886304896246
R1,N2Vp0_25q0_5,D2,k_gini,10,0.17918364444444448,0.004794153577668131,0.176328593939394,0.18199146828282828
R1,N2Vp0_25q0_5,D2,efficiency,10,0.10826692986605091,0.0012918842738069542,0.1074981672042971,0.10900207673360957
R1,N2Vp0_25q0_5,D4,diameter,10,26.3,0.9486832980505138,25.8,26.9
R1,N2Vp0_25q0_5,D4,clustering,10,0.40730464338017675,0.007274629062130461,0.40309158471344786,0.41172155311978254
R1,N2Vp0_25q0_5,D4,H_norm,10,0.24375908027868562,0.0015754239532820547,0.24284914509674987,0.24468398931793348
R1,N2Vp0_25q0_5,D4,k_max,10,139.6,21.945386758952328,127.2,153.1
R1,N2Vp0_25q0_5,D4,modularity,10,0.8579091179471483,0.0020252676334899227,0.856707012996123,0.8590865268212428
R1,N2Vp0_25q0_5,D4,frac_rewired,10,0.0842,0.015495662475530225,0.075599,0.09372000000000001
R1,N2Vp0_25q0_5,D4,dyn_len_frac_lmax,10,0.1538699378809537,0.003469364794032318,0.15181020468856432,0.1559457281633193
R1,N2Vp0_25q0_5,D4,assortativity,10,-0.08159678314419187,0.005943389810867086,-0.08516495226157166,-0.0781540216659108
R1,N2Vp0_25q0_5,D4,k_gini,10,0.179143494949495,0.0032930937780075056,0.17710966060606068,0.18099168828282833
R1,N2Vp0_25q0_5,D4,efficiency,10,0.10832135751571134,0.0010785636684364063,0.10768400846165851,0.10894038408962886
R1,N2Vp0_25q0_5,D8,diameter,10,26.4,0.6992058987801011,26.0,26.9
R1,N2Vp0_25q0_5,D8,clustering,10,0.4069077775859883,0.004808285027817877,0.4040888715237444,0.4097144793278042
R1,N2Vp0_25q0_5,D8,H_norm,10,0.24358211727370568,0.0010373852390045848,0.24300215327039684,0.24420526366454115
R1,N2Vp0_25q0_5,D8,k_max,10,124.7,12.684636376341262,117.4,132.2
R1,N2Vp0_25q0_5,D8,modularity,10,0.8583907790021428,0.001832779745279646,0.8572583023926131,0.8594200521757985
R1,N2Vp0_25q0_5,D8,frac_rewired,10,0.08143999999999998,0.016462428604417864,0.07192000000000001,0.091
R1,N2Vp0_25q0_5,D8,dyn_len_frac_lmax,10,0.2980532561188606,0.004636226537425605,0.29543330008538177,0.3008222439389932
R1,N2Vp0_25q0_5,D8,assortativity,10,-0.08766362980903838,0.006248217512402678,-0.09119343423820533,-0.08385256225326686
R1,N2Vp0_25q0_5,D8,k_gini,10,0.17757583838383836,0.0021554650994329793,0.17635878787878784,0.17884164070707076
R1,N2Vp0_25q0_5,D8,efficiency,10,0.1071128885928418,0.001509794851955765,0.10618679786467264,0.10794234822776032
R1,N2Vp0_25q1,D16,diameter,10,31.1,0.5676462121975466,30.8,31.4
R1,N2Vp0_25q1,D16,clustering,10,0.4135789185061448,0.0028263880223355253,0.41196122617041164,0.4152194818927417
R1,N2Vp0_25q1,D16,H_norm,10,0.24597629552407402,0.0017174393713986543,0.24502109827754123,0.24704820585502552
R1,N2Vp0_25q1,D16,k_max,10,54.7,2.5407785333546005,53.2,56.2
R1,N2Vp0_25q1,D16,modularity,10,0.8647580139781657,0.0026785613566440046,0.8633580003826142,0.8664640201637589
R1,N2Vp0_25q1,D16,frac_rewired,10,0.09996000000000001,0.008559231533522412,0.0952,0.1052
R1,N2Vp0_25q1,D16,dyn_len_frac_lmax,10,0.5365358051643743,0.0035877847480312625,0.5343346872590418,0.5385344879230535
R1,N2Vp0_25q1,D16,assortativity,10,-0.14268405301534326,0.0054028306149442925,-0.14614200289483242,-0.13976033348705247
R1,N2Vp0_25q1,D16,k_gini,10,0.1922265494949495,0.00210321705864783,0.1910184174747475,0.193485614040404
R1,N2Vp0_25q1,D16,efficiency,10,0.10226666199562376,0.0009214508961104014,0.10172232815344336,0.10279105888114029
R1,N2Vp0_25q1,D2,diameter,10,23.5,0.8498365855987975,23.0,24.0
R1,N2Vp0_25q1,D2,clustering,10,0.4262153930429068,0.006750952907952222,0.4223251031322797,0.430138205490532
R1,N2Vp0_25q1,D2,H_norm,10,0.23458220498543478,0.002345766774631332,0.23313834690028934,0.2358522612269018
R1,N2Vp0_25q1,D2,k_max,10,157.7,36.60312676382837,135.9,179.6
R1,N2Vp0_25q1,D2,modularity,10,0.8649650647893073,0.0014669811083123836,0.8641039204417917,0.865841461037139
R1,N2Vp0_25q1,D2,frac_rewired,10,0.11452,0.024260109004060327,0.1028,0.13096
R1,N2Vp0_25q1,D2,dyn_len_frac_lmax,10,0.08658718895509535,0.003770073434192667,0.0844832777964217,0.08884097519669493
R1,N2Vp0_25q1,D2,assortativity,10,-0.10515278206867293,0.01054381679952149,-0.11149996547973046,-0.09926132331845694
R1,N2Vp0_25q1,D2,k_gini,10,0.20302264646464643,0.003129732580517539,0.20134010777777772,0.20495107333333326
R1,N2Vp0_25q1,D2,efficiency,10,0.11590927202320504,0.0026759662681780034,0.11438643215227276,0.1175366572112561
R1,N2Vp0_25q1,D4,diameter,10,23.1,0.7378647873726218,22.7,23.5
R1,N2Vp0_25q1,D4,clustering,10,0.42620024950349433,0.006205538357607428,0.42275458560892504,0.4300289861985578
R1,N2Vp0_25q1,D4,H_norm,10,0.23453088254491888,0.0025240848508973537,0.23306139439879675,0.23603220565162905
R1,N2Vp0_25q1,D4,k_max,10,169.7,41.223105710807914,146.7,194.60499999999993
R1,N2Vp0_25q1,D4,modularity,10,0.8633228655239261,0.0024190411364470297,0.861895848561371,0.8647310449571473
R1,N2Vp0_25q1,D4,frac_rewired,10,0.1116,0.02478852781250051,0.0966,0.12568
R1,N2Vp0_25q1,D4,dyn_len_frac_lmax,10,0.1769684743037861,0.008333627802741925,0.17178503908454906,0.18152002902298375
R1,N2Vp0_25q1,D4,assortativity,10,-0.10294474508329332,0.013133208626865777,-0.11008855084194098,-0.09469376949684107
R1,N2Vp0_25q1,D4,k_gini,10,0.20236871515151517,0.0024389136546559475,0.20085182848484842,0.20372495353535358
R1,N2Vp0_25q1,D4,efficiency,10,0.11673862556937156,0.002312321761198367,0.11534749449136449,0.11810227273189138
R1,N2Vp0_25q1,D8,diameter,10,24.3,0.9486832980505138,23.8,24.9
R1,N2Vp0_25q1,D8,clustering,10,0.425158967907727,0.006151312832322656,0.42149767618758227,0.4286531795670121
R1,N2Vp0_25q1,D8,H_norm,10,0.2364665477784241,0.0023691734844380956,0.23506283945371573,0.2378117252019744
R1,N2Vp0_25q1,D8,k_max,10,138.2,17.36407530250635,127.6,147.8
R1,N2Vp0_25q1,D8,modularity,10,0.8652445000510154,0.0021756368154974637,0.8639503327083972,0.8665430589098051
R1,N2Vp0_25q1,D8,frac_rewired,10,0.10344000000000002,0.027470032156272892,0.087519,0.11968100000000002
R1,N2Vp0_25q1,D8,dyn_len_frac_lmax,10,0.3280925907144959,0.008738716527910157,0.3228236985153501,0.3331504202927162
R1,N2Vp0_25q1,D8,assortativity,10,-0.11084744730750322,0.01075588471587295,-0.11707486214840053,-0.10432386079187357
R1,N2Vp0_25q1,D8,k_gini,10,0.19970493333333333,0.002870013218706515,0.1980656895959596,0.2014176104040404
R1,N2Vp0_25q1,D8,efficiency,10,0.11446258759065661,0.0017586704841217233,0.11337381014510732,0.11541539969797518
R1,N2Vp0_25q2,D16,diameter,10,28.7,0.674948557710553,28.3,29.1
R1,N2Vp0_25q2,D16,clustering,10,0.43083483436646464,0.0023802499058530463,0.4294804544693276,0.43226772002621994
R1,N2Vp0_25q2,D16,H_norm,10,0.22935792763760404,0.0022112368862086083,0.22806149519095592,0.23065926566400063
R1,N2Vp0_25q2,D16,k_max,10,55.9,2.766867462592951,54.1,57.4
R1,N2Vp0_25q2,D16,modularity,10,0.8760217676767678,0.0019771550808215976,0.8748016005254567,0.8771223331165188
R1,N2Vp0_25q2,D16,frac_rewired,10,0.15608000000000002,0.01504694874938659,0.14731999999999998,0.165
R1,N2Vp0_25q2,D16,dyn_len_frac_lmax,10,0.5722957643087103,0.004354207506289675,0.5697162680191252,0.5748307133338869
R1,N2Vp0_25q2,D16,assortativity,10,-0.18093265383826357,0.005456168140892007,-0.18429427413621172,-0.1777924516583356
R1,N2Vp0_25q2,D16,k_gini,10,0.2149557212121212,0.001388660060857347,0.2141530621212121,0.21577918010101005
R1,N2Vp0_25q2,D16,efficiency,10,0.10991903295248587,0.0014277920491552216,0.10903830667283698,0.1107379350677094
R1,N2Vp0_25q2,D2,diameter,10,21.9,0.7378647873726218,21.5,22.3
R1,N2Vp0_25q2,D2,clustering,10,0.44612141966472824,0.008320493459586823,0.4411577741971467,0.4508445414585373
R1,N2Vp0_25q2,D2,H_norm,10,0.2132574499438206,0.006188978943702904,0.2095633955091577,0.21681405439312382
R1,N2Vp0_25q2,D2,k_max,10,174.8,37.06690647404441,152.7,196.0
R1,N2Vp0_25q2,D2,modularity,10,0.8770881501887564,0.00216856243074512,0.8758624808310377,0.878381914090399
R1,N2Vp0_25q2,D2,frac_rewired,10,0.17648,0.025413067504730713,0.16251999999999997,0.19204100000000002
R1,N2Vp0_25q2,D2,dyn_len_frac_lmax,10,0.09606600133785187,0.005914422621261829,0.09272156395294485,0.09958137721719755
R1,N2Vp0_25q2,D2,assortativity,10,-0.13256125150181092,0.0161976441089296,-0.14172746179480195,-0.12304426856312162
R1,N2Vp0_25q2,D2,k_gini,10,0.22654302222222222,0.003419666584146912,0.22456728404040405,0.22852429040404043
R1,N2Vp0_25q2,D2,efficiency,10,0.12471423310995466,0.0038791166415747314,0.12247858481353222,0.12698841555841514
R1,N2Vp0_25q2,D4,diameter,10,22.1,1.2866839377079187,21.3,22.7
R1,N2Vp0_25q2,D4,clustering,10,0.4516657814503457,0.007736161046535677,0.44738442625947733,0.45631903302833754
R1,N2Vp0_25q2,D4,H_norm,10,0.21105450392482528,0.003679070694165001,0.20889072325054017,0.21316880168549643
R1,N2Vp0_25q2,D4,k_max,10,182.2,48.052748794076976,158.2,213.9
R1,N2Vp0_25q2,D4,modularity,10,0.8766645413733294,0.0022126099913897163,0.8753643862105909,0.8779219127257425
R1,N2Vp0_25q2,D4,frac_rewired,10,0.1608,0.019700874205081473,0.14928000000000002,0.17264
R1,N2Vp0_25q2,D4,dyn_len_frac_lmax,10,0.19580938090209737,0.01125122242870567,0.18961942731682851,0.2027745474700646
R1,N2Vp0_25q2,D4,assortativity,10,-0.13391904375000724,0.016482225182528946,-0.1423416331045835,-0.1234420311719807
R1,N2Vp0_25q2,D4,k_gini,10,0.22788761212121217,0.002152963707824455,0.22676795292929297,0.22928133383838387
R1,N2Vp0_25q2,D4,efficiency,10,0.12717280477423554,0.004754313488033829,0.12456177622287773,0.1302050333217632
R1,N2Vp0_25q2,D8,diameter,10,23.0,0.9428090415820634,22.4,23.5
R1,N2Vp0_25q2,D8,clustering,10,0.444709699796233,0.004377769023045152,0.4419652104960206,0.44718701541815786
R1,N2Vp0_25q2,D8,H_norm,10,0.21571379025498807,0.0038531679689501577,0.21344478134043796,0.21791259455210696
R1,N2Vp0_25q2,D8,k_max,10,138.1,19.243758006746557,127.0,149.4
R1,N2Vp0_25q2,D8,modularity,10,0.8761457004387309,0.0023295745335145716,0.8747543861468218,0.8775072666054483
R1,N2Vp0_25q2,D8,frac_rewired,10,0.15367999999999998,0.02301288527953175,0.13987899999999998,0.16732
R1,N2Vp0_25q2,D8,dyn_len_frac_lmax,10,0.36369324741268916,0.010646983524337907,0.35766851659796967,0.3702091212411204
R1,N2Vp0_25q2,D8,assortativity,10,-0.145597393415556,0.01054257107219705,-0.1518592357993842,-0.13951638295275712
R1,N2Vp0_25q2,D8,k_gini,10,0.2239397777777778,0.0025668971855789136,0.22250103222222223,0.22545983777777784
R1,N2Vp0_25q2,D8,efficiency,10,0.12467038738882186,0.0037499593508980417,0.12259744513605698,0.12692669608233922
R1,N2Vp0_5q0_25,D16,diameter,10,33.9,0.7378647873726218,33.5,34.3
R1,N2Vp0_5q0_25,D16,clustering,10,0.39112074823153464,0.0021144857082539235,0.38984674939993436,0.3923266904919581
R1,N2Vp0_5q0_25,D16,H_norm,10,0.2525989833418093,0.0010639342111207098,0.25199787539624535,0.2532349443719177
R1,N2Vp0_5q0_25,D16,k_max,10,48.1,3.928528138289623,45.9,50.5
R1,N2Vp0_5q0_25,D16,modularity,10,0.8573305259667381,0.0022111880377403046,0.8560055873890421,0.8585654375701459
R1,N2Vp0_5q0_25,D16,frac_rewired,10,0.06716,0.003146497170576267,0.06523999999999999,0.06884
R1,N2Vp0_5q0_25,D16,dyn_len_frac_lmax,10,0.4897767610483485,0.0024786489007991123,0.4883913519922943,0.4912847736066335
R1,N2Vp0_5q0_25,D16,assortativity,10,-0.10033653279924293,0.0020874804180603885,-0.10161610325617715,-0.0991656389727203
R1,N2Vp0_5q0_25,D16,k_gini,10,0.15496759595959594,0.0026558267995157475,0.15337433212121213,0.15646527060606058
R1,N2Vp0_5q0_25,D16,efficiency,10,0.0952437692734086,0.0004518858131165534,0.09498066238451756,0.0955170867445924
R1,N2Vp0_5q0_25,D2,diameter,10,28.7,1.3374935098492586,27.9,29.4
R1,N2Vp0_5q0_25,D2,clustering,10,0.3950443547287008,0.0070757588798353145,0.3907746832376695,0.39906113781768326
R1,N2Vp0_5q0_25,D2,H_norm,10,0.24606203658317574,0.0024634833264313935,0.24458449201092486,0.24746405149259365
R1,N2Vp0_5q0_25,D2,k_max,10,132.3,42.21913731420332,110.2,159.20249999999996
R1,N2Vp0_5q0_25,D2,modularity,10,0.8551229451076422,0.001982657640491803,0.8539997041118255,0.8563611073487399
R1,N2Vp0_5q0_25,D2,frac_rewired,10,0.07156,0.015320516382361994,0.06268,0.080841
R1,N2Vp0_5q0_25,D2,dyn_len_frac_lmax,10,0.0710316162651172,0.004391326430667666,0.0686826009443358,0.07373598214062713
R1,N2Vp0_5q0_25,D2,assortativity,10,-0.06963749545959147,0.008947306359419009,-0.07470397553580477,-0.0640631402771436
R1,N2Vp0_5q0_25,D2,k_gini,10,0.16204479595959598,0.0065246571380373495,0.15823797767676767,0.16590029151515154
R1,N2Vp0_5q0_25,D2,efficiency,10,0.1030873567934932,0.002616271943844468,0.10165613106086227,0.10469226814634948
R1,N2Vp0_5q0_25,D4,diameter,10,28.9,1.1972189997378648,28.2,29.6
R1,N2Vp0_5q0_25,D4,clustering,10,0.39613258252897277,0.005820381140347817,0.392787986413552,0.3996673540405944
R1,N2Vp0_5q0_25,D4,H_norm,10,0.24605125758114182,0.0016580332581334167,0.24502389866296312,0.2469371953872796
R1,N2Vp0_5q0_25,D4,k_max,10,117.7,21.9952014968922,105.2,131.1
R1,N2Vp0_5q0_25,D4,modularity,10,0.8554808999081727,0.001519526511174299,0.8545810445745332,0.856339610422406
R1,N2Vp0_5q0_25,D4,frac_rewired,10,0.06420000000000001,0.013457092306041947,0.056599,0.07256
R1,N2Vp0_5q0_25,D4,dyn_len_frac_lmax,10,0.14036381497789066,0.00616917031770762,0.13702265479552908,0.14421743033193377
R1,N2Vp0_5q0_25,D4,assortativity,10,-0.07320831519937936,0.00500595985076235,-0.07614580384603875,-0.0702489020319948
R1,N2Vp0_5q0_25,D4,k_gini,10,0.16192168888888891,0.005687081731502899,0.1587007392929293,0.1653287978787879
R1,N2Vp0_5q0_25,D4,efficiency,10,0.10307053186935658,0.001919889441581181,0.10197418424389489,0.10424825020305814
R1,N2Vp0_5q0_25,D8,diameter,10,29.2,1.1352924243950933,28.5,29.8
R1,N2Vp0_5q0_25,D8,clustering,10,0.3952699316618356,0.005229606698971699,0.3921494223440627,0.398306571806744
R1,N2Vp0_5q0_25,D8,H_norm,10,0.24610780514493738,0.0013123755804460996,0.24531165440977337,0.24683993562784817
R1,N2Vp0_5q0_25,D8,k_max,10,103.6,18.367846302105693,93.1,114.7
R1,N2Vp0_5q0_25,D8,modularity,10,0.8549899923477196,0.00163265645812673,0.8540117713116007,0.8559133524257727
R1,N2Vp0_5q0_25,D8,frac_rewired,10,0.06616000000000001,0.010603479512772107,0.059840000000000004,0.07228000000000001
R1,N2Vp0_5q0_25,D8,dyn_len_frac_lmax,10,0.2756583718381496,0.004723753671208781,0.27283112522104047,0.2784419229415903
R1,N2Vp0_5q0_25,D8,assortativity,10,-0.07822156953592883,0.0061264962147036025,-0.08174439115664371,-0.07446002072049265
R1,N2Vp0_5q0_25,D8,k_gini,10,0.16188892525252524,0.0037191769130902825,0.1597153613131313,0.16406939535353532
R1,N2Vp0_5q0_25,D8,efficiency,10,0.102014258367698,0.001858662857829419,0.10098255918024593,0.10317220770268794
R1,N2Vp0_5q0_5,D16,diameter,10,33.3,0.6749485577105528,32.9,33.7
R1,N2Vp0_5q0_5,D16,clustering,10,0.39932012092986635,0.0032852961792110102,0.3973626949360098,0.4011881876125218
R1,N2Vp0_5q0_5,D16,H_norm,10,0.2529542430158973,0.0014403575419573553,0.2520922564888863,0.2537560796585217
R1,N2Vp0_5q0_5,D16,k_max,10,51.0,3.0912061651652345,49.2,52.9
R1,N2Vp0_5q0_5,D16,modularity,10,0.8606432175288236,0.002414407387733455,0.859210353573615,0.8620395894679115
R1,N2Vp0_5q0_5,D16,frac_rewired,10,0.08288,0.006925123344268559,0.07908000000000001,0.08724000000000001
R1,N2Vp0_5q0_5,D16,dyn_len_frac_lmax,10,0.5071574174643741,0.0023056687712357977,0.5057301527862008,0.5084319701066664
R1,N2Vp0_5q0_5,D16,assortativity,10,-0.1159072438172128,0.002794996295810234,-0.11745097702127678,-0.11418396390695544
R1,N2Vp0_5q0_5,D16,k_gini,10,0.17112478383838384,0.001640791501370908,0.1701447383838384,0.1720647585858586
R1,N2Vp0_5q0_5,D16,efficiency,10,0.09725701498376221,0.0007357860985147765,0.09682158277962634,0.09768968118906543
R1,N2Vp0_5q0_5,D2,diameter,10,25.9,0.7378647873726218,25.5,26.3
R1,N2Vp0_5q0_5,D2,clustering,10,0.41049875727872165,0.005379349262521388,0.40726315831186466,0.4134780505309376
R1,N2Vp0_5q0_5,D2,H_norm,10,0.2420727453769882,0.0017791720681469745,0.24100843159219415,0.24308396227523987
R1,N2Vp0_5q0_5,D2,k_max,10,165.3,27.85697598647619,148.2,181.2
R1,N2Vp0_5q0_5,D2,modularity,10,0.8574437246199368,0.0019267638017266063,0.856340594811754,0.8585847708397104
R1,N2Vp0_5q0_5,D2,frac_rewired,10,0.08432,0.017806665418694575,0.07464,0.09507999999999998
R1,N2Vp0_5q0_5,D2,dyn_len_frac_lmax,10,0.08065671302932942,0.0037735014321600645,0.07842743325749826,0.08281881907616849
R1,N2Vp0_5q0_5,D2,assortativity,10,-0.08072692691758843,0.007665021615535529,-0.08567313839380915,-0.07682356665871634
R1,N2Vp0_5q0_5,D2,k_gini,10,0.18156894141414137,0.0034184035324373884,0.1796038838383838,0.18359320828282827
R1,N2Vp0_5q0_5,D2,efficiency,10,0.1097818575231196,0.0024067401598227415,0.10840696319696139,0.11120294963475504
R1,N2Vp0_5q0_5,D4,diameter,10,25.7,0.8232726023485646,25.2,26.2
R1,N2Vp0_5q0_5,D4,clustering,10,0.4094240997708007,0.007664575710164554,0.40494236198737205,0.4139475309603855
R1,N2Vp0_5q0_5,D4,H_norm,10,0.24223053486879942,0.0017158985062286647,0.24115537450446814,0.24316574624758847
R1,N2Vp0_5q0_5,D4,k_max,10,162.7,26.365170627595457,147.1975,178.1
R1,N2Vp0_5q0_5,D4,modularity,10,0.8588037312519132,0.0015618537734697529,0.8578709352744619,0.8597117735052546
R1,N2Vp0_5q0_5,D4,frac_rewired,10,0.08168,0.030235108363916574,0.06496,0.101001
R1,N2Vp0_5q0_5,D4,dyn_len_frac_lmax,10,0.1609831761318663,0.0056479299801826775,0.1580559319619609,0.16468864976014552
R1,N2Vp0_5q0_5,D4,assortativity,10,-0.08023544957356518,0.010857511427889025,-0.08683332336179558,-0.07421037918143505
R1,N2Vp0_5q0_5,D4,k_gini,10,0.18222349090909093,0.0030365493246446193,0.18041610202020208,0.18400535828282827
R1,N2Vp0_5q0_5,D4,efficiency,10,0.10967253695330903,0.0019144766405745416,0.10866982527215106,0.1109049106629611
R1,N2Vp0_5q0_5,D8,diameter,10,26.6,1.5055453054181622,25.8,27.6
R1,N2Vp0_5q0_5,D8,clustering,10,0.4070953418797411,0.005991364364934735,0.4038422282832298,0.4107267940774936
R1,N2Vp0_5q0_5,D8,H_norm,10,0.24361950615613295,0.002279528024295024,0.24229049027284083,0.244956415978428
R1,N2Vp0_5q0_5,D8,k_max,10,122.0,18.83259585576738,110.8,133.0
R1,N2Vp0_5q0_5,D8,modularity,10,0.8579470752984388,0.0017199945178287153,0.8569892209978575,0.8589842924191409
R1,N2Vp0_5q0_5,D8,frac_rewired,10,0.07828000000000002,0.02512762092465845,0.06348000000000001,0.09292
R1,N2Vp0_5q0_5,D8,dyn_len_frac_lmax,10,0.2969938860709389,0.006745042063336212,0.29304000011370807,0.30085298466284016
R1,N2Vp0_5q0_5,D8,assortativity,10,-0.08989114346045689,0.007424361209180159,-0.09426014766147267,-0.0855787794556989
R1,N2Vp0_5q0_5,D8,k_gini,10,0.1774933777777778,0.0025422581264289974,0.17603233434343435,0.17898295151515153
R1,N2Vp0_5q0_5,D8,efficiency,10,0.10701817119255738,0.0027959204767842877,0.10541262716240578,0.1087099734439717
R1,N2Vp0_5q1,D16,diameter,10,31.7,0.9486832980505139,31.1,32.2
R1,N2Vp0_5q1,D16,clustering,10,0.41347972367207353,0.003492937594219613,0.41137444885710195,0.4154613316381946
R1,N2Vp0_5q1,D16,H_norm,10,0.24719621278787168,0.0009844712978282016,0.2466431692687223,0.24779144619502214
R1,N2Vp0_5q1,D16,k_max,10,54.8,2.043961295567452,53.8,56.102499999999964
R1,N2Vp0_5q1,D16,modularity,10,0.8642263993470056,0.0014648090751726427,0.8634141782598715,0.8650935628379757
R1,N2Vp0_5q1,D16,frac_rewired,10,0.10291999999999998,0.014098132264003391,0.09428,0.11112100000000001
R1,N2Vp0_5q1,D16,dyn_len_frac_lmax,10,0.5324382880060873,0.003594736136123742,0.5304541399481175,0.534646348808781
R1,N2Vp0_5q1,D16,assortativity,10,-0.1395230266733583,0.006208816614973665,-0.14301511214368834,-0.1356182609468852
R1,N2Vp0_5q1,D16,k_gini,10,0.19113808080808084,0.0023677275470780496,0.18988856383838387,0.1926456382828283
R1,N2Vp0_5q1,D16,efficiency,10,0.10149445906834538,0.0006548160490162986,0.10112011549644453,0.10189543826396288
R1,N2Vp0_5q1,D2,diameter,10,23.4,0.9660917830792958,22.8,24.0
R1,N2Vp0_5q1,D2,clustering,10,0.42691967559398714,0.006398876703815623,0.4231783205416102,0.4306496200792799
R1,N2Vp0_5q1,D2,H_norm,10,0.23375140397884175,0.0021801137824413804,0.23251739855680362,0.23510171920965958
R1,N2Vp0_5q1,D2,k_max,10,190.1,45.314824653013204,163.3,216.6
R1,N2Vp0_5q1,D2,modularity,10,0.8642639164370983,0.002871068738701413,0.8626561230614221,0.8659499027522701
R1,N2Vp0_5q1,D2,frac_rewired,10,0.11148,0.035586789059362404,0.09112,0.133
R1,N2Vp0_5q1,D2,dyn_len_frac_lmax,10,0.08872265296279343,0.003738946935715082,0.0866870733179287,0.09104849809489278
R1,N2Vp0_5q1,D2,assortativity,10,-0.0978108201830725,0.014105286087860361,-0.10624395058062537,-0.08924489954304192
R1,N2Vp0_5q1,D2,k_gini,10,0.20336633939393942,0.004321524598110254,0.20079720969696968,0.2058248444444445
R1,N2Vp0_5q1,D2,efficiency,10,0.11908737581828788,0.0032672872004392444,0.1173515360528259,0.12115598247019269
R1,N2Vp0_5q1,D4,diameter,10,23.2,1.0327955589886444,22.6,23.8
R1,N2Vp0_5q1,D4,clustering,10,0.4284478822761765,0.009147760092237011,0.4232676090587051,0.43399313455925104
R1,N2Vp0_5q1,D4,H_norm,10,0.23347439977902767,0.0029595782706696053,0.23158200833796547,0.2351101386973458
R1,N2Vp0_5q1,D4,k_max,10,176.5,36.89098052972358,155.1,197.8
R1,N2Vp0_5q1,D4,modularity,10,0.8654147699214366,0.002708565762858496,0.8638471975563718,0.8670116732348742
R1,N2Vp0_5q1,D4,frac_rewired,10,0.11003999999999999,0.02465437531600065,0.09528,0.12432199999999999
R1,N2Vp0_5q1,D4,dyn_len_frac_lmax,10,0.17730337076201955,0.008719379443358554,0.17253202862293435,0.1826372588966508
R1,N2Vp0_5q1,D4,assortativity,10,-0.1015195585196785,0.009948409805736459,-0.10760776192911421,-0.09580233977634138
R1,N2Vp0_5q1,D4,k_gini,10,0.20364723232323229,0.003880437961353979,0.2015273251515151,0.20603841050505056
R1,N2Vp0_5q1,D4,efficiency,10,0.1174956710037032,0.002904677344016104,0.11588251032012559,0.1192574422652715
R1,N2Vp0_5q1,D8,diameter,10,24.2,0.6324555320336759,23.8,24.6
R1,N2Vp0_5q1,D8,clustering,10,0.4253768449711625,0.007026422127527912,0.42124644912529335,0.42956559645507014
R1,N2Vp0_5q1,D8,H_norm,10,0.236375276308461,0.0023006590880709013,0.23499315584987904,0.23771821654735698
R1,N2Vp0_5q1,D8,k_max,10,128.0,12.909944487358056,120.1,135.2
R1,N2Vp0_5q1,D8,modularity,10,0.8645122028364453,0.0016937365580246724,0.8634933237552292,0.8654497938985818
R1,N2Vp0_5q1,D8,frac_rewired,10,0.09976,0.03411364015235613,0.08028,0.119881
R1,N2Vp0_5q1,D8,dyn_len_frac_lmax,10,0.3285988401553029,0.007291759295652078,0.32422435618855955,0.33284239242833996
R1,N2Vp0_5q1,D8,assortativity,10,-0.11374091733512226,0.0066078607094541475,-0.1176014360762449,-0.10990879965418628
R1,N2Vp0_5q1,D8,k_gini,10,0.20064111515151514,0.0017016914308127077,0.19960383181818178,0.2016207912121212
R1,N2Vp0_5q1,D8,efficiency,10,0.11431471689398917,0.001621673235297463,0.11333612760678957,0.11522917895026871
R1,N2Vp0_5q2,D16,diameter,10,28.8,0.9189365834726815,28.2,29.3
R1,N2Vp0_5q2,D16,clustering,10,0.4304416139014234,0.003973839624382732,0.4280822320252302,0.4326995926810033
R1,N2Vp0_5q2,D16,H_norm,10,0.22929352664627833,0.0021364588697342585,0.22803770017449188,0.23057548463885355
R1,N2Vp0_5q2,D16,k_max,10,54.7,2.5841396591085743,53.1,56.1
R1,N2Vp0_5q2,D16,modularity,10,0.8768823487399245,0.0027859261525905645,0.8751861989082745,0.8784275750306092
R1,N2Vp0_5q2,D16,frac_rewired,10,0.15544,0.015615604730880943,0.14667999999999998,0.16500099999999998
R1,N2Vp0_5q2,D16,dyn_len_frac_lmax,10,0.5733763665334195,0.002977679956619089,0.5716214011451282,0.5751110327746523
R1,N2Vp0_5q2,D16,assortativity,10,-0.18121969869503238,0.00537477834006461,-0.1842281497836317,-0.17792347954830534
R1,N2Vp0_5q2,D16,k_gini,10,0.21575920404040408,0.0016274215180871584,0.2149129406060606,0.2167816162626263
R1,N2Vp0_5q2,D16,efficiency,10,0.11003607885372535,0.0009671479796359798,0.10952350438535201,0.1106630139545492
R1,N2Vp0_5q2,D2,diameter,10,22.4,1.2649110640673518,21.7,23.2
R1,N2Vp0_5q2,D2,clustering,10,0.44496607539009875,0.009696235841984183,0.43976941031256916,0.45115837403610326
R1,N2Vp0_5q2,D2,H_norm,10,0.21302826499223113,0.0034662936078762776,0.2109593009655281,0.2149146094751707
R1,N2Vp0_5q2,D2,k_max,10,180.5,49.11041980408367,153.0,210.40249999999997
R1,N2Vp0_5q2,D2,modularity,10,0.8745311702887462,0.0036353196684674716,0.8724345438730743,0.8767764457835934
R1,N2Vp0_5q2,D2,frac_rewired,10,0.17296,0.045672145656722646,0.1466,0.19944
R1,N2Vp0_5q2,D2,dyn_len_frac_lmax,10,0.09596550623700328,0.006820849341483068,0.0925937576017925,0.1004322059661831
R1,N2Vp0_5q2,D2,assortativity,10,-0.13333446398213356,0.016649367895449338,-0.14324417170729567,-0.12398128936986759
R1,N2Vp0_5q2,D2,k_gini,10,0.22629871919191918,0.0030171342684703335,0.2244680980808081,0.22803791515151514
R1,N2Vp0_5q2,D2,efficiency,10,0.1261663193065234,0.004173841715708298,0.12363008609255807,0.12857278370329908
R1,N2Vp0_5q2,D4,diameter,10,21.9,1.449137674618944,21.1,22.8
R1,N2Vp0_5q2,D4,clustering,10,0.44590364325008236,0.008376987598032905,0.44094476936646587,0.4507263018077079
R1,N2Vp0_5q2,D4,H_norm,10,0.21339213142836325,0.0029453983868785697,0.21165565494596916,0.2151089196887585
R1,N2Vp0_5q2,D4,k_max,10,165.3,40.027906931706205,142.2,189.60249999999996
R1,N2Vp0_5q2,D4,modularity,10,0.8760375298438936,0.003131005297500777,0.8743271671258036,0.8779695297928782
R1,N2Vp0_5q2,D4,frac_rewired,10,0.16824,0.03998186255458009,0.1446,0.19152
R1,N2Vp0_5q2,D4,dyn_len_frac_lmax,10,0.19173484583647565,0.007745641579896957,0.18755426559952065,0.19649611936997705
R1,N2Vp0_5q2,D4,assortativity,10,-0.13719132540126605,0.016439842965412343,-0.14710570791724722,-0.12787450846278964
R1,N2Vp0_5q2,D4,k_gini,10,0.22579887676767676,0.0018610202803364584,0.22468826929292932,0.22684852303030303
R1,N2Vp0_5q2,D4,efficiency,10,0.12755575055214805,0.006594733787968592,0.12401521954448994,0.1317356622904248
R1,N2Vp0_5q2,D8,diameter,10,22.8,0.6324555320336759,22.4,23.2
R1,N2Vp0_5q2,D8,clustering,10,0.4454959956263106,0.009753917002900422,0.4395428900034961,0.45113321315114424
R1,N2Vp0_5q2,D8,H_norm,10,0.21585719434145284,0.003018946095636749,0.21424746264941819,0.21780935270827798
R1,N2Vp0_5q2,D8,k_max,10,144.4,20.35354187031502,132.6,157.0
R1,N2Vp0_5q2,D8,modularity,10,0.8765531180491786,0.003579878710052462,0.8744468894883173,0.8786315067084991
R1,N2Vp0_5q2,D8,frac_rewired,10,0.15075999999999998,0.041409585578435555,0.1258,0.17476099999999997
R1,N2Vp0_5q2,D8,dyn_len_frac_lmax,10,0.3590295784460644,0.009790543419853387,0.35312206535949675,0.36464074774152333
R1,N2Vp0_5q2,D8,assortativity,10,-0.14560389019281264,0.010368110668203033,-0.15196408102297998,-0.1396497167329201
R1,N2Vp0_5q2,D8,k_gini,10,0.22447601212121215,0.0018921305729905759,0.22333657757575762,0.22556507909090912
R1,N2Vp0_5q2,D8,efficiency,10,0.12370467519223494,0.003820656861629251,0.12166148215023481,0.12616380567985638
R1,N2Vp1q0_25,D16,diameter,10,34.4,0.6992058987801011,34.0,34.8
R1,N2Vp1q0_25,D16,clustering,10,0.38976807850013045,0.004080266730957716,0.387542331946222,0.3922801443362275
R1,N2Vp1q0_25,D16,H_norm,10,0.25227452195293537,0.001812563581881683,0.25121319356592803,0.2533483799810289
R1,N2Vp1q0_25,D16,k_max,10,49.9,4.863697724525606,47.0,52.8
R1,N2Vp1q0_25,D16,modularity,10,0.8558842658912356,0.0028225274285099316,0.8542839460259157,0.8575758388302214
R1,N2Vp1q0_25,D16,frac_rewired,10,0.06856,0.006486087675427564,0.06500000000000002,0.07268
R1,N2Vp1q0_25,D16,dyn_len_frac_lmax,10,0.48936543461522664,0.002852527521397604,0.48763712647316043,0.49092539661366114
R1,N2Vp1q0_25,D16,assortativity,10,-0.09988104515336962,0.007533387852824546,-0.10421507846162177,-0.09552242668632238
R1,N2Vp1q0_25,D16,k_gini,10,0.15337106262626263,0.0020341325310649612,0.1521386736363636,0.15452452494949498
R1,N2Vp1q0_25,D16,efficiency,10,0.09484235679096956,0.00039949042321016446,0.09462681266559865,0.09509992096976869
R1,N2Vp1q0_25,D2,diameter,10,28.8,1.1352924243950933,28.1,29.5
R1,N2Vp1q0_25,D2,clustering,10,0.3960415375637896,0.0031048423378045964,0.3941495530287455,0.39778781428262305
R1,N2Vp1q0_25,D2,H_norm,10,0.2460832886150323,0.0009176238147962092,0.24557995969106217,0.24665261573684755
R1,N2Vp1q0_25,D2,k_max,10,124.3,18.282049483942803,113.7,135.0
R1,N2Vp1q0_25,D2,modularity,10,0.855825481583512,0.0018315000662830084,0.8547903690057138,0.856938501925824
R1,N2Vp1q0_25,D2,frac_rewired,10,0.06799999999999999,0.01846269512046145,0.058279,0.07956199999999998
R1,N2Vp1q0_25,D2,dyn_len_frac_lmax,10,0.07058310957780042,0.0024543629536448635,0.06919235930139972,0.07209377982988761
R1,N2Vp1q0_25,D2,assortativity,10,-0.0709919471842288,0.006352441978613287,-0.07466528122503892,-0.06717840866364279
R1,N2Vp1q0_25,D2,k_gini,10,0.16282807272727276,0.0049997452447855155,0.16002870848484851,0.16580420121212125
R1,N2Vp1q0_25,D2,efficiency,10,0.10304945172141107,0.0017556148550353576,0.10212513270588507,0.10417558591738456
R1,N2Vp1q0_25,D4,diameter,10,29.6,1.1737877907772674,28.9,30.2
R1,N2Vp1q0_25,D4,clustering,10,0.39342499501437606,0.003337757557111886,0.39144166361912575,0.39533556966998146
R1,N2Vp1q0_25,D4,H_norm,10,0.2471971583063691,0.0013880330660692888,0.24629810765708834,0.24791916865146782
R1,N2Vp1q0_25,D4,k_max,10,104.4,14.001587211614419,96.5,112.5
R1,N2Vp1q0_25,D4,modularity,10,0.8553286700336702,0.0021905617594216377,0.8540307164064894,0.8566116238904193
R1,N2Vp1q0_25,D4,frac_rewired,10,0.07619999999999999,0.013472935834479432,0.06808,0.0838
R1,N2Vp1q0_25,D4,dyn_len_frac_lmax,10,0.13710657262636233,0.0038418173813543894,0.1353670092565319,0.13968267774676546
R1,N2Vp1q0_25,D4,assortativity,10,-0.07553313259910141,0.005323843738179174,-0.07866136034298644,-0.07245347227847207
R1,N2Vp1q0_25,D4,k_gini,10,0.1607036282828283,0.0027574408219342935,0.1591009587878788,0.1623277517171717
R1,N2Vp1q0_25,D4,efficiency,10,0.10174114042573731,0.0012703221556889768,0.10108833689956928,0.10252737650782656
R1,N2Vp1q0_25,D8,diameter,10,29.8,0.9189365834726815,29.3,30.4
R1,N2Vp1q0_25,D8,clustering,10,0.3920389774029754,0.004506124799844858,0.3894500781854605,0.3946432114763997
R1,N2Vp1q0_25,D8,H_norm,10,0.2475791487506025,0.0015170893101671221,0.2467349809612233,0.24851923693484976
R1,N2Vp1q0_25,D8,k_max,10,101.0,17.256238807393046,91.4,111.5
R1,N2Vp1q0_25,D8,modularity,10,0.8539990750943781,0.0017823371491719293,0.8529071064177124,0.8550119394066932
R1,N2Vp1q0_25,D8,frac_rewired,10,0.06920000000000001,0.010418786450979359,0.062799,0.07496
R1,N2Vp1q0_25,D8,dyn_len_frac_lmax,10,0.2689106639836141,0.005950338879359839,0.26538665766979835,0.2723688131294737
R1,N2Vp1q0_25,D8,assortativity,10,-0.07293980700076527,0.005889475852654846,-0.07653647683146705,-0.06957765277608043
R1,N2Vp1q0_25,D8,k_gini,10,0.15726395555555556,0.0034644969162333254,0.15529595191919196,0.15930528929292928
R1,N2Vp1q0_25,D8,efficiency,10,0.10103939825124,0.001009698647763305,0.10046496164952565,0.10164060617942625
R1,N2Vp1q0_5,D16,diameter,10,33.3,0.4830458915396479,33.0,33.6
R1,N2Vp1q0_5,D16,clustering,10,0.3988966365703924,0.003139511009939781,0.3970728104134587,0.40077291104858676
R1,N2Vp1q0_5,D16,H_norm,10,0.2531515751975482,0.001003510337550639,0.25255449327841695,0.2537272400857085
R1,N2Vp1q0_5,D16,k_max,10,49.8,1.9321835661585915,48.7,51.0
R1,N2Vp1q0_5,D16,modularity,10,0.8589909805121927,0.0019943105333824433,0.857970491301908,0.8602903451178453
R1,N2Vp1q0_5,D16,frac_rewired,10,0.08055999999999999,0.006833121947949966,0.07628,0.0844
R1,N2Vp1q0_5,D16,dyn_len_frac_lmax,10,0.5043796905348633,0.00201211873307624,0.5032242026730748,0.5056109644555871
R1,N2Vp1q0_5,D16,assortativity,10,-0.1147164813120963,0.005815580391287213,-0.11822259834347706,-0.111489351778314
R1,N2Vp1q0_5,D16,k_gini,10,0.1695845090909091,0.00226800622336232,0.16821766999999999,0.17085239070707073
R1,N2Vp1q0_5,D16,efficiency,10,0.0971666382846024,0.000460936853864071,0.09688959025024214,0.09743650342772342
R1,N2Vp1q0_5,D2,diameter,10,25.9,1.1972189997378646,25.2,26.6
R1,N2Vp1q0_5,D2,clustering,10,0.4099901035342882,0.006670084631745198,0.40593560187059435,0.4137459257225442
R1,N2Vp1q0_5,D2,H_norm,10,0.24287676751762866,0.0012139215841028275,0.24212280281332726,0.24353078959703217
R1,N2Vp1q0_5,D2,k_max,10,151.3,23.71145995786285,138.6,166.7
R1,N2Vp1q0_5,D2,modularity,10,0.8575668717477809,0.002202141884567498,0.8563183976124886,0.858923628711356
R1,N2Vp1q0_5,D2,frac_rewired,10,0.08156000000000001,0.02077216085694184,0.07120000000000001,0.0952
R1,N2Vp1q0_5,D2,dyn_len_frac_lmax,10,0.07933652017458172,0.002809205942584264,0.07762976542717417,0.08095242162627024
R1,N2Vp1q0_5,D2,assortativity,10,-0.08196913772674917,0.005078002279604066,-0.08512865230059863,-0.07923006747607009
R1,N2Vp1q0_5,D2,k_gini,10,0.1814167191919192,0.0023247447997267355,0.18013189878787883,0.18286660919191922
R1,N2Vp1q0_5,D2,efficiency,10,0.1091645117194759,0.002349932843666646,0.10777503409317002,0.11054881757756951
R1,N2Vp1q0_5,D4,diameter,10,25.4,0.9660917830792959,24.8,26.0
R1,N2Vp1q0_5,D4,clustering,10,0.40858004775790013,0.006366730429280333,0.40483070376223074,0.41220167757701687
R1,N2Vp1q0_5,D4,H_norm,10,0.24228862445926475,0.0022730689717192012,0.24090318838852295,0.24357986112158317
R1,N2Vp1q0_5,D4,k_max,10,150.4,31.22036372483689,130.5,166.9
R1,N2Vp1q0_5,D4,modularity,10,0.8574427140087746,0.0012270178504933374,0.8567093527828794,0.8581420090551984
R1,N2Vp1q0_5,D4,frac_rewired,10,0.07648,0.020495029207645014,0.06444000000000001,0.08848
R1,N2Vp1q0_5,D4,dyn_len_frac_lmax,10,0.1565791575410915,0.008119988709994306,0.15201574867422968,0.16159705861018983
R1,N2Vp1q0_5,D4,assortativity,10,-0.0834271421896888,0.010980900162647732,-0.08992422665271872,-0.07703680345992713
R1,N2Vp1q0_5,D4,k_gini,10,0.18004109494949497,0.005337454463194885,0.17703453080808082,0.18319422777777777
R1,N2Vp1q0_5,D4,efficiency,10,0.1098282728923724,0.002468207755011362,0.10847460170406596,0.11134430512305604
R1,N2Vp1q0_5,D8,diameter,10,26.6,1.2649110640673518,25.9,27.4
R1,N2Vp1q0_5,D8,clustering,10,0.404837321581719,0.005184082025903422,0.4022642285956035,0.40828397707045605
R1,N2Vp1q0_5,D8,H_norm,10,0.2446707544242765,0.0018096312175896895,0.24370784593036593,0.24581481045538955
R1,N2Vp1q0_5,D8,k_max,10,121.9,15.20562761319345,111.9,129.2
R1,N2Vp1q0_5,D8,modularity,10,0.8573472839506175,0.0024240454105547466,0.8559151678400164,0.8587803806499338
R1,N2Vp1q0_5,D8,frac_rewired,10,0.0806,0.02030019156997731,0.06808,0.09160099999999999
R1,N2Vp1q0_5,D8,dyn_len_frac_lmax,10,0.29343691255249915,0.008583032975873069,0.2882916988934622,0.29816991205410165
R1,N2Vp1q0_5,D8,assortativity,10,-0.08759102614591194,0.005926101285393866,-0.09143496595201452,-0.08441674528110231
R1,N2Vp1q0_5,D8,k_gini,10,0.17644472323232324,0.002931409028030549,0.17475997454545458,0.17819249909090912
R1,N2Vp1q0_5,D8,efficiency,10,0.1065703874998912,0.00197496262887796,0.10539560177726902,0.10769080572028807
R1,N2Vp1q1,D16,diameter,10,31.4,0.8432740427115678,30.9,31.9
R1,N2Vp1q1,D16,clustering,10,0.4148134928962657,0.0035203417413631217,0.41261571497143973,0.41668355522702616
R1,N2Vp1q1,D16,H_norm,10,0.2474817784059408,0.00208334411907549,0.24618456942180028,0.24860900872465583
R1,N2Vp1q1,D16,k_max,10,54.1,2.183269719175042,52.9,55.5
R1,N2Vp1q1,D16,modularity,10,0.8660459886746251,0.001511148381197345,0.8652364890062239,0.8669906808999084
R1,N2Vp1q1,D16,frac_rewired,10,0.10751999999999999,0.008503698541745755,0.10248000000000002,0.11252
R1,N2Vp1q1,D16,dyn_len_frac_lmax,10,0.5340001347725319,0.004033136049491978,0.5317460754770063,0.5364632429790203
R1,N2Vp1q1,D16,assortativity,10,-0.14218585933282205,0.004429161868231291,-0.1447690755325984,-0.1395762021183231
R1,N2Vp1q1,D16,k_gini,10,0.1927679151515152,0.002277322530067968,0.1914188555555556,0.19415738171717178
R1,N2Vp1q1,D16,efficiency,10,0.10204205416984205,0.0011790236798222187,0.10137019795154971,0.10277275366688307
R1,N2Vp1q1,D2,diameter,10,22.9,1.1005049346146119,22.3,23.6
R1,N2Vp1q1,D2,clustering,10,0.43288076508541656,0.007960790565337258,0.42841920537913236,0.4377760209108798
R1,N2Vp1q1,D2,H_norm,10,0.23271781376434983,0.0025280015693937155,0.23116990592931738,0.23409205466890604
R1,N2Vp1q1,D2,k_max,10,190.6,43.538488719752316,166.6,217.50249999999997
R1,N2Vp1q1,D2,modularity,10,0.8628996235078052,0.0028592139768219764,0.8614211278823589,0.8647700771860014
R1,N2Vp1q1,D2,frac_rewired,10,0.09835999999999999,0.026102328546617357,0.0838,0.11460099999999998
R1,N2Vp1q1,D2,dyn_len_frac_lmax,10,0.08983426743063597,0.0027145738739792384,0.08825182908720852,0.09146310405657236
R1,N2Vp1q1,D2,assortativity,10,-0.09971378551991042,0.01734308422880435,-0.10942850954107886,-0.08906323414473868
R1,N2Vp1q1,D2,k_gini,10,0.20404953535353534,0.0030193180012866925,0.202310395959596,0.20583410494949492
R1,N2Vp1q1,D2,efficiency,10,0.11958682938221832,0.003285652835403233,0.11775048266593757,0.12161306235293941
R1,N2Vp1q1,D4,diameter,10,23.0,0.9428090415820634,22.4,23.5
R1,N2Vp1q1,D4,clustering,10,0.4313731942591203,0.00788615737183796,0.4268343744743253,0.4361125489471546
R1,N2Vp1q1,D4,H_norm,10,0.23146058237831063,0.003268544353162396,0.2295491709169469,0.23334550727566417
R1,N2Vp1q1,D4,k_max,10,166.6,34.51955967274206,147.1,187.3
R1,N2Vp1q1,D4,modularity,10,0.8663869416386083,0.0025821794901093953,0.864810291526375,0.8679015611927355
R1,N2Vp1q1,D4,frac_rewired,10,0.10504,0.032359755527163324,0.08656,0.12435999999999998
R1,N2Vp1q1,D4,dyn_len_frac_lmax,10,0.18024702156050593,0.008481394232734859,0.1752378747252124,0.18517029059383394
R1,N2Vp1q1,D4,assortativity,10,-0.11028466506693638,0.011935000069078558,-0.11719211450989682,-0.10345553690522025
R1,N2Vp1q1,D4,k_gini,10,0.20576661818181816,0.00375105983249375,0.20363933474747473,0.20798751161616158
R1,N2Vp1q1,D4,efficiency,10,0.1187804826873257,0.003357090727884463,0.11688666413881357,0.12080154257166192
R1,N2Vp1q1,D8,diameter,10,23.9,1.3703203194062978,23.1,24.7
R1,N2Vp1q1,D8,clustering,10,0.42682931761748294,0.005939455684886583,0.42345145634618203,0.43036599166808726
R1,N2Vp1q1,D8,H_norm,10,0.23580374427095857,0.002450853231748174,0.2342426623207422,0.2371332709540082
R1,N2Vp1q1,D8,k_max,10,138.8,15.739546795677864,129.3,148.0
R1,N2Vp1q1,D8,modularity,10,0.8641217263544535,0.0030939380495800793,0.8624054877691052,0.8660461759004185
R1,N2Vp1q1,D8,frac_rewired,10,0.09232,0.032579093500791786,0.07264000000000001,0.11160099999999999
R1,N2Vp1q1,D8,dyn_len_frac_lmax,10,0.3308968000776345,0.005888365398037779,0.3276013148880408,0.3346071797397693
R1,N2Vp1q1,D8,assortativity,10,-0.11119539111038401,0.006678600988829451,-0.11532686636493614,-0.10746185898927928
R1,N2Vp1q1,D8,k_gini,10,0.20103793535353537,0.0034783518921556035,0.1989651065656566,0.20304527636363642
R1,N2Vp1q1,D8,efficiency,10,0.11469460744104568,0.0033727289590039645,0.1126976107143154,0.11669411594197676
R1,N2Vp1q2,D16,diameter,10,29.0,0.816496580927726,28.5,29.5
R1,N2Vp1q2,D16,clustering,10,0.4302972878440333,0.0023472522717519306,0.4289805545779931,0.43175519032656307
R1,N2Vp1q2,D16,H_norm,10,0.22863105006358256,0.0013373130753638915,0.2278275451522592,0.22941460221976212
R1,N2Vp1q2,D16,k_max,10,55.7,2.98328677803526,54.0,57.5
R1,N2Vp1q2,D16,modularity,10,0.8769593561881441,0.0031165579300929894,0.8750473056958473,0.8787277182047751
R1,N2Vp1q2,D16,frac_rewired,10,0.15816,0.015584835934686996,0.1486,0.16708
R1,N2Vp1q2,D16,dyn_len_frac_lmax,10,0.5723960839230572,0.0036902123195434373,0.5701460515869871,0.5744606332155482
R1,N2Vp1q2,D16,assortativity,10,-0.18459263998157224,0.006219713818233141,-0.1880324753211268,-0.1808520719922552
R1,N2Vp1q2,D16,k_gini,10,0.21585760808080806,0.001370037220540318,0.21506328808080816,0.21669235616161617
R1,N2Vp1q2,D16,efficiency,10,0.10944388901673383,0.0013987530472592583,0.10864000355251491,0.11026485754594607
R1,N2Vp1q2,D2,diameter,10,22.4,1.1737877907772671,21.7,23.0
R1,N2Vp1q2,D2,clustering,10,0.4494672052373415,0.008861337103141256,0.44453882689072216,0.4549446813073889
R1,N2Vp1q2,D2,H_norm,10,0.21147141124360386,0.003931386581318405,0.2091526259810056,0.2138580668770341
R1,N2Vp1q2,D2,k_max,10,174.1,49.192253229322375,147.7,204.0
R1,N2Vp1q2,D2,modularity,10,0.8760620258136926,0.0029847003782441086,0.8743095058412407,0.8777753525915722
R1,N2Vp1q2,D2,frac_rewired,10,0.16108000000000003,0.0469318370973621,0.133679,0.188801
R1,N2Vp1q2,D2,dyn_len_frac_lmax,10,0.09821461655811242,0.006187307875287884,0.09493873421968335,0.10207968451149986
R1,N2Vp1q2,D2,assortativity,10,-0.13581803049778737,0.015072026386050735,-0.14441833689016537,-0.1268238647198438
R1,N2Vp1q2,D2,k_gini,10,0.22735950303030297,0.0024446829446532954,0.22578866666666664,0.22865246848484844
R1,N2Vp1q2,D2,efficiency,10,0.1274151794232389,0.0050842204918246856,0.12469468949417675,0.1305356580000941
R1,N2Vp1q2,D4,diameter,10,22.2,1.398411797560202,21.4,23.0
R1,N2Vp1q2,D4,clustering,10,0.4476566208171426,0.009544151238181075,0.442142630383218,0.45337818436625565
R1,N2Vp1q2,D4,H_norm,10,0.2133056355841323,0.00455393449486546,0.21054518421601293,0.21588376770509532
R1,N2Vp1q2,D4,k_max,10,177.0,33.7507201569257,156.3,195.7
R1,N2Vp1q2,D4,modularity,10,0.8757487021732476,0.0017970362707902387,0.8746241570375473,0.8767218779333742
R1,N2Vp1q2,D4,frac_rewired,10,0.16032,0.041188477353097996,0.1376,0.18575999999999998
R1,N2Vp1q2,D4,dyn_len_frac_lmax,10,0.19433262703806037,0.008806939202168502,0.18938119736829487,0.19974532175853046
R1,N2Vp1q2,D4,assortativity,10,-0.1301693067024549,0.01633458043810861,-0.13993446575994867,-0.12107205623040157
R1,N2Vp1q2,D4,k_gini,10,0.226333006060606,0.0026285231986227274,0.22473365919191912,0.22780071111111105
R1,N2Vp1q2,D4,efficiency,10,0.1268464817967426,0.0033812016885113086,0.12484295362695134,0.12880747239498602
R1,N2Vp1q2,D8,diameter,10,22.1,1.5238839267549948,21.2,23.0
R1,N2Vp1q2,D8,clustering,10,0.44744902994546926,0.00851736988732241,0.44252184284181395,0.4523986993071258
R1,N2Vp1q2,D8,H_norm,10,0.21405785001155425,0.0039292147321836265,0.2114655215028463,0.21610428260922726
R1,N2Vp1q2,D8,k_max,10,138.4,19.738287666360524,127.7,150.8
R1,N2Vp1q2,D8,modularity,10,0.8752721905927965,0.0025142045739213275,0.8739906274104681,0.8768859865574942
R1,N2Vp1q2,D8,frac_rewired,10,0.14524,0.04140915626068977,0.12087899999999999,0.16924099999999997
R1,N2Vp1q2,D8,dyn_len_frac_lmax,10,0.36794787130642137,0.008040045464183982,0.3631392200372816,0.37245149216844314
R1,N2Vp1q2,D8,assortativity,10,-0.1461314405374734,0.009243577907656078,-0.15200038732629295,-0.14107917741425025
R1,N2Vp1q2,D8,k_gini,10,0.2247845939393939,0.0026014456390723636,0.22328331707070703,0.22637161898989894
R1,N2Vp1q2,D8,efficiency,10,0.12573698811182715,0.0036723429477421277,0.1234294261272918,0.12772656426160636
R1,N2Vp2q0_25,D16,diameter,10,34.7,0.6749485577105528,34.3,35.1
R1,N2Vp2q0_25,D16,clustering,10,0.38812515209128917,0.002532997956935511,0.3866596253655104,0.3896444678188769
R1,N2Vp2q0_25,D16,H_norm,10,0.25299973270268306,0.0012242779797588537,0.25230896028811517,0.25373874589805595
R1,N2Vp2q0_25,D16,k_max,10,45.8,3.32665998663324,43.8,47.7
R1,N2Vp2q0_25,D16,modularity,10,0.8566501137639018,0.0024014767200941072,0.8552725893531273,0.8581040620855015
R1,N2Vp2q0_25,D16,frac_rewired,10,0.07348,0.005897042573282908,0.07007899999999999,0.07683999999999999
R1,N2Vp2q0_25,D16,dyn_len_frac_lmax,10,0.48874691461542896,0.0024925529443711766,0.48736040675593084,0.4903163955387277
R1,N2Vp2q0_25,D16,assortativity,10,-0.09924769168532277,0.005679824570303189,-0.1024227046998298,-0.09588408295332514
R1,N2Vp2q0_25,D16,k_gini,10,0.15308944646464653,0.0019336786840691827,0.15198828404040413,0.15427211989898992
R1,N2Vp2q0_25,D16,efficiency,10,0.09500360310735276,0.0003535675011860841,0.09479983051664415,0.09521190429671357
R1,N2Vp2q0_25,D2,diameter,10,29.1,0.9944289260117533,28.5,29.6
R1,N2Vp2q0_25,D2,clustering,10,0.39168774373041587,0.007563951385710565,0.38739117984627525,0.39622826479629947
R1,N2Vp2q0_25,D2,H_norm,10,0.2472241239645502,0.0019449737762810935,0.2461591976882956,0.24839369850322968
R1,N2Vp2q0_25,D2,k_max,10,118.3,32.99511748392143,98.6,137.4
R1,N2Vp2q0_25,D2,modularity,10,0.8541249903071115,0.0017539407364041612,0.8530629776170799,0.8550716655060707
R1,N2Vp2q0_25,D2,frac_rewired,10,0.07072,0.012298220286782239,0.06376,0.07816000000000001
R1,N2Vp2q0_25,D2,dyn_len_frac_lmax,10,0.06899126711418518,0.003093409693052801,0.0670940105994032,0.07077190525775164
R1,N2Vp2q0_25,D2,assortativity,10,-0.06992629269596898,0.007575110477640182,-0.07440465709893251,-0.06557480334412416
R1,N2Vp2q0_25,D2,k_gini,10,0.1600204888888889,0.005162425768435204,0.1569049744444444,0.1629215485858586
R1,N2Vp2q0_25,D2,efficiency,10,0.10269259022325791,0.0025652000335280585,0.10119609932648524,0.10419150684393946
R1,N2Vp2q0_25,D4,diameter,10,28.2,1.6193277068654826,27.3,29.2
R1,N2Vp2q0_25,D4,clustering,10,0.39779947849469466,0.005872921969350474,0.39439651225701194,0.4012609135585204
R1,N2Vp2q0_25,D4,H_norm,10,0.24549969136391675,0.002911075848337858,0.24382108623763915,0.24725493602868948
R1,N2Vp2q0_25,D4,k_max,10,137.4,43.22859136163369,112.4,163.20249999999996
R1,N2Vp2q0_25,D4,modularity,10,0.854028770023467,0.0018115988133243699,0.8530008978548108,0.8550805122053874
R1,N2Vp2q0_25,D4,frac_rewired,10,0.06636,0.012721215874802743,0.058558999999999986,0.07352
R1,N2Vp2q0_25,D4,dyn_len_frac_lmax,10,0.14473891255684818,0.00963035413540217,0.13906547243279682,0.1505031736250215
R1,N2Vp2q0_25,D4,assortativity,10,-0.07096355266289306,0.007681064303105736,-0.07557927231841603,-0.06646582568942758
R1,N2Vp2q0_25,D4,k_gini,10,0.16447513939393937,0.006122958075012395,0.16087195545454547,0.16794686858585856
R1,N2Vp2q0_25,D4,efficiency,10,0.10411195472755966,0.0024194129304275424,0.10265078710860008,0.10549319814841211
R1,N2Vp2q0_25,D8,diameter,10,29.8,0.9189365834726815,29.2,30.3
R1,N2Vp2q0_25,D8,clustering,10,0.392035870671645,0.0029837387131368387,0.3901859373312992,0.393695508056175
R1,N2Vp2q0_25,D8,H_norm,10,0.2473166115305133,0.0011942216711247461,0.2465818833952618,0.24798254616063023
R1,N2Vp2q0_25,D8,k_max,10,102.1,16.305759037155482,92.7,111.6
R1,N2Vp2q0_25,D8,modularity,10,0.855828649117437,0.0018401251581199683,0.8546729638174676,0.8568074308233853
R1,N2Vp2q0_25,D8,frac_rewired,10,0.08016,0.015228277789837054,0.07156,0.08936
R1,N2Vp2q0_25,D8,dyn_len_frac_lmax,10,0.27421560835372144,0.005892014251401796,0.2709408433575226,0.27777569714158984
R1,N2Vp2q0_25,D8,assortativity,10,-0.0740800134611489,0.006991088473275896,-0.07785972066711445,-0.06970302626413719
R1,N2Vp2q0_25,D8,k_gini,10,0.16073202020202024,0.0037014628047737906,0.15841383656565663,0.16273587464646466
R1,N2Vp2q0_25,D8,efficiency,10,0.1014797748573871,0.0012767190955919516,0.10075057113106216,0.1022509303806093
R1,N2Vp2q0_5,D16,diameter,10,33.0,0.9428090415820634,32.5,33.6
R1,N2Vp2q0_5,D16,clustering,10,0.4008428083302869,0.0020732265277780635,0.39959900130721787,0.40204759547127983
R1,N2Vp2q0_5,D16,H_norm,10,0.2525408689770125,0.0008458880769171014,0.2520724526732909,0.25307260935300424
R1,N2Vp2q0_5,D16,k_max,10,49.3,3.7431418769679454,47.2,51.5
R1,N2Vp2q0_5,D16,modularity,10,0.8598134185287216,0.0017415152057799032,0.8588055116442201,0.8608658365600451
R1,N2Vp2q0_5,D16,frac_rewired,10,0.08215999999999998,0.005846024290062434,0.07887999999999999,0.08584
R1,N2Vp2q0_5,D16,dyn_len_frac_lmax,10,0.5061135434028552,0.0027455163418021464,0.504507364756263,0.5077152757957025
R1,N2Vp2q0_5,D16,assortativity,10,-0.1161865142844229,0.005584573526722013,-0.11958551537107,-0.11299960904978895
R1,N2Vp2q0_5,D16,k_gini,10,0.1696558060606061,0.0026258758406226055,0.16825852333333333,0.17128591232323231
R1,N2Vp2q0_5,D16,efficiency,10,0.09747638247972393,0.0006579523920546515,0.0970687038190688,0.09783604618493891
R1,N2Vp2q0_5,D2,diameter,10,25.1,0.9944289260117531,24.5,25.7
R1,N2Vp2q0_5,D2,clustering,10,0.4150447785308158,0.00798470877024931,0.4102525044061692,0.4196669771393202
R1,N2Vp2q0_5,D2,H_norm,10,0.2407441874286568,0.0027888787245881823,0.23912454736013627,0.2423532599419382
R1,N2Vp2q0_5,D2,k_max,10,161.4,29.68800730560705,142.6,176.9
R1,N2Vp2q0_5,D2,modularity,10,0.8577255800428528,0.0024243482289257423,0.856353691358025,0.8591927008085911
R1,N2Vp2q0_5,D2,frac_rewired,10,0.066,0.015153144154853733,0.057999999999999996,0.0756
R1,N2Vp2q0_5,D2,dyn_len_frac_lmax,10,0.08180428796817907,0.004255701119806497,0.07918294588705214,0.0841559283080409
R1,N2Vp2q0_5,D2,assortativity,10,-0.08481183638790078,0.00875529922067364,-0.08972553776731704,-0.07960945995155334
R1,N2Vp2q0_5,D2,k_gini,10,0.18345949898989902,0.004875741734970839,0.18043315898989903,0.18608989494949496
R1,N2Vp2q0_5,D2,efficiency,10,0.11115781580539412,0.0023257607543104423,0.1097847188815682,0.11252283963566417
R1,N2Vp2q0_5,D4,diameter,10,25.3,0.8232726023485646,24.8,25.8
R1,N2Vp2q0_5,D4,clustering,10,0.4114657703952707,0.0068299293518417035,0.4074725572120267,0.4153978222557593
R1,N2Vp2q0_5,D4,H_norm,10,0.24246861287274682,0.0020842622290994676,0.24116805314786102,0.24357523313222249
R1,N2Vp2q0_5,D4,k_max,10,156.1,47.62224036915712,131.9,186.9
R1,N2Vp2q0_5,D4,modularity,10,0.8569310279563311,0.0011044818234552513,0.8562784331063159,0.8575562006172839
R1,N2Vp2q0_5,D4,frac_rewired,10,0.07804000000000001,0.02684967204434514,0.06439899999999998,0.095841
R1,N2Vp2q0_5,D4,dyn_len_frac_lmax,10,0.15966313698130258,0.007909865350541986,0.15545425420710599,0.16459961815931662
R1,N2Vp2q0_5,D4,assortativity,10,-0.08248971720488223,0.008299294902769877,-0.08720177156761409,-0.07765997533185313
R1,N2Vp2q0_5,D4,k_gini,10,0.18125346262626268,0.0039226349488298284,0.179048681919192,0.1836140841414142
R1,N2Vp2q0_5,D4,efficiency,10,0.10976777956232306,0.0034389678767662297,0.10803296168117367,0.1119318559774444
R1,N2Vp2q0_5,D8,diameter,10,26.5,0.97182531580755,25.9,27.0
R1,N2Vp2q0_5,D8,clustering,10,0.4083231129818333,0.005930829548549142,0.4049231770622704,0.41179641833028674
R1,N2Vp2q0_5,D8,H_norm,10,0.24432968534825994,0.0015795829590492018,0.24343321060618595,0.24527024237011957
R1,N2Vp2q0_5,D8,k_max,10,124.6,14.781369655376624,116.0,133.2
R1,N2Vp2q0_5,D8,modularity,10,0.8582903168044076,0.003361605802564641,0.8563208938373637,0.860315950094378
R1,N2Vp2q0_5,D8,frac_rewired,10,0.07684000000000002,0.013067278897221785,0.06928000000000001,0.084481
R1,N2Vp2q0_5,D8,dyn_len_frac_lmax,10,0.2956163420273388,0.0076329192667149,0.2911759297366122,0.30011098686375154
R1,N2Vp2q0_5,D8,assortativity,10,-0.08688515713060559,0.00734653228780227,-0.09111191022942246,-0.08252796627775195
R1,N2Vp2q0_5,D8,k_gini,10,0.17755225050505052,0.003979990714746054,0.17513258666666673,0.17978328656565656
R1,N2Vp2q0_5,D8,efficiency,10,0.10672263044309345,0.0018300332333398756,0.10563061924764057,0.10779919434144543
R1,N2Vp2q1,D16,diameter,10,31.3,0.4830458915396479,31.0,31.6
R1,N2Vp2q1,D16,clustering,10,0.41447996439093054,0.003184223709437874,0.4126453643506858,0.4163315295316515
R1,N2Vp2q1,D16,H_norm,10,0.24714468951315238,0.001148667715084261,0.24640034939839478,0.2477297021711918
R1,N2Vp2q1,D16,k_max,10,53.9,1.4491376746189437,53.1,54.8
R1,N2Vp2q1,D16,modularity,10,0.8665953933272114,0.001732178473084486,0.8655927767574738,0.8676024511656975
R1,N2Vp2q1,D16,frac_rewired,10,0.11084000000000001,0.008102564751703963,0.10584,0.11539999999999999
R1,N2Vp2q1,D16,dyn_len_frac_lmax,10,0.5350345142474637,0.002207775844335196,0.53382398445732,0.5363885440955384
R1,N2Vp2q1,D16,assortativity,10,-0.14283264817393093,0.004273038925713435,-0.14533267248758835,-0.1403448885716323
R1,N2Vp2q1,D16,k_gini,10,0.19362284040404043,0.0016128599292622482,0.19266407828282836,0.19457265989898995
R1,N2Vp2q1,D16,efficiency,10,0.10183053002051541,0.0008246959647480218,0.1013391126176548,0.10228949283658657
R1,N2Vp2q1,D2,diameter,10,23.0,0.816496580927726,22.5,23.5
R1,N2Vp2q1,D2,clustering,10,0.4334015261170122,0.008895864311665596,0.4278050415977221,0.438242623691591
R1,N2Vp2q1,D2,H_norm,10,0.23120047321148177,0.0033216851925488974,0.2292795231590804,0.23317921552286278
R1,N2Vp2q1,D2,k_max,10,177.6,36.56106003812131,156.7,199.2
R1,N2Vp2q1,D2,modularity,10,0.8648456392204877,0.0030128377408244864,0.8630149196255485,0.8665694412177329
R1,N2Vp2q1,D2,frac_rewired,10,0.1018,0.03391715396865329,0.082839,0.12196
R1,N2Vp2q1,D2,dyn_len_frac_lmax,10,0.09148153306822103,0.005224142658345681,0.08843680317595433,0.09453981172176094
R1,N2Vp2q1,D2,assortativity,10,-0.10646510537232146,0.00858807375928902,-0.11143463495287868,-0.10122472831945944
R1,N2Vp2q1,D2,k_gini,10,0.20590733333333336,0.0036220598304571023,0.20383493959595966,0.20806118171717178
R1,N2Vp2q1,D2,efficiency,10,0.1187545783227825,0.003583671645587296,0.11663966508570629,0.12081158847742772
R1,N2Vp2q1,D4,diameter,10,23.1,0.8755950357709131,22.6,23.7
R1,N2Vp2q1,D4,clustering,10,0.4286290093643112,0.007005128798458897,0.42425773386175225,0.43239403797302145
R1,N2Vp2q1,D4,H_norm,10,0.23448606912488015,0.002153159902358437,0.2332350984198973,0.23580420443431893
R1,N2Vp2q1,D4,k_max,10,181.9,39.32612928377829,159.1975,205.6
R1,N2Vp2q1,D4,modularity,10,0.8642483802673198,0.0027864828795130495,0.8626797063564945,0.865916189674523
R1,N2Vp2q1,D4,frac_rewired,10,0.10216,0.03164143556231993,0.08484,0.12156099999999999
R1,N2Vp2q1,D4,dyn_len_frac_lmax,10,0.17683798259651654,0.00477821749079909,0.1741224829364657,0.1797153829317277
R1,N2Vp2q1,D4,assortativity,10,-0.09782347295415157,0.013026693527266023,-0.10556201474508303,-0.09044543005886732
R1,N2Vp2q1,D4,k_gini,10,0.20236983838383843,0.002557097749083168,0.20085259292929294,0.2038732105050505
R1,N2Vp2q1,D4,efficiency,10,0.11781821510491253,0.0020010830725966083,0.11657060225740995,0.11895168112808344
R1,N2Vp2q1,D8,diameter,10,24.1,0.7378647873726218,23.7,24.5
R1,N2Vp2q1,D8,clustering,10,0.42396933842848894,0.0029667150377624594,0.42218197382419015,0.42564821104641637
R1,N2Vp2q1,D8,H_norm,10,0.23609139624289996,0.0022247714741741756,0.23485395649021298,0.23747124079157944
R1,N2Vp2q1,D8,k_max,10,147.9,16.622942646301293,138.9,157.9
R1,N2Vp2q1,D8,modularity,10,0.8651799913274155,0.0015330570188760518,0.8643002699852057,0.8661316335067851
R1,N2Vp2q1,D8,frac_rewired,10,0.10016,0.015016672216055205,0.09168000000000001,0.10924099999999999
R1,N2Vp2q1,D8,dyn_len_frac_lmax,10,0.3310358585748528,0.0062467303083068165,0.32738458261306547,0.3346902125642493
R1,N2Vp2q1,D8,assortativity,10,-0.10811233764873618,0.010133750880351136,-0.11349191459639811,-0.10176671754069416
R1,N2Vp2q1,D8,k_gini,10,0.2000608646464647,0.0028446577551253455,0.1984846236363637,0.20180191414141416
R1,N2Vp2q1,D8,efficiency,10,0.11451451725735487,0.0013257022020073885,0.11383088715586157,0.11536455311243221
R1,N2Vp2q2,D16,diameter,10,28.5,1.0801234497346435,27.9,29.1
R1,N2Vp2q2,D16,clustering,10,0.43024587548399784,0.004440276314664732,0.4274816030499246,0.4326612314444719
R1,N2Vp2q2,D16,H_norm,10,0.2282823827620676,0.0026250310488824323,0.22665209754002208,0.22971288225570982
R1,N2Vp2q2,D16,k_max,10,55.7,1.7669811040931427,54.7,56.8
R1,N2Vp2q2,D16,modularity,10,0.8753359524538313,0.0023901863207450697,0.8739703278364453,0.8767492526272829
R1,N2Vp2q2,D16,frac_rewired,10,0.14952,0.015611733479092647,0.14048000000000002,0.15884099999999998
R1,N2Vp2q2,D16,dyn_len_frac_lmax,10,0.5752961014802809,0.0036389395257202272,0.5731445973451817,0.577341725025209
R1,N2Vp2q2,D16,assortativity,10,-0.18294438138531458,0.0030617024882503554,-0.1847704149397607,-0.1811775605316175
R1,N2Vp2q2,D16,k_gini,10,0.2163479919191919,0.0016520697527708445,0.21531560636363628,0.21727350868686865
R1,N2Vp2q2,D16,efficiency,10,0.11049881738003633,0.0016085155336857658,0.10959932759368625,0.11149381536865731
R1,N2Vp2q2,D2,diameter,10,22.3,0.8232726023485647,21.8,22.8
R1,N2Vp2q2,D2,clustering,10,0.447553463808673,0.007019543103529639,0.44350143210793697,0.45173055071471596
R1,N2Vp2q2,D2,H_norm,10,0.21405465389443834,0.004909723009371238,0.2112073644652594,0.21691026683183226
R1,N2Vp2q2,D2,k_max,10,170.0,29.124254878403708,153.1,186.8
R1,N2Vp2q2,D2,modularity,10,0.8770363167023772,0.0025454091531398465,0.8754863053259871,0.8785106208550146
R1,N2Vp2q2,D2,frac_rewired,10,0.15772,0.029507392670688852,0.140199,0.1742
R1,N2Vp2q2,D2,dyn_len_frac_lmax,10,0.09680119623698513,0.004118015219435768,0.09459886378166654,0.09949800568148404
R1,N2Vp2q2,D2,assortativity,10,-0.13294197387421355,0.015078967422581118,-0.14206770019799705,-0.12425591821405388
R1,N2Vp2q2,D2,k_gini,10,0.22619208888888886,0.0030387415401115464,0.22438478060606057,0.22796797404040406
R1,N2Vp2q2,D2,efficiency,10,0.125181933277994,0.003173531894316649,0.1232611183675924,0.12688773351777333
R1,N2Vp2q2,D4,diameter,10,21.3,0.9486832980505138,20.7,21.8
R1,N2Vp2q2,D4,clustering,10,0.4468739613002161,0.007556277641300822,0.44265708004353327,0.4514502777707938
R1,N2Vp2q2,D4,H_norm,10,0.21221037491826328,0.0036098834997053708,0.20998059474012143,0.2143102795645877
R1,N2Vp2q2,D4,k_max,10,174.8,43.432706570049255,150.3,200.40249999999997
R1,N2Vp2q2,D4,modularity,10,0.8759598668503215,0.002073722439926026,0.8747977957478826,0.8772337744745435
R1,N2Vp2q2,D4,frac_rewired,10,0.16856,0.038929771526572184,0.147279,0.19307999999999997
R1,N2Vp2q2,D4,dyn_len_frac_lmax,10,0.19580587812049716,0.009147587858604754,0.19029820786298715,0.20100153133101553
R1,N2Vp2q2,D4,assortativity,10,-0.1364378462276959,0.018406502385259576,-0.1475821568375235,-0.12594771505354696
R1,N2Vp2q2,D4,k_gini,10,0.22664842828282827,0.0027610200957683805,0.22509000313131314,0.22832959595959595
R1,N2Vp2q2,D4,efficiency,10,0.12812652058602186,0.0036731791656607195,0.12596332093277873,0.13031271190934876
R1,N2Vp2q2,D8,diameter,10,23.5,0.97182531580755,22.9,24.1
R1,N2Vp2q2,D8,clustering,10,0.44483387276844005,0.007544655338804996,0.4409088854747877,0.44969859082277186
R1,N2Vp2q2,D8,H_norm,10,0.21248334281561648,0.0029699653529561003,0.21078012362188647,0.21419992962070197
R1,N2Vp2q2,D8,k_max,10,131.5,15.586675220984251,122.3,140.4
R1,N2Vp2q2,D8,modularity,10,0.8783818069584735,0.0030262430401361198,0.8765014651693703,0.8799784536654424
R1,N2Vp2q2,D8,frac_rewired,10,0.17916,0.04081283022667151,0.15416,0.20260000000000003
R1,N2Vp2q2,D8,dyn_len_frac_lmax,10,0.3649116451528728,0.007812433059554245,0.36035426509681273,0.36959652439569074
R1,N2Vp2q2,D8,assortativity,10,-0.15611712757002727,0.007709569558804174,-0.1606250077847209,-0.1516148975782568
R1,N2Vp2q2,D8,k_gini,10,0.2265941616161616,0.0016091154801228967,0.22565205020202023,0.2275389511111111
R1,N2Vp2q2,D8,efficiency,10,0.12127872773217414,0.0014850794523343063,0.12041224792615607,0.12214594165746824
R1,RW,D16,diameter,10,31.3,0.8232726023485646,30.8,31.8
R1,RW,D16,clustering,10,0.4133395336105738,0.0034742829001017947,0.411171939296156,0.41519960447461146
R1,RW,D16,H_norm,10,0.24703351551404298,0.0017903207082027891,0.2460273758499328,0.24812697153204402
R1,RW,D16,k_max,10,55.3,2.1628170930011112,54.0,56.5
R1,RW,D16,modularity,10,0.8668231736557492,0.003384853829540852,0.8649229566880932,0.8689502428323639
R1,RW,D16,frac_rewired,10,0.10052000000000001,0.010075360484314637,0.094719,0.10647999999999999
R1,RW,D16,dyn_len_frac_lmax,10,0.5347742099145744,0.0037521191664426825,0.532582721800241,0.5369983824499666
R1,RW,D16,assortativity,10,-0.14030488775754332,0.004526129521006278,-0.1427527473684221,-0.13744880711248478
R1,RW,D16,k_gini,10,0.19171261010101012,0.002554964754815261,0.19026350262626268,0.1932725212121212
R1,RW,D16,efficiency,10,0.10194072915261854,0.0007892135307416395,0.10148169408446381,0.10242163519339988
R1,RW,D2,diameter,10,22.6,0.9660917830792958,22.0,23.2
R1,RW,D2,clustering,10,0.427982298770627,0.006581724133765833,0.42414336717804374,0.43179669168127127
R1,RW,D2,H_norm,10,0.23256854654646614,0.0025639250296785126,0.23102829585691845,0.2340351880776639
R1,RW,D2,k_max,10,164.9,32.432665289454356,146.8,185.3
R1,RW,D2,modularity,10,0.8642833522089581,0.001959833225278446,0.8630896122079379,0.8653832293643507
R1,RW,D2,frac_rewired,10,0.11144000000000001,0.027517881055375205,0.09603899999999999,0.12832099999999996
R1,RW,D2,dyn_len_frac_lmax,10,0.089453640630589,0.0036510253987591264,0.087370187596351,0.09170150983145486
R1,RW,D2,assortativity,10,-0.10711982795164868,0.008483739263082523,-0.11190074248409085,-0.1019040178896936
R1,RW,D2,k_gini,10,0.2033246747474748,0.003025865296002478,0.20153580858585857,0.20512706101010103
R1,RW,D2,efficiency,10,0.11908585886303424,0.003958051591426829,0.11677594759527885,0.1213102296491156
R1,RW,D4,diameter,10,23.3,1.1595018087284057,22.6,24.0
R1,RW,D4,clustering,10,0.4260971125924434,0.00639638000055164,0.4222652865851064,0.42983500484527004
R1,RW,D4,H_norm,10,0.23395379385642925,0.0015466828005861455,0.23306694882154239,0.23489523455628925
R1,RW,D4,k_max,10,157.9,38.75693486332478,136.8,181.6
R1,RW,D4,modularity,10,0.8635076379961231,0.0023831810586012504,0.8621892069176615,0.8649700600448934
R1,RW,D4,frac_rewired,10,0.11599999999999999,0.03773451117125188,0.0936,0.13796099999999997
R1,RW,D4,dyn_len_frac_lmax,10,0.1740094427875179,0.01002518376449493,0.168522850215226,0.18024138323001385
R1,RW,D4,assortativity,10,-0.1079712313296796,0.012024611503430961,-0.11484902377987519,-0.10092583728391773
R1,RW,D4,k_gini,10,0.20287511515151518,0.0026937309001441763,0.20120063464646465,0.20438089606060605
R1,RW,D4,efficiency,10,0.11727584576405152,0.004759250137724142,0.11472117178574842,0.1203172964714396
R1,RW,D8,diameter,10,23.8,1.0327955589886444,23.3,24.5
R1,RW,D8,clustering,10,0.4314405077925524,0.006654135167150404,0.42709329439636107,0.4349908731273106
R1,RW,D8,H_norm,10,0.2335904465223709,0.0032733476687884324,0.2317367087739982,0.23562752953081684
R1,RW,D8,k_max,10,133.3,19.55647093817173,121.4,144.3
R1,RW,D8,modularity,10,0.8660980466278951,0.0014790289107468797,0.8652274154678093,0.8669647636848281
R1,RW,D8,frac_rewired,10,0.09048,0.024472242779660935,0.07724,0.10600000000000001
R1,RW,D8,dyn_len_frac_lmax,10,0.3338814527360668,0.008990745920228898,0.3283043386927595,0.33880863002254313
R1,RW,D8,assortativity,10,-0.11819249860663891,0.007286497483276974,-0.12255728535314692,-0.1140490833960138
R1,RW,D8,k_gini,10,0.20309093737373737,0.0029976025343412377,0.20141411313131313,0.20488821262626258
R1,RW,D8,efficiency,10,0.11537051382518862,0.002989434395144723,0.11356700984723286,0.11702205141241735
R1,RWD,D16,diameter,10,26.1,0.7378647873726217,25.7,26.5
R1,RWD,D16,clustering,10,0.45308758615252087,0.002266407087749389,0.4518217183631502,0.45443829741127584
R1,RWD,D16,H_norm,10,0.1962879644744922,0.0030663555740416087,0.1945027268596616,0.19812370025520204
R1,RWD,D16,k_max,10,59.9,0.31622776601683794,59.7,60.0
R1,RWD,D16,modularity,10,0.8776834339415011,0.00252126428600699,0.8763141685067164,0.879275246990103
R1,RWD,D16,frac_rewired,10,0.12152,0.008588985194227934,0.11628000000000001,0.12656
R1,RWD,D16,dyn_len_frac_lmax,10,0.6271196330442402,0.004574968501517307,0.6243718137761087,0.6297047338527527
R1,RWD,D16,assortativity,10,-0.22252268100223463,0.004839444903553623,-0.22530733762594285,-0.21970270746119633
R1,RWD,D16,k_gini,10,0.23291617974836779,0.001582470664042731,0.23193065581662742,0.23381709878987897
R1,RWD,D16,efficiency,10,0.12129387911453374,0.0007833678625416375,0.12088753120757761,0.1217976176827561
R1,RWD,D2,diameter,10,14.6,1.429840705968481,13.8,15.5
R1,RWD,D2,clustering,10,0.49266612605853266,0.009789919446735641,0.4862878111739618,0.4976928691989226
R1,RWD,D2,H_norm,10,0.10353443966731724,0.013590914615394769,0.09504720433429019,0.11114967644779726
R1,RWD,D2,k_max,10,351.2,100.95521559362624,294.5,412.8
R1,RWD,D2,modularity,10,0.8728788164473015,0.010514073078472075,0.8665064687276809,0.8789658303106828
R1,RWD,D2,frac_rewired,10,0.32660000000000006,0.052766066536911564,0.29523800000000006,0.35704
R1,RWD,D2,dyn_len_frac_lmax,10,0.18072510290124616,0.012603585351186783,0.1733682856710202,0.18807574814789874
R1,RWD,D2,assortativity,10,-0.2170386977442822,0.04071339359939519,-0.24063815237490296,-0.19268549062378065
R1,RWD,D2,k_gini,10,0.25696512323232323,0.0009463774696282744,0.2564320642424242,0.2575280625252525
R1,RWD,D2,efficiency,10,0.17982069044790022,0.010671962932221293,0.1736525169987065,0.18603797678373288
R1,RWD,D4,diameter,10,15.0,1.1547005383792515,14.4,15.7
R1,RWD,D4,clustering,10,0.503632838320032,0.021523911053789008,0.49053959334938635,0.5158485321040143
R1,RWD,D4,H_norm,10,0.10766047901366224,0.014483049944553801,0.09937067848805305,0.11655508693248595
R1,RWD,D4,k_max,10,385.1,109.59161565659218,318.3,447.5
R1,RWD,D4,modularity,10,0.867312175798388,0.013756480975969328,0.8588954219850015,0.8751292071599837
R1,RWD,D4,frac_rewired,10,0.23647999999999997,0.08620921322251146,0.18780000000000002,0.28824499999999986
R1,RWD,D4,dyn_len_frac_lmax,10,0.35739814400121567,0.026531143623056187,0.34141773750344,0.3725990587155648
R1,RWD,D4,assortativity,10,-0.21076813972742311,0.03681331971769644,-0.23197337426196496,-0.18901844100099718
R1,RWD,D4,k_gini,10,0.25680151111111116,0.0016706285784315942,0.25572610222222225,0.25767262676767677
R1,RWD,D4,efficiency,10,0.18335363253643308,0.0124826751503684,0.1760510347546687,0.19081411664089015
R1,RWD,D8,diameter,10,17.2,1.3984117975602022,16.4,18.1
R1,RWD,D8,clustering,10,0.4841467165397991,0.009903486976092127,0.47806636788777146,0.48958629582087665
R1,RWD,D8,H_norm,10,0.1450913792375349,0.007003113992841226,0.14100283892181165,0.14923152153908847
R1,RWD,D8,k_max,10,198.8,23.432171616533253,185.2,212.8
R1,RWD,D8,modularity,10,0.8804901499846954,0.004040599083091986,0.8781843486123864,0.8829098972298746
R1,RWD,D8,frac_rewired,10,0.19768,0.05648482195343376,0.1672,0.23264999999999988
R1,RWD,D8,dyn_len_frac_lmax,10,0.5094468453405865,0.011524821513034349,0.5022915778828648,0.5156276672098583
R1,RWD,D8,assortativity,10,-0.22569545095762802,0.013498891390064192,-0.23365658480531257,-0.21767406770274875
R1,RWD,D8,k_gini,10,0.25092324444444447,0.0011810923289092157,0.25022752393939396,0.2516018242424243
R1,RWD,D8,efficiency,10,0.1620553569938603,0.0038709946002856164,0.15981805300424637,0.16438981206783596
R1,RWI,D16,diameter,10,38.4,0.5163977794943222,38.1,38.7
R1,RWI,D16,clustering,10,0.3674334933954953,0.0027668626504922926,0.3659951445831965,0.3692149498390517
R1,RWI,D16,H_norm,10,0.216414388130368,0.0009622945890720692,0.21583436762384417,0.21699533424178175
R1,RWI,D16,k_max,10,13.7,0.674948557710553,13.3,14.1
R1,RWI,D16,modularity,10,0.8626618824609735,0.0021801474822366875,0.8614043447097237,0.8639722050300991
R1,RWI,D16,frac_rewired,10,0.11979999999999999,0.009559637371086137,0.11376,0.125
R1,RWI,D16,dyn_len_frac_lmax,10,0.47619905922837613,0.001957912381591362,0.47508002633763985,0.4773789254194842
R1,RWI,D16,assortativity,10,-0.1043871697614109,0.006234540546441807,-0.10779648844353791,-0.10041706958522384
R1,RWI,D16,k_gini,10,0.09379861010101014,0.0008744645997314398,0.09327553585858588,0.094295056969697
R1,RWI,D16,efficiency,10,0.08963729607383451,0.00036721390072499553,0.08942028522213415,0.08984834327684751
R1,RWI,D2,diameter,10,36.8,1.6193277068654826,35.8,37.7
R1,RWI,D2,clustering,10,0.36467108558108724,0.0028344243482814092,0.3628346153402168,0.36611296778221936
R1,RWI,D2,H_norm,10,0.21493347897362564,0.001818165491025867,0.2138667182641296,0.2160086058639337
R1,RWI,D2,k_max,10,14.1,0.9944289260117533,13.5,14.7
R1,RWI,D2,modularity,10,0.8612737302316089,0.0020735981645137497,0.8600299161182532,0.8624837814891338
R1,RWI,D2,frac_rewired,10,0.10884,0.00801432051600966,0.10407899999999999,0.11332
R1,RWI,D2,dyn_len_frac_lmax,10,0.06027582256308793,0.00021052427034833605,0.06015568327135818,0.06040042411187189
R1,RWI,D2,assortativity,10,-0.09921668949608078,0.008557964260805026,-0.10434396208465242,-0.09426593557899433
R1,RWI,D2,k_gini,10,0.0926011111111111,0.001511710419007238,0.09174158030303031,0.09346331717171714
R1,RWI,D2,efficiency,10,0.0918709302734554,0.000668342341818327,0.09149964029358489,0.09227805579955545
R1,RWI,D4,diameter,10,36.5,0.7071067811865476,36.1,36.9
R1,RWI,D4,clustering,10,0.3649273231866189,0.002603870806033344,0.363363646520148,0.36641402008710394
R1,RWI,D4,H_norm,10,0.2157264505325606,0.00165018179928918,0.21470155180070935,0.2166492139514204
R1,RWI,D4,k_max,10,14.2,1.4757295747452437,13.5,15.2
R1,RWI,D4,modularity,10,0.8609464069992858,0.0014306808988279163,0.8600751369375575,0.8617372718345067
R1,RWI,D4,frac_rewired,10,0.1068,0.005631656555184767,0.103319,0.10980000000000001
R1,RWI,D4,dyn_len_frac_lmax,10,0.12045027855626773,0.0007552984698347129,0.11999886567141123,0.1208763758118649
R1,RWI,D4,assortativity,10,-0.10160888146004457,0.00670588249515951,-0.1055124584828269,-0.09772395635354564
R1,RWI,D4,k_gini,10,0.09335431111111112,0.0014185426064362721,0.0924956161616162,0.09415782010101009
R1,RWI,D4,efficiency,10,0.0922316741720537,0.0005035911448058441,0.09191682425610506,0.09250133782311552
R1,RWI,D8,diameter,10,36.0,0.6666666666666666,35.6,36.4
R1,RWI,D8,clustering,10,0.364949807081809,0.002971869155649055,0.3632392659229677,0.3667240954378976
R1,RWI,D8,H_norm,10,0.21543973023240898,0.0014610792338856605,0.21453245775616217,0.21624329915073692
R1,RWI,D8,k_max,10,13.9,0.7378647873726218,13.5,14.3
R1,RWI,D8,modularity,10,0.8623896209570452,0.001819864695799897,0.8612697222222222,0.8634009054815838
R1,RWI,D8,frac_rewired,10,0.10204000000000002,0.006356658800904066,0.09808000000000001,0.1056
R1,RWI,D8,dyn_len_frac_lmax,10,0.24077240301021047,0.0012383592635389737,0.24007796098682463,0.24153776271911584
R1,RWI,D8,assortativity,10,-0.10158761267578975,0.006211739953777177,-0.10505728608896486,-0.09775106311325667
R1,RWI,D8,k_gini,10,0.09310571717171715,0.001161148193289044,0.09236775444444446,0.0937148334343434
R1,RWI,D8,efficiency,10,0.09190223903379525,0.000650249498482391,0.0914981080588186,0.09225406447579833
R1,SP,D16,diameter,10,20.7,0.674948557710553,20.3,21.1
R1,SP,D16,clustering,10,0.24305515489589347,0.002971524301712835,0.24137771070246825,0.24488664530980064
R1,SP,D16,H_norm,10,0.25864665952540883,0.0008443071850769285,0.25815092742216883,0.25913318745719316
R1,SP,D16,k_max,10,44.5,10.058164179743075,38.4,50.2
R1,SP,D16,modularity,10,0.8257350822379491,0.003817064825423799,0.82356773388311,0.8280151910348482
R1,SP,D16,frac_rewired,10,0.0052,0.0033146141052416136,0.00332,0.007200000000000001
R1,SP,D16,dyn_len_frac_lmax,10,0.6940880598133621,0.0041775616674351295,0.6915897023465793,0.696482040034149
R1,SP,D16,assortativity,10,0.031230232534007817,0.005586878147583077,0.028210313288848,0.03476585737914228
R1,SP,D16,k_gini,10,0.15634820939691213,0.00217619959904821,0.15503782338441263,0.1575707332331116
R1,SP,D16,efficiency,10,0.1309200076363727,0.0016263271670832712,0.12990490399410212,0.13183503353668657
R1,SP,D2,diameter,10,3.9,0.31622776601683794,3.7,4.0
R1,SP,D2,clustering,10,0.4402147864307982,0.02302866582898682,0.42750226990785967,0.4542681950303906
R1,SP,D2,H_norm,10,0.1220929082704002,0.019353260368007743,0.11030274306291285,0.13326334874499132
R1,SP,D2,k_max,10,2369.9,190.07217927233154,2242.5,2447.7
R1,SP,D2,modularity,10,0.549079030711152,0.036102939280351846,0.5273271871492705,0.569102203372105
R1,SP,D2,frac_rewired,10,0.00044,0.0011384199576606165,0.0,0.00116
R1,SP,D2,dyn_len_frac_lmax,10,0.463145436639908,0.029157989080556928,0.447418339335409,0.48136516683817515
R1,SP,D2,assortativity,10,-0.1754239346261135,0.028363560964903903,-0.19355355332358354,-0.16004670251505498
R1,SP,D2,k_gini,10,0.25598730101010103,0.0028119773003315966,0.25436467969696974,0.25760446121212116
R1,SP,D2,efficiency,10,0.49220337735094033,0.0073916864690046335,0.4874376665332799,0.49603337688408694
R1,SP,D4,diameter,10,7.3,0.8232726023485646,6.8,7.8
R1,SP,D4,clustering,10,0.3318568606537979,0.01082821338189981,0.32537771668983667,0.3381027404130114
R1,SP,D4,H_norm,10,0.18141746974031442,0.007853564159262926,0.17692963829701933,0.18621782797921688
R1,SP,D4,k_max,10,947.9,0.31622776601683794,947.7,948.0
R1,SP,D4,modularity,10,0.7277153688399143,0.012331496156188334,0.7203695213626161,0.7347170407866545
R1,SP,D4,frac_rewired,10,0.00048000000000000007,0.00045411696975803734,0.00024000000000000003,0.00076
R1,SP,D4,dyn_len_frac_lmax,10,0.5276621711100258,0.0394091829024879,0.5036390694453452,0.5496482948855856
R1,SP,D4,assortativity,10,-0.07382015761344937,0.00805137012547315,-0.0790255597352801,-0.06945341858210942
R1,SP,D4,k_gini,10,0.2414353333333333,0.0032008084666831586,0.23945191373737376,0.24313952323232318
R1,SP,D4,efficiency,10,0.3231156948112578,0.004337807032899318,0.32057500878256057,0.32567620576611594
R1,SP,D8,diameter,10,11.5,0.5270462766947299,11.2,11.8
R1,SP,D8,clustering,10,0.25821946950704866,0.006081732927521559,0.25465388359088603,0.2617848109300184
R1,SP,D8,H_norm,10,0.22866024305160776,0.0035851209129361427,0.2265548697879046,0.23074291677785772
R1,SP,D8,k_max,10,219.0,35.58713875045933,195.9,235.7
R1,SP,D8,modularity,10,0.7948302280379552,0.006577445412669424,0.7909850783848588,0.7987943547469645
R1,SP,D8,frac_rewired,10,0.00256,0.0022721502297750177,0.00144,0.004079999999999999
R1,SP,D8,dyn_len_frac_lmax,10,0.6125972108498259,0.011672140367410011,0.6056426129207236,0.619109123504346
R1,SP,D8,assortativity,10,-0.04165620355275854,0.010026178918176023,-0.04781451301595964,-0.036273464918922596
R1,SP,D8,k_gini,10,0.21711221414141413,0.0026649069233689623,0.21551531424242426,0.2186989835353535
R1,SP,D8,efficiency,10,0.20808088983010223,0.0029673927440372096,0.20642298634336848,0.20986910288961177
R2,CR,D16,diameter,10,23.0,0.0,23.0,23.0
R2,CR,D16,clustering,10,0.14276959183334692,0.0013124234946787939,0.1420075351455301,0.1435386842785264
R2,CR,D16,H_norm,10,0.2522497331189582,0.0012345368589463967,0.2515064278710757,0.25295809269899994
R2,CR,D16,k_max,10,17.6,1.4298407059684815,16.8,18.4
R2,CR,D16,modularity,10,0.7861559519436792,0.0030819394569264135,0.7842924148811347,0.7879020399449036
R2,CR,D16,frac_rewired,10,0.18392,0.009842854147948034,0.17816,0.18984
R2,CR,D16,dyn_len_frac_lmax,10,0.7689858882430348,0.0018305319487661748,0.767937810331765,0.7700985086238905
R2,CR,D16,assortativity,10,0.03054639618193592,0.007048543947808997,0.026372060636016603,0.03467254464099347
R2,CR,D16,k_gini,10,0.13103995959595963,0.0019501534673986528,0.12987185838383838,0.13214850101010106
R2,CR,D16,efficiency,10,0.13737523306409682,0.00036323172492976194,0.13716718408516346,0.13758989665647028
R2,CR,D2,diameter,10,7.0,0.0,7.0,7.0
R2,CR,D2,clustering,10,0.09614026406749332,0.001734718142917641,0.09516377288281808,0.09718015749551166
R2,CR,D2,H_norm,10,0.25982206199708996,0.0010060454912025098,0.2591784852788222,0.26037306374574815
R2,CR,D2,k_max,10,27.2,4.1041983924323695,25.1,29.9
R2,CR,D2,modularity,10,0.5364975624936231,0.007227223296519948,0.532317282050301,0.5407149774640342
R2,CR,D2,frac_rewired,10,0.8872,0.006832601586836774,0.88296,0.89096
R2,CR,D2,dyn_len_frac_lmax,10,0.44166087624158995,0.009344466292559212,0.4360228395291543,0.4469674744800179
R2,CR,D2,assortativity,10,0.05823558829255614,0.013257716590757562,0.04999451975080981,0.06537913778656124
R2,CR,D2,k_gini,10,0.15121046868686874,0.0011346012526127901,0.15052676535353543,0.15184682313131315
R2,CR,D2,efficiency,10,0.23903759012176296,0.0004630956680772397,0.2387678448846205,0.23930430178738157
R2,CR,D4,diameter,10,8.3,0.4830458915396479,8.0,8.6
R2,CR,D4,clustering,10,0.10481497892516753,0.0017702368826375897,0.10373175165561041,0.10580999350958759
R2,CR,D4,H_norm,10,0.2623056138543833,0.0007919352168829486,0.26184541008251816,0.26278049035763434
R2,CR,D4,k_max,10,31.3,1.9465068427541912,30.1,32.4
R2,CR,D4,modularity,10,0.6346396801346803,0.004189926154645827,0.6323139235537192,0.6372495954494439
R2,CR,D4,frac_rewired,10,0.71572,0.00953692240132472,0.7101599999999999,0.72136
R2,CR,D4,dyn_len_frac_lmax,10,0.5285232114333496,0.003751911685626581,0.5262439806799991,0.5306040599424553
R2,CR,D4,assortativity,10,0.11404784362471225,0.014433909992317298,0.10583223848239681,0.12259625701992811
R2,CR,D4,k_gini,10,0.16310582222222222,0.001510185862501973,0.16220138464646466,0.16396942222222222
R2,CR,D4,efficiency,10,0.22968440492387426,0.0005237901579440351,0.22936112382413282,0.22997035345026895
R2,CR,D8,diameter,10,13.0,0.0,13.0,13.0
R2,CR,D8,clustering,10,0.11584568858843661,0.002217166599146522,0.11444719003511973,0.11705118588743167
R2,CR,D8,H_norm,10,0.26041022954952603,0.000654420166574337,0.26000490118936365,0.26076934226262816
R2,CR,D8,k_max,10,22.7,1.9465068427541912,21.6,23.9
R2,CR,D8,modularity,10,0.7211641674318947,0.005271220177850162,0.7180463509208244,0.7241522717579839
R2,CR,D8,frac_rewired,10,0.47795999999999994,0.011011832020351768,0.47156000000000003,0.484521
R2,CR,D8,dyn_len_frac_lmax,10,0.6289563575185447,0.0030056562658106814,0.6271835990860207,0.6306837945427487
R2,CR,D8,assortativity,10,0.08888599053241067,0.01128036917013647,0.08231820612450028,0.0953865973465606
R2,CR,D8,k_gini,10,0.14916270303030307,0.0019362747320337123,0.1480064556565657,0.1502604541414142
R2,CR,D8,efficiency,10,0.188237836488708,0.0006114637772398305,0.1878832383719633,0.18860245291041933
R2,N2Vp0_25q0_25,D16,diameter,10,30.2,0.7888106377466155,29.7,30.6
R2,N2Vp0_25q0_25,D16,clustering,10,0.24020189039718462,0.0027667719166369208,0.23862998482514247,0.24187483772322455
R2,N2Vp0_25q0_25,D16,H_norm,10,0.23079624651002084,0.0011132078885955617,0.23016386747333803,0.23145701661932258
R2,N2Vp0_25q0_25,D16,k_max,10,15.1,0.8755950357709131,14.6,15.6
R2,N2Vp0_25q0_25,D16,modularity,10,0.8337924747474746,0.002539345136653792,0.8323271045301499,0.8352897513391488
R2,N2Vp0_25q0_25,D16,frac_rewired,10,0.8717600000000001,0.005999111045257736,0.86804,0.8751999999999999
R2,N2Vp0_25q0_25,D16,dyn_len_frac_lmax,10,0.578072594749032,0.002898826407749628,0.5763947398949334,0.5797599531918237
R2,N2Vp0_25q0_25,D16,assortativity,10,-0.0344615016004122,0.006340249264529266,-0.037944453637524043,-0.030561678373807053
R2,N2Vp0_25q0_25,D16,k_gini,10,0.10682721212121211,0.0009221978354528393,0.10625920636363638,0.1073630343434343
R2,N2Vp0_25q0_25,D16,efficiency,10,0.10899411637196843,0.0005113503170704114,0.10870039959688074,0.10930436253114195
R2,N2Vp0_25q0_25,D2,diameter,10,15.9,0.7378647873726218,15.5,16.3
R2,N2Vp0_25q0_25,D2,clustering,10,0.19002020871285608,0.0041450978001947025,0.18766071321325767,0.19254176824841862
R2,N2Vp0_25q0_25,D2,H_norm,10,0.23188798698990754,0.0012830266311365465,0.2311689686767509,0.23268983884654498
R2,N2Vp0_25q0_25,D2,k_max,10,16.1,1.1005049346146119,15.5,16.8
R2,N2Vp0_25q0_25,D2,modularity,10,0.7903098362411999,0.004264386974643231,0.7877337501657994,0.7926650870446895
R2,N2Vp0_25q0_25,D2,frac_rewired,10,0.98192,0.002229499196381712,0.98064,0.9832799999999999
R2,N2Vp0_25q0_25,D2,dyn_len_frac_lmax,10,0.11471053689434649,0.0020001175587966687,0.11347717429927881,0.11582344290901544
R2,N2Vp0_25q0_25,D2,assortativity,10,-0.03134513202087914,0.01002903069646683,-0.037304550838804656,-0.025638765514213745
R2,N2Vp0_25q0_25,D2,k_gini,10,0.10834485656565655,0.0014781204280561223,0.10750492727272724,0.1092266075757576
R2,N2Vp0_25q0_25,D2,efficiency,10,0.1598931951303593,0.0028733558135580714,0.15818859864258966,0.1615191577934284
R2,N2Vp0_25q0_25,D4,diameter,10,16.6,0.9660917830792959,16.0,17.2
R2,N2Vp0_25q0_25,D4,clustering,10,0.19180094161394196,0.003621187488164376,0.18979652517482554,0.19403818597513614
R2,N2Vp0_25q0_25,D4,H_norm,10,0.23173398944833248,0.0011604564916720135,0.2310601021126812,0.23242679401507768
R2,N2Vp0_25q0_25,D4,k_max,10,15.6,0.8432740427115678,15.1,16.1
R2,N2Vp0_25q0_25,D4,modularity,10,0.7923524426078973,0.0028466988934325557,0.7906924800785634,0.7939996155621876
R2,N2Vp0_25q0_25,D4,frac_rewired,10,0.9799200000000001,0.002449852603275914,0.9785200000000002,0.9814
R2,N2Vp0_25q0_25,D4,dyn_len_frac_lmax,10,0.22390998354397382,0.004593012683886642,0.22121707162593005,0.22656754824310124
R2,N2Vp0_25q0_25,D4,assortativity,10,-0.03210068057126638,0.010318511458860025,-0.037903822817214265,-0.025795491828195103
R2,N2Vp0_25q0_25,D4,k_gini,10,0.10826085656565657,0.0013658075747535895,0.10741453010101008,0.10901605161616167
R2,N2Vp0_25q0_25,D4,efficiency,10,0.15557227793835465,0.00215493118306805,0.1543093473370466,0.15681977728124027
R2,N2Vp0_25q0_25,D8,diameter,10,20.7,0.8232726023485647,20.2,21.2
R2,N2Vp0_25q0_25,D8,clustering,10,0.19679635639523899,0.002850680354558721,0.19515104236662054,0.1984768313201507
R2,N2Vp0_25q0_25,D8,H_norm,10,0.2317460003060221,0.0017711352190069654,0.23059852896335473,0.2326675489267524
R2,N2Vp0_25q0_25,D8,k_max,10,15.8,1.1352924243950935,15.2,16.5
R2,N2Vp0_25q0_25,D8,modularity,10,0.8078574140393838,0.0019440850233005767,0.8065906096954393,0.8088087594888278
R2,N2Vp0_25q0_25,D8,frac_rewired,10,0.9619199999999999,0.004240754649823513,0.95936,0.96424
R2,N2Vp0_25q0_25,D8,dyn_len_frac_lmax,10,0.3880341647257608,0.0052444441183612965,0.3849566284646222,0.3910342876697286
R2,N2Vp0_25q0_25,D8,assortativity,10,-0.026887426322478192,0.003968417490532607,-0.02914401965456414,-0.0245406779346467
R2,N2Vp0_25q0_25,D8,k_gini,10,0.10806904646464646,0.0015332845806504025,0.10715444888888888,0.10895131686868684
R2,N2Vp0_25q0_25,D8,efficiency,10,0.13861121220454814,0.001276745825676443,0.13784303932941794,0.13933155420753818
R2,N2Vp0_25q0_5,D16,diameter,10,30.0,0.6666666666666666,29.6,30.4
R2,N2Vp0_25q0_5,D16,clustering,10,0.24086628893328915,0.0018344428176935857,0.2397687029553781,0.24189955051337567
R2,N2Vp0_25q0_5,D16,H_norm,10,0.22998099755048784,0.0011859581901369042,0.22935870118197857,0.23075307762065494
R2,N2Vp0_25q0_5,D16,k_max,10,15.0,0.816496580927726,14.5,15.5
R2,N2Vp0_25q0_5,D16,modularity,10,0.8339229675543312,0.002055901138925314,0.832723429241914,0.8351173785583103
R2,N2Vp0_25q0_5,D16,frac_rewired,10,0.8768,0.010324512364056517,0.8708400000000001,0.88292
R2,N2Vp0_25q0_5,D16,dyn_len_frac_lmax,10,0.5767609119594674,0.0021411097185633824,0.5755289181645454,0.5780270112083847
R2,N2Vp0_25q0_5,D16,assortativity,10,-0.03508488127844306,0.005379979321403564,-0.038297608973959424,-0.03195788015057911
R2,N2Vp0_25q0_5,D16,k_gini,10,0.10593904242424242,0.0011877809847045688,0.10529684868686869,0.10667603585858582
R2,N2Vp0_25q0_5,D16,efficiency,10,0.10885207882435273,0.0007087919136374117,0.10844062387209671,0.10926673105583397
R2,N2Vp0_25q0_5,D2,diameter,10,15.9,0.7378647873726218,15.5,16.3
R2,N2Vp0_25q0_5,D2,clustering,10,0.1880743038138336,0.003119524932028534,0.18637127916332083,0.18999400420233392
R2,N2Vp0_25q0_5,D2,H_norm,10,0.23184610994677132,0.001575297157305263,0.23093815835417475,0.23274312544966208
R2,N2Vp0_25q0_5,D2,k_max,10,15.8,0.6324555320336759,15.4,16.2
R2,N2Vp0_25q0_5,D2,modularity,10,0.7887152535455566,0.004084610569077299,0.786252015610652,0.7910388842975208
R2,N2Vp0_25q0_5,D2,frac_rewired,10,0.9808,0.0026666666666666635,0.97936,0.98248
R2,N2Vp0_25q0_5,D2,dyn_len_frac_lmax,10,0.11611315867995797,0.0027342092879101255,0.11449853459663355,0.1176932944468357
R2,N2Vp0_25q0_5,D2,assortativity,10,-0.03050572544244483,0.008204165375210903,-0.03565469283017131,-0.02629963634058428
R2,N2Vp0_25q0_5,D2,k_gini,10,0.10823320404040404,0.0016483125861008593,0.10722112272727274,0.10913538696969692
R2,N2Vp0_25q0_5,D2,efficiency,10,0.15965338998997375,0.0021019953454753104,0.1583911775494386,0.16084154186535413
R2,N2Vp0_25q0_5,D4,diameter,10,16.6,0.5163977794943222,16.3,16.9
R2,N2Vp0_25q0_5,D4,clustering,10,0.18763061747196774,0.002429855537824453,0.18627452425592184,0.18913434126151663
R2,N2Vp0_25q0_5,D4,H_norm,10,0.23128992801320333,0.0014478224842080602,0.23041244469949065,0.2321295102760139
R2,N2Vp0_25q0_5,D4,k_max,10,16.0,1.4907119849998598,15.2,16.9
R2,N2Vp0_25q0_5,D4,modularity,10,0.7892833986327925,0.0025632995952859184,0.7880858661233547,0.790973627168146
R2,N2Vp0_25q0_5,D4,frac_rewired,10,0.9803600000000001,0.0025539511872130086,0.9789200000000001,0.9819599999999999
R2,N2Vp0_25q0_5,D4,dyn_len_frac_lmax,10,0.2299160432304775,0.004082612207459842,0.22755135329428186,0.23226433848389122
R2,N2Vp0_25q0_5,D4,assortativity,10,-0.030417691773218535,0.008355556590382129,-0.035558431572540246,-0.025872057618390384
R2,N2Vp0_25q0_5,D4,k_gini,10,0.10813406464646465,0.0016917127577981183,0.10713789696969697,0.10910435959595959
R2,N2Vp0_25q0_5,D4,efficiency,10,0.1581334825224155,0.0018469891480408958,0.15703144320369034,0.15921647463985486
R2,N2Vp0_25q0_5,D8,diameter,10,20.9,0.7378647873726218,20.5,21.3
R2,N2Vp0_25q0_5,D8,clustering,10,0.1977717625838218,0.001834011455025251,0.19665998981851526,0.19880852446001734
R2,N2Vp0_25q0_5,D8,H_norm,10,0.23142414764333458,0.001821435122884136,0.23035746769469478,0.23252325210745695
R2,N2Vp0_25q0_5,D8,k_max,10,15.4,1.0749676997731399,14.9,16.1
R2,N2Vp0_25q0_5,D8,modularity,10,0.8083010218345066,0.002568350122316401,0.8068187992934394,0.8098390546882971
R2,N2Vp0_25q0_5,D8,frac_rewired,10,0.96168,0.003958899959444398,0.95928,0.9639599999999999
R2,N2Vp0_25q0_5,D8,dyn_len_frac_lmax,10,0.3883613256106942,0.004567709893902812,0.38571142070843806,0.3910307511659494
R2,N2Vp0_25q0_5,D8,assortativity,10,-0.03211888102363332,0.009236507474276224,-0.037524136882218624,-0.026615670817470113
R2,N2Vp0_25q0_5,D8,k_gini,10,0.10793563232323236,0.0018051466535998237,0.10687596353535354,0.10897128838383842
R2,N2Vp0_25q0_5,D8,efficiency,10,0.13828801724485185,0.0011270379081716496,0.13765012084330833,0.13895543186149695
R2,N2Vp0_25q1,D16,diameter,10,30.3,0.8232726023485647,29.8,30.8
R2,N2Vp0_25q1,D16,clustering,10,0.24050722531063728,0.004313220821288177,0.23810492683933746,0.24314839007365208
R2,N2Vp0_25q1,D16,H_norm,10,0.23043710946309845,0.0009459562300766743,0.22992434151089286,0.23103165030104073
R2,N2Vp0_25q1,D16,k_max,10,15.6,1.07496769977314,15.0,16.2
R2,N2Vp0_25q1,D16,modularity,10,0.8335003897561475,0.002485429393499652,0.8321411315554537,0.8349957027216611
R2,N2Vp0_25q1,D16,frac_rewired,10,0.87216,0.008208829934216488,0.8671199999999999,0.8765600000000001
R2,N2Vp0_25q1,D16,dyn_len_frac_lmax,10,0.5784475649187959,0.004297365666578031,0.5757695467113079,0.5809351987949356
R2,N2Vp0_25q1,D16,assortativity,10,-0.03803948408159666,0.00614259634974891,-0.04152140337360697,-0.03424707929288279
R2,N2Vp0_25q1,D16,k_gini,10,0.10669859797979797,0.0011767486349697567,0.10606177252525245,0.10743765676767682
R2,N2Vp0_25q1,D16,efficiency,10,0.10913168675696663,0.0004581673544286693,0.10886076566792408,0.10939840666848316
R2,N2Vp0_25q1,D2,diameter,10,16.0,0.6666666666666666,15.6,16.4
R2,N2Vp0_25q1,D2,clustering,10,0.18844448562548594,0.0035086637942646818,0.18650176156343684,0.1906661878593631
R2,N2Vp0_25q1,D2,H_norm,10,0.23263760967252564,0.0009839700537991824,0.23207736490685563,0.23322265237741088
R2,N2Vp0_25q1,D2,k_max,10,15.4,0.6992058987801011,15.0,15.8
R2,N2Vp0_25q1,D2,modularity,10,0.7895711942658912,0.003108240841129797,0.7877154292164064,0.7913541703142536
R2,N2Vp0_25q1,D2,frac_rewired,10,0.98156,0.002258416357637469,0.9802000000000002,0.9828800000000001
R2,N2Vp0_25q1,D2,dyn_len_frac_lmax,10,0.1155640029385823,0.002493905525734793,0.11410846217025067,0.11700151869893713
R2,N2Vp0_25q1,D2,assortativity,10,-0.030100301075714257,0.008633406176688717,-0.03492393899045182,-0.025113531474073452
R2,N2Vp0_25q1,D2,k_gini,10,0.10915796363636363,0.001167749471280157,0.10846228262626265,0.1098428021212121
R2,N2Vp0_25q1,D2,efficiency,10,0.1591764903177414,0.0023001788322435314,0.15785913907296778,0.16055865386493356
R2,N2Vp0_25q1,D4,diameter,10,16.6,0.5163977794943222,16.3,16.9
R2,N2Vp0_25q1,D4,clustering,10,0.1908092978002393,0.001980428284937015,0.189642728789185,0.19193245881471505
R2,N2Vp0_25q1,D4,H_norm,10,0.2313220074604781,0.001659637975183892,0.23044205161381054,0.23237607782166808
R2,N2Vp0_25q1,D4,k_max,10,16.1,1.1972189997378646,15.4,16.8
R2,N2Vp0_25q1,D4,modularity,10,0.7926249158249159,0.00285493745538436,0.7909497492475258,0.7942733023798592
R2,N2Vp0_25q1,D4,frac_rewired,10,0.9761199999999999,0.004101165146096341,0.9738,0.9785999999999998
R2,N2Vp0_25q1,D4,dyn_len_frac_lmax,10,0.2267656606311507,0.004326512694060089,0.22432212328153886,0.22936406088723965
R2,N2Vp0_25q1,D4,assortativity,10,-0.025132693095269953,0.008370274575568175,-0.03041517432751022,-0.020675000935320233
R2,N2Vp0_25q1,D4,k_gini,10,0.10795015353535357,0.0017194300705670317,0.10698077888888897,0.109026955959596
R2,N2Vp0_25q1,D4,efficiency,10,0.15640543383052355,0.0015510167568812522,0.15548846798455712,0.15729622679515531
R2,N2Vp0_25q1,D8,diameter,10,20.7,0.674948557710553,20.3,21.1
R2,N2Vp0_25q1,D8,clustering,10,0.19586078916508362,0.002132603529737472,0.19467183279384045,0.1971551016279476
R2,N2Vp0_25q1,D8,H_norm,10,0.2316441379530787,0.0014555782543816441,0.23076744106032657,0.23248943984406656
R2,N2Vp0_25q1,D8,k_max,10,15.7,1.0593499054713802,15.2,16.4
R2,N2Vp0_25q1,D8,modularity,10,0.8091101377410468,0.0020460094303558604,0.8078771569355169,0.8102852478701151
R2,N2Vp0_25q1,D8,frac_rewired,10,0.96136,0.0030416369861565465,0.95964,0.9632
R2,N2Vp0_25q1,D8,dyn_len_frac_lmax,10,0.39006342527670423,0.003929844203690555,0.3878370708811723,0.3923977515328407
R2,N2Vp0_25q1,D8,assortativity,10,-0.03229995454606262,0.009828317702918565,-0.03805144288515101,-0.02646310750222474
R2,N2Vp0_25q1,D8,k_gini,10,0.10805682020202023,0.001677102466602971,0.10707380393939397,0.109052628989899
R2,N2Vp0_25q1,D8,efficiency,10,0.13852712753898697,0.0006590937108475038,0.13815759406252395,0.138937598874513
R2,N2Vp0_25q2,D16,diameter,10,30.1,0.9944289260117531,29.5,30.7
R2,N2Vp0_25q2,D16,clustering,10,0.24379354582019302,0.0023515133647361765,0.24244115695431992,0.24517216620324134
R2,N2Vp0_25q2,D16,H_norm,10,0.23047352024315648,0.0012319695704393412,0.22976790513880088,0.23119749039933649
R2,N2Vp0_25q2,D16,k_max,10,15.4,0.9660917830792959,14.8,16.0
R2,N2Vp0_25q2,D16,modularity,10,0.8341579767370678,0.0018668611837614447,0.8330799069865321,0.8353054252244669
R2,N2Vp0_25q2,D16,frac_rewired,10,0.87432,0.006743029322525937,0.87036,0.8782
R2,N2Vp0_25q2,D16,dyn_len_frac_lmax,10,0.5749997597226029,0.003427782047022821,0.5729048220812811,0.5769186407556856
R2,N2Vp0_25q2,D16,assortativity,10,-0.031106495943100547,0.005546890600584911,-0.03433466703876293,-0.027820918573165623
R2,N2Vp0_25q2,D16,k_gini,10,0.10655907474747475,0.0011926517278655663,0.10588242363636366,0.10726724525252523
R2,N2Vp0_25q2,D16,efficiency,10,0.10859381552578318,0.0008345052464619591,0.10810955343481703,0.10910441564430103
R2,N2Vp0_25q2,D2,diameter,10,15.8,0.9189365834726815,15.2,16.3
R2,N2Vp0_25q2,D2,clustering,10,0.19170161656644033,0.003982513806478911,0.18942339872268277,0.19407034770997003
R2,N2Vp0_25q2,D2,H_norm,10,0.231721676449326,0.0020767160994774104,0.23039533402823759,0.23285472165300783
R2,N2Vp0_25q2,D2,k_max,10,15.8,1.2292725943057183,15.1,16.5
R2,N2Vp0_25q2,D2,modularity,10,0.7914198219569432,0.005236384051169029,0.7883938034511786,0.7946088775124988
R2,N2Vp0_25q2,D2,frac_rewired,10,0.9795200000000002,0.0027506766844218843,0.9779199999999999,0.98112
R2,N2Vp0_25q2,D2,dyn_len_frac_lmax,10,0.11415381808086666,0.002403960880650759,0.11275357489942302,0.11556564340865463
R2,N2Vp0_25q2,D2,assortativity,10,-0.02304917491908822,0.0117732359932805,-0.029975265514050255,-0.015877659372331463
R2,N2Vp0_25q2,D2,k_gini,10,0.10804304646464644,0.0018498598629425758,0.10688452343434345,0.10907744787878783
R2,N2Vp0_25q2,D2,efficiency,10,0.15842519975567743,0.002388493996549925,0.15702786139920696,0.15982816535061992
R2,N2Vp0_25q2,D4,diameter,10,16.0,0.6666666666666666,15.6,16.4
R2,N2Vp0_25q2,D4,clustering,10,0.1895560976800979,0.0026874011131609614,0.18796863536463554,0.1911038941946944
R2,N2Vp0_25q2,D4,H_norm,10,0.23228792983656382,0.0018070418472213284,0.2312199770071968,0.23336203016479626
R2,N2Vp0_25q2,D4,k_max,10,15.5,0.8498365855987975,14.997500000000002,16.0
R2,N2Vp0_25q2,D4,modularity,10,0.7914179527599225,0.003791511976639551,0.7891228330782574,0.7935743535225999
R2,N2Vp0_25q2,D4,frac_rewired,10,0.97952,0.0018742702283525957,0.97836,0.98056
R2,N2Vp0_25q2,D4,dyn_len_frac_lmax,10,0.22705661335502936,0.0031638733101999137,0.2252064624535622,0.22893772546969982
R2,N2Vp0_25q2,D4,assortativity,10,-0.03133825716542312,0.010110142625963483,-0.03745675257207655,-0.02552017606635036
R2,N2Vp0_25q2,D4,k_gini,10,0.1089566505050505,0.0018783781143921372,0.10780414565656565,0.10999332424242425
R2,N2Vp0_25q2,D4,efficiency,10,0.15706629660778007,0.0019373733678686481,0.15589906104814263,0.15816109115955246
R2,N2Vp0_25q2,D8,diameter,10,20.5,0.5270462766947299,20.2,20.8
R2,N2Vp0_25q2,D8,clustering,10,0.19936749087513822,0.003008933821888344,0.19776224686979715,0.2012495854482123
R2,N2Vp0_25q2,D8,H_norm,10,0.23139342127349954,0.0015338830809180199,0.23048890596513036,0.23229370937412383
R2,N2Vp0_25q2,D8,k_max,10,15.9,1.3703203194062978,15.1,16.7
R2,N2Vp0_25q2,D8,modularity,10,0.8091833333333334,0.0033785797152118147,0.8073067495281094,0.8112939456815632
R2,N2Vp0_25q2,D8,frac_rewired,10,0.9612,0.0036368484525295627,0.9591199999999999,0.96336
R2,N2Vp0_25q2,D8,dyn_len_frac_lmax,10,0.38523628157669043,0.0045639033032301955,0.3823977295673136,0.3877525377606913
R2,N2Vp0_25q2,D8,assortativity,10,-0.02776895824450502,0.011782346965963216,-0.034517614443815056,-0.020810687970377693
R2,N2Vp0_25q2,D8,k_gini,10,0.10769456969696971,0.001465415136435431,0.10685781929292933,0.10856826141414139
R2,N2Vp0_25q2,D8,efficiency,10,0.13813487809316316,0.0016168656724824134,0.13707236705283718,0.13895847572185055
R2,N2Vp0_5q0_25,D16,diameter,10,30.3,0.6749485577105528,29.9,30.7
R2,N2Vp0_5q0_25,D16,clustering,10,0.24163515972916,0.0017826160117168932,0.2406266219502723,0.24272341279276288
R2,N2Vp0_5q0_25,D16,H_norm,10,0.23070650439995388,0.0013501727652611099,0.22995577321965666,0.23154479357119828
R2,N2Vp0_5q0_25,D16,k_max,10,14.7,0.674948557710553,14.3,15.1
R2,N2Vp0_5q0_25,D16,modularity,10,0.8349224762779308,0.0032010266346165885,0.8331348969492909,0.8368481369120497
R2,N2Vp0_5q0_25,D16,frac_rewired,10,0.8776400000000001,0.008555076465662545,0.8726,0.88272
R2,N2Vp0_5q0_25,D16,dyn_len_frac_lmax,10,0.5755107195279868,0.0027595769048217008,0.573852561706243,0.5771218328114701
R2,N2Vp0_5q0_25,D16,assortativity,10,-0.03535224918364159,0.006678669868427218,-0.039217954021613204,-0.031419246789825536
R2,N2Vp0_5q0_25,D16,k_gini,10,0.10656061010101008,0.0014029410804638376,0.10572632757575755,0.10737861505050503
R2,N2Vp0_5q0_25,D16,efficiency,10,0.10873089697931862,0.00047200943170760756,0.10844219147213706,0.1090080207345836
R2,N2Vp0_5q0_25,D2,diameter,10,16.0,0.9428090415820634,15.4,16.5
R2,N2Vp0_5q0_25,D2,clustering,10,0.18814494401848603,0.0016455039636772124,0.18719244202256322,0.18911515896342238
R2,N2Vp0_5q0_25,D2,H_norm,10,0.23153438754454186,0.0013763508315809926,0.23071967617062764,0.23233870562211725
R2,N2Vp0_5q0_25,D2,k_max,10,16.3,1.7029386365926402,15.4,17.4
R2,N2Vp0_5q0_25,D2,modularity,10,0.7899115074992349,0.0030850834472525355,0.7880916054739313,0.7916452410978473
R2,N2Vp0_5q0_25,D2,frac_rewired,10,0.9803200000000001,0.003237557378298945,0.9783999999999999,0.9821199999999999
R2,N2Vp0_5q0_25,D2,dyn_len_frac_lmax,10,0.11539513856294337,0.0022233586969185324,0.11404102307358777,0.11666538794238404
R2,N2Vp0_5q0_25,D2,assortativity,10,-0.03264256409082572,0.007010367096602211,-0.03680294046709402,-0.02857375075264118
R2,N2Vp0_5q0_25,D2,k_gini,10,0.10792846060606062,0.0009555890813423021,0.10736359747474748,0.10846878515151516
R2,N2Vp0_5q0_25,D2,efficiency,10,0.15883354444849768,0.00226047454172468,0.15744627127391933,0.16012155841742798
R2,N2Vp0_5q0_25,D4,diameter,10,16.5,0.8498365855987975,16.0,17.0
R2,N2Vp0_5q0_25,D4,clustering,10,0.18990556709956752,0.00191717962838776,0.18881685669885714,0.1910402444583199
R2,N2Vp0_5q0_25,D4,H_norm,10,0.2310008743665659,0.0015853386725645888,0.23007518114303097,0.2319426393425939
R2,N2Vp0_5q0_25,D4,k_max,10,15.2,0.6324555320336759,14.8,15.6
R2,N2Vp0_5q0_25,D4,modularity,10,0.7927734511784512,0.003567417015529218,0.7906285002933374,0.7948539263340476
R2,N2Vp0_5q0_25,D4,frac_rewired,10,0.9804400000000001,0.0019636700333813704,0.9792400000000001,0.98156
R2,N2Vp0_5q0_25,D4,dyn_len_frac_lmax,10,0.22487775628941747,0.004454554243387357,0.2223415492879274,0.2275549131907697
R2,N2Vp0_5q0_25,D4,assortativity,10,-0.027264020765950876,0.00819598188153286,-0.031760804532054245,-0.02209350480416556
R2,N2Vp0_5q0_25,D4,k_gini,10,0.10739363232323232,0.0016518453419734215,0.10646968626262628,0.10839469010101013
R2,N2Vp0_5q0_25,D4,efficiency,10,0.1565631841749804,0.0022085635828607243,0.15532305289640808,0.15785814791367814
R2,N2Vp0_5q0_25,D8,diameter,10,20.7,0.674948557710553,20.3,21.1
R2,N2Vp0_5q0_25,D8,clustering,10,0.20030034521034565,0.0025164121448055126,0.19881882508880055,0.20181072234709788
R2,N2Vp0_5q0_25,D8,H_norm,10,0.2317807861536302,0.0013046498169130359,0.23095802559272982,0.23247470543704665
R2,N2Vp0_5q0_25,D8,k_max,10,15.3,0.6749485577105528,14.9,15.7
R2,N2Vp0_5q0_25,D8,modularity,10,0.8090106157534945,0.003909192171030443,0.806776646808999,0.8114089858560352
R2,N2Vp0_5q0_25,D8,frac_rewired,10,0.96076,0.00418441553067252,0.95816,0.96304
R2,N2Vp0_5q0_25,D8,dyn_len_frac_lmax,10,0.3856922878775621,0.0034042348474378906,0.38372064479311674,0.3877096335656583
R2,N2Vp0_5q0_25,D8,assortativity,10,-0.03722092098309175,0.006324069773310125,-0.04082556188265042,-0.03352332905710858
R2,N2Vp0_5q0_25,D8,k_gini,10,0.1080012686868687,0.0016335327185817965,0.10701963606060604,0.1089459543434344
R2,N2Vp0_5q0_25,D8,efficiency,10,0.13786341195255936,0.0007917717063075219,0.13740037078711848,0.13831400266399
R2,N2Vp0_5q0_5,D16,diameter,10,30.1,0.7378647873726218,29.7,30.5
R2,N2Vp0_5q0_5,D16,clustering,10,0.24151713592839918,0.002402892639617995,0.24007571490497823,0.2428792473098541
R2,N2Vp0_5q0_5,D16,H_norm,10,0.23028814846321616,0.0009525817725546573,0.22973677763763736,0.23086027462656705
R2,N2Vp0_5q0_5,D16,k_max,10,15.7,1.2516655570345725,15.1,16.5
R2,N2Vp0_5q0_5,D16,modularity,10,0.8338434726048363,0.003096397988804833,0.8320798832134475,0.8356656953372104
R2,N2Vp0_5q0_5,D16,frac_rewired,10,0.8737600000000001,0.007106053757184781,0.86976,0.87812
R2,N2Vp0_5q0_5,D16,dyn_len_frac_lmax,10,0.5779212645897918,0.0022391323723186243,0.5765983760796478,0.5792151277305707
R2,N2Vp0_5q0_5,D16,assortativity,10,-0.03418968961274224,0.007358936407146935,-0.03905595413120925,-0.03048889487600944
R2,N2Vp0_5q0_5,D16,k_gini,10,0.10612150707070708,0.0008386576214467562,0.10562069171717176,0.1066032786868687
R2,N2Vp0_5q0_5,D16,efficiency,10,0.10896121800687338,0.0004148527986400451,0.10872581737144615,0.10921626307298925
R2,N2Vp0_5q0_5,D2,diameter,10,15.5,0.5270462766947299,15.2,15.8
R2,N2Vp0_5q0_5,D2,clustering,10,0.1869420108061875,0.0032228429827900113,0.18504362439978342,0.1888402051949687
R2,N2Vp0_5q0_5,D2,H_norm,10,0.23223315664856395,0.001084054460391388,0.23160509800818282,0.23286449187358815
R2,N2Vp0_5q0_5,D2,k_max,10,15.4,0.699205898780101,15.0,15.8
R2,N2Vp0_5q0_5,D2,modularity,10,0.7888500816243242,0.005324000824268012,0.7857944177507397,0.7920511063666974
R2,N2Vp0_5q0_5,D2,frac_rewired,10,0.98232,0.0033614811550201538,0.9803200000000001,0.9842000000000001
R2,N2Vp0_5q0_5,D2,dyn_len_frac_lmax,10,0.11600576919094072,0.0017169157169801476,0.11502369625500089,0.11706601288607305
R2,N2Vp0_5q0_5,D2,assortativity,10,-0.02870941933998336,0.00741158359409485,-0.03311428640837453,-0.024409660087650956
R2,N2Vp0_5q0_5,D2,k_gini,10,0.1088263676767677,0.001436173751493328,0.10799223434343437,0.10969944090909094
R2,N2Vp0_5q0_5,D2,efficiency,10,0.15999838304574796,0.0014708587615626001,0.15919438070058411,0.16090146044024223
R2,N2Vp0_5q0_5,D4,diameter,10,16.2,0.6324555320336759,15.8,16.6
R2,N2Vp0_5q0_5,D4,clustering,10,0.1895000468420472,0.0029267164781184188,0.1877246108946612,0.1910869893634147
R2,N2Vp0_5q0_5,D4,H_norm,10,0.23184593289425792,0.0020304563511957187,0.2307128239231764,0.233122876579186
R2,N2Vp0_5q0_5,D4,k_max,10,15.3,0.6749485577105528,14.9,15.7
R2,N2Vp0_5q0_5,D4,modularity,10,0.7906479762269157,0.004905577194636456,0.7877916062646669,0.7935553005560658
R2,N2Vp0_5q0_5,D4,frac_rewired,10,0.9799599999999999,0.0025885216716196313,0.97844,0.98148
R2,N2Vp0_5q0_5,D4,dyn_len_frac_lmax,10,0.22857103918757896,0.004119263955237674,0.22624775357626964,0.23101244554963166
R2,N2Vp0_5q0_5,D4,assortativity,10,-0.03420896540582769,0.005143537123666313,-0.03731449417359039,-0.03134584594916152
R2,N2Vp0_5q0_5,D4,k_gini,10,0.10829534141414139,0.0016901874926311554,0.10732725050505044,0.10931099888888889
R2,N2Vp0_5q0_5,D4,efficiency,10,0.15743977743622825,0.0022152520679070437,0.15611821644589138,0.15875611574101658
R2,N2Vp0_5q0_5,D8,diameter,10,20.4,0.5163977794943222,20.1,20.7
R2,N2Vp0_5q0_5,D8,clustering,10,0.19771094649141746,0.002843548755105656,0.19604003293944666,0.19936342793383122
R2,N2Vp0_5q0_5,D8,H_norm,10,0.23213130656330422,0.0014582479643508756,0.2312659488089343,0.23297511693413359
R2,N2Vp0_5q0_5,D8,k_max,10,15.9,0.9944289260117531,15.4,16.5
R2,N2Vp0_5q0_5,D8,modularity,10,0.8076834032241609,0.002137810206039287,0.8064154693016019,0.8089086711049892
R2,N2Vp0_5q0_5,D8,frac_rewired,10,0.9587199999999999,0.003674778904913875,0.95656,0.9608399999999999
R2,N2Vp0_5q0_5,D8,dyn_len_frac_lmax,10,0.3902845909037299,0.005173654963135288,0.3872364984500509,0.39330699435825384
R2,N2Vp0_5q0_5,D8,assortativity,10,-0.029378171463272325,0.00907408178584429,-0.034641820977209074,-0.024186095622956455
R2,N2Vp0_5q0_5,D8,k_gini,10,0.10852162020202023,0.0014540167398542454,0.10765999242424244,0.10936990373737374
R2,N2Vp0_5q0_5,D8,efficiency,10,0.13895842179773799,0.0015936568909226075,0.13800001352166238,0.1398580500589184
R2,N2Vp0_5q1,D16,diameter,10,30.2,0.6324555320336759,29.8,30.6
R2,N2Vp0_5q1,D16,clustering,10,0.2414606681096682,0.0019869815509468646,0.24026505802253312,0.24259145543068045
R2,N2Vp0_5q1,D16,H_norm,10,0.230440643019987,0.001390983576114807,0.2296039660412634,0.23121839447158873
R2,N2Vp0_5q1,D16,k_max,10,15.3,0.674948557710553,14.9,15.7
R2,N2Vp0_5q1,D16,modularity,10,0.8337461233547596,0.002622391774367379,0.8321732579711252,0.8352409025609632
R2,N2Vp0_5q1,D16,frac_rewired,10,0.8755200000000001,0.006628691843460202,0.87156,0.8792810000000002
R2,N2Vp0_5q1,D16,dyn_len_frac_lmax,10,0.5773471214600377,0.0010978206236434906,0.5767291190238758,0.5780157700652774
R2,N2Vp0_5q1,D16,assortativity,10,-0.03488141836089807,0.002823776684102201,-0.0365471770665882,-0.03324188552995049
R2,N2Vp0_5q1,D16,k_gini,10,0.10658029898989899,0.0011218348498384509,0.10588590323232323,0.10717975818181816
R2,N2Vp0_5q1,D16,efficiency,10,0.10909152802977524,0.0006234952408547561,0.10870399239161545,0.10944205240896056
R2,N2Vp0_5q1,D2,diameter,10,15.7,0.9486832980505138,15.2,16.2
R2,N2Vp0_5q1,D2,clustering,10,0.18798648606948637,0.00259676775251725,0.18653480954323484,0.18954120009157557
R2,N2Vp0_5q1,D2,H_norm,10,0.2316617913525762,0.0012749256877925162,0.23089244534123052,0.23239890912447667
R2,N2Vp0_5q1,D2,k_max,10,15.2,0.7888106377466155,14.7,15.6
R2,N2Vp0_5q1,D2,modularity,10,0.7905610024487297,0.0031874367870343232,0.7887089480410162,0.7924190223956737
R2,N2Vp0_5q1,D2,frac_rewired,10,0.98124,0.002504751041077287,0.9798,0.9827200000000001
R2,N2Vp0_5q1,D2,dyn_len_frac_lmax,10,0.11582857403916469,0.002504383618734442,0.11443087656997886,0.11733727173274612
R2,N2Vp0_5q1,D2,assortativity,10,-0.02648846539958296,0.007522255840983233,-0.031220691090111694,-0.022388355674075707
R2,N2Vp0_5q1,D2,k_gini,10,0.10802021010101007,0.0011518079465194495,0.10736498818181818,0.1087059408080808
R2,N2Vp0_5q1,D2,efficiency,10,0.15933576016573664,0.0023168398385239124,0.15800757405506802,0.16075596577931014
R2,N2Vp0_5q1,D4,diameter,10,15.9,0.5676462121975466,15.6,16.2
R2,N2Vp0_5q1,D4,clustering,10,0.1865293370616315,0.0029478981889894725,0.18491260527071018,0.1883685651559229
R2,N2Vp0_5q1,D4,H_norm,10,0.23107046953910104,0.001965729539360021,0.22989645067323564,0.23218564070100287
R2,N2Vp0_5q1,D4,k_max,10,15.6,1.0749676997731399,15.0,16.3
R2,N2Vp0_5q1,D4,modularity,10,0.7897838307315579,0.002958671971319619,0.7880079314483216,0.7914966911539637
R2,N2Vp0_5q1,D4,frac_rewired,10,0.9799200000000001,0.0036892637025111906,0.97772,0.9820799999999998
R2,N2Vp0_5q1,D4,dyn_len_frac_lmax,10,0.23072865840002038,0.004122145757690689,0.22818642708769277,0.2330027625013836
R2,N2Vp0_5q1,D4,assortativity,10,-0.030897760085355497,0.006925142551067233,-0.03490544143697377,-0.026790545236196252
R2,N2Vp0_5q1,D4,k_gini,10,0.10743739393939393,0.0016514192796233981,0.10640879020202026,0.10832437979797982
R2,N2Vp0_5q1,D4,efficiency,10,0.1576752501337087,0.0016542610983350421,0.15671483631150315,0.15864667767045654
R2,N2Vp0_5q1,D8,diameter,10,20.6,0.5163977794943222,20.3,20.9
R2,N2Vp0_5q1,D8,clustering,10,0.19608002140343353,0.0029659141699532343,0.19412594699059152,0.19745318261624029
R2,N2Vp0_5q1,D8,H_norm,10,0.23214113156297927,0.0018218623252920008,0.23100590033511692,0.2331366997917297
R2,N2Vp0_5q1,D8,k_max,10,16.1,0.9944289260117531,15.5,16.7
R2,N2Vp0_5q1,D8,modularity,10,0.807748972043669,0.002158548613990969,0.8065063969237836,0.8090089417023774
R2,N2Vp0_5q1,D8,frac_rewired,10,0.96364,0.0035948110752397787,0.9614389999999998,0.9656399999999999
R2,N2Vp0_5q1,D8,dyn_len_frac_lmax,10,0.39024480653147353,0.0039314503286216485,0.3880297136388161,0.3926840273613955
R2,N2Vp0_5q1,D8,assortativity,10,-0.028483285387583712,0.00971674088632223,-0.03390827473066786,-0.022624023072889906
R2,N2Vp0_5q1,D8,k_gini,10,0.10838133737373738,0.0016600440869246802,0.10739666848484851,0.10935445212121213
R2,N2Vp0_5q1,D8,efficiency,10,0.13897425909535158,0.0006263469903773621,0.13859950462355372,0.13933275045550095
R2,N2Vp0_5q2,D16,diameter,10,30.6,0.6992058987801011,30.2,31.0
R2,N2Vp0_5q2,D16,clustering,10,0.24518515218115225,0.0025287880458969613,0.2437441002719504,0.2467049484182485
R2,N2Vp0_5q2,D16,H_norm,10,0.23078479656056367,0.0012563008694616636,0.23007303764939893,0.23155281512789877
R2,N2Vp0_5q2,D16,k_max,10,14.8,0.6324555320336759,14.4,15.2
R2,N2Vp0_5q2,D16,modularity,10,0.8350846163656769,0.0032546467702284994,0.8330563980078565,0.8368255960871338
R2,N2Vp0_5q2,D16,frac_rewired,10,0.8772399999999999,0.006255166753261752,0.87348,0.8808810000000001
R2,N2Vp0_5q2,D16,dyn_len_frac_lmax,10,0.5741720835117092,0.002733384140478556,0.5726818764031845,0.575898508969343
R2,N2Vp0_5q2,D16,assortativity,10,-0.035550000268815704,0.00802274357374393,-0.04036994165442643,-0.030976653941045575
R2,N2Vp0_5q2,D16,k_gini,10,0.10709505050505048,0.0012682500869077753,0.10635179050505049,0.1078190129292929
R2,N2Vp0_5q2,D16,efficiency,10,0.1083716949540835,0.0006657460110733231,0.10798303189314941,0.10877035983305951
R2,N2Vp0_5q2,D2,diameter,10,16.1,1.1005049346146119,15.4,16.7
R2,N2Vp0_5q2,D2,clustering,10,0.19103704473304498,0.002296144668751883,0.1896828904900657,0.19242263898601425
R2,N2Vp0_5q2,D2,H_norm,10,0.23136086925679597,0.0009125253484815396,0.23082926585765634,0.23189622256670248
R2,N2Vp0_5q2,D2,k_max,10,15.4,0.5163977794943222,15.1,15.7
R2,N2Vp0_5q2,D2,modularity,10,0.7931020079583715,0.003785241642657757,0.7908981765763698,0.795355031348842
R2,N2Vp0_5q2,D2,frac_rewired,10,0.98024,0.0020844397062253685,0.9790789999999999,0.98152
R2,N2Vp0_5q2,D2,dyn_len_frac_lmax,10,0.11258458850883113,0.002412639898396373,0.11109691417330766,0.11395770512229136
R2,N2Vp0_5q2,D2,assortativity,10,-0.02792434592140003,0.0053826858677495275,-0.031029323482845265,-0.024904909264791972
R2,N2Vp0_5q2,D2,k_gini,10,0.10774367676767675,0.0011739475015272634,0.10700710252525251,0.10839913222222222
R2,N2Vp0_5q2,D2,efficiency,10,0.15665092012204118,0.0024822745521479775,0.1551894643720402,0.15811028049119713
R2,N2Vp0_5q2,D4,diameter,10,16.5,0.7071067811865476,16.1,16.9
R2,N2Vp0_5q2,D4,clustering,10,0.19156415459050796,0.0016462300044700793,0.19057885899084617,0.19251334272475934
R2,N2Vp0_5q2,D4,H_norm,10,0.23225836215128162,0.0016897418529752985,0.23135547897572767,0.23331464557773104
R2,N2Vp0_5q2,D4,k_max,10,15.8,0.6324555320336759,15.4,16.2
R2,N2Vp0_5q2,D4,modularity,10,0.7926260973370065,0.004051166179472871,0.7903250636032036,0.7950292742704826
R2,N2Vp0_5q2,D4,frac_rewired,10,0.9796400000000001,0.0023585306160121343,0.97844,0.98116
R2,N2Vp0_5q2,D4,dyn_len_frac_lmax,10,0.22289570197701747,0.003222468589112035,0.22107126078801442,0.22481323354942748
R2,N2Vp0_5q2,D4,assortativity,10,-0.03016225354847305,0.00783160557233553,-0.034656310550037435,-0.025538094114509673
R2,N2Vp0_5q2,D4,k_gini,10,0.1086049737373737,0.001877045137294745,0.10752478393939391,0.10969948484848484
R2,N2Vp0_5q2,D4,efficiency,10,0.15562068480321417,0.0017392213106919353,0.1545386635690279,0.15660048703626323
R2,N2Vp0_5q2,D8,diameter,10,20.6,0.9660917830792958,20.0,21.2
R2,N2Vp0_5q2,D8,clustering,10,0.20063291045555792,0.0031887573651232,0.1987475477648174,0.20246586191863736
R2,N2Vp0_5q2,D8,H_norm,10,0.2318837561380125,0.002214478101151683,0.23065803961136797,0.23323358187376603
R2,N2Vp0_5q2,D8,k_max,10,15.5,0.7071067811865476,15.1,15.9
R2,N2Vp0_5q2,D8,modularity,10,0.808329760228548,0.0026130183490170127,0.806837830030099,0.8099072510075502
R2,N2Vp0_5q2,D8,frac_rewired,10,0.9604000000000001,0.003946306289853006,0.9579600000000001,0.9625999999999999
R2,N2Vp0_5q2,D8,dyn_len_frac_lmax,10,0.3846525248840259,0.0042915801789606516,0.38214655208700604,0.3871923360100971
R2,N2Vp0_5q2,D8,assortativity,10,-0.03141685924756828,0.008580336595881845,-0.0360623732002844,-0.025978392211932624
R2,N2Vp0_5q2,D8,k_gini,10,0.10817983030303036,0.002218087661096834,0.10690410363636367,0.10952750434343438
R2,N2Vp0_5q2,D8,efficiency,10,0.13813159115562684,0.0012960521174828893,0.1373515863292115,0.13886777003418527
R2,N2Vp1q0_25,D16,diameter,10,30.2,0.6324555320336759,29.8,30.6
R2,N2Vp1q0_25,D16,clustering,10,0.24225078556737403,0.0025753680814045647,0.24077510821302908,0.24381835001665014
R2,N2Vp1q0_25,D16,H_norm,10,0.22971519419523395,0.0019201760220726345,0.22859502462397546,0.23086611395853202
R2,N2Vp1q0_25,D16,k_max,10,15.1,1.1005049346146119,14.6,15.8
R2,N2Vp1q0_25,D16,modularity,10,0.8339139546985003,0.0022508968572559343,0.8325719821574331,0.8352262140342823
R2,N2Vp1q0_25,D16,frac_rewired,10,0.8799199999999999,0.006273188096087096,0.87604,0.883441
R2,N2Vp1q0_25,D16,dyn_len_frac_lmax,10,0.5755389966908637,0.002172456038688957,0.5742933504871243,0.5768530443905623
R2,N2Vp1q0_25,D16,assortativity,10,-0.038975508892690316,0.00794801575231978,-0.043798727774017256,-0.034434717140942844
R2,N2Vp1q0_25,D16,k_gini,10,0.10610068686868686,0.001559110052414433,0.10518516393939387,0.10700750040404038
R2,N2Vp1q0_25,D16,efficiency,10,0.10871822156582436,0.0008195857023496146,0.10822256808978349,0.10917940523244887
R2,N2Vp1q0_25,D2,diameter,10,16.0,0.6666666666666666,15.6,16.4
R2,N2Vp1q0_25,D2,clustering,10,0.18911881163281194,0.002841389904405542,0.18739844470529507,0.19075024793539838
R2,N2Vp1q0_25,D2,H_norm,10,0.2316799277544186,0.0015670311788375428,0.23079658437894107,0.2326424543503014
R2,N2Vp1q0_25,D2,k_max,10,15.6,0.5163977794943222,15.3,15.9
R2,N2Vp1q0_25,D2,modularity,10,0.7888357320681563,0.00485121024957174,0.7860492824584225,0.7917397804178145
R2,N2Vp1q0_25,D2,frac_rewired,10,0.98148,0.0018286607121060002,0.9803599999999999,0.98248
R2,N2Vp1q0_25,D2,dyn_len_frac_lmax,10,0.11468053903893898,0.002290196465862647,0.11339902204255317,0.1160763735314391
R2,N2Vp1q0_25,D2,assortativity,10,-0.030853791752494066,0.008994014621568116,-0.03658828366311133,-0.025941964556456486
R2,N2Vp1q0_25,D2,k_gini,10,0.10824042020202022,0.0015799424217381806,0.10737179323232326,0.10919682343434345
R2,N2Vp1q0_25,D2,efficiency,10,0.15845386124182156,0.0023267114560209506,0.15703461066710672,0.1597510669115451
R2,N2Vp1q0_25,D4,diameter,10,16.3,0.48304589153964794,16.0,16.6
R2,N2Vp1q0_25,D4,clustering,10,0.19226266192630947,0.002009745671193571,0.19107233621737787,0.19341150722382242
R2,N2Vp1q0_25,D4,H_norm,10,0.23139280386004163,0.0011953480722439902,0.2306628710857051,0.23205542835410514
R2,N2Vp1q0_25,D4,k_max,10,15.5,0.7071067811865476,15.1,15.9
R2,N2Vp1q0_25,D4,modularity,10,0.7924019870421385,0.004317741115581018,0.7899835704775026,0.7950102994464849
R2,N2Vp1q0_25,D4,frac_rewired,10,0.97904,0.0024599909665597446,0.9775199999999998,0.98044
R2,N2Vp1q0_25,D4,dyn_len_frac_lmax,10,0.22543601536581312,0.004671771321989829,0.22273807293351577,0.22822872090354576
R2,N2Vp1q0_25,D4,assortativity,10,-0.030697813891837972,0.010799393813184335,-0.037208356180637565,-0.024721920590987673
R2,N2Vp1q0_25,D4,k_gini,10,0.10803363636363641,0.0011484011747220318,0.10733109252525252,0.10868097777777783
R2,N2Vp1q0_25,D4,efficiency,10,0.15677371402485626,0.002227949935710237,0.15549255980060514,0.15811514685606926
R2,N2Vp1q0_25,D8,diameter,10,20.7,0.674948557710553,20.3,21.1
R2,N2Vp1q0_25,D8,clustering,10,0.1978197437333912,0.0035781892214717366,0.19585513171191596,0.19995812190032225
R2,N2Vp1q0_25,D8,H_norm,10,0.23213079096236372,0.0012654608289882723,0.23135804844541838,0.23283687788445415
R2,N2Vp1q0_25,D8,k_max,10,16.3,1.4181364924121764,15.5,17.1
R2,N2Vp1q0_25,D8,modularity,10,0.8093493857769616,0.0023693686045037116,0.8079273702300785,0.810717022637996
R2,N2Vp1q0_25,D8,frac_rewired,10,0.96304,0.004914197119910144,0.96028,0.9659600000000002
R2,N2Vp1q0_25,D8,dyn_len_frac_lmax,10,0.38846411727180447,0.003563360154057496,0.3862570992833987,0.39043169353510426
R2,N2Vp1q0_25,D8,assortativity,10,-0.030925975459130305,0.005841123726621743,-0.03406111296719959,-0.027382529979720134
R2,N2Vp1q0_25,D8,k_gini,10,0.10855135353535354,0.0014355645301598328,0.10768064242424247,0.10935914949494949
R2,N2Vp1q0_25,D8,efficiency,10,0.1382600397347272,0.0009658714764492256,0.13769647195805929,0.13882080590527474
R2,N2Vp1q0_5,D16,diameter,10,30.3,0.674948557710553,29.9,30.7
R2,N2Vp1q0_5,D16,clustering,10,0.24127809146409143,0.0028510183034487647,0.23951884583194558,0.2428446060217561
R2,N2Vp1q0_5,D16,H_norm,10,0.2310218340429909,0.001669261345653873,0.23002655089879667,0.2320235636871827
R2,N2Vp1q0_5,D16,k_max,10,14.9,0.8755950357709131,14.4,15.4
R2,N2Vp1q0_5,D16,modularity,10,0.8344818401183552,0.0026931603228569937,0.8329500748010408,0.8360682848433834
R2,N2Vp1q0_5,D16,frac_rewired,10,0.8762800000000001,0.006693413014133964,0.87248,0.88032
R2,N2Vp1q0_5,D16,dyn_len_frac_lmax,10,0.578086235749953,0.003537817751995114,0.5762128976046726,0.5803649800006193
R2,N2Vp1q0_5,D16,assortativity,10,-0.03494169152305724,0.006588306335263991,-0.03882836684161281,-0.0311626590552098
R2,N2Vp1q0_5,D16,k_gini,10,0.10711641616161618,0.0013133291577177033,0.10636340383838384,0.10789025373737378
R2,N2Vp1q0_5,D16,efficiency,10,0.10936681639733441,0.000590461503548689,0.10903097739457483,0.10972088223434658
R2,N2Vp1q0_5,D2,diameter,10,16.1,0.875595035770913,15.6,16.6
R2,N2Vp1q0_5,D2,clustering,10,0.18869214550808705,0.003832926295189814,0.18650470487763895,0.19092409784659825
R2,N2Vp1q0_5,D2,H_norm,10,0.23203049926088148,0.001415967600337614,0.231182968387968,0.2328334655211575
R2,N2Vp1q0_5,D2,k_max,10,15.8,0.7888106377466155,15.3,16.3
R2,N2Vp1q0_5,D2,modularity,10,0.7888945617794103,0.004744021809086702,0.7860159077645138,0.7914784531680441
R2,N2Vp1q0_5,D2,frac_rewired,10,0.9822000000000001,0.0028174062145487275,0.98048,0.9837999999999999
R2,N2Vp1q0_5,D2,dyn_len_frac_lmax,10,0.11537007220135273,0.002171058171948015,0.11411555830888383,0.11667251971230785
R2,N2Vp1q0_5,D2,assortativity,10,-0.033304530109171934,0.005789287215254019,-0.0366226141942951,-0.029844456201959038
R2,N2Vp1q0_5,D2,k_gini,10,0.1086211515151515,0.0015401883006032227,0.10772953484848485,0.10951407757575755
R2,N2Vp1q0_5,D2,efficiency,10,0.15921396796336337,0.00155753940004553,0.15834168390217213,0.16015726344400993
R2,N2Vp1q0_5,D4,diameter,10,16.4,0.6992058987801011,16.0,16.8
R2,N2Vp1q0_5,D4,clustering,10,0.18760972041030896,0.003224814030534485,0.18585733082473116,0.1896697488420079
R2,N2Vp1q0_5,D4,H_norm,10,0.23173803283259206,0.0011638600198874954,0.23108571537265765,0.2324572215403685
R2,N2Vp1q0_5,D4,k_max,10,16.1,0.7378647873726218,15.7,16.5
R2,N2Vp1q0_5,D4,modularity,10,0.7905439225589226,0.003325983897823479,0.788636650341802,0.792451769768391
R2,N2Vp1q0_5,D4,frac_rewired,10,0.98016,0.001591086281618819,0.9792,0.9810800000000001
R2,N2Vp1q0_5,D4,dyn_len_frac_lmax,10,0.228733045903946,0.0036918018184329926,0.22649030312618118,0.2307704477796167
R2,N2Vp1q0_5,D4,assortativity,10,-0.03295399523047171,0.008162806692073326,-0.037997273120416106,-0.028374135894208837
R2,N2Vp1q0_5,D4,k_gini,10,0.10800812929292931,0.0011793835255606727,0.10731516616161617,0.10868802868686869
R2,N2Vp1q0_5,D4,efficiency,10,0.15705665606910985,0.0015992978384092955,0.15613962085911023,0.15802620013910806
R2,N2Vp1q0_5,D8,diameter,10,20.8,0.4216370213557839,20.5,21.0
R2,N2Vp1q0_5,D8,clustering,10,0.19574128109798744,0.0032406642628771366,0.19403557369525942,0.1978122848349368
R2,N2Vp1q0_5,D8,H_norm,10,0.23134020437549158,0.002023142458313532,0.23017282880830078,0.23253482039350545
R2,N2Vp1q0_5,D8,k_max,10,15.4,0.9660917830792959,14.8,16.0
R2,N2Vp1q0_5,D8,modularity,10,0.8089685409652076,0.0031355476637883505,0.8069390891490666,0.8106600018620549
R2,N2Vp1q0_5,D8,frac_rewired,10,0.9603999999999999,0.004869861964733256,0.9573600000000001,0.96304
R2,N2Vp1q0_5,D8,dyn_len_frac_lmax,10,0.39001481212023126,0.004321320564030599,0.38760731506180707,0.3926514780478159
R2,N2Vp1q0_5,D8,assortativity,10,-0.028279185878173064,0.00907244320383874,-0.033471399879546004,-0.02299766187925122
R2,N2Vp1q0_5,D8,k_gini,10,0.10769826666666664,0.0018689493628917257,0.10659264868686867,0.10881067070707066
R2,N2Vp1q0_5,D8,efficiency,10,0.13857793020106887,0.0008277941546730659,0.13810698850914946,0.1390911870499966
R2,N2Vp1q1,D16,diameter,10,30.0,0.816496580927726,29.5,30.5
R2,N2Vp1q1,D16,clustering,10,0.24037473937173964,0.002400810594215379,0.23898037957597976,0.2418258198523702
R2,N2Vp1q1,D16,H_norm,10,0.23079521238828288,0.001822424281068954,0.22973003245458223,0.23186732436291826
R2,N2Vp1q1,D16,k_max,10,14.9,0.5676462121975466,14.6,15.2
R2,N2Vp1q1,D16,modularity,10,0.8337887246199369,0.003592041874252591,0.8316486301652893,0.8358437208958269
R2,N2Vp1q1,D16,frac_rewired,10,0.8749600000000001,0.0055815569313389405,0.87192,0.8784010000000001
R2,N2Vp1q1,D16,dyn_len_frac_lmax,10,0.5786081655559336,0.003180590812424215,0.5767969130309302,0.5804950763024508
R2,N2Vp1q1,D16,assortativity,10,-0.03623277250074748,0.010755423622121155,-0.04236580066234108,-0.029854206097829402
R2,N2Vp1q1,D16,k_gini,10,0.10683606868686872,0.0016213604065228688,0.10590306959595969,0.10780658121212121
R2,N2Vp1q1,D16,efficiency,10,0.10896639568999844,0.0006762878945209736,0.10857406093468945,0.10936468038910421
R2,N2Vp1q1,D2,diameter,10,15.3,0.6749485577105528,14.9,15.7
R2,N2Vp1q1,D2,clustering,10,0.18796240251904983,0.0027378286264342546,0.18638928523959722,0.18956345190724336
R2,N2Vp1q1,D2,H_norm,10,0.23188758749679797,0.0011798748564966818,0.23125322497610473,0.23262481986657665
R2,N2Vp1q1,D2,k_max,10,15.8,1.0327955589886444,15.3,16.4
R2,N2Vp1q1,D2,modularity,10,0.7878386424854606,0.005791260077200078,0.7843169356060604,0.7910937380496886
R2,N2Vp1q1,D2,frac_rewired,10,0.98224,0.0020844397062253633,0.9810399999999999,0.9834800000000001
R2,N2Vp1q1,D2,dyn_len_frac_lmax,10,0.11648116615653659,0.0018521681919401501,0.115478223772596,0.11762607857083086
R2,N2Vp1q1,D2,assortativity,10,-0.029722933625634152,0.007416130187238757,-0.03428876329721509,-0.02542018066455911
R2,N2Vp1q1,D2,k_gini,10,0.10857892929292931,0.0010411890462913571,0.1080202298989899,0.10925574171717176
R2,N2Vp1q1,D2,efficiency,10,0.15999559242598133,0.002620392377418897,0.1585147756115921,0.1615503058821597
R2,N2Vp1q1,D4,diameter,10,16.1,0.5676462121975466,15.8,16.4
R2,N2Vp1q1,D4,clustering,10,0.18802880633745372,0.0038240074116881574,0.18571932159752055,0.19020766448600449
R2,N2Vp1q1,D4,H_norm,10,0.23193315775932472,0.0009961089113328433,0.23138257571571835,0.23255024908916
R2,N2Vp1q1,D4,k_max,10,16.0,1.1547005383792515,15.4,16.7
R2,N2Vp1q1,D4,modularity,10,0.7898512248750127,0.004667262962801721,0.7871067528185899,0.7925229479262321
R2,N2Vp1q1,D4,frac_rewired,10,0.97844,0.0028249680430837494,0.9769200000000001,0.9802399999999999
R2,N2Vp1q1,D4,dyn_len_frac_lmax,10,0.22964472680242612,0.004064997773862569,0.22717990313012348,0.23184858182978807
R2,N2Vp1q1,D4,assortativity,10,-0.02383343044106432,0.008994440910089526,-0.028769389328149108,-0.01835871311250569
R2,N2Vp1q1,D4,k_gini,10,0.10849814545454547,0.0010311162876371187,0.107923184949495,0.10912920808080813
R2,N2Vp1q1,D4,efficiency,10,0.15769317622963724,0.0017315608634736965,0.15664191119693013,0.15865242429894355
R2,N2Vp1q1,D8,diameter,10,20.4,0.8432740427115678,19.9,20.9
R2,N2Vp1q1,D8,clustering,10,0.19584402799161657,0.002924551353387372,0.19403726088943773,0.19746735030786244
R2,N2Vp1q1,D8,H_norm,10,0.23104357514341128,0.0014755161938586898,0.23020080749604369,0.23192657648177434
R2,N2Vp1q1,D8,k_max,10,15.5,0.97182531580755,14.9,16.002499999999962
R2,N2Vp1q1,D8,modularity,10,0.8068226533006836,0.002807133973447092,0.8051143017804305,0.8084111767039078
R2,N2Vp1q1,D8,frac_rewired,10,0.9612000000000002,0.00277768888746661,0.9596,0.9628799999999998
R2,N2Vp1q1,D8,dyn_len_frac_lmax,10,0.3901723163895167,0.005441531074156981,0.38700994511539194,0.39346290856184574
R2,N2Vp1q1,D8,assortativity,10,-0.03121181680893434,0.009139852657527302,-0.036347108210774345,-0.025625506499981337
R2,N2Vp1q1,D8,k_gini,10,0.10736915151515151,0.0016159042400281333,0.10644270929292926,0.10836046232323229
R2,N2Vp1q1,D8,efficiency,10,0.13938236442614804,0.0009782968946905435,0.13881640570876064,0.13996467054555678
R2,N2Vp1q2,D16,diameter,10,30.1,0.7378647873726218,29.7,30.5
R2,N2Vp1q2,D16,clustering,10,0.24382112975913,0.002417301017392942,0.24245656332833848,0.2453350494755248
R2,N2Vp1q2,D16,H_norm,10,0.23130078255567166,0.001857246124288053,0.23024502879697045,0.23241284073702356
R2,N2Vp1q2,D16,k_max,10,15.0,0.816496580927726,14.5,15.5
R2,N2Vp1q2,D16,modularity,10,0.8345064835220896,0.001650971018205075,0.8333986907330884,0.8353477652152842
R2,N2Vp1q2,D16,frac_rewired,10,0.8747200000000002,0.005693817309639961,0.87124,0.8779999999999999
R2,N2Vp1q2,D16,dyn_len_frac_lmax,10,0.5753706056470428,0.003391835487055903,0.5733402969651724,0.5772533031167344
R2,N2Vp1q2,D16,assortativity,10,-0.03800626338095391,0.009791531632756903,-0.043035406514448676,-0.031745581190082466
R2,N2Vp1q2,D16,k_gini,10,0.10725801212121214,0.0019115522951630398,0.1061977525252525,0.1084265913131314
R2,N2Vp1q2,D16,efficiency,10,0.10854593519100239,0.0003082918700734625,0.10836825673024741,0.10872192590989951
R2,N2Vp1q2,D2,diameter,10,16.3,0.8232726023485647,15.8,16.8
R2,N2Vp1q2,D2,clustering,10,0.19182495106853953,0.003370454346056339,0.18985616129622032,0.1938779383262166
R2,N2Vp1q2,D2,H_norm,10,0.2321193848052566,0.001364016590613816,0.23127537153641092,0.23286881320975983
R2,N2Vp1q2,D2,k_max,10,15.4,1.3498971154211057,14.6,16.2
R2,N2Vp1q2,D2,modularity,10,0.793015099989797,0.004051660723615518,0.790767465590246,0.7955588551423323
R2,N2Vp1q2,D2,frac_rewired,10,0.97876,0.0027869537332204145,0.97704,0.9803200000000001
R2,N2Vp1q2,D2,dyn_len_frac_lmax,10,0.11271190629479348,0.0018703409831841856,0.11163637786627992,0.11380635709036091
R2,N2Vp1q2,D2,assortativity,10,-0.03315055668183998,0.010926235712110164,-0.039155979693442367,-0.026321086281254256
R2,N2Vp1q2,D2,k_gini,10,0.10852426666666663,0.0012908051016008173,0.10774220070707065,0.1092221823232323
R2,N2Vp1q2,D2,efficiency,10,0.15691542663533972,0.0014163935493153347,0.15604386495908418,0.15770361747729864
R2,N2Vp1q2,D4,diameter,10,16.6,0.6992058987801011,16.2,17.0
R2,N2Vp1q2,D4,clustering,10,0.19049452715911563,0.003646178150408683,0.1883589259622733,0.19263486640549007
R2,N2Vp1q2,D4,H_norm,10,0.23122840849112114,0.0018738772283175308,0.2301244322715868,0.23235102610369343
R2,N2Vp1q2,D4,k_max,10,15.8,1.1352924243950933,15.2,16.5
R2,N2Vp1q2,D4,modularity,10,0.7931825476992144,0.005782693319952041,0.7897982254871952,0.7965692618482808
R2,N2Vp1q2,D4,frac_rewired,10,0.97828,0.0033680855096033403,0.97636,0.9802800000000002
R2,N2Vp1q2,D4,dyn_len_frac_lmax,10,0.22355722063417954,0.006671585025625165,0.21957473593940185,0.22737580154651077
R2,N2Vp1q2,D4,assortativity,10,-0.027295587221167678,0.008572692108387433,-0.032425888058423766,-0.022073619397048123
R2,N2Vp1q2,D4,k_gini,10,0.1078730464646465,0.0015712917294642846,0.10695946323232329,0.10878621070707073
R2,N2Vp1q2,D4,efficiency,10,0.15554915390563187,0.003061426868861088,0.15369368442013345,0.15724151147698454
R2,N2Vp1q2,D8,diameter,10,21.2,0.4216370213557839,21.0,21.5
R2,N2Vp1q2,D8,clustering,10,0.20152400665794507,0.003506410497529274,0.1994813633793797,0.20364947112593323
R2,N2Vp1q2,D8,H_norm,10,0.23150392499438793,0.001541128431329843,0.2306915497806903,0.2324695939314803
R2,N2Vp1q2,D8,k_max,10,16.1,1.5951314818673865,15.2,17.1
R2,N2Vp1q2,D8,modularity,10,0.8109994837261505,0.0027484597992380086,0.8095134423528212,0.8127101362360984
R2,N2Vp1q2,D8,frac_rewired,10,0.9628400000000001,0.005210075708556336,0.9598400000000001,0.9659599999999999
R2,N2Vp1q2,D8,dyn_len_frac_lmax,10,0.3847259938209923,0.0042125462414867205,0.3822182865617705,0.38725780999522363
R2,N2Vp1q2,D8,assortativity,10,-0.028874261764074722,0.007123749633112557,-0.03316888415216161,-0.024838832137910282
R2,N2Vp1q2,D8,k_gini,10,0.10809016969696965,0.0015636761176732997,0.10728147070707063,0.10909025151515149
R2,N2Vp1q2,D8,efficiency,10,0.1378871906242654,0.0006654896175114298,0.13751189860918608,0.1382968136123467
R2,N2Vp2q0_25,D16,diameter,10,30.5,0.5270462766947299,30.2,30.8
R2,N2Vp2q0_25,D16,clustering,10,0.24168492518592544,0.0034428507842829458,0.2397463970224224,0.2437226224247976
R2,N2Vp2q0_25,D16,H_norm,10,0.23054352715683818,0.0014065707227731456,0.2297144947194644,0.2313972333022288
R2,N2Vp2q0_25,D16,k_max,10,15.1,0.8755950357709131,14.6,15.6
R2,N2Vp2q0_25,D16,modularity,10,0.8325368314457708,0.002281867856618501,0.8311631335195387,0.8338675659754107
R2,N2Vp2q0_25,D16,frac_rewired,10,0.87544,0.005478685973844485,0.8724000000000001,0.87884
R2,N2Vp2q0_25,D16,dyn_len_frac_lmax,10,0.5773573138107733,0.002396883351807516,0.5759238561636741,0.5787631209936842
R2,N2Vp2q0_25,D16,assortativity,10,-0.04134167045854335,0.00847445434723337,-0.04627562267305086,-0.036401578242224536
R2,N2Vp2q0_25,D16,k_gini,10,0.10643433131313126,0.0013218272203687693,0.10564973535353533,0.10718595939393934
R2,N2Vp2q0_25,D16,efficiency,10,0.1087819515481006,0.0005125581902095562,0.10848586766901505,0.10908441729015282
R2,N2Vp2q0_25,D2,diameter,10,15.8,0.9189365834726815,15.3,16.4
R2,N2Vp2q0_25,D2,clustering,10,0.19094699367952345,0.003398509814148867,0.18895564090631614,0.19291369156480812
R2,N2Vp2q0_25,D2,H_norm,10,0.23194281929145566,0.0013768498031034651,0.2310726352603846,0.2327218308217114
R2,N2Vp2q0_25,D2,k_max,10,16.1,0.7378647873726218,15.7,16.5
R2,N2Vp2q0_25,D2,modularity,10,0.7908240342822161,0.0037734548629459576,0.7884892279741864,0.7928672723063973
R2,N2Vp2q0_25,D2,frac_rewired,10,0.9813599999999999,0.003696003848001839,0.9790800000000001,0.9833999999999999
R2,N2Vp2q0_25,D2,dyn_len_frac_lmax,10,0.11411933935093362,0.00318845229180208,0.11213514352710327,0.11582574525994016
R2,N2Vp2q0_25,D2,assortativity,10,-0.035015711424169066,0.006474916863663478,-0.038975681174299684,-0.03130563780975596
R2,N2Vp2q0_25,D2,k_gini,10,0.10840999191919194,0.0013101066309406416,0.10760311353535354,0.10912818262626262
R2,N2Vp2q0_25,D2,efficiency,10,0.15824152941843256,0.0023739689441023134,0.15670072491681597,0.15951561209751963
R2,N2Vp2q0_25,D4,diameter,10,16.2,0.4216370213557839,16.0,16.5
R2,N2Vp2q0_25,D4,clustering,10,0.19195890273125601,0.0035111076607256147,0.18981207637281053,0.19389478921552336
R2,N2Vp2q0_25,D4,H_norm,10,0.23102045311843517,0.0012399900163035148,0.23030747502862392,0.23174821390354483
R2,N2Vp2q0_25,D4,k_max,10,15.4,0.8432740427115678,14.9,15.9
R2,N2Vp2q0_25,D4,modularity,10,0.7923189485766757,0.0042797614536979845,0.7898659847974696,0.7948666070809102
R2,N2Vp2q0_25,D4,frac_rewired,10,0.9777999999999999,0.0033426536364591026,0.9758800000000001,0.9798399999999999
R2,N2Vp2q0_25,D4,dyn_len_frac_lmax,10,0.22562804412750212,0.0045869394963115725,0.22302869723601923,0.22830015837125414
R2,N2Vp2q0_25,D4,assortativity,10,-0.026889376629896888,0.007700582470308513,-0.03137793919567712,-0.02232087534293279
R2,N2Vp2q0_25,D4,k_gini,10,0.10751475555555556,0.0014926179867732203,0.10661914656565659,0.10836123434343438
R2,N2Vp2q0_25,D4,efficiency,10,0.15689642163503859,0.001983144464581408,0.15571716368714203,0.1580413176606616
R2,N2Vp2q0_25,D8,diameter,10,20.5,0.5270462766947299,20.2,20.8
R2,N2Vp2q0_25,D8,clustering,10,0.19753679959256484,0.002237536113402621,0.19649576205787736,0.19905528131998765
R2,N2Vp2q0_25,D8,H_norm,10,0.23190686087932635,0.0018387591493176849,0.23085333289346452,0.23299288037756155
R2,N2Vp2q0_25,D8,k_max,10,15.9,1.286683937707919,15.2,16.7
R2,N2Vp2q0_25,D8,modularity,10,0.8069631879400061,0.003199503530416105,0.8049744727833895,0.8087061680313234
R2,N2Vp2q0_25,D8,frac_rewired,10,0.9632,0.003964284999284942,0.960919,0.9655600000000002
R2,N2Vp2q0_25,D8,dyn_len_frac_lmax,10,0.3898158112357775,0.004325997862049742,0.3871112398783205,0.39219004829415516
R2,N2Vp2q0_25,D8,assortativity,10,-0.0277459649781166,0.009561704400714383,-0.03329477761471604,-0.022042371915327288
R2,N2Vp2q0_25,D8,k_gini,10,0.10822475555555558,0.001799185623224848,0.10721487434343435,0.10929876010101013
R2,N2Vp2q0_25,D8,efficiency,10,0.13864209737572547,0.0009419356936676876,0.13804263978765716,0.13914776665389478
R2,N2Vp2q0_5,D16,diameter,10,30.3,0.674948557710553,29.9,30.7
R2,N2Vp2q0_5,D16,clustering,10,0.24159937635567058,0.002826359855779298,0.24011024577122228,0.24336827321551002
R2,N2Vp2q0_5,D16,H_norm,10,0.2302365247238367,0.001764912411855186,0.22918244652765388,0.231240326608306
R2,N2Vp2q0_5,D16,k_max,10,15.8,1.3165611772087666,15.0,16.6
R2,N2Vp2q0_5,D16,modularity,10,0.8338286593204774,0.0020666440375177886,0.8324753592745637,0.8349628499260279
R2,N2Vp2q0_5,D16,frac_rewired,10,0.8761999999999999,0.005032339857804182,0.8730800000000001,0.87904
R2,N2Vp2q0_5,D16,dyn_len_frac_lmax,10,0.5771472422435687,0.002363409541573577,0.5757075199418152,0.5784292960008531
R2,N2Vp2q0_5,D16,assortativity,10,-0.029745268234963602,0.006173673460127248,-0.03347342296458904,-0.026164812412088078
R2,N2Vp2q0_5,D16,k_gini,10,0.1063169535353535,0.0016609511218142914,0.10533274676767675,0.10728130252525256
R2,N2Vp2q0_5,D16,efficiency,10,0.10885810281233577,0.00046702971909295645,0.10857710627866894,0.10912759452952306
R2,N2Vp2q0_5,D2,diameter,10,15.8,0.7888106377466155,15.3,16.3
R2,N2Vp2q0_5,D2,clustering,10,0.18912246536470087,0.0026701908968575273,0.18752822155377316,0.1906382301442024
R2,N2Vp2q0_5,D2,H_norm,10,0.23199646645333463,0.0013445587584019042,0.23121062383053703,0.2327827765227778
R2,N2Vp2q0_5,D2,k_max,10,15.7,0.9486832980505138,15.1,16.2
R2,N2Vp2q0_5,D2,modularity,10,0.7886711774308744,0.005001485571421371,0.7858785643811856,0.7917186630828486
R2,N2Vp2q0_5,D2,frac_rewired,10,0.98016,0.001961405391832896,0.97896,0.9812000000000001
R2,N2Vp2q0_5,D2,dyn_len_frac_lmax,10,0.1151160815639632,0.002408219249056082,0.11358908132094371,0.11635995207915042
R2,N2Vp2q0_5,D2,assortativity,10,-0.033767336261640475,0.008516897697251493,-0.03858794179747001,-0.028729343975881914
R2,N2Vp2q0_5,D2,k_gini,10,0.1085383353535353,0.001183237278019101,0.10787914909090905,0.10927281505050497
R2,N2Vp2q0_5,D2,efficiency,10,0.15921902310930441,0.002019883722072497,0.15789946134125563,0.1602864099012898
R2,N2Vp2q0_5,D4,diameter,10,16.2,0.6324555320336759,16.0,16.6
R2,N2Vp2q0_5,D4,clustering,10,0.18888913686313719,0.002757436819582522,0.1872509111182937,0.19053886099929512
R2,N2Vp2q0_5,D4,H_norm,10,0.23196391014624568,0.0015779954579217173,0.23097980236808976,0.23283416035699783
R2,N2Vp2q0_5,D4,k_max,10,15.7,0.8232726023485647,15.2,16.2
R2,N2Vp2q0_5,D4,modularity,10,0.790273407305377,0.00365280003458182,0.7881838649244975,0.7925549363330272
R2,N2Vp2q0_5,D4,frac_rewired,10,0.9799999999999999,0.002659991645767995,0.9784,0.98156
R2,N2Vp2q0_5,D4,dyn_len_frac_lmax,10,0.22723725853253174,0.0039010313095282486,0.22499700186368687,0.2295488537685432
R2,N2Vp2q0_5,D4,assortativity,10,-0.02834273530160079,0.008759051279491045,-0.033770452631128677,-0.02343065050566202
R2,N2Vp2q0_5,D4,k_gini,10,0.10830911919191917,0.0014680699085372298,0.10746801979797983,0.10917746959595959
R2,N2Vp2q0_5,D4,efficiency,10,0.15609509264019406,0.001358088860759063,0.1552519944732418,0.1568341933831108
R2,N2Vp2q0_5,D8,diameter,10,20.7,0.6749485577105528,20.3,21.1
R2,N2Vp2q0_5,D8,clustering,10,0.19587902852702888,0.0023123202789223076,0.19452045916860958,0.19722042699800235
R2,N2Vp2q0_5,D8,H_norm,10,0.23151699139251275,0.0012734431957329142,0.23076142161538027,0.23225045238034497
R2,N2Vp2q0_5,D8,k_max,10,15.2,0.6324555320336759,14.8,15.6
R2,N2Vp2q0_5,D8,modularity,10,0.8087550459136821,0.003602266723561066,0.8064650220258137,0.8106756446153454
R2,N2Vp2q0_5,D8,frac_rewired,10,0.95916,0.004608976748332173,0.9568,0.96212
R2,N2Vp2q0_5,D8,dyn_len_frac_lmax,10,0.3906687871897531,0.0034230165957268486,0.38861200483485586,0.3926131783226884
R2,N2Vp2q0_5,D8,assortativity,10,-0.0286383266405355,0.006803495895729961,-0.03254345525957881,-0.024455773493308453
R2,N2Vp2q0_5,D8,k_gini,10,0.1078760444444444,0.0013225655396228667,0.10707277535353535,0.10860924959595955
R2,N2Vp2q0_5,D8,efficiency,10,0.13895647170703346,0.0012052012771627278,0.1382630490513213,0.13967514700448921
R2,N2Vp2q1,D16,diameter,10,30.3,0.4830458915396479,30.0,30.6
R2,N2Vp2q1,D16,clustering,10,0.24231651659451692,0.0029900604302331366,0.24045070394605422,0.24393267537185068
R2,N2Vp2q1,D16,H_norm,10,0.22961464605960585,0.001436709304001569,0.22880529078719833,0.23048062492839932
R2,N2Vp2q1,D16,k_max,10,15.2,0.7888106377466155,14.7,15.6
R2,N2Vp2q1,D16,modularity,10,0.8334801688603204,0.0017702616452821998,0.8325574406820735,0.8345962829048057
R2,N2Vp2q1,D16,frac_rewired,10,0.8718800000000002,0.00718529362270215,0.8675600000000001,0.87604
R2,N2Vp2q1,D16,dyn_len_frac_lmax,10,0.5768181266936004,0.002753969092175894,0.5752622474206229,0.5785068691176564
R2,N2Vp2q1,D16,assortativity,10,-0.035083350876324,0.009650433535322692,-0.04054544219161197,-0.029286933346205937
R2,N2Vp2q1,D16,k_gini,10,0.10560682828282833,0.0016015844375162997,0.10465197575757579,0.10654212121212125
R2,N2Vp2q1,D16,efficiency,10,0.10893404325641476,0.0006904542169611327,0.10857191284365925,0.10935624459011575
R2,N2Vp2q1,D2,diameter,10,15.6,0.6992058987801011,15.2,16.0
R2,N2Vp2q1,D2,clustering,10,0.1882084977832628,0.0027573158330478826,0.18658669127131078,0.18980287670466808
R2,N2Vp2q1,D2,H_norm,10,0.23139922341038383,0.0008132111908285483,0.23091797505877187,0.23188710309830488
R2,N2Vp2q1,D2,k_max,10,15.9,0.8755950357709131,15.4,16.4
R2,N2Vp2q1,D2,modularity,10,0.7886742842567086,0.004357272711797842,0.7862317616952353,0.791345545735129
R2,N2Vp2q1,D2,frac_rewired,10,0.9812800000000002,0.002698476936677033,0.9796800000000001,0.98284
R2,N2Vp2q1,D2,dyn_len_frac_lmax,10,0.11553644249157491,0.002231206006904385,0.1143024077905896,0.11693023230173585
R2,N2Vp2q1,D2,assortativity,10,-0.024199121570727858,0.00849439723909981,-0.028684629695980686,-0.01881673353560268
R2,N2Vp2q1,D2,k_gini,10,0.10798794343434341,0.0007334455077902836,0.10755958787878787,0.10840385777777774
R2,N2Vp2q1,D2,efficiency,10,0.16011491579126275,0.0014937113712395025,0.15926188242491718,0.16104364663876425
R2,N2Vp2q1,D4,diameter,10,16.3,0.6749485577105528,16.0,16.8
R2,N2Vp2q1,D4,clustering,10,0.1886278043002752,0.002513514274993054,0.18718314456899335,0.1901189071924811
R2,N2Vp2q1,D4,H_norm,10,0.23125842405105151,0.0013377807381962906,0.23044177597117319,0.23199749011017246
R2,N2Vp2q1,D4,k_max,10,16.3,0.8232726023485646,15.8,16.8
R2,N2Vp2q1,D4,modularity,10,0.7904929308233852,0.005121352717845859,0.7876248920008163,0.7935848490205082
R2,N2Vp2q1,D4,frac_rewired,10,0.9789200000000001,0.002726332497860243,0.97732,0.98052
R2,N2Vp2q1,D4,dyn_len_frac_lmax,10,0.22995933154215892,0.004681210518588971,0.2272877383083354,0.23280113029564778
R2,N2Vp2q1,D4,assortativity,10,-0.029461662542482003,0.005829016481693587,-0.0328152985942798,-0.025958967854647224
R2,N2Vp2q1,D4,k_gini,10,0.10763306262626263,0.001374864197002404,0.1067739934343434,0.10841022676767675
R2,N2Vp2q1,D4,efficiency,10,0.15758391773907265,0.0029244781904194817,0.15576851644749387,0.1592163797438928
R2,N2Vp2q1,D8,diameter,10,20.5,0.5270462766947299,20.2,20.8
R2,N2Vp2q1,D8,clustering,10,0.19703001187048266,0.0035868384006890333,0.19493243552379014,0.19911654175775215
R2,N2Vp2q1,D8,H_norm,10,0.23182147624284372,0.0021010939662440757,0.23057921997641584,0.23300691636829238
R2,N2Vp2q1,D8,k_max,10,16.2,1.0327955589886444,15.6,16.8
R2,N2Vp2q1,D8,modularity,10,0.8070803872053874,0.0036203260478613083,0.8048285055606572,0.8090689544689319
R2,N2Vp2q1,D8,frac_rewired,10,0.96128,0.004215526855170845,0.9587600000000001,0.96372
R2,N2Vp2q1,D8,dyn_len_frac_lmax,10,0.3900634973422289,0.0030480106416700997,0.3882025651892754,0.3917431476757866
R2,N2Vp2q1,D8,assortativity,10,-0.032379267298189775,0.00711658477499436,-0.036559741221039437,-0.028272826468372852
R2,N2Vp2q1,D8,k_gini,10,0.10849917575757576,0.0018241575570988795,0.10740674545454543,0.10956656555555554
R2,N2Vp2q1,D8,efficiency,10,0.13882572259156886,0.0009836952034598145,0.1382631903348992,0.139413631632474
R2,N2Vp2q2,D16,diameter,10,30.2,0.7888106377466155,29.7,30.6
R2,N2Vp2q2,D16,clustering,10,0.24407036061324314,0.003749388293807204,0.2420479318614394,0.24641593345690282
R2,N2Vp2q2,D16,H_norm,10,0.23082856790873066,0.0012234476578192545,0.23004595424663984,0.23148209753463225
R2,N2Vp2q2,D16,k_max,10,15.2,1.1352924243950933,14.6,15.9
R2,N2Vp2q2,D16,modularity,10,0.8363033736353434,0.0027643312244976376,0.8346420771222325,0.8378901603535354
R2,N2Vp2q2,D16,frac_rewired,10,0.87652,0.007935405891740303,0.8715989999999999,0.88088
R2,N2Vp2q2,D16,dyn_len_frac_lmax,10,0.574458729723089,0.004007566178633546,0.5717020963718835,0.5764013234513888
R2,N2Vp2q2,D16,assortativity,10,-0.032539891220166546,0.0039596572637340035,-0.03486689903733778,-0.03026148154661883
R2,N2Vp2q2,D16,k_gini,10,0.10686799595959595,0.0011451938910435424,0.1061236753535354,0.10746923414141409
R2,N2Vp2q2,D16,efficiency,10,0.10854434451087105,0.0006462784415433115,0.10821532227974522,0.10896179533714305
R2,N2Vp2q2,D2,diameter,10,16.1,0.7378647873726218,15.7,16.5
R2,N2Vp2q2,D2,clustering,10,0.19099794538794573,0.0032490557960463753,0.18914055009157557,0.1929325525252527
R2,N2Vp2q2,D2,H_norm,10,0.23185557460277323,0.0016385588665572958,0.23094539677662101,0.23289114392851826
R2,N2Vp2q2,D2,k_max,10,15.9,0.875595035770913,15.4,16.5
R2,N2Vp2q2,D2,modularity,10,0.7925580848892969,0.0026198925230391983,0.7910058481660036,0.7940760413350677
R2,N2Vp2q2,D2,frac_rewired,10,0.9814,0.0022251092357704837,0.98004,0.9826
R2,N2Vp2q2,D2,dyn_len_frac_lmax,10,0.11323823759533806,0.0027373705571698765,0.11176212274225324,0.11493339844633588
R2,N2Vp2q2,D2,assortativity,10,-0.03216960678095065,0.006259649729387049,-0.03568929919704759,-0.02847686595806379
R2,N2Vp2q2,D2,k_gini,10,0.10842457373737369,0.0014957132089699282,0.10758640606060599,0.10932630929292926
R2,N2Vp2q2,D2,efficiency,10,0.15778588659092813,0.0019696951785182575,0.15666023516799094,0.15898321002137356
R2,N2Vp2q2,D4,diameter,10,16.5,0.7071067811865476,16.1,16.9
R2,N2Vp2q2,D4,clustering,10,0.19253473315573344,0.0040048595177666615,0.190242828776779,0.19494234549062067
R2,N2Vp2q2,D4,H_norm,10,0.23183887494167515,0.0014425582174040108,0.23101538089566723,0.23269342754707242
R2,N2Vp2q2,D4,k_max,10,15.5,0.5270462766947299,15.2,15.8
R2,N2Vp2q2,D4,modularity,10,0.7930724375063768,0.004490837008886812,0.7905152982348741,0.7957287872155901
R2,N2Vp2q2,D4,frac_rewired,10,0.98056,0.0029586783836330964,0.9788399999999999,0.98224
R2,N2Vp2q2,D4,dyn_len_frac_lmax,10,0.22292484655743258,0.004537786609827847,0.22029680232631105,0.22553625641901212
R2,N2Vp2q2,D4,assortativity,10,-0.028977370000112336,0.01043764126872576,-0.0350589015749286,-0.022737941411712162
R2,N2Vp2q2,D4,k_gini,10,0.10797269090909092,0.0014836654932416568,0.10711006464646464,0.10881039858585859
R2,N2Vp2q2,D4,efficiency,10,0.15568770506012433,0.0017897172972275587,0.15462482090349006,0.1567240137614914
R2,N2Vp2q2,D8,diameter,10,20.5,0.7071067811865476,20.0,20.9
R2,N2Vp2q2,D8,clustering,10,0.20028284800820134,0.001958610484669366,0.19898897946497981,0.2011789526943649
R2,N2Vp2q2,D8,H_norm,10,0.2320833716997511,0.0016759811308281348,0.2311791096923635,0.23314915973056585
R2,N2Vp2q2,D8,k_max,10,15.8,0.9189365834726815,15.3,16.3
R2,N2Vp2q2,D8,modularity,10,0.8109288327721662,0.0027486633996257706,0.8093008375293337,0.8124821304713804
R2,N2Vp2q2,D8,frac_rewired,10,0.9612400000000001,0.003077950255897226,0.95936,0.9628800000000002
R2,N2Vp2q2,D8,dyn_len_frac_lmax,10,0.3855735193485631,0.0021648304133242515,0.38433311484536414,0.3868473871449838
R2,N2Vp2q2,D8,assortativity,10,-0.031005850451157196,0.005934933825627964,-0.034813164652131905,-0.02792886237790957
R2,N2Vp2q2,D8,k_gini,10,0.10836370101010104,0.0015758185724992259,0.10753888717171722,0.10934206454545455
R2,N2Vp2q2,D8,efficiency,10,0.13777892320850965,0.0009659364238805611,0.13722785400062718,0.13837609203500828
R2,RW,D16,diameter,10,30.5,0.8498365855987975,30.0,31.0
R2,RW,D16,clustering,10,0.2414808969918974,0.0021383121987659805,0.2402478319375074,0.24276042736707779
R2,RW,D16,H_norm,10,0.2298924062448136,0.0014093777718683807,0.22910486374170957,0.23073067806106365
R2,RW,D16,k_max,10,14.9,0.5676462121975466,14.6,15.2
R2,RW,D16,modularity,10,0.8328166860524437,0.002366054075744871,0.8314707837593103,0.8342726463498623
R2,RW,D16,frac_rewired,10,0.87332,0.007057982084924203,0.8692399999999999,0.8775610000000001
R2,RW,D16,dyn_len_frac_lmax,10,0.5780634048891089,0.00298467197177302,0.576398751013932,0.5798460439597743
R2,RW,D16,assortativity,10,-0.0324514777715507,0.010361705526391997,-0.038099393613438906,-0.025992086192910418
R2,RW,D16,k_gini,10,0.10597258585858589,0.0014834619464302288,0.10515183767676771,0.10683241686868689
R2,RW,D16,efficiency,10,0.10899208378209961,0.0007471796122776528,0.10853156851898527,0.10940264921635914
R2,RW,D2,diameter,10,15.5,0.5270462766947299,15.2,15.8
R2,RW,D2,clustering,10,0.1875754731804148,0.0022093588117454675,0.1862739735166798,0.18887300355330988
R2,RW,D2,H_norm,10,0.2313582457402476,0.0013899315559439934,0.2305197191160855,0.23216161745351357
R2,RW,D2,k_max,10,16.3,1.0593499054713802,15.7,16.9
R2,RW,D2,modularity,10,0.7895882435465769,0.0036007428022085727,0.7875082155137232,0.791751552073768
R2,RW,D2,frac_rewired,10,0.9809999999999999,0.0016138291249213662,0.9801599999999999,0.9820800000000001
R2,RW,D2,dyn_len_frac_lmax,10,0.11606502834439292,0.0017488797304268827,0.11511775847221876,0.11715265146136945
R2,RW,D2,assortativity,10,-0.03310810557481699,0.009286426542133547,-0.038639229648740496,-0.0277045189854588
R2,RW,D2,k_gini,10,0.10780114747474749,0.001489914490445725,0.10693445434343435,0.10866588030303032
R2,RW,D2,efficiency,10,0.15999796481438616,0.001441469093962254,0.1591824251242588,0.16086485027019687
R2,RW,D4,diameter,10,16.2,0.4216370213557839,16.0,16.5
R2,RW,D4,clustering,10,0.18854827136915406,0.002540861027262264,0.1869955122160523,0.18998402447030124
R2,RW,D4,H_norm,10,0.2321963987469859,0.0011268658497892343,0.23154269158223648,0.23286910247404377
R2,RW,D4,k_max,10,15.8,1.1352924243950933,15.2,16.5
R2,RW,D4,modularity,10,0.7917048495051525,0.003634575130601732,0.7897188004922968,0.7939662484185287
R2,RW,D4,frac_rewired,10,0.9803600000000001,0.00194547908981023,0.9793199999999999,0.98156
R2,RW,D4,dyn_len_frac_lmax,10,0.2272340563048884,0.004011207145193494,0.2248488033439378,0.22953089926451403
R2,RW,D4,assortativity,10,-0.027686254824123912,0.012014241803050225,-0.035159535283991405,-0.020943186468742717
R2,RW,D4,k_gini,10,0.10855329292929299,0.001063653550115192,0.10790419777777781,0.10914567272727276
R2,RW,D4,efficiency,10,0.15656668245774732,0.002029038646965743,0.15533865832588664,0.15768335507265807
R2,RW,D8,diameter,10,20.9,0.5676462121975466,20.6,21.2
R2,RW,D8,clustering,10,0.19724877135935986,0.0019221345537415294,0.19605510522533043,0.19829584803219671
R2,RW,D8,H_norm,10,0.23029793360599332,0.0018603104729418992,0.22923787716944272,0.23143736268685655
R2,RW,D8,k_max,10,15.4,1.2649110640673518,14.7,16.2
R2,RW,D8,modularity,10,0.8088457483930211,0.004671603388245461,0.8061085220640751,0.8115588786858483
R2,RW,D8,frac_rewired,10,0.95984,0.003933672301778295,0.9577200000000001,0.96236
R2,RW,D8,dyn_len_frac_lmax,10,0.3897507855463703,0.0045222456530475755,0.38708309776301486,0.392390719469438
R2,RW,D8,assortativity,10,-0.03443730122483506,0.007615774245569394,-0.03874624069819086,-0.02992310952501619
R2,RW,D8,k_gini,10,0.10679610909090909,0.001647048363149445,0.10586861050505052,0.10781055040404042
R2,RW,D8,efficiency,10,0.1386065797663444,0.001605639279097174,0.13773713415050762,0.13960915376536276
R2,RWD,D16,diameter,10,25.1,0.7378647873726218,24.7,25.5
R2,RWD,D16,clustering,10,0.3136320307862075,0.0042287412113356125,0.3110052374381136,0.3159445025942245
R2,RWD,D16,H_norm,10,0.22739681912356274,0.0017199296094482725,0.22639497197321626,0.2283824726261589
R2,RWD,D16,k_max,10,59.7,0.4830458915396479,59.4,60.0
R2,RWD,D16,modularity,10,0.8622058840934599,0.0013808083685990407,0.8613322437506377,0.8629316813207836
R2,RWD,D16,frac_rewired,10,0.6554,0.01162717124287377,0.6486400000000001,0.66228
R2,RWD,D16,dyn_len_frac_lmax,10,0.6466138505585348,0.0022892671635820396,0.6452841990839938,0.6479518527522482
R2,RWD,D16,assortativity,10,-0.12287653249147568,0.0031259226538002524,-0.12469490238003995,-0.12106261427617558
R2,RWD,D16,k_gini,10,0.1845562181818182,0.0018401395145566522,0.18350546222222225,0.18564804747474747
R2,RWD,D16,efficiency,10,0.1264938446671821,0.001594904278921482,0.1255608722117135,0.12744441936003542
R2,RWD,D2,diameter,10,6.3,0.48304589153964794,6.0,6.6
R2,RWD,D2,clustering,10,0.255669067151327,0.008327999034274652,0.2507696303658954,0.26027232528785516
R2,RWD,D2,H_norm,10,0.1804730458550253,0.0026779413363200114,0.1789851521616142,0.18212259310359694
R2,RWD,D2,k_max,10,856.5,223.0661336913338,728.0,994.0
R2,RWD,D2,modularity,10,0.6681402724211815,0.029941420830339033,0.6499530844684216,0.6849126456484032
R2,RWD,D2,frac_rewired,10,0.96944,0.017161403723989988,0.959,0.9792000000000002
R2,RWD,D2,dyn_len_frac_lmax,10,0.37396290671344745,0.023520251739985707,0.3606430298860685,0.3877883769527155
R2,RWD,D2,assortativity,10,-0.12910991548477485,0.01513212247544077,-0.1374241285957655,-0.1199267875181337
R2,RWD,D2,k_gini,10,0.20780972121212118,0.002701965763959421,0.20620633343434341,0.20933347303030303
R2,RWD,D2,efficiency,10,0.32297070073743783,0.014593121484534325,0.31440924506945633,0.3314893453000248
R2,RWD,D4,diameter,10,7.9,0.7378647873726218,7.5,8.3
R2,RWD,D4,clustering,10,0.266947417323781,0.00615286585350325,0.26313044542790204,0.270449178587796
R2,RWD,D4,H_norm,10,0.18611719448219727,0.0021967684832359343,0.1847993927611108,0.1873291333987838
R2,RWD,D4,k_max,10,591.7,139.10192106669285,510.8,672.2
R2,RWD,D4,modularity,10,0.7430800862156922,0.02411395802523815,0.7288702868712377,0.7568284626823792
R2,RWD,D4,frac_rewired,10,0.79656,0.04505885533881706,0.77144,0.823881
R2,RWD,D4,dyn_len_frac_lmax,10,0.5300130144926867,0.020854253205690457,0.5181814458520511,0.5427969515286607
R2,RWD,D4,assortativity,10,-0.1266321148139376,0.013604591754500024,-0.13427407925721607,-0.118210364866396
R2,RWD,D4,k_gini,10,0.20641694545454548,0.002505187405853353,0.20505090050505054,0.2079577560606061
R2,RWD,D4,efficiency,10,0.2791840799811988,0.013879578952863392,0.2711365535410989,0.2872633463363123
R2,RWD,D8,diameter,10,13.0,0.9428090415820634,12.5,13.5
R2,RWD,D8,clustering,10,0.2887099369287132,0.0035152343998587207,0.28666430367208134,0.29074797335971747
R2,RWD,D8,H_norm,10,0.19730989450636113,0.000988673055594345,0.19675648913500157,0.19792744777352048
R2,RWD,D8,k_max,10,219.3,9.117138927438926,213.8,224.5
R2,RWD,D8,modularity,10,0.8487188725640241,0.005919212953289398,0.8453537849071523,0.8522449459238853
R2,RWD,D8,frac_rewired,10,0.7040400000000001,0.032575628244986395,0.6846,0.72244
R2,RWD,D8,dyn_len_frac_lmax,10,0.594439146455408,0.006592556878538823,0.5905246114877585,0.598335587631876
R2,RWD,D8,assortativity,10,-0.13119727259528832,0.0034091037113321513,-0.13316215154604374,-0.12914677120212478
R2,RWD,D8,k_gini,10,0.20118166868686865,0.001000403557754831,0.20057861313131306,0.201781688989899
R2,RWD,D8,efficiency,10,0.19536621409669425,0.0033889010561604215,0.19340369169720056,0.1974259210078903
R2,RWI,D16,diameter,10,31.0,0.816496580927726,30.5,31.4
R2,RWI,D16,clustering,10,0.24594117993118036,0.003357326821498464,0.2442555016705521,0.2480898434398939
R2,RWI,D16,H_norm,10,0.21470577740932092,0.0016660445163019203,0.21363520526450117,0.21551182901399382
R2,RWI,D16,k_max,10,13.4,0.8432740427115678,12.9,13.9
R2,RWI,D16,modularity,10,0.8349708861340679,0.0012257423661823925,0.8342705016707479,0.8357014957657383
R2,RWI,D16,frac_rewired,10,0.8877200000000001,0.0053501401850792685,0.88472,0.8908800000000001
R2,RWI,D16,dyn_len_frac_lmax,10,0.5685193344707269,0.003036938301839622,0.5666379448618798,0.5701656528956213
R2,RWI,D16,assortativity,10,-0.03796588906949662,0.010843158693555654,-0.04432993586655019,-0.03137269530909795
R2,RWI,D16,k_gini,10,0.0921712929292929,0.0012608515817842815,0.09136892666666667,0.09283224878787877
R2,RWI,D16,efficiency,10,0.1073740324833908,0.0002954300747672926,0.10719786174553246,0.10754775576712122
R2,RWI,D2,diameter,10,17.3,0.9486832980505138,16.8,17.9
R2,RWI,D2,clustering,10,0.19884073948274014,0.002634463920585032,0.1973236862359868,0.2004141445221453
R2,RWI,D2,H_norm,10,0.2148278246163488,0.0008969525940171187,0.21432007341511405,0.2153655541186014
R2,RWI,D2,k_max,10,13.4,0.5163977794943222,13.1,13.7
R2,RWI,D2,modularity,10,0.7987497515559637,0.0034122612858062183,0.7967267318640954,0.8006911391694725
R2,RWI,D2,frac_rewired,10,0.97868,0.0019141577782408653,0.97752,0.9797210000000001
R2,RWI,D2,dyn_len_frac_lmax,10,0.10539441714368816,0.0018218898887763025,0.10433235388972874,0.10647637400687142
R2,RWI,D2,assortativity,10,-0.0322089989263981,0.012193047727831453,-0.03945142405397871,-0.025089017964788914
R2,RWI,D2,k_gini,10,0.09263435151515151,0.0007379158271941523,0.09221935060606061,0.09306807656565654
R2,RWI,D2,efficiency,10,0.15036449439607308,0.0017323022397374623,0.14941112878909155,0.15141992874524732
R2,RWI,D4,diameter,10,18.0,1.0540925533894598,17.4,18.6
R2,RWI,D4,clustering,10,0.20010931956932035,0.002569045135163245,0.19853277584082654,0.20157762616827704
R2,RWI,D4,H_norm,10,0.21467103404620042,0.001975169805292977,0.21358798591685665,0.21588017463147932
R2,RWI,D4,k_max,10,13.9,0.8755950357709131,13.4,14.5
R2,RWI,D4,modularity,10,0.8033441041730436,0.003295236441248998,0.8014831410442814,0.8053037273109886
R2,RWI,D4,frac_rewired,10,0.9788399999999999,0.001783380061693077,0.9778,0.9798399999999999
R2,RWI,D4,dyn_len_frac_lmax,10,0.20627228301989345,0.0037544706554019495,0.20398296275753158,0.2084340712839482
R2,RWI,D4,assortativity,10,-0.02993907936787966,0.009549914063408521,-0.035741404572207626,-0.024561259665470576
R2,RWI,D4,k_gini,10,0.09239561212121217,0.0017283279345140842,0.09143149000000003,0.09345163363636368
R2,RWI,D4,efficiency,10,0.1482857323801559,0.0016132280183504756,0.14725606477444336,0.14918028482992934
R2,RWI,D8,diameter,10,21.7,0.4830458915396479,21.4,22.0
R2,RWI,D8,clustering,10,0.20636530824730887,0.002344488068125427,0.20490665148740206,0.20760455935176003
R2,RWI,D8,H_norm,10,0.2137414635941703,0.0012482782622389465,0.21308200519570186,0.21449372098966787
R2,RWI,D8,k_max,10,13.4,0.8432740427115678,12.9,13.9
R2,RWI,D8,modularity,10,0.8121061912049792,0.002990175663562547,0.8103663515330068,0.8138762141618203
R2,RWI,D8,frac_rewired,10,0.9658,0.003437053001240067,0.9638399999999999,0.96784
R2,RWI,D8,dyn_len_frac_lmax,10,0.3704271651033463,0.005313315435456308,0.36725657286813207,0.3733658091938289
R2,RWI,D8,assortativity,10,-0.030085825928476313,0.009320259214337698,-0.0352414197451628,-0.024336966176964
R2,RWI,D8,k_gini,10,0.09165073535353538,0.000961328015199608,0.0911385368686869,0.09226061777777785
R2,RWI,D8,efficiency,10,0.13392719168800074,0.0012001890162269438,0.1332511780929985,0.13465165131158705
R2,SP,D16,diameter,10,19.4,0.6992058987801011,19.0,19.8
R2,SP,D16,clustering,10,0.1918451442738258,0.004329349890690363,0.1893144241570288,0.19437667201415437
R2,SP,D16,H_norm,10,0.25165420139027833,0.001604975200792459,0.2506618800049157,0.2525250596187299
R2,SP,D16,k_max,10,44.8,5.00666222813829,41.8,47.7
R2,SP,D16,modularity,10,0.7904745733763023,0.0027730906797508816,0.7887987355632045,0.7920966316912826
R2,SP,D16,frac_rewired,10,0.14148,0.006567394206735784,0.13744,0.14523999999999998
R2,SP,D16,dyn_len_frac_lmax,10,0.7837939634701533,0.0035591652718067242,0.7817588555160035,0.7859050610401115
R2,SP,D16,assortativity,10,-0.04884139445791964,0.006148328125639283,-0.05244401479646129,-0.04520370923025476
R2,SP,D16,k_gini,10,0.19636119575365332,0.0022180479546986386,0.19516238873130173,0.1977531929886807
R2,SP,D16,efficiency,10,0.15016669308755337,0.000575530923162439,0.1498301852015846,0.15051647953728603
R2,SP,D2,diameter,10,4.0,0.0,4.0,4.0
R2,SP,D2,clustering,10,0.2922206814738172,0.002220815579612047,0.29081901659068404,0.2934032655497384
R2,SP,D2,H_norm,10,0.18672794136624052,0.0015329251303346397,0.1858418323462123,0.18762757645014055
R2,SP,D2,k_max,10,2436.1,45.039365497800304,2406.6974999999998,2458.9
R2,SP,D2,modularity,10,0.39161054433221104,0.00864807283999871,0.38675761940108144,0.3967386045429038
R2,SP,D2,frac_rewired,10,0.72772,0.00886852110933198,0.722359,0.73284
R2,SP,D2,dyn_len_frac_lmax,10,0.5770885367138201,0.004213470957362702,0.5746949585984703,0.5796820081021737
R2,SP,D2,assortativity,10,-0.14108502710795212,0.0017698926428137514,-0.14208507709785062,-0.1400093010915024
R2,SP,D2,k_gini,10,0.20050760808080806,0.0024993371733767165,0.19922467,0.20212394252525248
R2,SP,D2,efficiency,10,0.49365556622649054,0.005245099022272314,0.49026056269174334,0.4963731732693077
R2,SP,D4,diameter,10,6.0,0.0,6.0,6.0
R2,SP,D4,clustering,10,0.2379217052147274,0.01263038673285375,0.23041474343158425,0.24500318535417828
R2,SP,D4,H_norm,10,0.188729056258159,0.0026303881541915593,0.1872293652722447,0.190275487641484
R2,SP,D4,k_max,10,920.0,61.88878914813427,879.2,945.1
R2,SP,D4,modularity,10,0.6130516636057546,0.004050096164889356,0.6105734139245995,0.6153324927558413
R2,SP,D4,frac_rewired,10,0.34072,0.009346276739370015,0.33519999999999994,0.34628099999999995
R2,SP,D4,dyn_len_frac_lmax,10,0.6726399676093422,0.008220666710863087,0.6676863557917038,0.6773711289466999
R2,SP,D4,assortativity,10,-0.10027158083178453,0.013138177547274933,-0.10779483658420258,-0.09218154039854946
R2,SP,D4,k_gini,10,0.2308991757575757,0.001105902581674999,0.23030134757575763,0.23157667999999987
R2,SP,D4,efficiency,10,0.34964388955582226,0.004257649720556094,0.34695881980792315,0.35197317753768165
R2,SP,D8,diameter,10,10.0,0.4714045207910317,9.7,10.3
R2,SP,D8,clustering,10,0.2112580570906503,0.004890795703456945,0.2083385417813529,0.214093621840434
R2,SP,D8,H_norm,10,0.20894960001673052,0.002762422508005325,0.20737586133333252,0.21057152989003247
R2,SP,D8,k_max,10,214.1,15.708808569292156,204.9975,223.6
R2,SP,D8,modularity,10,0.7207816763595553,0.0042784445232330135,0.718486149895419,0.7234623360754006
R2,SP,D8,frac_rewired,10,0.22172,0.008411737830753718,0.21656,0.22636000000000003
R2,SP,D8,dyn_len_frac_lmax,10,0.7487250026762389,0.006226886275115791,0.744854666894639,0.7521122589777172
R2,SP,D8,assortativity,10,-0.08074487077333121,0.008397964080389623,-0.08558710681917768,-0.0756863313389544
R2,SP,D8,k_gini,10,0.22925755555555555,0.0010904896822324117,0.22855090393939392,0.22984977060606063
R2,SP,D8,efficiency,10,0.23549457098856852,0.0016191438298759518,0.23446730532155136,0.23638247270951665
R3,CR,D16,diameter,10,26.4,0.8432740427115678,25.9,26.9
R3,CR,D16,clustering,10,0.14784731747990543,0.001607465962323371,0.14689931903831427,0.14877351367978392
R3,CR,D16,H_norm,10,0.24775273161081873,0.001489171408804138,0.24693087878303485,0.24867106038843279
R3,CR,D16,k_max,10,15.6,0.9660917830792959,15.0,16.2
R3,CR,D16,modularity,10,0.8008398060722959,0.004012837537712891,0.7982490758982802,0.802965108077732
R3,CR,D16,frac_rewired,10,0.024159999999999997,0.0032995622605295864,0.02224,0.026080000000000002
R3,CR,D16,dyn_len_frac_lmax,10,0.7168092632714892,0.0022959251374515236,0.715464064891148,0.7181362089352157
R3,CR,D16,assortativity,10,0.07567503163875708,0.011451641642930334,0.06865052363898347,0.08190678189658648
R3,CR,D16,k_gini,10,0.13213339146784953,0.001779446748103832,0.13111632874317217,0.1331934983004887
R3,CR,D16,efficiency,10,0.12659119756012577,0.0006364187604328623,0.12624561921885738,0.12699403624521616
R3,CR,D2,diameter,10,6.0,0.0,6.0,6.0
R3,CR,D2,clustering,10,0.009454561745444071,0.0005327888067956229,0.009143037549859815,0.009765426515503727
R3,CR,D2,H_norm,10,0.25723663711877764,0.0008263533866518235,0.2567636879127627,0.25772642277539654
R3,CR,D2,k_max,10,19.7,1.4181364924121764,18.8,20.5
R3,CR,D2,modularity,10,0.39564397051321293,0.004917705202389425,0.39284115587695134,0.3985941557749209
R3,CR,D2,frac_rewired,10,0.7802399999999999,0.009917347315576789,0.77452,0.78616
R3,CR,D2,dyn_len_frac_lmax,10,0.5913776730942363,0.0033589529504479956,0.5893984852603911,0.5932822072942566
R3,CR,D2,assortativity,10,0.08083923192422215,0.007314232414097741,0.07668126855644096,0.08528403652468325
R3,CR,D2,k_gini,10,0.1383595717171717,0.0012957440637461548,0.1376089587878788,0.13913323434343433
R3,CR,D2,efficiency,10,0.25237316473255966,0.00014519734511144814,0.252286179218354,0.252455746551954
R3,CR,D4,diameter,10,8.0,0.0,8.0,8.0
R3,CR,D4,clustering,10,0.026495830882792108,0.0011203604063098139,0.02582416969757995,0.02712311120869442
R3,CR,D4,H_norm,10,0.2601298787260092,0.0008187926944590165,0.2596489148419755,0.2605990740105793
R3,CR,D4,k_max,10,20.9,1.4491376746189437,20.1,21.8
R3,CR,D4,modularity,10,0.5673750844007339,0.004587970113479019,0.5648902177478146,0.5702108875423099
R3,CR,D4,frac_rewired,10,0.32900000000000007,0.010953233921236838,0.32239999999999996,0.33503999999999995
R3,CR,D4,dyn_len_frac_lmax,10,0.6264608779042444,0.002685357368305848,0.6249185382560913,0.6280511867039166
R3,CR,D4,assortativity,10,0.16744425441451966,0.011195661653700301,0.16099426131673628,0.17418043417704182
R3,CR,D4,k_gini,10,0.1450145909524582,0.0013038298703811587,0.14421646982963282,0.14575554008792846
R3,CR,D4,efficiency,10,0.23873905474570778,0.0002452312696681894,0.23858818464433387,0.238873154684731
R3,CR,D8,diameter,10,13.8,0.4216370213557839,13.5,14.0
R3,CR,D8,clustering,10,0.07385455664734283,0.0016941818774566181,0.0729050898087119,0.07490939691749574
R3,CR,D8,H_norm,10,0.2591700718673989,0.0007019680022273914,0.2587788767959903,0.259586975936902
R3,CR,D8,k_max,10,18.9,1.1005049346146119,18.3,19.6
R3,CR,D8,modularity,10,0.710395756494496,0.008413067008832808,0.7054796992823177,0.7153596128117276
R3,CR,D8,frac_rewired,10,0.1096,0.004389887368841152,0.10704,0.11204
R3,CR,D8,dyn_len_frac_lmax,10,0.6463363811453516,0.003144356640858552,0.6443827982213387,0.6480918033832259
R3,CR,D8,assortativity,10,0.09342452097184703,0.00983968524725584,0.08750754463361955,0.09898791941387226
R3,CR,D8,k_gini,10,0.1407657353054647,0.001270978549603846,0.14002116368519968,0.14150215662065177
R3,CR,D8,efficiency,10,0.18844658291821553,0.0005523934130956603,0.18813927356705806,0.18878377602734728
R3,N2Vp0_25q0_25,D16,diameter,10,25.8,0.4216370213557839,25.5,26.0
R3,N2Vp0_25q0_25,D16,clustering,10,0.13609239533668904,0.0028967318335750046,0.1344070046874689,0.13780217535666908
R3,N2Vp0_25q0_25,D16,H_norm,10,0.23419702398254363,0.0020933953461447436,0.2329100456567478,0.23535843862095274
R3,N2Vp0_25q0_25,D16,k_max,10,15.8,0.9189365834726815,15.3,16.4
R3,N2Vp0_25q0_25,D16,modularity,10,0.8115803739414345,0.0018871497634324506,0.810405750828997,0.8125829748112439
R3,N2Vp0_25q0_25,D16,frac_rewired,10,0.33715999999999996,0.009400614637115787,0.33144,0.3426
R3,N2Vp0_25q0_25,D16,dyn_len_frac_lmax,10,0.6791731692368155,0.0031117442487957436,0.6771930477551737,0.6808646032273767
R3,N2Vp0_25q0_25,D16,assortativity,10,-0.033946299075345646,0.008339009105945898,-0.03889659762667759,-0.029180475807555218
R3,N2Vp0_25q0_25,D16,k_gini,10,0.10981205252525254,0.002137499708643473,0.10851967878787876,0.11102166717171719
R3,N2Vp0_25q0_25,D16,efficiency,10,0.12314937745308581,0.0005699045175965969,0.1228041540655694,0.12348234250475874
R3,N2Vp0_25q0_25,D2,diameter,10,7.0,0.0,7.0,7.0
R3,N2Vp0_25q0_25,D2,clustering,10,0.05505476852353049,0.0013865902666848563,0.05419323439901215,0.05579300139109286
R3,N2Vp0_25q0_25,D2,H_norm,10,0.23532647927034697,0.0010239793563474192,0.2346914508496063,0.2359086137494382
R3,N2Vp0_25q0_25,D2,k_max,10,16.4,1.7126976771553506,15.5,17.4
R3,N2Vp0_25q0_25,D2,modularity,10,0.4956649795939191,0.0057733426122299975,0.4921225638327722,0.4988911304968881
R3,N2Vp0_25q0_25,D2,frac_rewired,10,0.9082000000000001,0.008167687011088947,0.90344,0.91296
R3,N2Vp0_25q0_25,D2,dyn_len_frac_lmax,10,0.4757330303976425,0.005117878819373648,0.4729747927661036,0.47886776246716994
R3,N2Vp0_25q0_25,D2,assortativity,10,-0.02227041259008537,0.009454505540038512,-0.027686282837022288,-0.016570511505323546
R3,N2Vp0_25q0_25,D2,k_gini,10,0.11195101818181816,0.0012093604285781346,0.1112014945454545,0.11260277969696963
R3,N2Vp0_25q0_25,D2,efficiency,10,0.2423784589645382,0.000302280682490716,0.24220306218487392,0.24256033494731216
R3,N2Vp0_25q0_25,D4,diameter,10,9.3,0.4830458915396479,9.0,9.6
R3,N2Vp0_25q0_25,D4,clustering,10,0.05296047073841233,0.00183055891621881,0.051925650099410796,0.05409523255812853
R3,N2Vp0_25q0_25,D4,H_norm,10,0.23506412819863573,0.0013803601314495552,0.23428665631164078,0.23589741336219291
R3,N2Vp0_25q0_25,D4,k_max,10,16.3,1.0593499054713802,15.7,16.9
R3,N2Vp0_25q0_25,D4,modularity,10,0.6466145179063361,0.00617196892379523,0.6426468000331599,0.6497810586419754
R3,N2Vp0_25q0_25,D4,frac_rewired,10,0.8079599999999999,0.0077939007492326285,0.8031200000000001,0.8121600000000001
R3,N2Vp0_25q0_25,D4,dyn_len_frac_lmax,10,0.5246604557286385,0.003979769105574309,0.5224153628104142,0.5271152342636565
R3,N2Vp0_25q0_25,D4,assortativity,10,-0.027811718220606057,0.008601121108811841,-0.03272685026102463,-0.0226874649464129
R3,N2Vp0_25q0_25,D4,k_gini,10,0.11136522828282827,0.001118875503404493,0.11073516252525252,0.11203673979797978
R3,N2Vp0_25q0_25,D4,efficiency,10,0.21828456680449954,0.0005711533577264396,0.21795030904615806,0.2186222754028595
R3,N2Vp0_25q0_25,D8,diameter,10,15.0,0.0,15.0,15.0
R3,N2Vp0_25q0_25,D8,clustering,10,0.06519907642752856,0.0016804936585891874,0.06424212979977556,0.06620022693406538
R3,N2Vp0_25q0_25,D8,H_norm,10,0.235596684335539,0.0009959955063920303,0.23505862548224157,0.23623463827567065
R3,N2Vp0_25q0_25,D8,k_max,10,16.6,1.0749676997731399,16.0,17.3
R3,N2Vp0_25q0_25,D8,modularity,10,0.7427555127027854,0.008450042440360095,0.7377088833027242,0.7475331499719416
R3,N2Vp0_25q0_25,D8,frac_rewired,10,0.61852,0.01245371876634089,0.6112,0.6257199999999999
R3,N2Vp0_25q0_25,D8,dyn_len_frac_lmax,10,0.5936302754921814,0.003560518540269207,0.5914573441675244,0.595591514154739
R3,N2Vp0_25q0_25,D8,assortativity,10,-0.019528858163649944,0.006684366629776028,-0.023545717960889872,-0.015619848010359632
R3,N2Vp0_25q0_25,D8,k_gini,10,0.11166376565656566,0.0010428892139033974,0.11109273939393943,0.11230310373737376
R3,N2Vp0_25q0_25,D8,efficiency,10,0.17428639096140172,0.000742189905270398,0.1738265635929252,0.1747035142360862
R3,N2Vp0_25q0_5,D16,diameter,10,25.3,0.674948557710553,24.9,25.7
R3,N2Vp0_25q0_5,D16,clustering,10,0.13528163947163915,0.001655772658394244,0.1343717616994115,0.1363100876512373
R3,N2Vp0_25q0_5,D16,H_norm,10,0.2342475681255042,0.0007613499650039911,0.23379057968360106,0.2346835135134862
R3,N2Vp0_25q0_5,D16,k_max,10,14.8,0.6324555320336759,14.4,15.2
R3,N2Vp0_25q0_5,D16,modularity,10,0.8112134445464749,0.003579122725228234,0.8090265658096113,0.8132877169676564
R3,N2Vp0_25q0_5,D16,frac_rewired,10,0.33496000000000004,0.014302385193464138,0.3266,0.34331999999999996
R3,N2Vp0_25q0_5,D16,dyn_len_frac_lmax,10,0.6781675347596511,0.002326661645684654,0.6767819375197046,0.6795026696830129
R3,N2Vp0_25q0_5,D16,assortativity,10,-0.0303661799782989,0.00956978241967089,-0.035950432320794784,-0.02469106577513701
R3,N2Vp0_25q0_5,D16,k_gini,10,0.10978986666666668,0.0008962952633365127,0.10922146363636362,0.11026684838383839
R3,N2Vp0_25q0_5,D16,efficiency,10,0.12316866688015975,0.0005148973777764422,0.12286558275144886,0.1234650608798785
R3,N2Vp0_25q0_5,D2,diameter,10,7.0,0.0,7.0,7.0
R3,N2Vp0_25q0_5,D2,clustering,10,0.055770467880932664,0.0014177524178605604,0.05495843564596778,0.056605027680876406
R3,N2Vp0_25q0_5,D2,H_norm,10,0.2343399563695852,0.0014284237876943577,0.23351886905115735,0.23515466278456307
R3,N2Vp0_25q0_5,D2,k_max,10,16.7,1.636391694484477,15.8,17.7
R3,N2Vp0_25q0_5,D2,modularity,10,0.5021119324558719,0.00421692341525788,0.4993946031144781,0.5043748850755024
R3,N2Vp0_25q0_5,D2,frac_rewired,10,0.91232,0.0061732037423403085,0.9085599999999999,0.9158
R3,N2Vp0_25q0_5,D2,dyn_len_frac_lmax,10,0.4710105346834559,0.004049196439251538,0.46874402094128403,0.47350109913553606
R3,N2Vp0_25q0_5,D2,assortativity,10,-0.01867575379484949,0.009124590218203067,-0.02403731017290359,-0.01336002594896197
R3,N2Vp0_25q0_5,D2,k_gini,10,0.11066981414141415,0.001446677460590634,0.10981940727272728,0.11152523484848488
R3,N2Vp0_25q0_5,D2,efficiency,10,0.24201035225518774,0.00027980473515189534,0.24183790230187308,0.24216469140036964
R3,N2Vp0_25q0_5,D4,diameter,10,9.3,0.4830458915396479,9.0,9.6
R3,N2Vp0_25q0_5,D4,clustering,10,0.05381421695298205,0.0030998048126339283,0.052002900765901174,0.0556802209151963
R3,N2Vp0_25q0_5,D4,H_norm,10,0.23581350922824335,0.0012499263480234123,0.2350796087506035,0.23652512453212887
R3,N2Vp0_25q0_5,D4,k_max,10,15.9,0.5676462121975466,15.6,16.2
R3,N2Vp0_25q0_5,D4,modularity,10,0.6482537873686359,0.00463187960499851,0.6456351660799917,0.6511043720156107
R3,N2Vp0_25q0_5,D4,frac_rewired,10,0.80784,0.007561775217794059,0.80332,0.8122
R3,N2Vp0_25q0_5,D4,dyn_len_frac_lmax,10,0.5247941452064271,0.003680912235062269,0.5226127819819807,0.5268742158846474
R3,N2Vp0_25q0_5,D4,assortativity,10,-0.02406976451745269,0.012800333293490106,-0.03182225561418913,-0.016830006972542978
R3,N2Vp0_25q0_5,D4,k_gini,10,0.11203905858585861,0.0013673540728813996,0.1112419288888889,0.1128276482828283
R3,N2Vp0_25q0_5,D4,efficiency,10,0.21838073933065286,0.0003538820901769255,0.21816531698139574,0.2185731923407458
R3,N2Vp0_25q0_5,D8,diameter,10,15.1,0.31622776601683794,15.0,15.3
R3,N2Vp0_25q0_5,D8,clustering,10,0.06495503195497324,0.0012213074401057121,0.06418793397125759,0.06561316392871845
R3,N2Vp0_25q0_5,D8,H_norm,10,0.23597346949227643,0.0013443669761545104,0.23520293815741095,0.23675289597277455
R3,N2Vp0_25q0_5,D8,k_max,10,16.0,0.9428090415820634,15.5,16.6
R3,N2Vp0_25q0_5,D8,modularity,10,0.7454937485970821,0.006850453162295987,0.7411719793898582,0.7491130981532497
R3,N2Vp0_25q0_5,D8,frac_rewired,10,0.62196,0.010924305215639328,0.61568,0.62852
R3,N2Vp0_25q0_5,D8,dyn_len_frac_lmax,10,0.593041424432182,0.003363731017996624,0.5911196674761696,0.595051732358931
R3,N2Vp0_25q0_5,D8,assortativity,10,-0.02097083036402269,0.009130203472728556,-0.026290546920358156,-0.015729396705676274
R3,N2Vp0_25q0_5,D8,k_gini,10,0.11197293737373737,0.001316380914385937,0.11119353656565659,0.1127250101010101
R3,N2Vp0_25q0_5,D8,efficiency,10,0.17347288405996206,0.0007157367744391713,0.1730216184894648,0.17386241069362585
R3,N2Vp0_25q1,D16,diameter,10,25.8,0.7888106377466155,25.4,26.3
R3,N2Vp0_25q1,D16,clustering,10,0.13520848508354372,0.0037533897775038497,0.1330981902422739,0.13749168626471547
R3,N2Vp0_25q1,D16,H_norm,10,0.23435471732428903,0.0009960760583139616,0.23380476803804204,0.23497649754999148
R3,N2Vp0_25q1,D16,k_max,10,15.6,0.8432740427115678,15.1,16.1
R3,N2Vp0_25q1,D16,modularity,10,0.8107893980206102,0.0029990930193084507,0.809138853127232,0.8126797622436487
R3,N2Vp0_25q1,D16,frac_rewired,10,0.35452000000000006,0.010025833298700585,0.34824,0.36008000000000007
R3,N2Vp0_25q1,D16,dyn_len_frac_lmax,10,0.6800407212825754,0.003257772471688133,0.6780570529397786,0.6818301192741002
R3,N2Vp0_25q1,D16,assortativity,10,-0.026333804406178107,0.011787032725229706,-0.03392758311912712,-0.02027100306733508
R3,N2Vp0_25q1,D16,k_gini,10,0.11002855353535348,0.0009713854058519844,0.10955714979797979,0.11068996535353531
R3,N2Vp0_25q1,D16,efficiency,10,0.12320507793101365,0.0005256690622826712,0.12288667115208689,0.12351254172478589
R3,N2Vp0_25q1,D2,diameter,10,7.0,0.0,7.0,7.0
R3,N2Vp0_25q1,D2,clustering,10,0.05614345765998739,0.0020448588587291556,0.05493679659845696,0.057359081070778486
R3,N2Vp0_25q1,D2,H_norm,10,0.23539533291590892,0.000878039835142018,0.23487795754938412,0.235907008615633
R3,N2Vp0_25q1,D2,k_max,10,16.7,1.7669811040931427,15.7,17.8
R3,N2Vp0_25q1,D2,modularity,10,0.49864965666768696,0.004001757362994594,0.49628195953219056,0.5010218559075604
R3,N2Vp0_25q1,D2,frac_rewired,10,0.91264,0.0060551539112469336,0.9089600000000001,0.9162800000000001
R3,N2Vp0_25q1,D2,dyn_len_frac_lmax,10,0.46996389607148814,0.006026088649293029,0.46644583310688553,0.47358599189352746
R3,N2Vp0_25q1,D2,assortativity,10,-0.02274775579857754,0.009642895869085089,-0.02864563353698892,-0.017432780878451622
R3,N2Vp0_25q1,D2,k_gini,10,0.11208429898989895,0.001089073975503424,0.11145574868686865,0.11273347575757568
R3,N2Vp0_25q1,D2,efficiency,10,0.2420468447188399,0.00031957533521400987,0.24184367179252647,0.24222255879304103
R3,N2Vp0_25q1,D4,diameter,10,9.3,0.48304589153964794,9.0,9.6
R3,N2Vp0_25q1,D4,clustering,10,0.05377733885069219,0.0024133326802097915,0.052252157282423856,0.05513285321671831
R3,N2Vp0_25q1,D4,H_norm,10,0.2356126426852753,0.0013188256504191923,0.23481969271115713,0.23635867150392753
R3,N2Vp0_25q1,D4,k_max,10,16.1,0.7378647873726218,15.7,16.5
R3,N2Vp0_25q1,D4,modularity,10,0.6466964039383736,0.005344946806707165,0.6436520300989695,0.6499339476711561
R3,N2Vp0_25q1,D4,frac_rewired,10,0.8116,0.010530801383455003,0.8049989999999999,0.81748
R3,N2Vp0_25q1,D4,dyn_len_frac_lmax,10,0.5224331392652584,0.004241580611147318,0.5198157673982953,0.5247225543046684
R3,N2Vp0_25q1,D4,assortativity,10,-0.02183520053654356,0.01277327649380823,-0.029188733785249752,-0.01421932858856861
R3,N2Vp0_25q1,D4,k_gini,10,0.11163781010101011,0.0016298387917973334,0.11062521585858583,0.11254059777777782
R3,N2Vp0_25q1,D4,efficiency,10,0.21824037155179526,0.0005760741539845104,0.21789769772035797,0.21856638256731262
R3,N2Vp0_25q1,D8,diameter,10,15.1,0.31622776601683794,15.0,15.3
R3,N2Vp0_25q1,D8,clustering,10,0.06493783739136698,0.0013450154144283432,0.06417510429162364,0.06575942903191595
R3,N2Vp0_25q1,D8,H_norm,10,0.23609966461198256,0.0006623114754799145,0.2357210785021666,0.2364987025036641
R3,N2Vp0_25q1,D8,k_max,10,15.9,0.7378647873726218,15.5,16.3
R3,N2Vp0_25q1,D8,modularity,10,0.7382587756351393,0.005328657954565419,0.7348739547367614,0.741143251351903
R3,N2Vp0_25q1,D8,frac_rewired,10,0.6258,0.01342005133290398,0.618119,0.63384
R3,N2Vp0_25q1,D8,dyn_len_frac_lmax,10,0.5949191018526759,0.004843436319574021,0.5921634252582078,0.5977866512927825
R3,N2Vp0_25q1,D8,assortativity,10,-0.02056663968856075,0.01254006301108069,-0.02708857266057354,-0.012654536404441148
R3,N2Vp0_25q1,D8,k_gini,10,0.11219817777777781,0.0009072517185978659,0.11169155747474749,0.11274491181818186
R3,N2Vp0_25q1,D8,efficiency,10,0.17407439064674596,0.0010863535300773496,0.1734905463126087,0.1747437889939192
R3,N2Vp0_25q2,D16,diameter,10,26.3,0.6749485577105528,25.9,26.7
R3,N2Vp0_25q2,D16,clustering,10,0.13632361164978776,0.0018500482642051159,0.13515844369535657,0.13735920847763303
R3,N2Vp0_25q2,D16,H_norm,10,0.23543707821411103,0.0015712656653201495,0.23445543086814444,0.23626531835070047
R3,N2Vp0_25q2,D16,k_max,10,15.9,1.1972189997378648,15.2,16.6
R3,N2Vp0_25q2,D16,modularity,10,0.8118834669931638,0.0030737176441747245,0.8099530503775124,0.8135933449010304
R3,N2Vp0_25q2,D16,frac_rewired,10,0.36255999999999994,0.00840359711340592,0.35748,0.36732
R3,N2Vp0_25q2,D16,dyn_len_frac_lmax,10,0.6769667202464966,0.0023847768612142587,0.6755355244179827,0.6783908502001518
R3,N2Vp0_25q2,D16,assortativity,10,-0.02876403910915106,0.00985480081129195,-0.03449606303773232,-0.022836055878659424
R3,N2Vp0_25q2,D16,k_gini,10,0.11144785858585866,0.0016496436758166558,0.11039756555555562,0.11235105414141418
R3,N2Vp0_25q2,D16,efficiency,10,0.12293632830036043,0.0005038924232148224,0.12263639029997538,0.12321587215180899
R3,N2Vp0_25q2,D2,diameter,10,7.0,0.0,7.0,7.0
R3,N2Vp0_25q2,D2,clustering,10,0.05658205275117072,0.001525563936367063,0.05567945837691753,0.057452662598839375
R3,N2Vp0_25q2,D2,H_norm,10,0.23501905870712023,0.0015089126923305155,0.23419074268826645,0.2359502777505123
R3,N2Vp0_25q2,D2,k_max,10,16.7,1.0593499054713802,16.1,17.3
R3,N2Vp0_25q2,D2,modularity,10,0.5062367906336087,0.004036799637931245,0.503751303923069,0.5084734396872767
R3,N2Vp0_25q2,D2,frac_rewired,10,0.91784,0.004877886609770443,0.915159,0.9207999999999998
R3,N2Vp0_25q2,D2,dyn_len_frac_lmax,10,0.46287444542316025,0.003138807211882564,0.46116220894125426,0.4648733319895873
R3,N2Vp0_25q2,D2,assortativity,10,-0.01343175893781134,0.0074138896268339475,-0.017989150027523368,-0.009342529811566903
R3,N2Vp0_25q2,D2,k_gini,10,0.11168159191919191,0.0014534001890063896,0.1108949793939394,0.11259954737373738
R3,N2Vp0_25q2,D2,efficiency,10,0.2415075591379409,0.00024621922743605853,0.24136877412869912,0.24165420608814947
R3,N2Vp0_25q2,D4,diameter,10,9.7,0.48304589153964794,9.4,10.0
R3,N2Vp0_25q2,D4,clustering,10,0.05579672152031012,0.0017713949541232404,0.05474998536724748,0.05680604970780886
R3,N2Vp0_25q2,D4,H_norm,10,0.23544807515935492,0.001734833135546359,0.23444146522006185,0.2364734550764816
R3,N2Vp0_25q2,D4,k_max,10,16.2,1.2292725943057183,15.5,16.9
R3,N2Vp0_25q2,D4,modularity,10,0.648189413835323,0.0028084939340515046,0.6465420680160189,0.6497827484440363
R3,N2Vp0_25q2,D4,frac_rewired,10,0.8182799999999999,0.010417165321397807,0.8121599999999999,0.8243610000000001
R3,N2Vp0_25q2,D4,dyn_len_frac_lmax,10,0.5175814793397253,0.0043500460192483085,0.5152361534689966,0.5202081000535197
R3,N2Vp0_25q2,D4,assortativity,10,-0.018736916288682348,0.00661735210595494,-0.022508656204611937,-0.014863695880489686
R3,N2Vp0_25q2,D4,k_gini,10,0.11144892929292931,0.0019907002030197163,0.11027612313131317,0.11260492525252522
R3,N2Vp0_25q2,D4,efficiency,10,0.21757787332075687,0.0006722822798633572,0.21720332230828834,0.21799605775230727
R3,N2Vp0_25q2,D8,diameter,10,15.0,0.0,15.0,15.0
R3,N2Vp0_25q2,D8,clustering,10,0.0657961547252199,0.001354233938290291,0.06514036104647002,0.06669189993597742
R3,N2Vp0_25q2,D8,H_norm,10,0.23647907732529871,0.001637160250858119,0.23547092064813996,0.23738203039915906
R3,N2Vp0_25q2,D8,k_max,10,16.8,1.1352924243950933,16.2,17.5
R3,N2Vp0_25q2,D8,modularity,10,0.744251350882563,0.006894891414957298,0.7400738654091419,0.7479289977425772
R3,N2Vp0_25q2,D8,frac_rewired,10,0.6428,0.011280661919113314,0.6362000000000001,0.6494
R3,N2Vp0_25q2,D8,dyn_len_frac_lmax,10,0.5897726208439582,0.0033846035254155526,0.5877775874928096,0.5917848829087123
R3,N2Vp0_25q2,D8,assortativity,10,-0.02007979307930003,0.012154386092644428,-0.027475462610999854,-0.013080380965242572
R3,N2Vp0_25q2,D8,k_gini,10,0.11287387070707071,0.0016083428782215435,0.11188885555555558,0.11376800919191918
R3,N2Vp0_25q2,D8,efficiency,10,0.17316626214255262,0.0005945415978825254,0.17278245742838366,0.17348934468551097
R3,N2Vp0_5q0_25,D16,diameter,10,25.6,0.5163977794943222,25.3,25.9
R3,N2Vp0_5q0_25,D16,clustering,10,0.13514917788094227,0.001479751089445886,0.13432301845670638,0.1360502155205902
R3,N2Vp0_5q0_25,D16,H_norm,10,0.23491975908623872,0.001565356869640003,0.2340339192137648,0.2359020907523946
R3,N2Vp0_5q0_25,D16,k_max,10,16.2,1.2292725943057183,15.5,16.9
R3,N2Vp0_5q0_25,D16,modularity,10,0.8127652739516377,0.003166898855565834,0.8109174168707276,0.8145843621696769
R3,N2Vp0_5q0_25,D16,frac_rewired,10,0.34064000000000005,0.01001190402581958,0.33496000000000004,0.3468
R3,N2Vp0_5q0_25,D16,dyn_len_frac_lmax,10,0.6786393147344046,0.0026995302811718726,0.6771944194683974,0.6803191838333228
R3,N2Vp0_5q0_25,D16,assortativity,10,-0.03184019868658751,0.0072130762620601085,-0.03556921890571303,-0.0271881132824881
R3,N2Vp0_5q0_25,D16,k_gini,10,0.11068764444444443,0.0013909207884767137,0.10992578828282829,0.1115490336363636
R3,N2Vp0_5q0_25,D16,efficiency,10,0.12319592105936912,0.0005790521463406016,0.12284242595441898,0.12353244318407973
R3,N2Vp0_5q0_25,D2,diameter,10,7.0,0.0,7.0,7.0
R3,N2Vp0_5q0_25,D2,clustering,10,0.05468193698458444,0.0013617554509154333,0.053932961997643324,0.05551829701866796
R3,N2Vp0_5q0_25,D2,H_norm,10,0.23488049931209326,0.0013529531322026811,0.23407654625453808,0.23567273289646742
R3,N2Vp0_5q0_25,D2,k_max,10,16.1,1.286683937707919,15.397500000000003,16.9
R3,N2Vp0_5q0_25,D2,modularity,10,0.4985806973778185,0.0016857183232601696,0.49757679777573693,0.4995433157203346
R3,N2Vp0_5q0_25,D2,frac_rewired,10,0.9093199999999999,0.004702906902473546,0.9064800000000002,0.9120000000000001
R3,N2Vp0_5q0_25,D2,dyn_len_frac_lmax,10,0.47099808350948374,0.003516527821495623,0.4688256072824125,0.472920576648285
R3,N2Vp0_5q0_25,D2,assortativity,10,-0.020452749661168022,0.00875716980474801,-0.025986167298444537,-0.01568074342101723
R3,N2Vp0_5q0_25,D2,k_gini,10,0.1111653575757576,0.0014395602935764378,0.1103347937373738,0.1120261861616162
R3,N2Vp0_5q0_25,D2,efficiency,10,0.2422306327483374,0.00017860799273238786,0.24213049817450785,0.24234003388784078
R3,N2Vp0_5q0_25,D4,diameter,10,9.4,0.5163977794943222,9.1,9.7
R3,N2Vp0_5q0_25,D4,clustering,10,0.052651784744667494,0.0024229294911458916,0.05118294551151503,0.054034621010525766
R3,N2Vp0_5q0_25,D4,H_norm,10,0.23470799550369228,0.0013425446188353113,0.23389016817696376,0.2354956991394431
R3,N2Vp0_5q0_25,D4,k_max,10,16.2,0.6324555320336759,15.8,16.6
R3,N2Vp0_5q0_25,D4,modularity,10,0.6423030155086215,0.005211868932044499,0.6394144382078361,0.6454216703907762
R3,N2Vp0_5q0_25,D4,frac_rewired,10,0.8002800000000001,0.006113155213690112,0.7965589999999999,0.803641
R3,N2Vp0_5q0_25,D4,dyn_len_frac_lmax,10,0.5225542635821048,0.0027802610467956633,0.5210111193094995,0.5242272085520104
R3,N2Vp0_5q0_25,D4,assortativity,10,-0.02407850540008192,0.00839267147702057,-0.029342182904944652,-0.01950823711685735
R3,N2Vp0_5q0_25,D4,k_gini,10,0.11088220606060609,0.0014355334350922063,0.10998544808080812,0.11166242878787883
R3,N2Vp0_5q0_25,D4,efficiency,10,0.218546147373235,0.0005075290493502076,0.2182407494264372,0.2188277749118695
R3,N2Vp0_5q0_25,D8,diameter,10,15.1,0.31622776601683794,15.0,15.3
R3,N2Vp0_5q0_25,D8,clustering,10,0.06400475153226563,0.0026722492432721522,0.062338207853721996,0.06540248803129291
R3,N2Vp0_5q0_25,D8,H_norm,10,0.23582855572875644,0.0011331901079525352,0.23519241286878892,0.2365220396925932
R3,N2Vp0_5q0_25,D8,k_max,10,16.2,1.6193277068654823,15.4,17.3
R3,N2Vp0_5q0_25,D8,modularity,10,0.7398306545250485,0.004670875012067285,0.7370092156922763,0.7424257589659218
R3,N2Vp0_5q0_25,D8,frac_rewired,10,0.61044,0.009404396135141614,0.605,0.615921
R3,N2Vp0_5q0_25,D8,dyn_len_frac_lmax,10,0.5934272858198757,0.0029137362793181815,0.591570963093906,0.5950166409788114
R3,N2Vp0_5q0_25,D8,assortativity,10,-0.0166736220259331,0.006023748332321318,-0.020135262208555584,-0.01307207515922702
R3,N2Vp0_5q0_25,D8,k_gini,10,0.11200969292929293,0.001401214510921601,0.1112182867676768,0.11285596434343431
R3,N2Vp0_5q0_25,D8,efficiency,10,0.17418931361093665,0.0005136480151567559,0.17389892780834834,0.17448862994976655
R3,N2Vp0_5q0_5,D16,diameter,10,25.9,0.3162277660168379,25.7,26.0
R3,N2Vp0_5q0_5,D16,clustering,10,0.13543660587846948,0.002313840489366451,0.13412375419451522,0.13687676315049743
R3,N2Vp0_5q0_5,D16,H_norm,10,0.2343080978557653,0.0005925622448404237,0.23394355268296502,0.2346386188153796
R3,N2Vp0_5q0_5,D16,k_max,10,16.3,1.3374935098492586,15.5,17.1
R3,N2Vp0_5q0_5,D16,modularity,10,0.812856997755331,0.0035082871105858874,0.8108088467503315,0.8149102637741048
R3,N2Vp0_5q0_5,D16,frac_rewired,10,0.3386,0.010967831751687905,0.33195899999999995,0.34488
R3,N2Vp0_5q0_5,D16,dyn_len_frac_lmax,10,0.6792710396252182,0.002941581620316909,0.6775030461847358,0.6809491778104584
R3,N2Vp0_5q0_5,D16,assortativity,10,-0.026680655468673386,0.007335272721431234,-0.03116198058655135,-0.022846030406263217
R3,N2Vp0_5q0_5,D16,k_gini,10,0.10999388686868687,0.0007022532958761411,0.10959212777777773,0.1104172991919192
R3,N2Vp0_5q0_5,D16,efficiency,10,0.12304954184495195,0.0006698066365585716,0.12262933116584974,0.12341728745980085
R3,N2Vp0_5q0_5,D2,diameter,10,7.0,0.0,7.0,7.0
R3,N2Vp0_5q0_5,D2,clustering,10,0.05532313564866537,0.0020737686119207677,0.05410021210945948,0.0565544090354093
R3,N2Vp0_5q0_5,D2,H_norm,10,0.23602420503462263,0.001454472374834625,0.2351382200034803,0.2368511098206667
R3,N2Vp0_5q0_5,D2,k_max,10,16.2,0.9189365834726815,15.7,16.8
R3,N2Vp0_5q0_5,D2,modularity,10,0.4960665034180186,0.0033557830588787627,0.4940840560529539,0.4980246253571065
R3,N2Vp0_5q0_5,D2,frac_rewired,10,0.9115599999999999,0.004037380889195927,0.9091189999999999,0.91388
R3,N2Vp0_5q0_5,D2,dyn_len_frac_lmax,10,0.4745977963455405,0.005083693515562206,0.47154330941034256,0.4774636229514448
R3,N2Vp0_5q0_5,D2,assortativity,10,-0.019005889896358423,0.00883829766875492,-0.023933519617739932,-0.013683547477565365
R3,N2Vp0_5q0_5,D2,k_gini,10,0.11259079595959594,0.001611144022073992,0.11162628999999996,0.11348386060606062
R3,N2Vp0_5q0_5,D2,efficiency,10,0.2423658671849692,0.0003334753995182581,0.2421738156595971,0.24256142335029246
R3,N2Vp0_5q0_5,D4,diameter,10,9.4,0.5163977794943222,9.1,9.7
R3,N2Vp0_5q0_5,D4,clustering,10,0.05297842140865712,0.0023152700833980995,0.051732258757745966,0.05440840968100564
R3,N2Vp0_5q0_5,D4,H_norm,10,0.23558488690779048,0.0009381632470920012,0.23502314081401426,0.236131800668552
R3,N2Vp0_5q0_5,D4,k_max,10,15.6,1.07496769977314,15.0,16.3
R3,N2Vp0_5q0_5,D4,modularity,10,0.6430426961534537,0.00770542252075962,0.6382036621900826,0.647309206751862
R3,N2Vp0_5q0_5,D4,frac_rewired,10,0.80532,0.010744797190578642,0.7991999999999999,0.81192
R3,N2Vp0_5q0_5,D4,dyn_len_frac_lmax,10,0.5252773243017338,0.003918861718863455,0.5231465114137225,0.5277629163264049
R3,N2Vp0_5q0_5,D4,assortativity,10,-0.02937207147896694,0.011708056046263468,-0.03595707000491241,-0.02207572369834991
R3,N2Vp0_5q0_5,D4,k_gini,10,0.11182032727272725,0.0011062867638881974,0.11116566505050506,0.11245769707070709
R3,N2Vp0_5q0_5,D4,efficiency,10,0.21876596570056592,0.0003029927751672301,0.21858041529754754,0.21893049403412154
R3,N2Vp0_5q0_5,D8,diameter,10,15.0,0.0,15.0,15.0
R3,N2Vp0_5q0_5,D8,clustering,10,0.06588319173843019,0.0011311787962474816,0.06526203667399857,0.06657295683639555
R3,N2Vp0_5q0_5,D8,H_norm,10,0.23559205089776697,0.0010625360887078347,0.2350051831481164,0.23621827509288396
R3,N2Vp0_5q0_5,D8,k_max,10,16.1,1.3703203194062978,15.4,17.0
R3,N2Vp0_5q0_5,D8,modularity,10,0.7440382542597693,0.007229350607617743,0.7395303435108661,0.7481986343102744
R3,N2Vp0_5q0_5,D8,frac_rewired,10,0.62232,0.010734451287534173,0.6159600000000001,0.62856
R3,N2Vp0_5q0_5,D8,dyn_len_frac_lmax,10,0.5920374847063845,0.003033229421051013,0.5901708989289977,0.5937094018539038
R3,N2Vp0_5q0_5,D8,assortativity,10,-0.023781017448025233,0.004916983995721542,-0.02661158857639966,-0.02085926137759782
R3,N2Vp0_5q0_5,D8,k_gini,10,0.11173643232323235,0.0012299842280333452,0.1110101261616162,0.11246455969696972
R3,N2Vp0_5q0_5,D8,efficiency,10,0.17392117894528214,0.0007344248356782342,0.17351881936750269,0.17437917349768187
R3,N2Vp0_5q1,D16,diameter,10,26.2,0.6324555320336759,25.8,26.6
R3,N2Vp0_5q1,D16,clustering,10,0.13615048547530867,0.00280545979520566,0.13452211456517305,0.13778320167708089
R3,N2Vp0_5q1,D16,H_norm,10,0.23515819729641313,0.0013008040219200684,0.23437332080847814,0.23590538693687998
R3,N2Vp0_5q1,D16,k_max,10,15.6,0.9660917830792958,15.0,16.2
R3,N2Vp0_5q1,D16,modularity,10,0.8120074880114274,0.001985267244353951,0.8109604841725335,0.8132548758800122
R3,N2Vp0_5q1,D16,frac_rewired,10,0.34796,0.01143787081973254,0.34152,0.35492
R3,N2Vp0_5q1,D16,dyn_len_frac_lmax,10,0.6778531778126189,0.003144785359502064,0.6759996139639036,0.6797201311785653
R3,N2Vp0_5q1,D16,assortativity,10,-0.022135072020458384,0.012034367516611634,-0.029557791950408113,-0.015297734903289664
R3,N2Vp0_5q1,D16,k_gini,10,0.11065154343434343,0.0013281408799965986,0.10985355242424243,0.11140416030303028
R3,N2Vp0_5q1,D16,efficiency,10,0.12302960959871509,0.0005679691283660492,0.1226946688920321,0.12336150658895335
R3,N2Vp0_5q1,D2,diameter,10,7.0,0.0,7.0,7.0
R3,N2Vp0_5q1,D2,clustering,10,0.055931866360334224,0.0019483114723059475,0.05479760729113541,0.0570626935886614
R3,N2Vp0_5q1,D2,H_norm,10,0.23578475316214922,0.0015765142852960867,0.23494274419184688,0.23680266972549535
R3,N2Vp0_5q1,D2,k_max,10,17.0,1.4907119849998598,16.1,17.9
R3,N2Vp0_5q1,D2,modularity,10,0.4980626609529639,0.0037806007514645684,0.4957429326216712,0.5002150077160493
R3,N2Vp0_5q1,D2,frac_rewired,10,0.91472,0.006213390557676385,0.9109200000000002,0.91824
R3,N2Vp0_5q1,D2,dyn_len_frac_lmax,10,0.46966289560688146,0.003687171351789334,0.46750701584354476,0.4718404552613705
R3,N2Vp0_5q1,D2,assortativity,10,-0.01658148189897174,0.009082077651269806,-0.022198730504578868,-0.011451232327103327
R3,N2Vp0_5q1,D2,k_gini,10,0.11196391111111115,0.0018070956278981917,0.11103868626262628,0.11313649424242427
R3,N2Vp0_5q1,D2,efficiency,10,0.24205082939842604,0.00021681383730135284,0.24192007863526357,0.24217111701251925
R3,N2Vp0_5q1,D4,diameter,10,9.0,0.0,9.0,9.0
R3,N2Vp0_5q1,D4,clustering,10,0.05266487827858461,0.0014758469763286712,0.05186171119354549,0.05358837862856144
R3,N2Vp0_5q1,D4,H_norm,10,0.23448072409400456,0.0010641853208035906,0.23382430135998192,0.23508800181771863
R3,N2Vp0_5q1,D4,k_max,10,16.1,0.9944289260117531,15.5,16.7
R3,N2Vp0_5q1,D4,modularity,10,0.6475423222120191,0.004387049012697286,0.6450778020610142,0.6502408606009591
R3,N2Vp0_5q1,D4,frac_rewired,10,0.8105600000000001,0.01157806354946955,0.80388,0.8173600000000001
R3,N2Vp0_5q1,D4,dyn_len_frac_lmax,10,0.5244365270875739,0.004985254659034538,0.521269118236052,0.5272120346655866
R3,N2Vp0_5q1,D4,assortativity,10,-0.02500149698667714,0.007432354902143722,-0.02957608179441836,-0.020722371462042047
R3,N2Vp0_5q1,D4,k_gini,10,0.11068876767676768,0.0014400946110721044,0.10985042424242426,0.11154398080808078
R3,N2Vp0_5q1,D4,efficiency,10,0.21841250892738043,0.0004840652813393035,0.21815771302266934,0.21871878840425057
R3,N2Vp0_5q1,D8,diameter,10,15.0,0.0,15.0,15.0
R3,N2Vp0_5q1,D8,clustering,10,0.06418698346098362,0.0015960747816937473,0.06327262142661287,0.06512422887586282
R3,N2Vp0_5q1,D8,H_norm,10,0.2357841438191734,0.0012669037993324032,0.23504295481937404,0.23652745053556637
R3,N2Vp0_5q1,D8,k_max,10,16.3,0.9486832980505138,15.7,16.9
R3,N2Vp0_5q1,D8,modularity,10,0.7420298821548821,0.004611577528233319,0.7394283739286808,0.7448606522548719
R3,N2Vp0_5q1,D8,frac_rewired,10,0.6279200000000001,0.012013029962873184,0.62112,0.63524
R3,N2Vp0_5q1,D8,dyn_len_frac_lmax,10,0.594530861983714,0.004415823602041496,0.5916782964038743,0.5968699953079194
R3,N2Vp0_5q1,D8,assortativity,10,-0.022384470656235618,0.008340351287064342,-0.027715730209042663,-0.017963902704186636
R3,N2Vp0_5q1,D8,k_gini,10,0.1120408808080808,0.001477579385108507,0.11121714545454545,0.1129367445454546
R3,N2Vp0_5q1,D8,efficiency,10,0.17437156904169143,0.0009462990913712901,0.17381122400167526,0.17489951071933932
R3,N2Vp0_5q2,D16,diameter,10,25.9,0.7378647873726218,25.5,26.3
R3,N2Vp0_5q2,D16,clustering,10,0.13461251045033368,0.0029990277434772277,0.13290413564246184,0.13641768118042044
R3,N2Vp0_5q2,D16,H_norm,10,0.23526844822227866,0.0010671452724598102,0.23463109437572613,0.2358843427803656
R3,N2Vp0_5q2,D16,k_max,10,16.1,0.9944289260117531,15.6,16.7
R3,N2Vp0_5q2,D16,modularity,10,0.8123704239363331,0.002379391586708201,0.8109922156157536,0.8137504723497602
R3,N2Vp0_5q2,D16,frac_rewired,10,0.36536,0.010945034389063281,0.35928,0.37204000000000004
R3,N2Vp0_5q2,D16,dyn_len_frac_lmax,10,0.6788672915255798,0.00327910910531296,0.6769725450983561,0.6807478858750434
R3,N2Vp0_5q2,D16,assortativity,10,-0.023312900876113117,0.012700448778111058,-0.030033346617015254,-0.015108452977396719
R3,N2Vp0_5q2,D16,k_gini,10,0.11067506262626262,0.0014325558546930152,0.10982544898989893,0.11150567555555553
R3,N2Vp0_5q2,D16,efficiency,10,0.12284108128805826,0.00044679988585653125,0.12258704402304893,0.12311726900302147
R3,N2Vp0_5q2,D2,diameter,10,7.0,0.0,7.0,7.0
R3,N2Vp0_5q2,D2,clustering,10,0.05733867316343816,0.0019305278902510715,0.05623717357430188,0.05850150483911535
R3,N2Vp0_5q2,D2,H_norm,10,0.23532435360400847,0.001138794658218134,0.23464825259520408,0.2359806576099383
R3,N2Vp0_5q2,D2,k_max,10,16.5,0.5270462766947299,16.2,16.8
R3,N2Vp0_5q2,D2,modularity,10,0.5048326481991634,0.005516828901883873,0.5013011719084786,0.5077783991429446
R3,N2Vp0_5q2,D2,frac_rewired,10,0.9184800000000001,0.005884216175498648,0.9151200000000002,0.922
R3,N2Vp0_5q2,D2,dyn_len_frac_lmax,10,0.4647133939899222,0.005771358114480629,0.46134052452404933,0.4680115567939085
R3,N2Vp0_5q2,D2,assortativity,10,-0.02397730545307178,0.007588143499414383,-0.028704931425280123,-0.019888736128071904
R3,N2Vp0_5q2,D2,k_gini,10,0.1116869494949495,0.0014111916498470787,0.11089146737373734,0.1125560071717172
R3,N2Vp0_5q2,D2,efficiency,10,0.24149599108214712,0.00022138485993661324,0.2413710952800167,0.24162730573562755
R3,N2Vp0_5q2,D4,diameter,10,9.5,0.5270462766947299,9.2,9.8
R3,N2Vp0_5q2,D4,clustering,10,0.05483154546176254,0.0018602438182298798,0.05371873977378875,0.05591131748211401
R3,N2Vp0_5q2,D4,H_norm,10,0.23591662351649917,0.001419432781998591,0.23510620007641125,0.2367645119133213
R3,N2Vp0_5q2,D4,k_max,10,16.2,1.3165611772087666,15.5,17.0
R3,N2Vp0_5q2,D4,modularity,10,0.6469173808795021,0.00564249182911245,0.6438494175721865,0.6505171074890317
R3,N2Vp0_5q2,D4,frac_rewired,10,0.8121200000000002,0.011085205355688178,0.80556,0.81864
R3,N2Vp0_5q2,D4,dyn_len_frac_lmax,10,0.5190171588182236,0.0060763381900934485,0.5156033538278739,0.522740766721862
R3,N2Vp0_5q2,D4,assortativity,10,-0.021869220444867124,0.008944672373087159,-0.026963966424636245,-0.01651109488655909
R3,N2Vp0_5q2,D4,k_gini,10,0.11231773737373736,0.0010858853260299704,0.11167324484848482,0.11294461010101012
R3,N2Vp0_5q2,D4,efficiency,10,0.2180140349981262,0.000493790541952063,0.21772673395485173,0.21831084319632613
R3,N2Vp0_5q2,D8,diameter,10,15.0,0.0,15.0,15.0
R3,N2Vp0_5q2,D8,clustering,10,0.06648743375578683,0.0019167324516062467,0.06529507440402747,0.06753368800660135
R3,N2Vp0_5q2,D8,H_norm,10,0.2354425226466307,0.001178966419558851,0.23471037683558832,0.23607027214680013
R3,N2Vp0_5q2,D8,k_max,10,16.1,0.9944289260117533,15.5,16.7
R3,N2Vp0_5q2,D8,modularity,10,0.7409740067340067,0.004424478673538479,0.7384558698092032,0.743701159473523
R3,N2Vp0_5q2,D8,frac_rewired,10,0.62808,0.007621723339682882,0.62396,0.63284
R3,N2Vp0_5q2,D8,dyn_len_frac_lmax,10,0.5907231875956463,0.0029602018636468892,0.5890310748041416,0.5925078050888114
R3,N2Vp0_5q2,D8,assortativity,10,-0.019978250009652348,0.008001405918084794,-0.024249236153514212,-0.014990616233504719
R3,N2Vp0_5q2,D8,k_gini,10,0.11167587474747478,0.0014273481275955118,0.11083197404040405,0.11249202363636367
R3,N2Vp0_5q2,D8,efficiency,10,0.17387352689087618,0.0007449388545225168,0.17345224222497296,0.17432222117069265
R3,N2Vp1q0_25,D16,diameter,10,25.8,0.6324555320336759,25.4,26.2
R3,N2Vp1q0_25,D16,clustering,10,0.13491500374135645,0.0030686737129789034,0.13313096363375154,0.13673215826248902
R3,N2Vp1q0_25,D16,H_norm,10,0.23449753918585317,0.0011863698359579802,0.23379554224267637,0.23518612842298736
R3,N2Vp1q0_25,D16,k_max,10,15.6,1.1737877907772671,14.9,16.3
R3,N2Vp1q0_25,D16,modularity,10,0.8134141192708515,0.0018268876334151128,0.8122957101142421,0.8144485779256717
R3,N2Vp1q0_25,D16,frac_rewired,10,0.33712000000000003,0.011685964991295227,0.3304,0.34416
R3,N2Vp1q0_25,D16,dyn_len_frac_lmax,10,0.6787226219023542,0.003212362498887217,0.6768557528357615,0.6806030812863405
R3,N2Vp1q0_25,D16,assortativity,10,-0.02812168971618218,0.010035900046096209,-0.03432068630158773,-0.022634517359700942
R3,N2Vp1q0_25,D16,k_gini,10,0.10993397289921134,0.001007092977842326,0.10935685769586971,0.11053085929169455
R3,N2Vp1q0_25,D16,efficiency,10,0.12325158789280363,0.00048579705538114254,0.12296481150833811,0.12352695144658253
R3,N2Vp1q0_25,D2,diameter,10,7.0,0.0,7.0,7.0
R3,N2Vp1q0_25,D2,clustering,10,0.05485857558781125,0.0020732519177567234,0.053532916924252605,0.056006089925107895
R3,N2Vp1q0_25,D2,H_norm,10,0.23409363808715802,0.0016267785501709983,0.23317194419944492,0.235067956447004
R3,N2Vp1q0_25,D2,k_max,10,16.1,0.8755950357709131,15.6,16.6
R3,N2Vp1q0_25,D2,modularity,10,0.4966500066319764,0.004631687674723203,0.4939770089276605,0.4992936660672381
R3,N2Vp1q0_25,D2,frac_rewired,10,0.9128399999999999,0.0058710589618341585,0.9093199999999998,0.9161199999999999
R3,N2Vp1q0_25,D2,dyn_len_frac_lmax,10,0.47108719910448993,0.0033685121483905175,0.46902692291668313,0.47291582516535147
R3,N2Vp1q0_25,D2,assortativity,10,-0.024101039771602658,0.013134297996716183,-0.03110536063577695,-0.015674792758880958
R3,N2Vp1q0_25,D2,k_gini,10,0.11034469494949499,0.0014453208967146842,0.1094954056565657,0.1111931938383839
R3,N2Vp1q0_25,D2,efficiency,10,0.2422072517387907,0.0002895333113600536,0.2420344915280397,0.24237671016406556
R3,N2Vp1q0_25,D4,diameter,10,9.5,0.5270462766947299,9.2,9.8
R3,N2Vp1q0_25,D4,clustering,10,0.05143534734546543,0.0016312789924797042,0.05044342011305735,0.05235267981773176
R3,N2Vp1q0_25,D4,H_norm,10,0.2357540182076626,0.001839155026766197,0.23469361018847054,0.23685458023517336
R3,N2Vp1q0_25,D4,k_max,10,16.1,1.1005049346146119,15.5,16.8
R3,N2Vp1q0_25,D4,modularity,10,0.6447626543209877,0.0031540889824515734,0.6430525988164472,0.6466921263774104
R3,N2Vp1q0_25,D4,frac_rewired,10,0.8059200000000001,0.015773733440966553,0.796719,0.8154410000000001
R3,N2Vp1q0_25,D4,dyn_len_frac_lmax,10,0.5277488358713829,0.005759478325889372,0.5241891720069398,0.530860590741528
R3,N2Vp1q0_25,D4,assortativity,10,-0.02405183622204924,0.009304241838694395,-0.029621297897202446,-0.018774659104510934
R3,N2Vp1q0_25,D4,k_gini,10,0.11209835555555558,0.002080099926618826,0.11089196818181817,0.11335009292929296
R3,N2Vp1q0_25,D4,efficiency,10,0.21871853819623083,0.0005932234581713402,0.21839727348907817,0.21909146999974585
R3,N2Vp1q0_25,D8,diameter,10,15.0,0.0,15.0,15.0
R3,N2Vp1q0_25,D8,clustering,10,0.06417449270612442,0.002121129559478232,0.0628930659223819,0.06536266803693391
R3,N2Vp1q0_25,D8,H_norm,10,0.23522433794457345,0.0013438080293809943,0.23449626850336705,0.23605108720286905
R3,N2Vp1q0_25,D8,k_max,10,15.7,1.3374935098492586,15.0,16.6
R3,N2Vp1q0_25,D8,modularity,10,0.7434586557494134,0.006835894350961785,0.7396274767880829,0.7476278466100399
R3,N2Vp1q0_25,D8,frac_rewired,10,0.6209199999999999,0.010122889354768684,0.6147600000000001,0.6266010000000001
R3,N2Vp1q0_25,D8,dyn_len_frac_lmax,10,0.5942571748945467,0.0035052440227966984,0.5920846889751099,0.5962067794242923
R3,N2Vp1q0_25,D8,assortativity,10,-0.019109034189393297,0.008386684532123719,-0.023680127562832966,-0.013865810364344765
R3,N2Vp1q0_25,D8,k_gini,10,0.11113429090909091,0.0013514342513672264,0.11031758323232321,0.11193058939393942
R3,N2Vp1q0_25,D8,efficiency,10,0.17405410666768645,0.0008387450015890618,0.1735238235664895,0.17449166667208782
R3,N2Vp1q0_5,D16,diameter,10,26.0,0.6666666666666666,25.6,26.4
R3,N2Vp1q0_5,D16,clustering,10,0.13516264009846335,0.0026275443531862965,0.1336491919531447,0.1367373773179432
R3,N2Vp1q0_5,D16,H_norm,10,0.23517457839517442,0.0013469731205594132,0.2343640492355541,0.23593131807145548
R3,N2Vp1q0_5,D16,k_max,10,16.1,0.9944289260117531,15.5,16.7
R3,N2Vp1q0_5,D16,modularity,10,0.8118369799000101,0.0032720834425800684,0.8101091267855323,0.813891376925824
R3,N2Vp1q0_5,D16,frac_rewired,10,0.33956000000000003,0.015365704959060256,0.33015999999999995,0.34784
R3,N2Vp1q0_5,D16,dyn_len_frac_lmax,10,0.6792036278438024,0.0035100557625754774,0.6771176138549747,0.6812197928465815
R3,N2Vp1q0_5,D16,assortativity,10,-0.02793966239546436,0.009379168639936993,-0.03308634122339663,-0.022106853489012458
R3,N2Vp1q0_5,D16,k_gini,10,0.11074227474747475,0.0016001379837167283,0.10978333676767679,0.11164837101010103
R3,N2Vp1q0_5,D16,efficiency,10,0.12311666736755174,0.00033254820827376857,0.12293093940806168,0.12332605531823876
R3,N2Vp1q0_5,D2,diameter,10,7.0,0.0,7.0,7.0
R3,N2Vp1q0_5,D2,clustering,10,0.055112436811554866,0.0014432938694089346,0.0542925816756777,0.05598844610944653
R3,N2Vp1q0_5,D2,H_norm,10,0.2343300234102716,0.0014049565869881137,0.23350609780595843,0.23515597284465864
R3,N2Vp1q0_5,D2,k_max,10,16.3,0.8232726023485646,15.8,16.8
R3,N2Vp1q0_5,D2,modularity,10,0.49729525252525264,0.004331572389434176,0.4947421982450771,0.4998424938654219
R3,N2Vp1q0_5,D2,frac_rewired,10,0.9149200000000001,0.005641276451300716,0.91156,0.91816
R3,N2Vp1q0_5,D2,dyn_len_frac_lmax,10,0.4712431232531478,0.004812150683442428,0.46854939719595445,0.4741625138259607
R3,N2Vp1q0_5,D2,assortativity,10,-0.01724845855201204,0.00686499313622588,-0.021245130797598842,-0.01306918679360881
R3,N2Vp1q0_5,D2,k_gini,10,0.11048359595959598,0.001434142211648447,0.10965294434343441,0.1113030838383839
R3,N2Vp1q0_5,D2,efficiency,10,0.2421176344061434,0.0002415924817740425,0.24196900416357017,0.24225566196002207
R3,N2Vp1q0_5,D4,diameter,10,9.2,0.4216370213557839,9.0,9.5
R3,N2Vp1q0_5,D4,clustering,10,0.05198987357740346,0.0015662854387477724,0.05114194594898611,0.05298342643337097
R3,N2Vp1q0_5,D4,H_norm,10,0.23548659343802764,0.0015505531193377936,0.23462153638528865,0.23643130294149142
R3,N2Vp1q0_5,D4,k_max,10,16.3,0.8232726023485647,15.8,16.7
R3,N2Vp1q0_5,D4,modularity,10,0.6428349760228548,0.005804700201492305,0.6391340402765023,0.6459702649984695
R3,N2Vp1q0_5,D4,frac_rewired,10,0.80144,0.012994631370086825,0.7937200000000001,0.80916
R3,N2Vp1q0_5,D4,dyn_len_frac_lmax,10,0.5277426623079109,0.003106843355020153,0.5259148261047809,0.5295861150932939
R3,N2Vp1q0_5,D4,assortativity,10,-0.01856513057871989,0.010594021253039721,-0.02467665075155931,-0.012149088913111589
R3,N2Vp1q0_5,D4,k_gini,10,0.11165226262626264,0.0016886091804367413,0.11069943919191923,0.11267317202020201
R3,N2Vp1q0_5,D4,efficiency,10,0.21858114020211256,0.0007695532014107643,0.21813635284590024,0.21905000976993966
R3,N2Vp1q0_5,D8,diameter,10,15.0,0.0,15.0,15.0
R3,N2Vp1q0_5,D8,clustering,10,0.06515456862745111,0.0021648001013774482,0.06380917373704736,0.06633139045921406
R3,N2Vp1q0_5,D8,H_norm,10,0.23570068645430328,0.0019667494438813365,0.23444260182454238,0.23678098082331872
R3,N2Vp1q0_5,D8,k_max,10,16.1,1.1005049346146119,15.5,16.8
R3,N2Vp1q0_5,D8,modularity,10,0.7435979114376083,0.00481586457113148,0.7408413391490664,0.7464924871059075
R3,N2Vp1q0_5,D8,frac_rewired,10,0.6210000000000001,0.01310233227754171,0.6134000000000001,0.6287999999999999
R3,N2Vp1q0_5,D8,dyn_len_frac_lmax,10,0.5943056003370757,0.0036314593356390123,0.5921830796983237,0.5964457461499396
R3,N2Vp1q0_5,D8,assortativity,10,-0.02345804349473278,0.007276728080316901,-0.027373638026180123,-0.018837287421285077
R3,N2Vp1q0_5,D8,k_gini,10,0.11206308282828285,0.0022101116298667398,0.11067522414141416,0.11324635464646465
R3,N2Vp1q0_5,D8,efficiency,10,0.17390671119010373,0.0006563120503082282,0.17352458929426354,0.17428276588149963
R3,N2Vp1q1,D16,diameter,10,26.0,0.6666666666666666,25.6,26.4
R3,N2Vp1q1,D16,clustering,10,0.13591375790875757,0.002319061012301762,0.13465967143412105,0.13740341609501583
R3,N2Vp1q1,D16,H_norm,10,0.23528040614760376,0.0011575790170510033,0.23461151515709108,0.23595455124767767
R3,N2Vp1q1,D16,k_max,10,15.7,0.674948557710553,15.3,16.1
R3,N2Vp1q1,D16,modularity,10,0.8127210197938984,0.0011898484374677368,0.8120384678859299,0.8134396199367411
R3,N2Vp1q1,D16,frac_rewired,10,0.35368,0.01137607626166031,0.34688,0.36048
R3,N2Vp1q1,D16,dyn_len_frac_lmax,10,0.6764187987203332,0.0029604375290945848,0.6748141614976204,0.6782982408163303
R3,N2Vp1q1,D16,assortativity,10,-0.02913500191351648,0.006962672892515318,-0.033222682874508094,-0.025025294746552195
R3,N2Vp1q1,D16,k_gini,10,0.11127564848484847,0.0012320441305326128,0.11059882636363633,0.11202332707070707
R3,N2Vp1q1,D16,efficiency,10,0.12281724647787869,0.0004384305342218944,0.12256886871654994,0.12308679216656296
R3,N2Vp1q1,D2,diameter,10,7.0,0.0,7.0,7.0
R3,N2Vp1q1,D2,clustering,10,0.05593348840701817,0.0014183878481065194,0.055064091738980345,0.056744859000477016
R3,N2Vp1q1,D2,H_norm,10,0.2343594456863173,0.0008677560060478021,0.233824448823531,0.234830947520339
R3,N2Vp1q1,D2,k_max,10,16.0,1.3333333333333333,15.2,16.8
R3,N2Vp1q1,D2,modularity,10,0.5011277522701765,0.005295382657372261,0.4982511474977043,0.5044044360141823
R3,N2Vp1q1,D2,frac_rewired,10,0.9138399999999999,0.007143481877441372,0.9095600000000001,0.91792
R3,N2Vp1q1,D2,dyn_len_frac_lmax,10,0.46864157022170644,0.005857302538888775,0.4652272737677486,0.47221325841939976
R3,N2Vp1q1,D2,assortativity,10,-0.0209363105004174,0.007193917867943031,-0.025371210952272714,-0.016980329761347047
R3,N2Vp1q1,D2,k_gini,10,0.11081609696969699,0.0009973082182965685,0.11023442616161615,0.11140562929292931
R3,N2Vp1q1,D2,efficiency,10,0.24181500798414599,0.0003049507402599475,0.2416306131805102,0.24199135340802985
R3,N2Vp1q1,D4,diameter,10,9.4,0.5163977794943222,9.1,9.7
R3,N2Vp1q1,D4,clustering,10,0.053483411699412085,0.002759317649011672,0.051802304170666336,0.05500168920768806
R3,N2Vp1q1,D4,H_norm,10,0.23591169993629174,0.0012619100837505902,0.23516776064637634,0.23664544624751205
R3,N2Vp1q1,D4,k_max,10,16.3,0.8232726023485646,15.8,16.8
R3,N2Vp1q1,D4,modularity,10,0.6497855157636976,0.008216516384094706,0.6452140459136823,0.6548382298872564
R3,N2Vp1q1,D4,frac_rewired,10,0.8119599999999998,0.006641151171964751,0.80812,0.8158810000000002
R3,N2Vp1q1,D4,dyn_len_frac_lmax,10,0.5211068642813813,0.0032175560458366846,0.5191853164365595,0.522963914624999
R3,N2Vp1q1,D4,assortativity,10,-0.02188812639688975,0.007942324768103921,-0.026628630109237383,-0.017365470136668306
R3,N2Vp1q1,D4,k_gini,10,0.11253932929292929,0.0012734314644540117,0.1117781004040404,0.11329057171717169
R3,N2Vp1q1,D4,efficiency,10,0.21802097561564304,0.0005736876080041399,0.21767859283237098,0.21834556081353176
R3,N2Vp1q1,D8,diameter,10,15.0,0.0,15.0,15.0
R3,N2Vp1q1,D8,clustering,10,0.06469685086258783,0.0021690583473992662,0.06345650303688413,0.0659800391569473
R3,N2Vp1q1,D8,H_norm,10,0.23560266730257112,0.0011938563302367911,0.23488984128801205,0.2362753841715957
R3,N2Vp1q1,D8,k_max,10,16.2,1.8135294011647258,15.2,17.3
R3,N2Vp1q1,D8,modularity,10,0.7453172334455669,0.0036465358456000086,0.743297079201102,0.747527917801755
R3,N2Vp1q1,D8,frac_rewired,10,0.6293200000000001,0.011200079364798173,0.6227590000000001,0.63588
R3,N2Vp1q1,D8,dyn_len_frac_lmax,10,0.5915070210341741,0.0057454576235922775,0.588155558697187,0.5949298043606117
R3,N2Vp1q1,D8,assortativity,10,-0.02499189535977518,0.011607826027424273,-0.032304811198361066,-0.018718406734116882
R3,N2Vp1q1,D8,k_gini,10,0.11207901414141412,0.001361572549358668,0.11125913101010096,0.11284044101010099
R3,N2Vp1q1,D8,efficiency,10,0.17349196207394044,0.0009522209389754081,0.17295579495161362,0.17405683102465316
R3,N2Vp1q2,D16,diameter,10,26.3,0.674948557710553,25.9,26.7
R3,N2Vp1q2,D16,clustering,10,0.13503820694853802,0.0031263455421996463,0.1332562600143575,0.13692006554993835
R3,N2Vp1q2,D16,H_norm,10,0.2358276480465334,0.0014458470350968615,0.23495318967169634,0.23666715885597067
R3,N2Vp1q2,D16,k_max,10,15.7,1.4181364924121764,15.0,16.6
R3,N2Vp1q2,D16,modularity,10,0.8143649821446791,0.0020593657809699507,0.8131568339837772,0.8155734656795223
R3,N2Vp1q2,D16,frac_rewired,10,0.3654,0.00853593710275693,0.36032000000000003,0.37035999999999997
R3,N2Vp1q2,D16,dyn_len_frac_lmax,10,0.6774323773060539,0.0028014179884298814,0.6757375836032556,0.6790372214928856
R3,N2Vp1q2,D16,assortativity,10,-0.029076412571407244,0.00928494819137564,-0.03417739801930288,-0.0233982745629819
R3,N2Vp1q2,D16,k_gini,10,0.1116944040404041,0.0015118948210788815,0.11074300333333338,0.11247975020202028
R3,N2Vp1q2,D16,efficiency,10,0.1225571703528596,0.0005100887819589411,0.12225526904088925,0.12285044274559814
R3,N2Vp1q2,D2,diameter,10,7.0,0.0,7.0,7.0
R3,N2Vp1q2,D2,clustering,10,0.05718517316017348,0.001834892885133809,0.05613327011877047,0.058266588164613435
R3,N2Vp1q2,D2,H_norm,10,0.23525255617519897,0.0011108875165983009,0.23453912933457557,0.2358325616934381
R3,N2Vp1q2,D2,k_max,10,15.5,0.7071067811865476,15.1,15.9
R3,N2Vp1q2,D2,modularity,10,0.5078650418324661,0.004275778436065736,0.50536100755025,0.5104069449673502
R3,N2Vp1q2,D2,frac_rewired,10,0.91472,0.006100783191980807,0.9110400000000001,0.91816
R3,N2Vp1q2,D2,dyn_len_frac_lmax,10,0.46325790611933415,0.005088540648364475,0.4603885282438486,0.46638818432688456
R3,N2Vp1q2,D2,assortativity,10,-0.01933245366464032,0.00687529690674659,-0.023508882648392897,-0.015488179395606073
R3,N2Vp1q2,D2,k_gini,10,0.11146239595959602,0.0012916292560673536,0.11068513707070712,0.11218747474747479
R3,N2Vp1q2,D2,efficiency,10,0.24151260123096857,0.0002321927784005602,0.24137324362697457,0.2416441406676956
R3,N2Vp1q2,D4,diameter,10,9.7,0.4830458915396479,9.4,9.9
R3,N2Vp1q2,D4,clustering,10,0.052840820029643985,0.002123422144556548,0.05158805763109486,0.054095556661149694
R3,N2Vp1q2,D4,H_norm,10,0.23503887560474065,0.001285080491301224,0.23424822158765266,0.2357321738057188
R3,N2Vp1q2,D4,k_max,10,16.5,0.5270462766947299,16.2,16.8
R3,N2Vp1q2,D4,modularity,10,0.6476137149270482,0.0041597367222143905,0.6451975171156005,0.6500695461049893
R3,N2Vp1q2,D4,frac_rewired,10,0.81376,0.011729090141846282,0.8068799999999999,0.82044
R3,N2Vp1q2,D4,dyn_len_frac_lmax,10,0.5175087639714764,0.004067328498873024,0.5149228670748064,0.5196454653133908
R3,N2Vp1q2,D4,assortativity,10,-0.022026614674428673,0.006491722762518858,-0.0262290170551998,-0.018752686809293633
R3,N2Vp1q2,D4,k_gini,10,0.11165168888888888,0.0014217119213893942,0.11077497777777778,0.11243574585858583
R3,N2Vp1q2,D4,efficiency,10,0.21773829766827363,0.0006069096737670201,0.2173647741131373,0.21808579772321623
R3,N2Vp1q2,D8,diameter,10,14.9,0.31622776601683794,14.7,15.0
R3,N2Vp1q2,D8,clustering,10,0.06440613798344777,0.0020725038503646856,0.06316884789445185,0.06560569896965793
R3,N2Vp1q2,D8,H_norm,10,0.23599100406128035,0.0010319638504956788,0.23537639116382744,0.23659428294896
R3,N2Vp1q2,D8,k_max,10,16.8,1.1352924243950933,16.2,17.5
R3,N2Vp1q2,D8,modularity,10,0.7437335399449037,0.004244959060758983,0.7412272152331394,0.7461476772778288
R3,N2Vp1q2,D8,frac_rewired,10,0.63528,0.008898039734183655,0.6303599999999999,0.64092
R3,N2Vp1q2,D8,dyn_len_frac_lmax,10,0.5913800835850895,0.002148293831209496,0.5901427523410451,0.5926755380609898
R3,N2Vp1q2,D8,assortativity,10,-0.02251544189529356,0.008063817341414044,-0.027057653287632478,-0.01758069595553667
R3,N2Vp1q2,D8,k_gini,10,0.11215001212121214,0.0011456190582597929,0.1115100640404041,0.11283729282828281
R3,N2Vp1q2,D8,efficiency,10,0.17373250955420463,0.0006071235041423671,0.1733927270513644,0.17409872561986944
R3,N2Vp2q0_25,D16,diameter,10,25.6,0.5163977794943222,25.3,25.9
R3,N2Vp2q0_25,D16,clustering,10,0.13582615483209579,0.003422938693805503,0.1337291777789203,0.1377859154144872
R3,N2Vp2q0_25,D16,H_norm,10,0.23402291527229996,0.0013092086564405298,0.23331833297629948,0.23483667824825852
R3,N2Vp2q0_25,D16,k_max,10,15.6,0.6992058987801011,15.2,16.0
R3,N2Vp2q0_25,D16,modularity,10,0.8117529935720844,0.001926478606408298,0.8106160061090706,0.8128907689011323
R3,N2Vp2q0_25,D16,frac_rewired,10,0.33448,0.009435253043771527,0.32888,0.33987999999999996
R3,N2Vp2q0_25,D16,dyn_len_frac_lmax,10,0.6789451385629423,0.002664549295924993,0.6773867793716261,0.68047809302508
R3,N2Vp2q0_25,D16,assortativity,10,-0.027960716430406075,0.011024106800893779,-0.03477624171488884,-0.021836987774878455
R3,N2Vp2q0_25,D16,k_gini,10,0.10948178585858584,0.0013426881347324805,0.10871405606060607,0.11030583636363635
R3,N2Vp2q0_25,D16,efficiency,10,0.1230350727507187,0.000397845158473124,0.12281370674856722,0.12327676897396118
R3,N2Vp2q0_25,D2,diameter,10,7.0,0.0,7.0,7.0
R3,N2Vp2q0_25,D2,clustering,10,0.055810870991753705,0.0018716782626014446,0.054742280876803315,0.056931390006235885
R3,N2Vp2q0_25,D2,H_norm,10,0.235363992135497,0.001621158272603162,0.23437778698357173,0.23626134450115477
R3,N2Vp2q0_25,D2,k_max,10,15.9,0.7378647873726218,15.5,16.3
R3,N2Vp2q0_25,D2,modularity,10,0.5012071630445873,0.0062735801344077,0.49757975812417105,0.5050448691970207
R3,N2Vp2q0_25,D2,frac_rewired,10,0.9084,0.0052187695442082556,0.9053999999999999,0.9114000000000001
R3,N2Vp2q0_25,D2,dyn_len_frac_lmax,10,0.46899196031362445,0.005372085163622085,0.4657722928338941,0.4721005012184779
R3,N2Vp2q0_25,D2,assortativity,10,-0.021794633037667925,0.008706555933407405,-0.026917232229310088,-0.016801323330751714
R3,N2Vp2q0_25,D2,k_gini,10,0.1114913575757576,0.0012628791541596893,0.11076403545454547,0.11224035202020205
R3,N2Vp2q0_25,D2,efficiency,10,0.2421047289773052,0.00028000096814396764,0.2419405084624325,0.24226983700146726
R3,N2Vp2q0_25,D4,diameter,10,9.2,0.4216370213557839,9.0,9.5
R3,N2Vp2q0_25,D4,clustering,10,0.0526761688181104,0.0014032482637426253,0.05189924822644721,0.053545417064145374
R3,N2Vp2q0_25,D4,H_norm,10,0.2350793182251813,0.001800786063906777,0.234048753684568,0.23615280343547548
R3,N2Vp2q0_25,D4,k_max,10,15.9,0.8755950357709131,15.4,16.5
R3,N2Vp2q0_25,D4,modularity,10,0.6464029578614428,0.010046559088355589,0.6398766494235282,0.6517175956535047
R3,N2Vp2q0_25,D4,frac_rewired,10,0.8074,0.01118133365132364,0.80112,0.8140010000000001
R3,N2Vp2q0_25,D4,dyn_len_frac_lmax,10,0.5250005679930733,0.0025316543129175,0.5235446831964141,0.5264957951310506
R3,N2Vp2q0_25,D4,assortativity,10,-0.02221714340544704,0.010092388245088214,-0.028495901498414435,-0.01667164391491865
R3,N2Vp2q0_25,D4,k_gini,10,0.11139925656565655,0.0019828074347827056,0.11025900767676766,0.11261090919191921
R3,N2Vp2q0_25,D4,efficiency,10,0.21852718709070929,0.00039511586108857206,0.21828786142838086,0.21874738984609715
R3,N2Vp2q0_25,D8,diameter,10,14.9,0.31622776601683794,14.7,15.0
R3,N2Vp2q0_25,D8,clustering,10,0.06410174665857034,0.0015385750098446153,0.06314946895996171,0.06494637950089144
R3,N2Vp2q0_25,D8,H_norm,10,0.23612831187184669,0.0007586070640455956,0.23567425928141147,0.23656695167118016
R3,N2Vp2q0_25,D8,k_max,10,16.4,1.1737877907772671,15.7,17.1
R3,N2Vp2q0_25,D8,modularity,10,0.7381594587287011,0.00475568643957306,0.7353592938348128,0.7408040205591266
R3,N2Vp2q0_25,D8,frac_rewired,10,0.61388,0.00629934740888115,0.6102000000000001,0.6175200000000001
R3,N2Vp2q0_25,D8,dyn_len_frac_lmax,10,0.595214406326983,0.003732452035253334,0.5930846458356517,0.5974190409124691
R3,N2Vp2q0_25,D8,assortativity,10,-0.02334559698566771,0.010908067403522263,-0.030151080798503066,-0.017228817614830416
R3,N2Vp2q0_25,D8,k_gini,10,0.11219883232323238,0.0009952353434793514,0.11162114474747484,0.11277827474747479
R3,N2Vp2q0_25,D8,efficiency,10,0.1746664222630777,0.0006214210177309321,0.17433271782443466,0.17506003243598017
R3,N2Vp2q0_5,D16,diameter,10,25.8,0.4216370213557839,25.5,26.0
R3,N2Vp2q0_5,D16,clustering,10,0.13515192052392017,0.0012994669319343372,0.13441516931679398,0.13595496151071107
R3,N2Vp2q0_5,D16,H_norm,10,0.23404260490061035,0.001480118620802194,0.23325909060704744,0.23499791163132758
R3,N2Vp2q0_5,D16,k_max,10,15.4,0.699205898780101,15.0,15.8
R3,N2Vp2q0_5,D16,modularity,10,0.8128922579328641,0.002591986844866364,0.8112479815707581,0.8142926492322216
R3,N2Vp2q0_5,D16,frac_rewired,10,0.34636000000000006,0.010924305215639325,0.33980000000000005,0.35272000000000003
R3,N2Vp2q0_5,D16,dyn_len_frac_lmax,10,0.6790769570677615,0.002723975435988833,0.6774649895276245,0.6807062950856689
R3,N2Vp2q0_5,D16,assortativity,10,-0.031014571507269835,0.012658215367316688,-0.03876733192133554,-0.02405481427902677
R3,N2Vp2q0_5,D16,k_gini,10,0.10976955959595966,0.001484666675961017,0.10902123373737382,0.11075848484848491
R3,N2Vp2q0_5,D16,efficiency,10,0.12295198630426592,0.000500724854156352,0.12262438701087874,0.12320334262046928
R3,N2Vp2q0_5,D2,diameter,10,7.0,0.0,7.0,7.0
R3,N2Vp2q0_5,D2,clustering,10,0.054437879675880006,0.0014254848578263736,0.053655950049950406,0.05532826353091385
R3,N2Vp2q0_5,D2,H_norm,10,0.23479029498810872,0.0014067785645455904,0.23398248050645368,0.23563446695218265
R3,N2Vp2q0_5,D2,k_max,10,15.6,0.5163977794943222,15.3,15.9
R3,N2Vp2q0_5,D2,modularity,10,0.49664042087542093,0.0040244516038073835,0.49434415164268947,0.49905774868635855
R3,N2Vp2q0_5,D2,frac_rewired,10,0.9114000000000001,0.008994319194790537,0.90608,0.91668
R3,N2Vp2q0_5,D2,dyn_len_frac_lmax,10,0.47175166778693906,0.003787313107109074,0.46969847955161337,0.4740781564072716
R3,N2Vp2q0_5,D2,assortativity,10,-0.01602952439507293,0.00992910746313097,-0.021657155283573017,-0.010023115371744749
R3,N2Vp2q0_5,D2,k_gini,10,0.11116375757575758,0.0012471086274718425,0.11042210292929294,0.11190310161616164
R3,N2Vp2q0_5,D2,efficiency,10,0.242181217858572,0.0002198587035170537,0.24205026662665063,0.24231059698355528
R3,N2Vp2q0_5,D4,diameter,10,9.1,0.31622776601683794,9.0,9.3
R3,N2Vp2q0_5,D4,clustering,10,0.05305398543286818,0.002730193132813535,0.051537556133572734,0.0547304135625816
R3,N2Vp2q0_5,D4,H_norm,10,0.23540767400188808,0.0020344288175277417,0.23423579017373772,0.23662924881723135
R3,N2Vp2q0_5,D4,k_max,10,16.5,1.8408935028645435,15.6,17.7
R3,N2Vp2q0_5,D4,modularity,10,0.6423899831649831,0.006909592299071481,0.6390027809279666,0.6469069821956943
R3,N2Vp2q0_5,D4,frac_rewired,10,0.7999200000000001,0.011402611786584497,0.7929189999999999,0.80616
R3,N2Vp2q0_5,D4,dyn_len_frac_lmax,10,0.5255531129758181,0.00628015225656745,0.5214400014565468,0.5286088439783422
R3,N2Vp2q0_5,D4,assortativity,10,-0.02808621543169696,0.006526395018405159,-0.032336726467046085,-0.024728863363285662
R3,N2Vp2q0_5,D4,k_gini,10,0.11170826666666664,0.001974022034683976,0.11052112191919192,0.11285947161616157
R3,N2Vp2q0_5,D4,efficiency,10,0.2188333994550201,0.0007719885890397124,0.21834522839707307,0.21923411461536993
R3,N2Vp2q0_5,D8,diameter,10,15.0,0.0,15.0,15.0
R3,N2Vp2q0_5,D8,clustering,10,0.06427936971525225,0.0013125274561894276,0.06351799630206416,0.06506826047204442
R3,N2Vp2q0_5,D8,H_norm,10,0.23579156378728294,0.001288305262571386,0.2350095627306025,0.23652640314595696
R3,N2Vp2q0_5,D8,k_max,10,16.1,0.9944289260117531,15.6,16.7
R3,N2Vp2q0_5,D8,modularity,10,0.7443120992755841,0.008927801115341123,0.73905213191256,0.7494999929216406
R3,N2Vp2q0_5,D8,frac_rewired,10,0.62836,0.013757842208072524,0.6202799999999999,0.63644
R3,N2Vp2q0_5,D8,dyn_len_frac_lmax,10,0.593616745949977,0.004361361348828398,0.5910624813373704,0.5961655176324238
R3,N2Vp2q0_5,D8,assortativity,10,-0.02029263811622343,0.01169968043960911,-0.02704417383269141,-0.013327448533291054
R3,N2Vp2q0_5,D8,k_gini,10,0.11201831111111107,0.001508461177915254,0.11107167090909092,0.11284945989898991
R3,N2Vp2q0_5,D8,efficiency,10,0.17382444659755342,0.00043863058831971534,0.1735841447530083,0.1740986033597077
R3,N2Vp2q1,D16,diameter,10,25.8,0.6324555320336759,25.4,26.2
R3,N2Vp2q1,D16,clustering,10,0.13494862737262708,0.001944512249229603,0.1337723849095347,0.13603531525696488
R3,N2Vp2q1,D16,H_norm,10,0.23469198446630912,0.0009692669751116216,0.2341641834598468,0.2352901687591615
R3,N2Vp2q1,D16,k_max,10,14.9,0.5676462121975466,14.6,15.2
R3,N2Vp2q1,D16,modularity,10,0.8107619824349834,0.0022984118124800713,0.8093497960153181,0.8120526694150267
R3,N2Vp2q1,D16,frac_rewired,10,0.34612,0.006640080320799336,0.34215999999999996,0.35
R3,N2Vp2q1,D16,dyn_len_frac_lmax,10,0.6793044005797015,0.0024952379478084667,0.6777943051584446,0.6806891520564974
R3,N2Vp2q1,D16,assortativity,10,-0.025759262161432366,0.01121751250966978,-0.032477807869100074,-0.019186671621240717
R3,N2Vp2q1,D16,k_gini,10,0.11040060626958544,0.000983200967508465,0.109801622530477,0.11096745193311021
R3,N2Vp2q1,D16,efficiency,10,0.12321090178636832,0.00036893680825928713,0.12298809146612329,0.12342542844766069
R3,N2Vp2q1,D2,diameter,10,7.0,0.0,7.0,7.0
R3,N2Vp2q1,D2,clustering,10,0.0554060967876297,0.0017180262941769253,0.05446118862999787,0.05644494685057838
R3,N2Vp2q1,D2,H_norm,10,0.23485919632569127,0.0010652962822733489,0.23422900027565555,0.23548669144672793
R3,N2Vp2q1,D2,k_max,10,16.4,1.429840705968481,15.6,17.3
R3,N2Vp2q1,D2,modularity,10,0.5006356973778187,0.00506682561486643,0.49761338494796453,0.50353247543618
R3,N2Vp2q1,D2,frac_rewired,10,0.91332,0.005112251080601489,0.91016,0.9161999999999999
R3,N2Vp2q1,D2,dyn_len_frac_lmax,10,0.4724824532044204,0.007339512230046103,0.4682875734314804,0.476793282365512
R3,N2Vp2q1,D2,assortativity,10,-0.01550697467012541,0.0060988501683630365,-0.018622737448519226,-0.011658160901006184
R3,N2Vp2q1,D2,k_gini,10,0.11116679191919195,0.0010615672291751001,0.11054977878787885,0.11177762888888897
R3,N2Vp2q1,D2,efficiency,10,0.2419762359801063,0.000328059846468296,0.2417751201147125,0.24215670871396175
R3,N2Vp2q1,D4,diameter,10,9.1,0.31622776601683794,9.0,9.3
R3,N2Vp2q1,D4,clustering,10,0.053596381487793665,0.0019550881698337783,0.052437618945760565,0.05470579695125174
R3,N2Vp2q1,D4,H_norm,10,0.23495966894303302,0.0017186771775262572,0.23397580975852156,0.23599286218865947
R3,N2Vp2q1,D4,k_max,10,17.0,1.699673171197595,16.1,18.1
R3,N2Vp2q1,D4,modularity,10,0.6443570727476788,0.011012362098509766,0.6375760916998265,0.6504392513646567
R3,N2Vp2q1,D4,frac_rewired,10,0.8073600000000001,0.012110895003168752,0.7998799999999999,0.8138400000000001
R3,N2Vp2q1,D4,dyn_len_frac_lmax,10,0.5210547726248759,0.005738339045806497,0.5177759208422897,0.5245705143986187
R3,N2Vp2q1,D4,assortativity,10,-0.02131795214566005,0.007974755764519188,-0.02604421999984797,-0.01657965793034766
R3,N2Vp2q1,D4,k_gini,10,0.11132343838383836,0.0018858812557433647,0.11027526606060603,0.11246313959595956
R3,N2Vp2q1,D4,efficiency,10,0.21829982027096548,0.0009311303579043276,0.21776714114121837,0.2188569382419634
R3,N2Vp2q1,D8,diameter,10,15.1,0.31622776601683794,15.0,15.3
R3,N2Vp2q1,D8,clustering,10,0.06547570785423737,0.0017368888725889694,0.0643976948415965,0.06642730458071347
R3,N2Vp2q1,D8,H_norm,10,0.23664909717690485,0.0014136052161637452,0.23577895131138182,0.2374086127154161
R3,N2Vp2q1,D8,k_max,10,16.6,0.8432740427115678,16.1,17.1
R3,N2Vp2q1,D8,modularity,10,0.7440234976022856,0.003240964320405635,0.7420850815733089,0.7458388769003164
R3,N2Vp2q1,D8,frac_rewired,10,0.62344,0.014570838456771575,0.61512,0.6322
R3,N2Vp2q1,D8,dyn_len_frac_lmax,10,0.5915533576426405,0.003170762561521287,0.5896461018088321,0.5933441565050566
R3,N2Vp2q1,D8,assortativity,10,-0.02284078640857919,0.007447854218210329,-0.027189101309943606,-0.01848177974891299
R3,N2Vp2q1,D8,k_gini,10,0.11297098181818181,0.001500317618288982,0.11205182848484846,0.11378170353535354
R3,N2Vp2q1,D8,efficiency,10,0.174159741359392,0.000583104865533955,0.1738133157857837,0.1744935536077901
R3,N2Vp2q2,D16,diameter,10,26.0,0.4714045207910317,25.7,26.3
R3,N2Vp2q2,D16,clustering,10,0.13721900035911763,0.0026840850237914234,0.13556750690943004,0.13873989220354768
R3,N2Vp2q2,D16,H_norm,10,0.23627385200867373,0.0016111521177626543,0.2352931117171646,0.23716668285786113
R3,N2Vp2q2,D16,k_max,10,15.9,1.286683937707919,15.2,16.7
R3,N2Vp2q2,D16,modularity,10,0.8114868135904499,0.002587078832694131,0.8100021168630753,0.8129979618406286
R3,N2Vp2q2,D16,frac_rewired,10,0.36332000000000003,0.008700549152527985,0.3582,0.36844
R3,N2Vp2q2,D16,dyn_len_frac_lmax,10,0.6761761915842627,0.0027432777951415816,0.6744879796415642,0.6777038554396306
R3,N2Vp2q2,D16,assortativity,10,-0.02857138306676395,0.009920564381304902,-0.034198453795839696,-0.022852968616326214
R3,N2Vp2q2,D16,k_gini,10,0.11206787070707067,0.0016082204772489782,0.11103869747474743,0.11292956696969693
R3,N2Vp2q2,D16,efficiency,10,0.12273587292496153,0.0006522033317030869,0.12231462793033152,0.1230833388489964
R3,N2Vp2q2,D2,diameter,10,7.0,0.0,7.0,7.0
R3,N2Vp2q2,D2,clustering,10,0.05777698838416514,0.0023689312784885433,0.05633824243730162,0.059133756111699
R3,N2Vp2q2,D2,H_norm,10,0.23582127303726455,0.0013439360654217396,0.23506182154265476,0.23663627876647356
R3,N2Vp2q2,D2,k_max,10,15.9,0.9944289260117533,15.4,16.5
R3,N2Vp2q2,D2,modularity,10,0.504549334251607,0.005019867625516131,0.5017743971533517,0.5076212456892155
R3,N2Vp2q2,D2,frac_rewired,10,0.91644,0.0072405033588065545,0.91224,0.9207610000000002
R3,N2Vp2q2,D2,dyn_len_frac_lmax,10,0.46303704142444546,0.004530183671658726,0.4604663780558819,0.4657788258278492
R3,N2Vp2q2,D2,assortativity,10,-0.02183389563285315,0.007934921036355356,-0.0264623612056418,-0.0173464317760806
R3,N2Vp2q2,D2,k_gini,10,0.11207983434343434,0.001353959829911424,0.11137997292929293,0.11294893949494954
R3,N2Vp2q2,D2,efficiency,10,0.24153907574458353,0.0003494206027065568,0.24133043652889719,0.2417417703595724
R3,N2Vp2q2,D4,diameter,10,9.3,0.4830458915396479,9.0,9.6
R3,N2Vp2q2,D4,clustering,10,0.05484769543562766,0.002454859911580977,0.05344365482230225,0.05629263004675952
R3,N2Vp2q2,D4,H_norm,10,0.23598068093674143,0.0009994279214199818,0.23543373279406818,0.23661475364306161
R3,N2Vp2q2,D4,k_max,10,16.5,1.35400640077266,15.7,17.3
R3,N2Vp2q2,D4,modularity,10,0.6459442179369452,0.004388306616259804,0.6431985278670543,0.6482906343867972
R3,N2Vp2q2,D4,frac_rewired,10,0.81308,0.01145588640539585,0.8061589999999998,0.8197599999999999
R3,N2Vp2q2,D4,dyn_len_frac_lmax,10,0.5195805194272274,0.005523368136436102,0.5163745630702505,0.5228027219441195
R3,N2Vp2q2,D4,assortativity,10,-0.01901902530161088,0.007276847064878555,-0.023755586427794347,-0.015197986312788347
R3,N2Vp2q2,D4,k_gini,10,0.11261775757575757,0.0012721937477927418,0.11188761545454548,0.11336224545454542
R3,N2Vp2q2,D4,efficiency,10,0.21807692350591026,0.0004941597443484194,0.21779072706003033,0.21836142364882458
R3,N2Vp2q2,D8,diameter,10,15.0,0.4714045207910317,14.7,15.3
R3,N2Vp2q2,D8,clustering,10,0.06565171112547594,0.0019990343689830596,0.06443561807163432,0.06677850610598562
R3,N2Vp2q2,D8,H_norm,10,0.2361703691738916,0.001765015392852312,0.23514847276987116,0.2372184344693599
R3,N2Vp2q2,D8,k_max,10,16.4,1.4298407059684812,15.5,17.2
R3,N2Vp2q2,D8,modularity,10,0.7446406805428017,0.006383810949406879,0.740858828295582,0.7483399315248446
R3,N2Vp2q2,D8,frac_rewired,10,0.6338,0.011091939014938337,0.6277589999999998,0.640561
R3,N2Vp2q2,D8,dyn_len_frac_lmax,10,0.5916505297075054,0.005178843645795777,0.5885645598837905,0.5946628512708914
R3,N2Vp2q2,D8,assortativity,10,-0.019847023976357573,0.007324048809140734,-0.023972061155660432,-0.015401177089968273
R3,N2Vp2q2,D8,k_gini,10,0.11239670303030307,0.001744274326971801,0.11135950434343442,0.11340639565656571
R3,N2Vp2q2,D8,efficiency,10,0.17378562730209185,0.0007259180466164911,0.17334930020958653,0.17420481922922904
R3,RW,D16,diameter,10,26.2,0.4216370213557839,26.0,26.5
R3,RW,D16,clustering,10,0.13633843271107943,0.0015168813646846233,0.13546095541631548,0.1372282022366518
R3,RW,D16,H_norm,10,0.23540191597813323,0.0011619583428516178,0.2346483125229192,0.23598596969458063
R3,RW,D16,k_max,10,15.5,1.0801234497346435,14.9,16.2
R3,RW,D16,modularity,10,0.8122010904050864,0.0029270825155525704,0.8106401720870319,0.8140682701439399
R3,RW,D16,frac_rewired,10,0.34788,0.013452864213822847,0.34027999999999997,0.35604
R3,RW,D16,dyn_len_frac_lmax,10,0.6772196265478903,0.0015186655213537466,0.6762800634209538,0.6780951162646552
R3,RW,D16,assortativity,10,-0.03045690829940782,0.009457347787237586,-0.035963075329493686,-0.02477140446978566
R3,RW,D16,k_gini,10,0.11143914712903351,0.0009679821633845101,0.1108013025922218,0.111943888880246
R3,RW,D16,efficiency,10,0.12299178526479501,0.0005524969361379241,0.12269160203625464,0.12334912679450104
R3,RW,D2,diameter,10,7.0,0.0,7.0,7.0
R3,RW,D2,clustering,10,0.05641256977009949,0.001245015084962288,0.05570605204632004,0.05717000442384441
R3,RW,D2,H_norm,10,0.23455003905548638,0.0013036370198447457,0.23380120890757697,0.2353101798802737
R3,RW,D2,k_max,10,16.1,0.7378647873726218,15.7,16.5
R3,RW,D2,modularity,10,0.4995538939904091,0.0038269879618630137,0.4973433952402816,0.5018603080042853
R3,RW,D2,frac_rewired,10,0.9148,0.00734423432209087,0.9103999999999999,0.9189999999999999
R3,RW,D2,dyn_len_frac_lmax,10,0.4694286864480152,0.005019696015590317,0.4667309628201803,0.4725581515983165
R3,RW,D2,assortativity,10,-0.02492773292835335,0.0074785403700566465,-0.02923825203963243,-0.0204798247089199
R3,RW,D2,k_gini,10,0.11086441212121215,0.0015408967298540409,0.10996025444444445,0.11178153151515151
R3,RW,D2,efficiency,10,0.2418833701861697,0.0002343313737069976,0.2417495664360982,0.24202003770841662
R3,RW,D4,diameter,10,9.3,0.4830458915396479,9.0,9.6
R3,RW,D4,clustering,10,0.05490575564305015,0.0013102416662936181,0.05410871599119873,0.055626344980510105
R3,RW,D4,H_norm,10,0.23515213793225956,0.0011630938677180498,0.234438392145128,0.2357968938647514
R3,RW,D4,k_max,10,16.5,1.1785113019775793,15.8,17.2
R3,RW,D4,modularity,10,0.6470501239669422,0.003925673110106852,0.6449470375344352,0.6494741116340169
R3,RW,D4,frac_rewired,10,0.8090400000000001,0.009868828591974717,0.8031589999999998,0.81484
R3,RW,D4,dyn_len_frac_lmax,10,0.5235670752905289,0.005824393011317244,0.5203064652744729,0.527250805223158
R3,RW,D4,assortativity,10,-0.02682355875834654,0.007904697257863582,-0.031152087472112556,-0.021900152156991263
R3,RW,D4,k_gini,10,0.11171489292929293,0.0012778580817643442,0.11090869828282829,0.11240938202020204
R3,RW,D4,efficiency,10,0.21850699174908056,0.0006022312025720932,0.21815062953498857,0.21885402815792981
R3,RW,D8,diameter,10,14.9,0.31622776601683794,14.7,15.0
R3,RW,D8,clustering,10,0.06533918855001224,0.0021331446330999137,0.06405394201762309,0.06655191313588388
R3,RW,D8,H_norm,10,0.23602660335056097,0.0015757710950379323,0.23513353084290803,0.23697620150747473
R3,RW,D8,k_max,10,16.0,0.816496580927726,15.5,16.5
R3,RW,D8,modularity,10,0.7437312146719723,0.005900792091703296,0.7401594024844403,0.7471397880318336
R3,RW,D8,frac_rewired,10,0.6248800000000001,0.01471241350394662,0.61592,0.63308
R3,RW,D8,dyn_len_frac_lmax,10,0.5913608554485941,0.003981055061419292,0.5890011395982567,0.5937051171490261
R3,RW,D8,assortativity,10,-0.01969532663845504,0.006051867945773851,-0.02333423939052318,-0.016305367760613074
R3,RW,D8,k_gini,10,0.11236552323232327,0.0014924494115424612,0.11149592565656569,0.11323895515151518
R3,RW,D8,efficiency,10,0.173763949285786,0.00035319801925174114,0.17356544232303198,0.1739850279331868
R3,RWD,D16,diameter,10,25.0,0.4714045207910317,24.7,25.3
R3,RWD,D16,clustering,10,0.15794574340401193,0.00445019021470373,0.15536104274388443,0.1605387185925683
R3,RWD,D16,H_norm,10,0.25547101706288117,0.0008558482891841112,0.2549961871027203,0.25599111764247245
R3,RWD,D16,k_max,10,40.6,4.718756898449704,37.9,43.4
R3,RWD,D16,modularity,10,0.8207991041730436,0.0016346712572802814,0.8198028518646057,0.8217262861187634
R3,RWD,D16,frac_rewired,10,0.32288,0.01173454539194235,0.31572000000000006,0.32976099999999997
R3,RWD,D16,dyn_len_frac_lmax,10,0.686143714448573,0.0010155579947754545,0.6855831527966219,0.6867669169175914
R3,RWD,D16,assortativity,10,-0.07186043449815879,0.008135013593772939,-0.0762642457941451,-0.0667387178274731
R3,RWD,D16,k_gini,10,0.1625881575757576,0.0020493186680708483,0.16146779878787876,0.16383786151515162
R3,RWD,D16,efficiency,10,0.12630707391416526,0.0004895551419943031,0.12602201141911126,0.1266014704752084
R3,RWD,D2,diameter,10,4.1,0.31622776601683794,4.0,4.3
R3,RWD,D2,clustering,10,0.27635352470434704,0.016466203756365514,0.26586790969497126,0.285282961777798
R3,RWD,D2,H_norm,10,0.18800725274644364,0.004653029626652314,0.18515589266274238,0.1906118813468228
R3,RWD,D2,k_max,10,2138.2,245.2743588537357,1998.2975,2282.7025
R3,RWD,D2,modularity,10,0.41668618049178646,0.02543635989841798,0.40157227137536977,0.4313931150520355
R3,RWD,D2,frac_rewired,10,0.75816,0.012057934225138952,0.7511600000000002,0.7652410000000001
R3,RWD,D2,dyn_len_frac_lmax,10,0.5788645039654983,0.006278930814021572,0.5752903201791112,0.5826788029454596
R3,RWD,D2,assortativity,10,-0.1353189601647133,0.008883992485216433,-0.1407939348004683,-0.13024426436628644
R3,RWD,D2,k_gini,10,0.2091962262626262,0.003352574413468184,0.20725379949494943,0.21121581424242422
R3,RWD,D2,efficiency,10,0.46336898759503803,0.024097298631689634,0.4495451822729091,0.47743835827664394
R3,RWD,D4,diameter,10,7.2,0.6324555320336759,6.8,7.6
R3,RWD,D4,clustering,10,0.23318678188141656,0.01563142816513524,0.2236875618889383,0.2417239499273801
R3,RWD,D4,H_norm,10,0.18676782556686708,0.004588553634384453,0.18409776668548486,0.18949952558733074
R3,RWD,D4,k_max,10,705.8,64.05691913360249,667.3974999999999,742.1025
R3,RWD,D4,modularity,10,0.6719663524130189,0.010905942732499589,0.665334734389348,0.6782033651668197
R3,RWD,D4,frac_rewired,10,0.6270800000000001,0.029768917421438834,0.61092,0.6453220000000001
R3,RWD,D4,dyn_len_frac_lmax,10,0.6026145679378615,0.006434746617377594,0.5990761973498914,0.6065299149694979
R3,RWD,D4,assortativity,10,-0.13107131052356008,0.0030978894072822474,-0.13290688612982723,-0.12923757709405498
R3,RWD,D4,k_gini,10,0.21354012525252525,0.0036133528656122978,0.21148433010101017,0.21560526191919194
R3,RWD,D4,efficiency,10,0.3098816368452143,0.006047525763287907,0.3063063751376741,0.31340761067855716
R3,RWD,D8,diameter,10,13.0,0.6666666666666666,12.6,13.4
R3,RWD,D8,clustering,10,0.18774158988430673,0.0072931095508731135,0.18354155708047187,0.19197212363730368
R3,RWD,D8,H_norm,10,0.20763955867602268,0.002573425102292176,0.20623223633604915,0.20925038232226373
R3,RWD,D8,k_max,10,193.6,12.0756872360219,186.6,200.8
R3,RWD,D8,modularity,10,0.7972844245485156,0.005381895779474082,0.7939736271809,0.800281838358331
R3,RWD,D8,frac_rewired,10,0.48764,0.013147302215875163,0.48008000000000006,0.49551999999999996
R3,RWD,D8,dyn_len_frac_lmax,10,0.6342620884260031,0.003914800255064729,0.6318446402780793,0.6364681836231056
R3,RWD,D8,assortativity,10,-0.1195962850645567,0.004732571576437881,-0.12224809556719583,-0.11674557226090114
R3,RWD,D8,k_gini,10,0.20541202424242427,0.0017001959074369362,0.2043496987878788,0.20634217343434338
R3,RWD,D8,efficiency,10,0.20247992927263034,0.002524347399419886,0.20090001045893324,0.20385606757387825
R3,RWI,D16,diameter,10,26.0,0.4714045207910317,25.7,26.3
R3,RWI,D16,clustering,10,0.13485001198801178,0.002142899646286094,0.13359079428904413,0.13609462872682845
R3,RWI,D16,H_norm,10,0.21474674101871516,0.0015186000467642888,0.21387313976336486,0.21565577402297964
R3,RWI,D16,k_max,10,13.7,0.6749485577105528,13.3,14.1
R3,RWI,D16,modularity,10,0.8113439807162536,0.00344203780060599,0.8091428850244873,0.8131789695056628
R3,RWI,D16,frac_rewired,10,0.35388,0.00898996971939035,0.34804,0.35875999999999997
R3,RWI,D16,dyn_len_frac_lmax,10,0.6767873767079156,0.001918523929127567,0.6756266019346352,0.6779065424843645
R3,RWI,D16,assortativity,10,-0.025401273712319046,0.008717947785464223,-0.03069042312722344,-0.020592750026358284
R3,RWI,D16,k_gini,10,0.09198141010101012,0.0014266674530888368,0.0911504104040404,0.09282214292929292
R3,RWI,D16,efficiency,10,0.12242111423148298,0.0002686106379831054,0.1222695702652627,0.12258716229304731
R3,RWI,D2,diameter,10,7.0,0.0,7.0,7.0
R3,RWI,D2,clustering,10,0.05921428771228798,0.0020365249083077294,0.05815353020868053,0.06054906135531165
R3,RWI,D2,H_norm,10,0.2168527018505905,0.0014435083137649784,0.21596284584136544,0.21769121202052363
R3,RWI,D2,k_max,10,13.4,0.5163977794943222,13.1,13.7
R3,RWI,D2,modularity,10,0.5127115396388123,0.005208739004403597,0.5096505981277423,0.5158088171742677
R3,RWI,D2,frac_rewired,10,0.9225200000000001,0.005259657783544491,0.9194000000000001,0.9255610000000002
R3,RWI,D2,dyn_len_frac_lmax,10,0.45584742314318627,0.003614598798595198,0.4537710476091063,0.4580625541762442
R3,RWI,D2,assortativity,10,-0.03292882039891593,0.010738201499771434,-0.03925059158830088,-0.026707869592875296
R3,RWI,D2,k_gini,10,0.09446174545454547,0.0013506276833448795,0.09369823282828284,0.09528287303030307
R3,RWI,D2,efficiency,10,0.23981719201966495,0.00043601857374839253,0.23953335176927912,0.24003622082928405
R3,RWI,D4,diameter,10,9.2,0.4216370213557839,9.0,9.5
R3,RWI,D4,clustering,10,0.05446211743811781,0.0013732275242288369,0.053728974802975206,0.05533531515706553
R3,RWI,D4,H_norm,10,0.21651962209696424,0.0020184477065216693,0.21533471137403412,0.21769918876221794
R3,RWI,D4,k_max,10,13.9,0.5676462121975467,13.6,14.2
R3,RWI,D4,modularity,10,0.6444080129578614,0.006372121881391245,0.6405899587414549,0.6479880821344761
R3,RWI,D4,frac_rewired,10,0.8247200000000001,0.014934285683918348,0.81608,0.8333999999999999
R3,RWI,D4,dyn_len_frac_lmax,10,0.5156502351291342,0.0043599293700621565,0.51299329600338,0.5180699021921076
R3,RWI,D4,assortativity,10,-0.03082713522744812,0.012080399969420152,-0.03766357957830617,-0.02362029953219779
R3,RWI,D4,k_gini,10,0.09412391111111114,0.0017720046376865314,0.09311101767676772,0.09516955606060605
R3,RWI,D4,efficiency,10,0.21678124467564794,0.0007210027306137437,0.21636234242808228,0.21720822654236294
R3,RWI,D8,diameter,10,15.1,0.31622776601683794,15.0,15.3
R3,RWI,D8,clustering,10,0.06499876368076382,0.0015500698364495516,0.06406050904095921,0.06591308019758035
R3,RWI,D8,H_norm,10,0.21559393166856608,0.001432531925499895,0.2147131364827506,0.21637971000566825
R3,RWI,D8,k_max,10,13.5,0.7071067811865476,13.1,13.9
R3,RWI,D8,modularity,10,0.7409271936537088,0.006330750247166506,0.7370247070069381,0.7444113576803387
R3,RWI,D8,frac_rewired,10,0.6352,0.008204064033554757,0.63032,0.63976
R3,RWI,D8,dyn_len_frac_lmax,10,0.5897135196777372,0.002945515564078556,0.5880301575700152,0.5914555462362274
R3,RWI,D8,assortativity,10,-0.031239635891320054,0.008009958351369605,-0.03582637056511266,-0.02654542094591942
R3,RWI,D8,k_gini,10,0.09274890909090905,0.0011090305976131484,0.0920672026262626,0.09335800060606053
R3,RWI,D8,efficiency,10,0.1728317159219332,0.0005534161948674513,0.17248899207829538,0.17314030087815563
R3,SP,D16,diameter,10,22.1,0.3162277660168379,22.0,22.3
R3,SP,D16,clustering,10,0.19831003031783823,0.002378728257012605,0.1969000139013606,0.19970210230877342
R3,SP,D16,H_norm,10,0.262652854350108,0.0015108194370128346,0.26173243587066025,0.2634776899381999
R3,SP,D16,k_max,10,35.2,2.485513584307633,33.8,36.7
R3,SP,D16,modularity,10,0.804667347604366,0.0023470026613942943,0.803090914051011,0.805885573461428
R3,SP,D16,frac_rewired,10,0.0274,0.0018595100907975145,0.026439999999999998,0.028599999999999997
R3,SP,D16,dyn_len_frac_lmax,10,0.7154024732282201,0.002845273350755684,0.7139031412795395,0.7171672635439275
R3,SP,D16,assortativity,10,-0.013736533998238381,0.007807660061819838,-0.018415377632873684,-0.00925955615144299
R3,SP,D16,k_gini,10,0.18604949495833692,0.0011444314596534037,0.18534255634137128,0.18668491389452946
R3,SP,D16,efficiency,10,0.13891621997591447,0.00037805751282506497,0.13869991197428938,0.13914475577449562
R3,SP,D2,diameter,10,4.0,0.0,4.0,4.0
R3,SP,D2,clustering,10,0.2786830766918948,0.01646831366273184,0.2683325052127482,0.2874328326925158
R3,SP,D2,H_norm,10,0.18777615204786668,0.0035334555464375714,0.18585558928253385,0.18997649492810742
R3,SP,D2,k_max,10,2376.4,125.7441847561946,2292.9,2442.7
R3,SP,D2,modularity,10,0.3881460963167023,0.007126023314141264,0.3844409241531476,0.3927290030481583
R3,SP,D2,frac_rewired,10,0.7285999999999999,0.00829296890946381,0.72384,0.73356
R3,SP,D2,dyn_len_frac_lmax,10,0.5806468120238153,0.007748817548534662,0.5764103133566424,0.585508402922995
R3,SP,D2,assortativity,10,-0.13747689543778563,0.006680590188852379,-0.14090412084006657,-0.13310827150290927
R3,SP,D2,k_gini,10,0.19876886464646465,0.0025527284949097635,0.19752244060606067,0.20047355646464646
R3,SP,D2,efficiency,10,0.48636590369481125,0.014905078482844478,0.4767356039749233,0.4941784188342003
R3,SP,D4,diameter,10,6.1,0.31622776601683794,6.0,6.3
R3,SP,D4,clustering,10,0.14811714543039242,0.007583863643100549,0.14384677268226484,0.15258108636180387
R3,SP,D4,H_norm,10,0.21321858196774754,0.003301894071716666,0.21133328354506312,0.21524382241030426
R3,SP,D4,k_max,10,869.3,63.590792485145904,830.9,903.7
R3,SP,D4,modularity,10,0.5675576252423223,0.01243037011294137,0.5597376987297215,0.5744844454264872
R3,SP,D4,frac_rewired,10,0.28547999999999996,0.0122275463151398,0.27876,0.293
R3,SP,D4,dyn_len_frac_lmax,10,0.6974341112466325,0.006334707806372597,0.6936263537834727,0.7010478117994372
R3,SP,D4,assortativity,10,-0.07033329466520635,0.008232706125056322,-0.07564906919620999,-0.06588837529568947
R3,SP,D4,k_gini,10,0.20829203636363633,0.002567294234208947,0.20676615747474747,0.20975934444444438
R3,SP,D4,efficiency,10,0.33413560654738084,0.0036306417438802226,0.3319574703309895,0.3362010073705672
R3,SP,D8,diameter,10,11.1,0.31622776601683794,11.0,11.3
R3,SP,D8,clustering,10,0.13848083483978532,0.006781442620869058,0.134653111621143,0.14257692719728607
R3,SP,D8,H_norm,10,0.2408120726961886,0.0037788227008722533,0.23846453249185162,0.24286015584983492
R3,SP,D8,k_max,10,138.5,31.868654052393097,120.39750000000001,157.0
R3,SP,D8,modularity,10,0.699366220925748,0.007018859681828088,0.6949745940907334,0.703312804713057
R3,SP,D8,frac_rewired,10,0.11172,0.004537449112050123,0.10928,0.11460000000000001
R3,SP,D8,dyn_len_frac_lmax,10,0.7381323615221136,0.00451674506850934,0.7353718403374071,0.7407070430214242
R3,SP,D8,assortativity,10,-0.04283284990137386,0.00778304391208875,-0.04723887291761366,-0.037963395408486936
R3,SP,D8,k_gini,10,0.20502180998356123,0.001786155363322261,0.2039929959237468,0.2060722702317272
R3,SP,D8,efficiency,10,0.22118032806311555,0.0022792593781795364,0.21990562119592422,0.22256654358944156
