rule,strategy,family,p,q,lmax,n_edges_mean,k_max_mean,k_std_mean,k_gini_mean,H_norm_mean,assortativity_mean,clustering_mean,transitivity_mean,n_components_mean,diameter_mean,aspl_mean,efficiency_mean,n_communities_mean,modularity_mean,edge_cut_ratio_mean,n_dynamic_mean,dyn_len_mean_mean,dyn_len_max_mean,dyn_len_frac_lmax_mean,dyn_frac_top1pct_mean,n_rewired_mean,frac_rewired_mean,n_edges_sd,k_max_sd,k_std_sd,k_gini_sd,H_norm_sd,assortativity_sd,clustering_sd,transitivity_sd,n_components_sd,diameter_sd,aspl_sd,efficiency_sd,n_communities_sd,modularity_sd,edge_cut_ratio_sd,n_dynamic_sd,dyn_len_mean_sd,dyn_len_max_sd,dyn_len_frac_lmax_sd,dyn_frac_top1pct_sd,n_rewired_sd,frac_rewired_sd,n_runs
R1,CR,CR,,,D16,9896.5,13.8,1.5267044577772604,0.10645351261198092,0.23310620807100474,0.18649772434649023,0.20853091197691193,0.2020341423386478,1.0,27.1,10.809981016406564,0.1208618137637292,14.0,0.8126807687741595,0.10860336399555581,4996.5,2.9195342111749207,4.024264068711928,0.674097122817275,0.04086855183270805,27.7,0.01108,2.3213980461971624,0.7888106377466153,0.01614361253257476,0.0009874205804446278,0.001028898181504406,0.009508081793161503,0.002297691149281096,0.002003498192905868,0.0,0.31622776601683766,0.057588072754467305,0.000536783392274391,1.1547005383792515,0.002308119732316726,0.0064951090287143414,2.3213980461973933,0.012695621883819098,0.07672972243252181,0.0029313176572828966,0.0006684174292347347,4.347413023856832,0.0017389652095427329,10
R1,CR,CR,,,D2,9900.0,68.5,4.778743521586537,0.21304778989898993,0.23454360430350857,0.01535590179854214,0.15283785568537273,0.11717010899443221,1.0,9.0,4.752479423769508,0.22739854913393925,6.9,0.6903653550658096,0.13109090909090906,5000.0,11.375504597373341,33.2900908241865,0.3283141404172014,0.17224,215.8,0.08632,0.0,19.12677007059303,0.20289667566056763,0.001493156441707384,0.0019503808123897573,0.01481054059131343,0.002826904322548332,0.002546230469133915,0.0,0.0,0.05637758094573887,0.002349667044238708,0.8755950357709131,0.003967382598676037,0.016230828230744926,0.0,0.06958888811339851,0.7957197422695227,0.0020084397828659586,0.013565577351844953,8.28385310240483,0.0033135412409619346,10
R1,CR,CR,,,D4,9900.0,43.0,3.6367796381531483,0.19491302626262624,0.25269707452224055,0.10329516254220797,0.13631469859331566,0.12087930216430243,1.0,10.3,5.195996638655463,0.21074378786897147,7.4,0.7150553509845935,0.10397979797979792,5000.0,9.290023448335903,17.099567004803202,0.5362480471592124,0.11768,195.4,0.07816000000000001,0.0,4.08248290463863,0.0777021629518269,0.0013591434934275683,0.0008225301609317529,0.010918416445464476,0.0026281852660240456,0.0011924245804316375,0.0,0.4830458915396482,0.04744365363147103,0.0014437325091936012,0.5163977794943221,0.0020468406066778107,0.009233474965428482,0.0,0.06454138362986266,0.073092393932222,0.0037255224515786636,0.005679749603244453,8.071899129421501,0.0032287596517685986,10
R1,CR,CR,,,D8,9900.0,21.6,2.1923258780266996,0.1460312929292929,0.2611314625204473,0.14496184882009958,0.14632836502450858,0.1409637412154124,1.0,16.1,7.216434253701481,0.16363676328681162,10.3,0.7685387108458321,0.11311111111111108,5000.0,4.77264,8.0,0.5509822217407615,0.06032,91.8,0.036719999999999996,0.0,3.134042472944841,0.021787981765184147,0.0009060144123995662,0.0006238283336943333,0.00972125928447799,0.0015947263461594068,0.0012145628744551528,0.0,0.316227766016838,0.06338286222854289,0.0010173121389342094,1.0593499054713804,0.003205426212855895,0.012779700684420428,0.0,0.028688797658861828,0.0,0.0033120070805991437,0.002330855827563965,9.199033765685513,0.003679613506274206,10
R1,N2Vp0_25q0_25,N2V,0.25,0.25,D16,9900.0,46.0,3.1308081795966567,0.1534892929292929,0.2524207987805496,-0.1014878070127732,0.3908715258395057,0.32768536275554005,1.0,34.5,14.559409395758303,0.09497508953280033,20.3,0.8571748729721458,0.08897979797979795,5000.0,2.1141543226799855,4.242640687119285,0.48814134140142684,0.1308,180.1,0.07204,0.0,2.7487370837451075,0.1030649340662319,0.002268528656266928,0.0012550980819344847,0.004569727989171103,0.0037243781441381376,0.002611666542032665,0.0,0.7071067811865471,0.16648352189298898,0.0007445577189256368,0.9486832980505138,0.0018008485752540983,0.003670018225031603,0.0,0.009285792063272718,0.0,0.0021440151956337674,0.006646636576327743,14.200547720266133,0.005680219088106446,10
R1,N2Vp0_25q0_25,N2V,0.25,0.25,D2,9900.0,109.0,4.719322779579988,0.1595191636363637,0.24621523588062524,-0.0728328912392381,0.3919339910740108,0.2733214427944611,1.0,29.3,13.355564113645457,0.10230094566514517,18.8,0.8557081726354454,0.08697979797979792,5000.0,2.393332701887769,11.890908058153139,0.0690751748220556,0.19327999999999998,191.7,0.07668,0.0,19.148542155126762,0.4786003925074079,0.006385178873085478,0.002028739834124672,0.00819484603466126,0.004542010985353931,0.013858090941849349,0.0,1.0593499054713806,0.31693529491209654,0.0019896736670294898,0.7888106377466154,0.002691325992452784,0.0019309404709282154,0.0,0.08145139398637548,1.0574106489958064,0.0023508095112189167,0.020846571793835915,40.50528086284278,0.01620211234513711,10
R1,N2Vp0_25q0_25,N2V,0.25,0.25,D4,9900.0,116.7,5.084272379621575,0.16212347878787875,0.24617962456560516,-0.0735937875341509,0.396334539359072,0.2637102963745339,1.0,28.8,13.348101768707483,0.10269187371531015,19.9,0.8546517309458219,0.09093939393939392,5000.0,2.4505919248717625,11.70210789898975,0.1414555239181891,0.20163999999999999,172.8,0.06912,0.0,29.732324347603758,0.8326226101349674,0.004165242925158958,0.002789849499098235,0.0063033685785552655,0.006369258622423427,0.0244663986506118,0.0,1.2292725943057181,0.21926729768628908,0.0018706084430842292,1.4491376746189437,0.0022034216682171957,0.004759292309849645,0.0,0.11989830683764005,1.3583775945351946,0.006920890270831073,0.02530556372728249,28.654260881528014,0.011461704352611207,10
R1,N2Vp0_25q0_25,N2V,0.25,0.25,D8,9900.0,99.3,4.51095638101356,0.15989497373737377,0.24775834442737682,-0.07607958491954296,0.391580099168764,0.2804512363998823,1.0,30.0,13.553420792316928,0.10107440556536955,19.6,0.8549884731149883,0.09015151515151511,5000.0,2.3540354659291887,8.590660962697608,0.27176399038565924,0.1865,176.5,0.0706,0.0,15.449199907366653,0.2759881812949545,0.0029595393161255847,0.0014881634787599492,0.004916597894464185,0.0031448837425236357,0.010026550114894162,0.0,1.0540925533894596,0.2265855109543169,0.0013684351026882976,1.07496769977314,0.0019874418378573967,0.004301404455127661,0.0,0.04521259639985022,0.024590512701106817,0.005219613634185261,0.012672717852843476,29.762952362514923,0.011905180945005978,10
R1,N2Vp0_25q0_5,N2V,0.25,0.5,D16,9900.0,51.7,3.870488786979847,0.1714907797979798,0.25221416655211437,-0.1175669384755937,0.3996981098518532,0.3111542267546105,1.0,33.1,14.20777968787515,0.09734468719469166,22.1,0.8593379752066117,0.09146464646464642,5000.0,2.2006592129885485,4.242640687119285,0.5081146294154623,0.16414,211.3,0.08452000000000001,0.0,2.4966644414765344,0.0886726179912021,0.00287496491356745,0.0009876978828525934,0.003575499495008093,0.0029362402096758866,0.0018589641115941624,0.0,0.8755950357709124,0.11879250717857008,0.0005363044084093962,0.7378647873726218,0.0014587256025259906,0.0016742168202628954,0.0,0.017112067729999784,0.0,0.003951039716573479,0.003489730967026288,12.970479302374812,0.005188191720949919,10
R1,N2Vp0_25q0_5,N2V,0.25,0.5,D2,9900.0,138.4,6.237481612293538,0.17918364444444446,0.24348731465125742,-0.08410459160753661,0.4061505804779334,0.2328733516961282,1.0,26.0,12.576987050820328,0.10826692986605094,20.1,0.8572398836853383,0.08842424242424239,5000.0,2.6733214267167464,12.586030050099598,0.07715606976011045,0.26162,231.6,0.09264,0.0,29.631814734242052,0.834308187329144,0.004794153577668132,0.001811118824616446,0.005643157536704559,0.008294227106274215,0.022015012589714923,0.0,0.47140452079103073,0.1427967856513819,0.0012918842738069557,1.449137674618944,0.002633369232650329,0.004407611892173107,0.0,0.14100740281584467,1.449845807123365,0.004069685335860681,0.021285874293635314,44.445222215416784,0.01777808888616671,10
R1,N2Vp0_25q0_5,N2V,0.25,0.5,D4,9900.0,139.6,6.256075285901283,0.179143494949495,0.24375908027868562,-0.08159678314419189,0.40730464338017675,0.232491314099684,1.0,26.3,12.532719391756704,0.10832135751571134,20.2,0.8579091179471483,0.08888888888888884,5000.0,2.665660674161193,13.721555807283329,0.1538699378809537,0.25944,210.5,0.0842,0.0,21.945386758952324,0.5106880077516148,0.003293093778007506,0.0015754239532820512,0.005943389810867092,0.00727462906213045,0.012984376033748777,0.0,0.9486832980505137,0.16094933163328515,0.0010785636684364068,1.3165611772087664,0.002025267633489929,0.003835724756777284,0.0,0.060103678620617634,1.4216212292891848,0.003469364794032309,0.016829286642305704,38.73915618882557,0.015495662475530225,10
R1,N2Vp0_25q0_5,N2V,0.25,0.5,D8,9900.0,124.7,5.910511215556285,0.17757583838383836,0.24358211727370568,-0.08766362980903838,0.4069077775859883,0.2430324425141755,1.0,26.4,12.714099239695878,0.1071128885928418,20.7,0.8583907790021428,0.08950505050505046,5000.0,2.5817546123156205,8.602325267042627,0.2980532561188606,0.25732,203.6,0.08144,0.0,12.684636376341262,0.1630854267737059,0.0021554650994329767,0.0010373852390045879,0.00624821751240268,0.0048082850278178746,0.004223106257678979,0.0,0.6992058987801011,0.2595602509167124,0.0015097948519557688,0.8232726023485639,0.001832779745279628,0.002441228371045202,0.0,0.04015926349070077,0.0,0.004636226537425605,0.010709165337327754,41.156071511044665,0.016462428604417864,10
R1,N2Vp0_25q1,N2V,0.25,1.0,D16,9900.0,54.7,4.715363292540182,0.1922265494949495,0.24597629552407402,-0.1426840530153433,0.4135789185061448,0.29240058911285705,1.0,31.1,13.392320864345738,0.10226666199562376,22.0,0.8647580139781657,0.08558585858585853,5000.0,2.3237521503593195,4.242640687119285,0.5365358051643743,0.1918,249.9,0.09996000000000001,0.0,2.5407785333546005,0.13947926713559627,0.002103217058647829,0.0017174393713986576,0.0054028306149442925,0.0028263880223355253,0.004957645501814705,0.0,0.5676462121975466,0.13885974798934217,0.0009214508961104029,0.9428090415820634,0.002678561356644008,0.0036963655495517323,0.0,0.015538799914219815,0.0,0.003587784748031238,0.00814207180841176,21.398078833806032,0.008559231533522414,10
R1,N2Vp0_25q1,N2V,0.25,1.0,D2,9900.0,157.7,7.636779628154434,0.20302264646464643,0.23458220498543475,-0.10515278206867293,0.4262153930429068,0.20205922144593855,1.0,23.5,11.65493237294918,0.11590927202320507,20.3,0.8649650647893072,0.08182828282828278,5000.0,3.000093035227416,13.960409812867884,0.08658718895509536,0.33134,286.3,0.11452,0.0,36.60312676382837,0.7068528929192004,0.0031297325805175464,0.002345766774631329,0.010543816799521485,0.006750952907952202,0.01690002640647678,0.0,0.8498365855987977,0.32250429741013464,0.0026759662681780025,0.9486832980505137,0.0014669811083123923,0.00302373024548984,0.0,0.13062638005355587,2.212830730279433,0.0037700734341926663,0.019503629291892192,60.650272510150806,0.024260109004060327,10
R1,N2Vp0_25q1,N2V,0.25,1.0,D4,9900.0,169.7,7.832289265477984,0.20236871515151514,0.23453088254491888,-0.10294474508329332,0.42620024950349433,0.19663690859969096,1.0,23.1,11.5828406242497,0.11673862556937156,20.8,0.8633228655239261,0.0839494949494949,5000.0,3.0658224017928895,14.400030416399948,0.1769684743037861,0.33786,279.0,0.1116,0.0,41.223105710807914,0.716259467169049,0.002438913654655949,0.002524084850897356,0.013133208626865777,0.00620553835760742,0.018509278263105253,0.0,0.7378647873726217,0.2189517652758435,0.002312321761198366,1.2292725943057181,0.002419041136447036,0.0034852794996878397,0.0,0.14437273591448746,1.6796573747035153,0.008333627802741918,0.026015217768751354,61.97131953125126,0.024788527812500506,10
R1,N2Vp0_25q1,N2V,0.25,1.0,D8,9900.0,138.2,7.0182590306988875,0.19970493333333333,0.2364665477784241,-0.11084744730750322,0.425158967907727,0.21913965803017188,1.0,24.3,11.754979975990397,0.11446258759065661,20.8,0.8652445000510152,0.08290909090909086,5000.0,2.8419570729532113,8.602325267042627,0.32809259071449587,0.3161,258.6,0.10344,0.0,17.364075302506354,0.4298322386098445,0.0028700132187065223,0.002369173484438098,0.01075588471587295,0.006151312832322653,0.011192477637229666,0.0,0.9486832980505133,0.17302761019452217,0.001758670484121725,1.2292725943057181,0.0021756368154974568,0.003532883536710451,0.0,0.07569527001796479,0.0,0.008738716527910168,0.024417707600109473,68.67508039068223,0.027470032156272896,10
R1,N2Vp0_25q2,N2V,0.25,2.0,D16,9900.0,55.9,5.52976788727811,0.2149557212121212,0.22935792763760404,-0.18093265383826357,0.43083483436646475,0.27639532057626254,1.0,28.7,12.226673037214885,0.10991903295248587,24.0,0.8760217676767678,0.0785656565656565,5000.0,2.4786295716955418,4.242640687119285,0.5722957643087103,0.20293999999999998,390.2,0.15608,0.0,2.766867462592952,0.08101517572370633,0.001388660060857351,0.002211236886208606,0.005456168140892006,0.002380249905853041,0.0036905447839247893,0.0,0.674948557710553,0.2253140790236028,0.001427792049155221,1.05409255338946,0.0019771550808216003,0.00238929163775865,0.0,0.018858199133143665,0.0,0.0043542075062896765,0.005405388258231057,37.617371873466475,0.015046948749386585,10
R1,N2Vp0_25q2,N2V,0.25,2.0,D2,9900.0,174.8,8.764309322328097,0.22654302222222222,0.2132574499438206,-0.13256125150181094,0.44612141966472824,0.18266608635663212,1.0,21.9,10.681292068827531,0.12471423310995464,22.5,0.8770881501887564,0.07351515151515148,5000.0,3.328517128386081,13.661170653630444,0.09606600133785187,0.37494,441.2,0.17648,0.0,37.06690647404441,0.8681027221301508,0.0034196665841469084,0.006188978943702907,0.0161976441089296,0.008320493459586823,0.018899083615875893,0.0,0.7378647873726217,0.3755653833305309,0.003879116641574731,1.1785113019775793,0.0021685624307450878,0.001835433801822076,0.0,0.20492428877257052,1.3217901885895207,0.005914422621261831,0.03648013767030553,63.53266876182677,0.025413067504730713,10
R1,N2Vp0_25q2,N2V,0.25,2.0,D4,9900.0,182.2,9.028054737656706,0.22788761212121217,0.21105450392482528,-0.13391904375000724,0.4516657814503457,0.17841464018950542,1.0,22.1,10.456906666666667,0.12717280477423554,22.3,0.8766645413733294,0.07344444444444441,5000.0,3.392224455867413,14.109443770363649,0.1958093809020974,0.38488,402.0,0.1608,0.0,48.05274879407698,0.9060216172760142,0.002152963707824457,0.0036790706941650076,0.016482225182528953,0.007736161046535671,0.019119665251730242,0.0,1.286683937707919,0.41279217105865607,0.004754313488033829,0.9486832980505138,0.002212609991389726,0.0019566027100549636,0.0,0.19491748406141096,2.6084470669445463,0.011251222428705672,0.03462358861944974,49.25218551270367,0.019700874205081476,10
R1,N2Vp0_25q2,N2V,0.25,2.0,D8,9900.0,138.1,8.209670056275394,0.22393977777777777,0.21571379025498807,-0.145597393415556,0.444709699796233,0.1956768656198693,1.0,23.0,10.653242769107644,0.12467038738882183,22.2,0.8761457004387306,0.07385858585858582,5000.0,3.1503320285865497,8.602325267042627,0.36369324741268916,0.3619,384.2,0.15367999999999998,0.0,19.243758006746557,0.5034520468118971,0.0025668971855789115,0.0038531679689501577,0.010542571072197051,0.00437776902304515,0.01263864593844304,0.0,0.9428090415820635,0.3803434998204535,0.003749959350898044,1.4757295747452437,0.002329574533514581,0.002510077863257501,0.0,0.09222478955319938,0.0,0.010646983524337912,0.02637528304218851,57.53221319882936,0.023012885279531745,10
R1,N2Vp0_5q0_25,N2V,0.5,0.25,D16,9900.0,48.1,3.200072806406463,0.15496759595959594,0.2525989833418093,-0.10033653279924293,0.39112074823153464,0.32534466852012717,1.0,33.9,14.52428449779912,0.09524376927340861,19.9,0.8573305259667382,0.08824242424242419,5000.0,2.121237372654832,4.242640687119285,0.48977676104834844,0.13428,167.9,0.06716,0.0,3.9285281382896233,0.10756927327625086,0.002655826799515746,0.0010639342111207063,0.002087480418060385,0.002114485708253927,0.0035245667677949624,0.0,0.7378647873726228,0.08726670283148379,0.0004518858131165558,1.1972189997378648,0.0022111880377403107,0.005205522232231495,0.0,0.01073510035635576,0.0,0.0024786489007991206,0.005412906387104383,7.866242926440664,0.003146497170576268,10
R1,N2Vp0_5q0_25,N2V,0.5,0.25,D2,9900.0,132.3,5.224851371576477,0.16204479595959595,0.24606203658317574,-0.06963749545959147,0.39504435472870075,0.2588802101256352,1.0,28.7,13.31119036414566,0.1030873567934932,19.9,0.8551229451076422,0.09082828282828279,5000.0,2.461119939445549,12.813477752314578,0.0710316162651172,0.20134,178.9,0.07156,0.0,42.21913731420333,1.0605491999354753,0.0065246571380373495,0.002463483326431395,0.008947306359419009,0.007075758879835329,0.030506677411934413,0.0,1.3374935098492582,0.2979860562877984,0.0026162719438444686,0.9944289260117533,0.0019826576404918003,0.0033612071321558706,0.0,0.15215169817891303,1.297342536340837,0.004391326430667664,0.030073103523839306,38.30129095590498,0.015320516382361996,10
R1,N2Vp0_5q0_25,N2V,0.5,0.25,D4,9900.0,117.7,5.114272551156973,0.16192168888888891,0.24605125758114182,-0.07320831519937936,0.3961325825289728,0.26306839327387477,1.0,28.9,13.258081216486596,0.10307053186935658,19.6,0.8554808999081727,0.0896565656565656,5000.0,2.4316790323999706,11.85727940621805,0.14036381497789066,0.20254,160.5,0.06420000000000001,0.0,21.995201496892207,0.8389783949557962,0.005687081731502912,0.0016580332581334224,0.005005959850762348,0.005820381140347818,0.02556022344379077,0.0,1.1972189997378644,0.2206370131554677,0.0019198894415811834,0.6992058987801008,0.0015195265111743498,0.0030311259638293,0.0,0.10687542306567296,1.1570676936296778,0.006169170317707622,0.02431059211308702,33.64273076510487,0.013457092306041949,10
R1,N2Vp0_5q0_25,N2V,0.5,0.25,D8,9900.0,103.6,4.826705545456677,0.16188892525252524,0.24610780514493738,-0.07822156953592883,0.3952699316618356,0.2715011927933261,1.0,29.2,13.400869435774307,0.102014258367698,20.2,0.8549899923477196,0.09154545454545449,5000.0,2.3877688242155806,8.590660962697608,0.27565837183814956,0.2,165.4,0.06616,0.0,18.367846302105693,0.4219973373504265,0.003719176913090274,0.0013123755804460944,0.006126496214703605,0.005229606698971698,0.012221435496258357,0.0,1.1352924243950933,0.3178839056391633,0.0018586628578294198,1.22927259430572,0.0016326564581267235,0.00451481128685481,0.0,0.04091742860619045,0.024590512701106224,0.004723753671208768,0.014792190131582573,26.508698781930264,0.010603479512772107,10
R1,N2Vp0_5q0_5,N2V,0.5,0.5,D16,9900.0,51.0,3.8108904510654424,0.17112478383838384,0.2529542430158973,-0.1159072438172128,0.39932012092986635,0.31265968348685175,1.0,33.3,14.201870284113644,0.09725701498376221,21.2,0.8606432175288236,0.08827272727272724,5000.0,2.196513500235959,4.242640687119285,0.5071574174643741,0.1613,207.2,0.08288,0.0,3.091206165165235,0.09377259714761042,0.0016407915013709052,0.0014403575419573522,0.0027949962958102345,0.0032852961792110016,0.0036215593444617494,0.0,0.674948557710552,0.13791605075726004,0.0007357860985147767,0.918936583472681,0.0024144073877334807,0.003228269764789024,0.0,0.009985918392779328,0.0,0.002305668771235794,0.006259747953747383,17.31280836067139,0.006925123344268559,10
R1,N2Vp0_5q0_5,N2V,0.5,0.5,D2,9900.0,165.3,6.885252335937236,0.18156894141414137,0.2420727453769882,-0.08072692691758841,0.41049875727872165,0.2150498257977742,1.0,25.9,12.433731316526611,0.1097818575231196,19.7,0.8574437246199368,0.08758585858585856,5000.0,2.7946125278315557,14.415144996435936,0.08065671302932943,0.27664,210.8,0.08431999999999999,0.0,27.856975986476197,0.6999208451046827,0.003418403532437394,0.0017791720681469751,0.00766502161553553,0.005379349262521378,0.01998158913957921,0.0,0.7378647873726221,0.30131688947040675,0.0024067401598227415,1.4944341180973264,0.0019267638017266163,0.003699553842856415,0.0,0.13074515412337892,1.5998592756614625,0.0037735014321600645,0.014701715697307036,44.51666354673644,0.017806665418694575,10
R1,N2Vp0_5q0_5,N2V,0.5,0.5,D4,9900.0,162.7,6.878268751444978,0.18222349090909096,0.24223053486879942,-0.08023544957356518,0.40942409977080063,0.2146689862751731,1.0,25.7,12.417819607843137,0.10967253695330903,19.6,0.858803731251913,0.08616161616161612,5000.0,2.788891239744881,13.568687506265249,0.1609831761318663,0.27559999999999996,204.2,0.08168,0.0,26.36517062759546,0.6163503539163621,0.0030365493246446236,0.0017158985062286675,0.010857511427889023,0.007664575710164548,0.015344119101364767,0.0,0.8232726023485643,0.22185773235054143,0.0019144766405745411,1.0749676997731406,0.0015618537734697585,0.003080394077167054,0.0,0.09784539492202243,1.1008680198023981,0.005647929980182676,0.016545157062482736,75.58777090979143,0.030235108363916574,10
R1,N2Vp0_5q0_5,N2V,0.5,0.5,D8,9900.0,122.0,5.969241034921621,0.1774933777777778,0.24361950615613295,-0.08989114346045689,0.4070953418797411,0.24121249803117822,1.0,26.6,12.726724801920769,0.10701817119255738,19.8,0.857947075298439,0.08717171717171714,5000.0,2.572578287443397,8.602325267042627,0.29699388607093896,0.25858,195.7,0.07828,0.0,18.83259585576738,0.48890065681173445,0.002542258126429001,0.002279528024295025,0.007424361209180158,0.005991364364934735,0.01352432751965707,0.0,1.5055453054181622,0.4192736656543912,0.0027959204767842873,1.0327955589886442,0.0017199945178287242,0.0034919574848388353,0.0,0.058425946034075686,0.0,0.006745042063336221,0.01642503509213231,62.81905231164613,0.025127620924658454,10
R1,N2Vp0_5q1,N2V,0.5,1.0,D16,9900.0,54.8,4.629007490810629,0.19113808080808087,0.24719621278787166,-0.1395230266733583,0.41347972367207353,0.2952930187884031,1.0,31.7,13.529703497398959,0.10149445906834538,22.1,0.8642263993470054,0.08657575757575753,5000.0,2.3060056845763195,4.242640687119285,0.5324382880060873,0.18864,257.3,0.10291999999999998,0.0,2.0439612955674527,0.08925400718722512,0.0023677275470780517,0.0009844712978282005,0.006208816614973664,0.003492937594219617,0.0028219383249798143,0.0,0.9486832980505138,0.11106243022218623,0.0006548160490162981,1.3703203194062978,0.0014648090751726269,0.003930736695910398,0.0,0.015568906577880237,0.0,0.003594736136123739,0.006225253230012235,35.24533066000847,0.01409813226400339,10
R1,N2Vp0_5q1,N2V,0.5,1.0,D2,9900.0,190.1,8.128344708485097,0.20336633939393942,0.23375140397884175,-0.0978108201830725,0.42691967559398714,0.18953355476151348,1.0,23.4,11.3681587515006,0.11908737581828788,19.9,0.8642639164370982,0.081030303030303,5000.0,3.0740830881877477,14.090813540182555,0.08872265296279343,0.34392,278.7,0.11148,0.0,45.314824653013204,0.6650081871194723,0.0043215245981102525,0.00218011378244138,0.01410528608786036,0.006398876703815614,0.016259723058872882,0.0,0.966091783079296,0.36139990669164246,0.0032672872004392427,0.7378647873726207,0.00287106873870141,0.0019643225766565347,0.0,0.1295479019042995,1.6829120845222751,0.0037389469357150817,0.016009497181360834,88.966972648406,0.035586789059362404,10
R1,N2Vp0_5q1,N2V,0.5,1.0,D4,9900.0,176.5,7.993545516852054,0.20364723232323229,0.23347439977902767,-0.1015195585196785,0.42844788227617636,0.1930729685460064,1.0,23.2,11.486634845938376,0.1174956710037032,20.7,0.8654147699214366,0.08175757575757572,5000.0,3.0716241869298893,13.558350530110209,0.17730337076201955,0.34521999999999997,275.1,0.11004,0.0,36.89098052972358,0.6953416985869707,0.0038804379613539817,0.0029595782706696083,0.009948409805736459,0.00914776009223701,0.016033758546310038,0.0,1.0327955589886446,0.3353461704421868,0.0029046773440161012,1.4181364924121762,0.002708565762858483,0.003739708676994525,0.0,0.1510555421373666,1.8770931731625649,0.008719379443358556,0.02341555987894469,61.635938290001626,0.02465437531600065,10
R1,N2Vp0_5q1,N2V,0.5,1.0,D8,9900.0,128.0,7.079009105072842,0.20064111515151514,0.236375276308461,-0.11374091733512226,0.4253768449711625,0.21676271189950608,1.0,24.2,11.812551772709083,0.1143147168939892,20.8,0.8645122028364453,0.08306060606060603,5000.0,2.846342235007151,8.602325267042627,0.32859884015530283,0.32072,249.4,0.09976,0.0,12.909944487358056,0.4075265366898816,0.0017016914308127062,0.0023006590880708996,0.006607860709454146,0.007026422127527908,0.011285612789361485,0.0,0.632455532033676,0.16986603452433413,0.0016216732352974635,0.7888106377466155,0.0016937365580246742,0.0019365685086465065,0.0,0.06316164244801153,0.0,0.007291759295652077,0.017067499979655947,85.28410038089032,0.03411364015235613,10
R1,N2Vp0_5q2,N2V,0.5,2.0,D16,9900.0,54.7,5.554791493575147,0.21575920404040402,0.22929352664627833,-0.18121969869503238,0.4304416139014234,0.27523707198913916,1.0,28.8,12.213660344137654,0.11003607885372535,23.8,0.8768823487399245,0.0774444444444444,5000.0,2.4833096913057915,4.242640687119285,0.5733763665334195,0.20371999999999998,388.6,0.15544,0.0,2.5841396591085743,0.13017707130927725,0.0016274215180871556,0.0021364588697342585,0.005374778340064607,0.0039738396243827355,0.003146584906643416,0.0,0.9189365834726815,0.1459349761126844,0.0009671479796359804,1.1352924243950933,0.002785926152590577,0.0038280473973253083,0.0,0.01289641834836277,0.0,0.002977679956619072,0.007940444991728525,39.039011827202344,0.015615604730880943,10
R1,N2Vp0_5q2,N2V,0.5,2.0,D2,9900.0,180.5,8.821616836121603,0.22629871919191918,0.2130282649922311,-0.13333446398213356,0.44496607539009875,0.1815405737421394,1.0,22.4,10.610809539815927,0.1261663193065234,23.2,0.8745311702887462,0.0758484848484848,5000.0,3.3250351507890636,14.148578027260433,0.09596550623700328,0.37528,432.4,0.17296,0.0,49.11041980408367,1.1520592175442899,0.0030171342684703305,0.003466293607876278,0.01664936789544934,0.00969623584198418,0.022785271972008334,0.0,1.264911064067352,0.3809016943227242,0.004173841715708282,1.4757295747452435,0.0036353196684674773,0.0029916919124538797,0.0,0.23633037231790893,2.498386102738957,0.00682084934148307,0.03976443972529561,114.18036414180659,0.04567214565672264,10
R1,N2Vp0_5q2,N2V,0.5,2.0,D4,9900.0,165.3,8.701295428264643,0.2257988767676768,0.21339213142836325,-0.13719132540126605,0.44590364325008236,0.18352987201928933,1.0,21.9,10.40592931572629,0.12755575055214805,21.8,0.8760375298438936,0.0732323232323232,5000.0,3.3216367371778666,13.141539487630695,0.19173484583647565,0.37608,420.6,0.16824,0.0,40.027906931706205,0.6511680701809026,0.0018610202803364543,0.0029453983868785614,0.016439842965412337,0.008376987598032909,0.014665321356747966,0.0,1.4491376746189437,0.5903044387532373,0.006594733787968592,1.3165611772087666,0.0031310052975007554,0.0020967538689481654,0.0,0.13418639430174747,1.6996535251643252,0.007745641579896951,0.026033004692761322,99.95465638645021,0.03998186255458009,10
R1,N2Vp0_5q2,N2V,0.5,2.0,D8,9900.0,144.4,8.03946820253486,0.22447601212121215,0.21585719434145284,-0.14560389019281264,0.4454959956263106,0.20100933889116757,1.0,22.8,10.732462328931572,0.12370467519223496,22.8,0.8765531180491786,0.07496969696969692,5000.0,3.1099350571805564,8.602325267042627,0.3590295784460644,0.34838,376.9,0.15076,0.0,20.353541870315027,0.655770132855623,0.0018921305729905815,0.003018946095636747,0.010368110668203027,0.009753917002900427,0.015116773676649861,0.0,0.6324555320336761,0.4086475929463038,0.0038206568616292514,1.751190071541826,0.0035798787100524473,0.002367843771282755,0.0,0.08480625563507599,0.0,0.009790543419853371,0.03701776750576823,103.52396394608888,0.041409585578435555,10
R1,N2Vp1q0_25,N2V,1.0,0.25,D16,9900.0,49.9,3.1517663929717346,0.15337106262626263,0.2522745219529353,-0.09988104515336962,0.38976807850013045,0.3259804948154089,1.0,34.4,14.593016790716288,0.09484235679096956,20.4,0.8558842658912356,0.09129292929292926,5000.0,2.119455905930214,4.242640687119285,0.48936543461522664,0.13184,171.4,0.06856,0.0,4.863697724525605,0.16373625178568593,0.0020341325310649604,0.0018125635818816857,0.007533387852824547,0.0040802667309576945,0.004679980882772122,0.0,0.6992058987801018,0.09087223506603434,0.00039949042321016153,1.505545305418161,0.002822527428509922,0.005347666350744224,0.0,0.012354379517646745,0.0,0.0028525275213976066,0.011218159880796457,16.21521918856891,0.006486087675427563,10
R1,N2Vp1q0_25,N2V,1.0,0.25,D2,9900.0,124.3,5.157135193084701,0.16282807272727276,0.2460832886150323,-0.0709919471842288,0.3960415375637896,0.26132057824893135,1.0,28.8,13.312189867947177,0.10304945172141107,19.7,0.855825481583512,0.08963636363636358,5000.0,2.4455799755650984,12.006266497969659,0.07058310957780042,0.20432,170.0,0.06799999999999999,0.0,18.282049483942803,0.49355468035153505,0.004999745244785514,0.0009176238147962066,0.006352441978613288,0.003104842337804597,0.015922313138360032,0.0,1.135292424395094,0.27709372666456916,0.0017556148550353576,1.0593499054713802,0.0018315000662830405,0.0030097318976153374,0.0,0.08503933771275055,1.5090706410574444,0.002454362953644864,0.018198217250904314,46.15673780115363,0.018462695120461455,10
R1,N2Vp1q0_25,N2V,1.0,0.25,D4,9900.0,104.4,4.621156064739318,0.16070362828282828,0.2471971583063691,-0.07553313259910141,0.39342499501437606,0.2781161715607491,1.0,29.6,13.451771524609844,0.10174114042573731,19.4,0.8553286700336702,0.08882828282828278,5000.0,2.3752501876089944,12.083556275860978,0.13710657262636233,0.191,190.5,0.0762,0.0,14.001587211614419,0.4231582647492289,0.0027574408219342974,0.0013880330660692914,0.005323843738179174,0.0033377575571119076,0.01446780349352032,0.0,1.1737877907772671,0.18071251835751892,0.0012703221556889773,1.5055453054181618,0.0021905617594216416,0.0037689989646127846,0.0,0.06655609049968253,0.8080619668900391,0.003841817381354392,0.01188949115816148,33.68233958619859,0.013472935834479427,10
R1,N2Vp1q0_25,N2V,1.0,0.25,D8,9900.0,101.0,4.409186674016617,0.15726395555555556,0.2475791487506025,-0.07293980700076527,0.39203897740297544,0.2840745890090194,1.0,29.8,13.531691172468987,0.10103939825124002,19.9,0.8539990750943781,0.09144444444444441,5000.0,2.329319786943335,8.596493114870118,0.268910663983614,0.17882,173.0,0.0692,0.0,17.256238807393046,0.44175517814268395,0.0034644969162333245,0.0015170893101671182,0.005889475852654846,0.004506124799844853,0.013212178353483784,0.0,0.9189365834726814,0.1546879976850257,0.0010096986477633062,0.9944289260117528,0.0017823371491719293,0.002552734854424554,0.0,0.05154218090642794,0.018442884525829803,0.005950338879359838,0.014295438277840787,26.0469661274484,0.010418786450979363,10
R1,N2Vp1q0_5,N2V,1.0,0.5,D16,9900.0,49.8,3.76089206181845,0.1695845090909091,0.2531515751975482,-0.11471648131209633,0.3988966365703924,0.31396550321382616,1.0,33.3,14.221713101240496,0.09716663828460241,20.6,0.8589909805121927,0.08889898989898985,5000.0,2.184483084253592,4.242640687119285,0.5043796905348632,0.1602,201.4,0.08055999999999999,0.0,1.9321835661585915,0.09292110961554584,0.0022680062233623203,0.0010035103375506391,0.005815580391287215,0.0031395110099397792,0.00235660881945799,0.0,0.48304589153964744,0.09626337268883717,0.00046093685386406957,1.1737877907772674,0.0019943105333824467,0.0034768120872780217,0.0,0.008714544654352915,0.0,0.002012118733076258,0.005469105147198318,17.08280486987492,0.006833121947949968,10
R1,N2Vp1q0_5,N2V,1.0,0.5,D2,9900.0,151.3,6.606522560817611,0.1814167191919192,0.24287676751762866,-0.08196913772674916,0.4099901035342882,0.22279837359803137,1.0,25.9,12.51244693077231,0.1091645117194759,19.8,0.8575668717477809,0.08761616161616156,5000.0,2.748870179148315,13.527926705294997,0.0793365201745817,0.27098,203.9,0.08156,0.0,23.71145995786285,0.5308480148759006,0.0023247447997267346,0.001213921584102825,0.0050780022796040655,0.0066700846317452,0.014103578618364485,0.0,1.1972189997378644,0.3409808836266942,0.002349932843666647,1.3165611772087666,0.0022021418845674756,0.003985940442052102,0.0,0.09733402001579271,1.5969411928804156,0.0028092059425842615,0.014079599110454508,51.930402142354595,0.02077216085694184,10
R1,N2Vp1q0_5,N2V,1.0,0.5,D4,9900.0,150.4,6.499929291599537,0.18004109494949497,0.24228862445926475,-0.0834271421896888,0.40858004775790013,0.22563069336853525,1.0,25.4,12.388657575030013,0.1098282728923724,19.4,0.8574427140087746,0.08648484848484844,5000.0,2.7125955101996735,13.053669185614734,0.15657915754109153,0.27074000000000004,191.2,0.07648,0.0,31.220363724836883,0.7017115616724741,0.005337454463194883,0.002273068971719202,0.01098090016264773,0.006366730429280339,0.01969368279407323,0.0,0.9660917830792964,0.31548140735005364,0.002468207755011362,1.07496769977314,0.001227017850493336,0.0027352835750585397,0.0,0.14067162745988215,1.4536241270747159,0.008119988709994303,0.026617796886878355,51.23757301911253,0.020495029207645014,10
R1,N2Vp1q0_5,N2V,1.0,0.5,D8,9900.0,121.9,5.716942259643186,0.17644472323232324,0.2446707544242765,-0.08759102614591194,0.404837321581719,0.2485228582615767,1.0,26.6,12.73755306922769,0.10657038749989123,19.6,0.8573472839506173,0.08720202020202017,5000.0,2.541767576274873,8.602325267042627,0.2934369125524992,0.24626,201.5,0.08059999999999999,0.0,15.205627613193446,0.5604870896578956,0.00293140902803055,0.0018096312175896912,0.0059261012853938705,0.005184082025903419,0.017334601158644956,0.0,1.2649110640673518,0.26409218799625317,0.0019749626288779595,1.3498971154211061,0.002424045410554734,0.0034783116687528213,0.0,0.07434673004974805,0.0,0.008583032975873066,0.0201935193124483,50.75047892494327,0.020300191569977307,10
R1,N2Vp1q1,N2V,1.0,1.0,D16,9900.0,54.1,4.653581828634195,0.19276791515151517,0.2474817784059408,-0.14218585933282205,0.4148134928962657,0.2953140368587733,1.0,31.4,13.421220552220888,0.10204205416984206,21.5,0.8660459886746251,0.08355555555555552,5000.0,2.3127700882696494,4.242640687119285,0.5340001347725319,0.18704,268.8,0.10751999999999999,0.0,2.1832697191750428,0.14242410924817545,0.002277322530067969,0.002083344119075489,0.004429161868231292,0.0035203417413631165,0.004169475724476201,0.0,0.8432740427115677,0.199465422308816,0.0011790236798222184,1.0801234497346435,0.001511148381197349,0.0021819636647675876,0.0,0.017467629331517697,0.0,0.004033136049491978,0.00799655481372378,21.259246354364386,0.008503698541745756,10
R1,N2Vp1q1,N2V,1.0,1.0,D2,9900.0,190.6,8.37132194809752,0.20404953535353534,0.23271781376434983,-0.09971378551991042,0.43288076508541656,0.1849025278938073,1.0,22.9,11.288720352140855,0.11958682938221835,20.7,0.8628996235078052,0.08388888888888886,5000.0,3.1125985644732985,14.324423224276757,0.08983426743063597,0.35408,245.9,0.09836,0.0,43.538488719752316,0.4950520077064362,0.0030193180012866925,0.00252800156939371,0.017343084228804345,0.00796079056533727,0.012385055238702515,0.0,1.1005049346146119,0.340694243207688,0.0032856528354032336,1.0593499054713802,0.002859213976821987,0.0036154937968454377,0.0,0.0940551861218052,1.6023937967236803,0.0027145738739792397,0.027389568168272465,65.2558213665434,0.02610232854661736,10
R1,N2Vp1q1,N2V,1.0,1.0,D4,9900.0,166.6,8.146391166766382,0.20576661818181816,0.23146058237831063,-0.11028466506693638,0.4313731942591203,0.19042262497856427,1.0,23.0,11.362821928771508,0.1187804826873257,20.5,0.8663869416386083,0.08036363636363633,5000.0,3.1226203352357347,13.540314971629996,0.18024702156050593,0.3604,262.6,0.10504,0.0,34.51955967274206,0.6417259349516874,0.0037510598324937586,0.0032685443531623977,0.01193500006907856,0.007886157371837954,0.015711417867819367,0.0,0.9428090415820632,0.32503594647122286,0.0033570907278844633,1.2692955176439848,0.0025821794901093823,0.004079552206435875,0.0,0.1469326587091408,1.475680810508449,0.008481394232734868,0.022934689882359433,80.89938881790833,0.03235975552716333,10
R1,N2Vp1q1,N2V,1.0,1.0,D8,9900.0,138.8,7.231030679322794,0.20103793535353537,0.23580374427095863,-0.11119539111038404,0.42682931761748283,0.21334350934293997,1.0,23.9,11.788079327731094,0.11469460744104568,20.9,0.8641217263544536,0.08432323232323227,5000.0,2.8662472972958524,8.602325267042627,0.3308968000776345,0.32466,230.8,0.09232,0.0,15.739546795677864,0.4310649792375072,0.0034783518921555965,0.0024508532317481695,0.006678600988829453,0.0059394556848865795,0.010439480823608105,0.0,1.3703203194062974,0.4258658966809336,0.0033727289590039632,1.1972189997378646,0.0030939380495800515,0.003126711799748001,0.0,0.05100536301244515,0.0,0.005888365398037781,0.018022467459627538,81.44773375197946,0.032579093500791786,10
R1,N2Vp1q2,N2V,1.0,2.0,D16,9900.0,55.7,5.5105600640572385,0.21585760808080806,0.22863105006358256,-0.18459263998157227,0.4302972878440333,0.27696731546494974,1.0,29.0,12.287166290516208,0.10944388901673383,23.0,0.8769593561881441,0.0752424242424242,5000.0,2.479064058858035,4.242640687119285,0.5723960839230573,0.19968,395.4,0.15816,0.0,2.9832867780352594,0.11608320970315616,0.0013700372205403177,0.001337313075363899,0.006219713818233144,0.002347252271751946,0.003714381085172051,0.0,0.8164965809277259,0.2003135538929357,0.0013987530472592596,1.0540925533894596,0.003116557930093011,0.0032103101431453646,0.0,0.01598241670039991,0.0,0.0036902123195434312,0.007867344603556583,38.962089836717496,0.015584835934687,10
R1,N2Vp1q2,N2V,1.0,2.0,D2,9900.0,174.1,8.998661259477075,0.227359503030303,0.21147141124360386,-0.1358180304977874,0.4494672052373415,0.1784945845666442,1.0,22.4,10.493883697478992,0.12741517942323888,22.4,0.8760620258136924,0.0736161616161616,5000.0,3.402962847614017,13.58871743125978,0.09821461655811241,0.38380000000000003,402.7,0.16108,0.0,49.192253229322375,1.0273242143151766,0.002444682944653297,0.003931386581318403,0.015072026386050742,0.008861337103141251,0.020356655502519427,0.0,1.1737877907772674,0.42617616184630447,0.005084220491824681,0.9660917830792963,0.0029847003782441303,0.0029525375202335523,0.0,0.21437928043934512,1.8993444990243205,0.006187307875287887,0.03534842445019453,117.32959274340524,0.046931837097362095,10
R1,N2Vp1q2,N2V,1.0,2.0,D4,9900.0,177.0,8.876446347198407,0.22633300606060605,0.21330563558413235,-0.1301693067024549,0.4476566208171426,0.17991057973976107,1.0,22.2,10.470167875150059,0.1268464817967426,22.4,0.8757487021732476,0.07481818181818178,5000.0,3.3666410004180136,14.545605896005958,0.19433262703806037,0.37744,400.8,0.16032,0.0,33.75072015692571,0.7002065134325617,0.00262852319862273,0.0045539344948654584,0.016334580438108606,0.009544151238181062,0.01431223973833329,0.0,1.3984117975602017,0.31265604033018435,0.003381201688511306,1.837873166945363,0.0017970362707902356,0.003198493705043617,0.0,0.15257243756809935,1.4626266775438805,0.008806939202168507,0.03238035069468999,102.97119338274499,0.041188477353097996,10
R1,N2Vp1q2,N2V,1.0,2.0,D8,9900.0,138.4,8.427290213983232,0.2247845939393939,0.21405785001155425,-0.14613144053747337,0.44744902994546926,0.19062465822347546,1.0,22.1,10.567532805122049,0.12573698811182715,22.3,0.8752721905927967,0.07580808080808075,5000.0,3.18718582781809,8.602325267042627,0.3679478713064214,0.37282000000000004,363.1,0.14523999999999998,0.0,19.738287666360524,0.5416637428664149,0.0026014456390723623,0.0039292147321836265,0.009243577907656075,0.008517369887322398,0.012127513555148111,0.0,1.523883926754995,0.38657185747773826,0.003672342947742126,1.3374935098492584,0.0025142045739213366,0.0030345088658181277,0.0,0.06964334069246471,0.0,0.008040045464183987,0.029063677216301004,103.52289065172441,0.04140915626068978,10
R1,N2Vp2q0_25,N2V,2.0,0.25,D16,9900.0,45.8,3.081402198009084,0.15308944646464653,0.25299973270268306,-0.09924769168532277,0.3881251520912891,0.32729142510707165,1.0,34.7,14.55226586634654,0.09500360310735276,20.0,0.8566501137639018,0.08964646464646461,5000.0,2.1167770778525057,4.242640687119285,0.4887469146154289,0.12816,183.7,0.07348,0.0,3.326659986633239,0.08641305267137107,0.0019336786840691862,0.0012242779797588545,0.00567982457030319,0.0025329979569355047,0.0034462289392643832,0.0,0.6749485577105534,0.056855409317218816,0.0003535675011860842,0.9428090415820632,0.002401476720094119,0.003164356267164181,0.0,0.010795319172767114,0.0,0.0024925529443711692,0.005373019014793576,14.742606433207271,0.005897042573282905,10
R1,N2Vp2q0_25,N2V,2.0,0.25,D2,9900.0,118.3,4.789583885053387,0.1600204888888889,0.2472241239645502,-0.06992629269596899,0.39168774373041587,0.27076487309375663,1.0,29.1,13.324613813525412,0.10269259022325791,19.8,0.8541249903071115,0.0906262626262626,5000.0,2.390425448135549,11.300615127283605,0.06899126711418518,0.19024000000000002,176.8,0.07072,0.0,32.99511748392143,0.7815413602738956,0.005162425768435201,0.0019449737762810948,0.007575110477640184,0.00756395138571057,0.022326958861634723,0.0,0.9944289260117529,0.33936216789798873,0.0025652000335280615,0.9189365834726815,0.0017539407364041333,0.003402772962563927,0.0,0.10718117757634545,0.879455478633695,0.0030934096930528014,0.024367336972084392,30.7455507169556,0.012298220286782244,10
R1,N2Vp2q0_25,N2V,2.0,0.25,D4,9900.0,137.4,5.561148532374963,0.16447513939393937,0.24549969136391678,-0.07096355266289305,0.39779947849469466,0.24921345709267495,1.0,28.2,13.168096518607442,0.10411195472755966,19.2,0.854028770023467,0.0896363636363636,5000.0,2.5074737309775954,12.28672584677567,0.14473891255684818,0.21344,165.9,0.06636,0.0,43.2285913616337,1.0952153521688925,0.006122958075012395,0.0029110758483378574,0.007681064303105738,0.00587292196935047,0.03261458496007662,0.0,1.6193277068654823,0.2909541677425414,0.002419412930427542,1.2292725943057183,0.001811598813324368,0.003231341040447371,0.0,0.16683737350208427,2.0375279046963484,0.009630354135402166,0.03159744012134879,31.803039687006855,0.012721215874802743,10
R1,N2Vp2q0_25,N2V,2.0,0.25,D8,9900.0,102.1,4.632066480267151,0.16073202020202024,0.2473166115305133,-0.0740800134611489,0.3920358706716451,0.27646972455807217,1.0,29.8,13.498652709083633,0.1014797748573871,20.0,0.855828649117437,0.09067676767676766,5000.0,2.375271523132859,8.596493114870118,0.2742156083537214,0.18986,200.4,0.08016,0.0,16.305759037155486,0.3623995989473434,0.003701462804773789,0.0011942216711247466,0.006991088473275897,0.0029837387131368344,0.011429808428587845,0.0,0.9189365834726815,0.2051123565548833,0.0012767190955919486,0.9428090415820634,0.0018401251581199377,0.0030500850752591597,0.0,0.05103696959217134,0.018442884525829675,0.005892014251401792,0.014798813766274952,38.070694474592635,0.015228277789837054,10
R1,N2Vp2q0_5,N2V,2.0,0.5,D16,9900.0,49.3,3.8036455323085767,0.16965580606060607,0.2525408689770125,-0.11618651428442292,0.4008428083302869,0.3136736513593538,1.0,33.0,14.155740728291317,0.09747638247972393,20.5,0.8598134185287216,0.08769696969696963,5000.0,2.19199245136688,4.242640687119285,0.5061135434028552,0.16228,205.4,0.08216,0.0,3.7431418769679454,0.11372806039459027,0.002625875840622609,0.0008458880769170749,0.00558457352672201,0.0020732265277780596,0.0035462469360017677,0.0,0.9428090415820636,0.139425637201263,0.0006579523920546505,1.1785113019775793,0.0017415152057799273,0.002748926796593461,0.0,0.011890910991773992,0.0,0.0027455163418021516,0.006383450825724634,14.61506072515609,0.005846024290062433,10
R1,N2Vp2q0_5,N2V,2.0,0.5,D2,9900.0,161.4,7.146979400542921,0.183459498989899,0.24074418742865683,-0.0848118363879008,0.4150447785308158,0.2091118477037241,1.0,25.1,12.246686546618648,0.11115781580539415,20.5,0.8577255800428528,0.08875757575757573,5000.0,2.834373970869391,14.036988450342841,0.08180428796817907,0.29154,165.0,0.066,0.0,29.68800730560705,0.7138981005835827,0.004875741734970839,0.00278887872458818,0.00875529922067364,0.007984708770249307,0.018533427125937887,0.0,0.994428926011753,0.2823091570362758,0.0023257607543104423,0.7071067811865479,0.002424348228925725,0.0021102544188872237,0.0,0.1474525209053996,1.4768416920132352,0.004255701119806496,0.02528821420697352,37.88286038713433,0.015153144154853731,10
R1,N2Vp2q0_5,N2V,2.0,0.5,D4,9900.0,156.1,6.773698224494811,0.18125346262626268,0.24246861287274682,-0.08248971720488223,0.41146577039527077,0.2193278617296574,1.0,25.3,12.435403025210084,0.10976777956232305,19.9,0.8569310279563311,0.08760606060606058,5000.0,2.7660227281923944,14.08002244507269,0.15966313698130255,0.27518,195.1,0.07804,0.0,47.62224036915712,0.9203214193819208,0.003922634948829823,0.002084262229099467,0.008299294902769878,0.006829929351841715,0.023352114703454108,0.0,0.8232726023485645,0.3537087636590261,0.0034389678767662297,1.7288403306519902,0.0011044818234552767,0.004371415624694141,0.0,0.13703142597719847,1.650914879779401,0.007909865350541983,0.020455143335818726,67.12418011086284,0.02684967204434514,10
R1,N2Vp2q0_5,N2V,2.0,0.5,D8,9900.0,124.6,5.866563827082265,0.17755225050505052,0.24432968534825994,-0.08688515713060559,0.4083231129818333,0.24516309068504172,1.0,26.5,12.761446978791517,0.10672263044309346,19.7,0.8582903168044078,0.08653535353535349,5000.0,2.5606459209443897,8.602325267042627,0.2956163420273388,0.25226000000000004,192.1,0.07683999999999999,0.0,14.781369655376627,0.4175974440772785,0.003979990714746052,0.0015795829590492041,0.007346532287802273,0.005930829548549154,0.011480937011678228,0.0,0.9718253158075504,0.2710356519112044,0.001830033233339877,1.1595018087284057,0.003361605802564661,0.003958212841646104,0.0,0.06611678992835857,0.0,0.007632919266714903,0.018286619273240323,32.668197243054465,0.013067278897221778,10
R1,N2Vp2q1,N2V,2.0,1.0,D16,9900.0,53.9,4.67094677376698,0.19362284040404046,0.24714468951315238,-0.1428326481739309,0.41447996439093054,0.2949073091859707,1.0,31.3,13.465604257703081,0.10183053002051541,21.9,0.8665953933272116,0.084020202020202,5000.0,2.317250015808546,4.242640687119285,0.5350345142474636,0.18756,277.1,0.11084000000000001,0.0,1.4491376746189446,0.0812146445185395,0.0016128599292622367,0.0011486677150842623,0.0042730389257134415,0.003184223709437872,0.002021078864275744,0.0,0.48304589153964766,0.16023775308374616,0.0008246959647480229,0.5676462121975464,0.0017321784730844805,0.002383591076977586,0.0,0.009561941284074034,0.0,0.0022077758443351443,0.005083131143519932,20.256411879259915,0.008102564751703963,10
R1,N2Vp2q1,N2V,2.0,1.0,D2,9900.0,177.6,8.43929526732818,0.20590733333333336,0.23120047321148177,-0.10646510537232143,0.4334015261170122,0.18432687049276134,1.0,23.0,11.36466218487395,0.1187545783227825,20.5,0.8648456392204877,0.08172727272727272,5000.0,3.1696734069081454,14.415530251271761,0.09148153306822104,0.36062,254.5,0.1018,0.0,36.56106003812132,0.9596616248866985,0.0036220598304571,0.003321685192548902,0.00858807375928902,0.008895864311665592,0.022906415671070463,0.0,0.8164965809277276,0.30596810302775457,0.003583671645587298,1.509230856356236,0.003012837740824486,0.0013370437778099525,0.0,0.18100730828050568,1.5608002130918146,0.005224142658345682,0.030439951817745475,84.7928849216332,0.03391715396865329,10
R1,N2Vp2q1,N2V,2.0,1.0,D4,9900.0,181.9,8.067374038344141,0.20236983838383837,0.23448606912488015,-0.09782347295415159,0.4286290093643112,0.19114227182791152,1.0,23.1,11.462275406162465,0.11781821510491253,20.9,0.8642483802673198,0.083030303030303,5000.0,3.0635617483009656,14.298432308330385,0.17683798259651654,0.33921999999999997,255.4,0.10216,0.0,39.32612928377829,0.5167807674557615,0.002557097749083162,0.0021531599023584375,0.013026693527266023,0.007005128798458891,0.011379573319490535,0.0,0.875595035770913,0.2146359950824336,0.002001083072596606,0.8755950357709129,0.0027864828795130707,0.001120762085999532,0.0,0.08277839474834103,1.355988169439478,0.004778217490799098,0.014972404245440638,79.10358890579982,0.031641435562319936,10
R1,N2Vp2q1,N2V,2.0,1.0,D8,9900.0,147.9,7.142750324029154,0.2000608646464647,0.23609139624289996,-0.10811233764873618,0.42396933842848894,0.21486019065506787,1.0,24.1,11.825768707482993,0.11451451725735487,20.5,0.8651799913274155,0.08235353535353533,5000.0,2.86745183007382,8.602325267042627,0.3310358585748528,0.31930000000000003,250.4,0.10016,0.0,16.622942646301293,0.2806298641378149,0.002844657755125343,0.002224771474174176,0.010133750880351136,0.0029667150377624585,0.007822503174269359,0.0,0.7378647873726207,0.16900127542427432,0.0013257022020073902,1.0801234497346435,0.001533057018876068,0.0019464949032481312,0.0,0.05410954067527919,0.0,0.0062467303083068165,0.018648622230907862,37.541680540138024,0.015016672216055207,10
R1,N2Vp2q2,N2V,2.0,2.0,D16,9900.0,55.7,5.613854595663189,0.21634799191919188,0.2282823827620676,-0.1829443813853146,0.43024587548399784,0.27296893924774085,1.0,28.5,12.14987118047219,0.11049881738003633,24.0,0.8753359524538313,0.07896969696969691,5000.0,2.4916241190997064,4.242640687119285,0.5752961014802809,0.2062,373.8,0.14952000000000001,0.0,1.7669811040931431,0.17586793893680985,0.0016520697527708408,0.0026250310488824305,0.003061702488250352,0.004440276314664732,0.0057085262639019665,0.0,1.0801234497346432,0.21416101302768234,0.0016085155336857668,1.3333333333333341,0.0023901863207450545,0.003129611064870697,0.0,0.015760352741657803,0.0,0.0036389395257202233,0.009962150593343006,39.029333697731616,0.015611733479092647,10
R1,N2Vp2q2,N2V,2.0,2.0,D2,9900.0,170.0,8.88444286027916,0.22619208888888886,0.21405465389443828,-0.13294197387421355,0.447553463808673,0.1795833040111458,1.0,22.3,10.63360537815126,0.125181933277994,22.1,0.8770363167023772,0.0735454545454545,5000.0,3.353990332020954,13.676893449375381,0.09680119623698513,0.38408,394.3,0.15772,0.0,29.124254878403708,0.5863967773470198,0.00303874154011155,0.004909723009371243,0.015078967422581116,0.007019543103529633,0.013053626160226511,0.0,0.8232726023485646,0.312833420010486,0.003173531894316647,0.9944289260117529,0.0025454091531398253,0.002462497453194893,0.0,0.14268194784792923,1.391476264193599,0.004118015219435767,0.027823443352683722,73.76848167672215,0.02950739267068886,10
R1,N2Vp2q2,N2V,2.0,2.0,D4,9900.0,174.8,9.016413686551955,0.22664842828282827,0.21221037491826333,-0.1364378462276959,0.4468739613002161,0.17626254651991852,1.0,21.3,10.366370260104041,0.12812652058602186,22.3,0.8759598668503215,0.0745454545454545,5000.0,3.3921637732721606,13.682868889919053,0.19580587812049716,0.39390000000000003,421.4,0.16856,0.0,43.432706570049255,0.7037394032820441,0.002761020095768379,0.0036098834997053725,0.01840650238525958,0.007556277641300808,0.015278255724896274,0.0,0.9486832980505138,0.32065786709443583,0.003673179165660722,1.494434118097326,0.0020737224399260323,0.003967924542129639,0.0,0.15847387445481909,1.5913303104584364,0.00914758785860475,0.033442255373171886,97.32442881643048,0.038929771526572184,10
R1,N2Vp2q2,N2V,2.0,2.0,D8,9900.0,131.5,8.022703889448156,0.2265941616161616,0.21248334281561645,-0.15611712757002727,0.44483387276844005,0.20056685207867528,1.0,23.5,11.031900216086434,0.12127872773217414,23.1,0.8783818069584737,0.07422222222222218,5000.0,3.1608858605638104,8.602325267042627,0.3649116451528728,0.34972,447.9,0.17916,0.0,15.586675220984253,0.340558858077315,0.0016091154801228945,0.0029699653529561025,0.007709569558804176,0.007544655338804992,0.008258903247315022,0.0,0.9718253158075499,0.18108004548190856,0.0014850794523343083,1.6633299933166192,0.003026243040136133,0.001799882976138766,0.0,0.06767174882621577,0.0,0.00781243305955423,0.022764924286669114,102.03207556667876,0.04081283022667151,10
R1,RW,RW,,,D16,9900.0,55.3,4.657916969093588,0.19171261010101012,0.24703351551404298,-0.14030488775754332,0.41333953361057374,0.2944371454228417,1.0,31.3,13.446542841136454,0.10194072915261854,22.0,0.8668231736557495,0.08385858585858583,5000.0,2.316122630184927,4.242640687119285,0.5347742099145744,0.1891,251.3,0.10051999999999998,0.0,2.1628170930011112,0.17578240662188224,0.002554964754815259,0.0017903207082027909,0.00452612952100628,0.0034742829001017904,0.0054384444329465985,0.0,0.8232726023485645,0.12020365795863222,0.0007892135307416404,1.3333333333333333,0.003384853829540896,0.003047389166875838,0.0,0.016250537051771305,0.0,0.0037521191664426747,0.010564615994493657,25.18840121078659,0.010075360484314639,10
R1,RW,RW,,,D2,9900.0,164.9,8.089314190770008,0.2033246747474748,0.2325685465464661,-0.10711982795164865,0.427982298770627,0.19056386838554282,1.0,22.6,11.319384969987995,0.11908585886303424,19.9,0.8642833522089584,0.0814141414141414,5000.0,3.0994105186939853,13.769015890795671,0.089453640630589,0.3545,278.6,0.11144000000000001,0.0,32.43266528945436,0.7100202837532599,0.0030258652960024755,0.0025639250296785095,0.008483739263082525,0.006581724133765819,0.01646320919188962,0.0,0.9660917830792959,0.404624139238197,0.00395805159142683,1.1005049346146119,0.0019598332252784506,0.0020810151030791254,0.0,0.12650157606959841,1.2970913610486334,0.003651025398759126,0.022260328439226172,68.79470263843803,0.02751788105537521,10
R1,RW,RW,,,D4,9900.0,157.9,7.71006455364702,0.20287511515151518,0.23395379385642928,-0.1079712313296796,0.4260971125924435,0.2003532460306105,1.0,23.3,11.521505210084033,0.11727584576405155,20.7,0.8635076379961228,0.08308080808080805,5000.0,3.0145597961458894,13.564202294393946,0.1740094427875179,0.33684,290.0,0.11599999999999999,0.0,38.75693486332478,0.8177642818453166,0.0026937309001441767,0.0015466828005861433,0.012024611503430965,0.00639638000055164,0.01967373556237275,0.0,1.1595018087284057,0.5083832437298993,0.004759250137724143,1.4944341180973264,0.0023831810586012253,0.004212456284260785,0.0,0.17367744785163292,1.8596344075465778,0.010025183764494922,0.018446993130468596,94.33627792812972,0.03773451117125189,10
R1,RW,RW,,,D8,9900.0,133.3,7.400690460815063,0.20309093737373735,0.23359044652237088,-0.11819249860663891,0.4314405077925524,0.21040708035009126,1.0,23.8,11.710601904761905,0.11537051382518862,20.9,0.8660980466278951,0.08223232323232321,5000.0,2.892100531940586,8.602325267042627,0.33388145273606684,0.33742,226.2,0.09048,0.0,19.55647093817173,0.5443249674810472,0.0029976025343412364,0.0032733476687884316,0.007286497483276974,0.006654135167150393,0.013463327522714962,0.0,1.0327955589886444,0.3237317243039273,0.002989434395144721,0.9944289260117527,0.0014790289107468905,0.002286316772779627,0.0,0.07787836324945958,0.0,0.008990745920228912,0.02677651541515022,61.18060694915233,0.02447224277966093,10
R1,RWD,RWD,,,D16,9899.7,59.9,7.207926279329416,0.23291617974836779,0.1962879644744922,-0.22252268100223463,0.45308758615252087,0.22779117905944157,1.0,26.1,10.929206402561025,0.12129387911453374,25.4,0.8776834339415011,0.07890138291410255,4999.7,2.71607333898741,4.242640687119285,0.6271196330442403,0.2524952530914346,303.8,0.12152,0.6749485577106352,0.31622776601683744,0.06394469617834311,0.001582470664042732,0.003066355574041607,0.004839444903553623,0.0022664070877493896,0.0026414807544801466,0.0,0.7378647873726218,0.07550979609632093,0.0007833678625416394,1.505545305418162,0.002521264286006977,0.002546311769113227,0.674948557710488,0.019814321413218816,0.0,0.0045749685015173125,0.003351497879204568,21.472462985569837,0.008588985194227931,10
R1,RWD,RWD,,,D2,9900.0,351.2,17.279485697657698,0.25696512323232323,0.10353443966731724,-0.2170386977442822,0.49266612605853266,0.07248388570724604,1.0,14.6,7.103326706682672,0.17982069044790022,17.7,0.8728788164473013,0.05012121212121208,5000.0,6.261805343813281,21.26006607560158,0.18072510290124616,0.75488,816.5,0.3266,0.0,100.95521559362625,1.3423751853599495,0.0009463774696282715,0.013590914615394769,0.04071339359939519,0.009789919446735643,0.009724974804277678,0.0,1.429840705968481,0.47712854916287284,0.010671962932221299,1.8287822299126941,0.010514073078472092,0.0038436374938752528,0.0,0.4366919527852932,2.0026622450724676,0.01260358535118679,0.05863182298604292,131.9151663422789,0.05276606653691155,10
R1,RWD,RWD,,,D4,9900.0,385.1,17.830324589614413,0.25680151111111116,0.10766047901366224,-0.21076813972742311,0.5036328383200321,0.07065501522707349,1.0,15.0,6.984341640656263,0.18335363253643308,16.7,0.867312175798388,0.050484848484848445,5000.0,6.191606954565274,17.233604407023005,0.3573981440012157,0.7668,591.2,0.23647999999999997,0.0,109.59161565659218,1.9261490160973558,0.0016706285784315953,0.014483049944553801,0.03681331971769644,0.02152391105378898,0.013001744357574965,0.0,1.1547005383792515,0.5298391016693744,0.012482675150368404,1.7029386365926396,0.013756480975969342,0.005520407127377408,0.0,0.459628613428183,0.05656011784187161,0.02653114362305619,0.07248907963732654,215.52303305627865,0.08620921322251146,10
R1,RWD,RWD,,,D8,9900.0,198.8,12.885084686820516,0.25092324444444447,0.14509137923753487,-0.22569545095762802,0.4841467165397991,0.11419112382049557,1.0,17.2,7.857079311724689,0.16205535699386028,20.1,0.8804901499846954,0.06136363636363631,5000.0,4.412858157681681,8.602325267042627,0.5094468453405863,0.58172,494.2,0.19768000000000002,0.0,23.432171616533257,0.5261522946652969,0.0011810923289092344,0.007003113992841228,0.013498891390064185,0.009903486976092123,0.0059177849163052024,0.0,1.398411797560202,0.23884204256002178,0.0038709946002856103,1.5951314818673865,0.004040599083091978,0.0039150735648307705,0.0,0.0998286731869322,0.0,0.011524821513034344,0.03633782235265803,141.2120548835844,0.05648482195343375,10
R1,RWI,RWI,,,D16,9900.0,13.7,1.3564040806012327,0.09379861010101012,0.21641438813036795,-0.1043871697614109,0.36743349339549525,0.35448902880243105,1.0,38.4,15.505280768307324,0.0896372960738345,20.8,0.8626618824609735,0.08502020202020197,5000.0,2.0624319518471155,4.242640687119285,0.47619905922837624,0.0411,299.5,0.11979999999999999,0.0,0.674948557710553,0.013661386310188093,0.0008744645997314388,0.0009622945890720683,0.006234540546441809,0.0027668626504922895,0.002498682384874599,0.0,0.5163977794943224,0.08434512208783489,0.00036721390072499716,1.2292725943057181,0.0021801474822366724,0.002076679678641501,0.0,0.008479775372203301,0.0,0.0019579123815913644,0.0011860297916438133,23.89909342771534,0.009559637371086139,10
R1,RWI,RWI,,,D2,9900.0,14.1,1.3414313478725888,0.0926011111111111,0.21493347897362564,-0.0992166894960808,0.36467108558108724,0.3523534721036067,1.0,36.8,14.979949227691076,0.0918709302734554,20.8,0.8612737302316089,0.08639393939393936,5000.0,2.0884507009218742,7.864974282623917,0.06027582256308793,0.04122,272.1,0.10884,0.0,0.9944289260117531,0.023140607519382503,0.0015117104190072372,0.0018181654910258656,0.008557964260805028,0.0028344243482814105,0.0027374506485385156,0.0,1.6193277068654823,0.1753483308575104,0.0006683423418183288,1.2292725943057186,0.002073598164513744,0.0037420876026778415,0.0,0.007294293819215968,1.2658679647070412,0.00021052427034833637,0.000896660470858394,20.03580129002415,0.00801432051600966,10
R1,RWI,RWI,,,D4,9900.0,14.2,1.3525325034965863,0.09335431111111112,0.2157264505325606,-0.10160888146004457,0.3649273231866189,0.3523211686446424,1.0,36.5,14.888309115646257,0.0922316741720537,20.5,0.8609464069992858,0.08571717171717166,5000.0,2.086694614692166,8.120408729470268,0.12045027855626773,0.041159999999999995,267.0,0.1068,0.0,1.4757295747452435,0.019316860374555142,0.0014185426064362702,0.0016501817992891745,0.006705882495159508,0.002603870806033346,0.002056781836978028,0.0,0.7071067811865467,0.10459432153701301,0.0005035911448058455,1.2692955176439846,0.0014306808988279204,0.003074573736594684,0.0,0.013084878411078723,1.4371894123767537,0.0007552984698347169,0.001228549279977542,14.079141387961924,0.005631656555184769,10
R1,RWI,RWI,,,D8,9900.0,13.9,1.3488615900030727,0.09310571717171715,0.21543973023240892,-0.10158761267578975,0.364949807081809,0.35278260033859665,1.0,36.0,14.964353453381353,0.09190223903379527,21.5,0.8623896209570452,0.08797979797979795,5000.0,2.0855845364159773,7.737818414483362,0.24077240301021047,0.041139999999999996,255.1,0.10203999999999999,0.0,0.7378647873726217,0.01674684097516051,0.0011611481932890441,0.0014610792338856638,0.006211739953777178,0.0029718691556490638,0.0027553084277679375,0.0,0.6666666666666666,0.15247240119000496,0.000650249498482392,1.35400640077266,0.001819864695799897,0.0027349519853403946,0.0,0.010726739851721392,0.6881264293412725,0.0012383592635389722,0.0007662317607037117,15.891647002260164,0.0063566588009040656,10
R1,SP,SP,,,D16,9896.6,44.5,2.768910250396793,0.15634820939691213,0.2586466595254088,0.031230232534007817,0.24305515489589347,0.21830711423336746,1.0,20.7,9.427875726290516,0.13092000763637268,15.1,0.8257350822379493,0.10207489265961725,4996.6,3.006115539737185,4.242640687119285,0.6940880598133621,0.09444407306159458,13.0,0.0052,2.011080417199725,10.058164179743075,0.09123289640358813,0.0021761995990482023,0.0008443071850769306,0.005586878147583077,0.0029715243017128376,0.0033085818643006793,0.0,0.6749485577105524,0.1456975157549618,0.001626327167083272,1.3703203194062976,0.0038170648254237704,0.007966211462862414,2.011080417199908,0.018093140876193785,0.0,0.004177561667435083,0.0045579297456843975,8.286535263104035,0.003314614105241614,10
R1,SP,SP,,,D2,9900.0,2369.9,50.837426718982556,0.255987301010101,0.1220929082704002,-0.1754239346261135,0.4402147864307981,0.00867889315681574,1.0,3.9,2.05340862745098,0.49220337735094033,11.7,0.5490790307111519,0.30726262626262624,5000.0,16.047170667260485,34.46008570422093,0.46314543663990787,0.8464,1.1,0.00044,0.0,190.07217927233157,1.7127121416301772,0.002811977300331606,0.019353260368007743,0.028363560964903896,0.023028665828986817,0.000582347195635801,0.0,0.31622776601683805,0.04482362622245948,0.007391686469004637,1.0593499054713804,0.03610293928035186,0.03295924666855124,0.0,1.01027277842663,0.052633510112033724,0.029157989080556945,0.05797731357081743,2.8460498941515415,0.0011384199576606165,10
R1,SP,SP,,,D4,9900.0,947.9,21.055491945863686,0.24143533333333336,0.18141746974031442,-0.07382015761344937,0.3318568606537978,0.03645237829066078,1.0,7.3,3.3737929731892757,0.3231156948112578,11.9,0.7277153688399143,0.1569393939393939,5000.0,9.141280734504134,17.26267650163207,0.5276621711100258,0.53514,1.2,0.00047999999999999996,0.0,0.31622776601686625,0.7501843607997256,0.0032008084666831603,0.007853564159262923,0.00805137012547315,0.01082821338189981,0.0019061119673436226,0.0,0.8232726023485646,0.06579636313520659,0.004337807032899315,1.1972189997378648,0.012331496156188336,0.016661805909563482,0.0,0.6827292615485681,0.0,0.039409182902487905,0.03564803874923091,1.1352924243950933,0.00045411696975803734,10
R1,SP,SP,,,D8,9900.0,219.0,7.235576283460293,0.21711221414141413,0.22866024305160776,-0.04165620355275854,0.25821946950704866,0.13347041246123606,1.0,11.5,5.423233293317327,0.20808088983010226,13.0,0.7948302280379553,0.12218181818181814,5000.0,5.306352613616496,8.602325267042627,0.6125972108498259,0.26536,6.4,0.0025599999999999998,0.0,35.58713875045933,0.40666099207371076,0.002664906923368968,0.0035851209129361497,0.010026178918176023,0.006081732927521554,0.005251611249830167,0.0,0.5270462766947299,0.0762299372534324,0.0029673927440372126,0.9428090415820632,0.006577445412669432,0.008640179386904251,0.0,0.10110475765827164,0.0,0.011672140367410006,0.022960991074235246,5.680375574437544,0.0022721502297750177,10
R2,CR,CR,,,D16,9900.0,17.6,1.9182047772602409,0.13103995959595963,0.25224973311895826,0.03054639618193592,0.14276959183334692,0.13517743726587425,1.0,23.0,9.2373300040016,0.13737523306409682,12.3,0.7861559519436793,0.12473737373737367,5000.0,3.3305002093071403,4.242640687119285,0.7689858882430349,0.05288,459.8,0.18392,0.0,1.4298407059684815,0.036673219050737754,0.001950153467398653,0.0012345368589463974,0.007048543947808998,0.001312423494678795,0.0011824249525797307,0.0,0.0,0.03718636582318008,0.0003632317249297625,1.1595018087284057,0.0030819394569264113,0.008082133729648123,0.0,0.007928087019176015,0.0,0.001830531948766166,0.0020487394498406412,24.607135369870083,0.009842854147948032,10
R2,CR,CR,,,D2,9900.0,27.2,2.416740174899842,0.15121046868686872,0.25982206199708996,0.05823558829255614,0.0961402640674933,0.08856882811131464,1.0,7.0,4.398247555022008,0.23903759012176296,16.6,0.5364975624936231,0.39494949494949494,5000.0,15.30276862818582,34.53838417083339,0.44166087624158995,0.07546,2218.0,0.8872,0.0,4.1041983924323695,0.049068286036249034,0.0011346012526128003,0.0010060454912025158,0.013257716590757562,0.0017347181429176414,0.0018374283470895467,0.0,0.0,0.009263871780331454,0.0004630956680772405,0.9660917830792958,0.007227223296519945,0.007341611674562335,0.0,0.32376923861984963,0.004578685565573053,0.009344466292559186,0.00399004316323075,17.08150396709187,0.006832601586836777,10
R2,CR,CR,,,D4,9900.0,31.3,2.7162912059991484,0.16310582222222222,0.2623056138543833,0.11404784362471225,0.10481497892516753,0.09372878557850887,1.0,8.3,4.640176326530613,0.2296844049238743,8.8,0.6346396801346802,0.23828282828282826,5000.0,9.156197497065817,17.26267650163207,0.5285232114333496,0.08698,1789.3,0.7157199999999999,0.0,1.9465068427541912,0.045241134327221544,0.0015101858625019865,0.0007919352168829376,0.014433909992317294,0.0017702368826375907,0.0015147483653902658,0.0,0.4830458915396481,0.013473076702000335,0.0005237901579440353,0.9189365834726815,0.004189926154645826,0.01243678251749076,0.0,0.06499855378533033,0.0,0.0037519116856265873,0.0032392728950937275,23.842306003311716,0.009536922401324699,10
R2,CR,CR,,,D8,9900.0,22.7,2.2902604289413135,0.14916270303030305,0.260410229549526,0.08888599053241067,0.11584568858843658,0.1071185252809356,1.0,13.0,6.035998655462185,0.188237836488708,9.6,0.7211641674318947,0.16222222222222218,5000.0,5.4480564920289805,8.602325267042627,0.6289563575185445,0.06664,1194.9,0.47796000000000005,0.0,1.946506842754191,0.048844055996286405,0.00193627473203371,0.0006544201665743391,0.011280369170136473,0.0022171665991465206,0.0017144160469583349,0.0,0.0,0.026754939991590503,0.000611463777239836,0.9660917830792958,0.0052712201778501696,0.01449931890173076,0.0,0.02603516911151437,0.0,0.0030056562658106905,0.0024636016994094893,27.529580050879414,0.011011832020351768,10
R2,N2Vp0_25q0_25,N2V,0.25,0.25,D16,9900.0,15.1,1.553555592165314,0.10682721212121211,0.2307962465100209,-0.0344615016004122,0.24020189039718462,0.23067567695273167,1.0,30.2,12.227292164865947,0.1089941163719684,17.1,0.8337924747474746,0.10284848484848481,5000.0,2.5036491920615047,4.242640687119285,0.578072594749032,0.045579999999999996,2179.4,0.8717600000000001,0.0,0.8755950357709131,0.015812163105973203,0.0009221978354528404,0.0011132078885955634,0.006340249264529265,0.0027667719166369234,0.0027166329418813837,0.0,0.7888106377466153,0.0641395987268268,0.0005113503170704115,1.4491376746189437,0.0025393451366537987,0.006173251695247399,0.0,0.0125549013387147,0.0,0.002898826407749631,0.0009953223933312591,14.997777613144333,0.005999111045257737,10
R2,N2Vp0_25q0_25,N2V,0.25,0.25,D2,9900.0,16.1,1.5813233492131173,0.10834485656565655,0.2318879869899076,-0.03134513202087914,0.19002020871285608,0.18083157641480457,1.0,15.9,7.296864889955982,0.1598931951303593,13.8,0.7903098362411999,0.13146464646464642,5000.0,3.974517327065562,25.904094684861207,0.11471053689434649,0.04668,2454.8,0.98192,0.0,1.1005049346146116,0.02781816419793921,0.001478120428056123,0.0012830266311365506,0.01002903069646683,0.004145097800194707,0.003624985899830101,0.0,0.7378647873726221,0.18738682389320951,0.0028733558135580735,0.9189365834726816,0.004264386974643227,0.006159361880868001,0.0,0.06930053776077512,3.5866850305827063,0.0020001175587966657,0.0014304622407537448,5.573747990954306,0.0022294991963817045,10
R2,N2Vp0_25q0_25,N2V,0.25,0.25,D4,9900.0,15.6,1.579793244428732,0.10826085656565657,0.23173398944833248,-0.03210068057126638,0.19180094161394196,0.18234369957874352,1.0,16.6,7.599782537014806,0.15557227793835465,14.1,0.7923524426078972,0.12999999999999995,5000.0,3.8790425596131484,17.15493564868017,0.22390998354397382,0.04668,2449.8,0.9799200000000001,0.0,0.8432740427115681,0.021429596805989895,0.00136580757475359,0.0011604564916720198,0.010318511458860025,0.0036211874881643766,0.0036254351442614255,0.0,0.9660917830792967,0.14487287364479168,0.002154931183068049,0.9944289260117535,0.002846698893432548,0.006923102600196764,0.0,0.07956988516387561,0.0953525018162258,0.004593012683886642,0.0011858424103658215,6.124631508189796,0.0024498526032759103,10
R2,N2Vp0_25q0_25,N2V,0.25,0.25,D8,9900.0,15.8,1.5772113153867535,0.10806904646464646,0.2317460003060221,-0.026887426322478192,0.19679635639523899,0.18761524711369984,1.0,20.7,8.921743993597438,0.13861121220454814,14.9,0.8078574140393838,0.12080808080808077,5000.0,3.36117446781813,8.602325267042627,0.38803416472576074,0.04666,2404.8,0.9619199999999999,0.0,1.1352924243950933,0.026759559371616344,0.0015332845806504036,0.001771135219006971,0.003968417490532607,0.0028506803545587213,0.002397217965718922,0.0,0.8232726023485646,0.1302475903111642,0.0012767458256764332,0.9944289260117533,0.0019440850233005697,0.006491945726596659,0.0,0.04542767949567803,0.0,0.005244444118361299,0.0017790134594456812,10.601886624558839,0.004240754649823529,10
R2,N2Vp0_25q0_5,N2V,0.25,0.5,D16,9900.0,15.0,1.5402898628712591,0.10593904242424239,0.2299809975504878,-0.03508488127844306,0.24086628893328915,0.23156229379026852,1.0,30.0,12.231231884753901,0.10885207882435274,17.0,0.8339229675543312,0.10216161616161612,5000.0,2.4979682558154948,4.242640687119285,0.5767609119594674,0.044719999999999996,2192.0,0.8768,0.0,0.8164965809277264,0.02074014722003029,0.0011877809847045681,0.0011859581901369092,0.005379979321403565,0.001834442817693583,0.0015828642493468032,0.0,0.6666666666666664,0.11973316441967637,0.0007087919136374131,1.6996731711975948,0.002055901138925314,0.006602108944148179,0.0,0.009273208357721267,0.0,0.002141109718563367,0.001655160280926157,25.81128091014121,0.01032451236405653,10
R2,N2Vp0_25q0_5,N2V,0.25,0.5,D2,9900.0,15.8,1.5770238768976355,0.10823320404040404,0.23184610994677132,-0.03050572544244483,0.1880743038138336,0.17982076891090132,1.0,15.9,7.323071852741097,0.15965338998997372,13.4,0.7887152535455566,0.13004040404040398,5000.0,4.0231156924918094,25.69178776523496,0.11611315867995797,0.04638,2452.0,0.9808,0.0,0.6324555320336758,0.02897684314435803,0.0016483125861008574,0.0015752971573052682,0.008204165375210903,0.003119524932028538,0.0028926966778785824,0.0,0.7378647873726218,0.1460316079040137,0.0021019953454753104,1.1737877907772674,0.004084610569077307,0.00615843232492649,0.0,0.09473551850455995,3.0608715944833116,0.0027342092879101263,0.0014860835926839553,6.666666666666639,0.0026666666666666475,10
R2,N2Vp0_25q0_5,N2V,0.25,0.5,D4,9900.0,16.0,1.5788792980317297,0.10813406464646465,0.23128992801320333,-0.03041769177321853,0.18763061747196774,0.17866427278304778,1.0,16.6,7.444768275310125,0.1581334825224155,13.6,0.7892833986327925,0.13150505050505049,5000.0,3.9830922351603277,17.16364198076082,0.2299160432304775,0.04662,2450.9,0.9803599999999999,0.0,1.4907119849998596,0.028677560853056425,0.0016917127577981174,0.0014478224842080646,0.008355556590382129,0.002429855537824451,0.0024391057558165027,0.0,0.5163977794943224,0.11731527339209018,0.0018469891480408986,1.2649110640673518,0.002563299595285896,0.007250316199403124,0.0,0.07072764803282111,0.1021652053451063,0.004082612207459844,0.0013079245645933367,6.3848779680323515,0.00255395118721302,10
R2,N2Vp0_25q0_5,N2V,0.25,0.5,D8,9900.0,15.4,1.5709979600967316,0.10793563232323233,0.2314241476433346,-0.03211888102363332,0.1977717625838218,0.18862636689929796,1.0,20.9,8.949406034413766,0.13828801724485182,14.3,0.8083010218345066,0.11679797979797975,5000.0,3.3640083544015043,8.602325267042627,0.3883613256106942,0.04566,2404.2,0.96168,0.0,1.0749676997731399,0.027596484717925186,0.0018051466535998243,0.001821435122884133,0.009236507474276226,0.0018340114550252484,0.0020824617569035124,0.0,0.7378647873726212,0.10025645334724517,0.0011270379081716462,1.0593499054713802,0.002568350122316388,0.006826976080143262,0.0,0.039565768345776534,0.0,0.004567709893902812,0.0013031585560561011,9.897249898611006,0.003958899959444388,10
R2,N2Vp0_25q1,N2V,0.25,1.0,D16,9900.0,15.6,1.5535987856393898,0.10669859797979797,0.23043710946309845,-0.03803948408159666,0.24050722531063728,0.23105022000771958,1.0,30.3,12.193577270908364,0.10913168675696663,16.9,0.8335003897561475,0.10273737373737368,5000.0,2.5052731987539234,4.242640687119285,0.5784475649187958,0.04556,2180.4,0.87216,0.0,1.07496769977314,0.01917212269629406,0.001176748634969757,0.0009459562300766735,0.006142596349748908,0.004313220821288176,0.003681362172861895,0.0,0.8232726023485644,0.05734378782968723,0.0004581673544286692,1.2866839377079187,0.002485429393499679,0.00411669004340463,0.0,0.018612015474963023,0.0,0.004297365666578045,0.0011067469850371812,20.522074835541268,0.008208829934216472,10
R2,N2Vp0_25q1,N2V,0.25,1.0,D2,9900.0,15.4,1.5914250550505404,0.10915796363636363,0.23263760967252564,-0.030100301075714257,0.18844448562548594,0.17945606993209182,1.0,16.0,7.362731652661064,0.1591764903177414,13.4,0.7895711942658912,0.12988888888888886,5000.0,4.004088416807751,25.391624151461897,0.11556400293858231,0.04692,2453.9,0.98156,0.0,0.6992058987801012,0.019040721198540892,0.0011677494712801593,0.0009839700537991793,0.008633406176688717,0.0035086637942646826,0.00351795322185284,0.0,0.6666666666666666,0.14257978694962123,0.002300178832243535,0.9660917830792958,0.003108240841129797,0.0068603385590693036,0.0,0.08640941793539808,2.781970315141744,0.002493905525734792,0.001473318250299868,5.646040894093715,0.0022584163576374796,10
R2,N2Vp0_25q1,N2V,0.25,1.0,D4,9900.0,16.1,1.5770743319708658,0.10795015353535357,0.2313220074604781,-0.02513269309526995,0.1908092978002393,0.1820874164716328,1.0,16.6,7.544938199279711,0.15640543383052355,13.4,0.7926249158249159,0.1275555555555555,5000.0,3.928514641127083,17.128728427835476,0.2267656606311507,0.04668,2440.3,0.9761200000000001,0.0,1.1972189997378646,0.02741758232812776,0.0017194300705670306,0.0016596379751838912,0.008370274575568175,0.0019804282849370147,0.0017737854395747548,0.0,0.5163977794943222,0.09978846014403239,0.0015510167568812524,0.8432740427115678,0.0028549374553843497,0.0058259472433011715,0.0,0.07495300838905937,0.08603904450127348,0.004326512694060094,0.0014335658726096633,10.252912865240836,0.004101165146096357,10
R2,N2Vp0_25q1,N2V,0.25,1.0,D8,9900.0,15.7,1.5749115986162148,0.10805682020202023,0.2316441379530787,-0.03229995454606262,0.19586078916508362,0.18731303009001968,1.0,20.7,8.925420216086435,0.13852712753898694,14.7,0.8091101377410468,0.11709090909090906,5000.0,3.37875204054862,8.602325267042627,0.39006342527670423,0.04632,2403.4,0.96136,0.0,1.0593499054713802,0.026107822244578856,0.0016771024666029717,0.0014555782543816415,0.009828317702918567,0.002132603529737471,0.0020238972346533525,0.0,0.6749485577105526,0.056770512555562716,0.0006590937108475019,0.9486832980505139,0.0020460094303558613,0.005378106794688682,0.0,0.034040538696593736,0.0,0.003929844203690561,0.0014053864632588109,7.604092465391299,0.003041636986156539,10
R2,N2Vp0_25q2,N2V,0.25,2.0,D16,9900.0,15.4,1.5495994374160467,0.10655907474747475,0.23047352024315648,-0.031106495943100547,0.24379354582019302,0.234417280940083,1.0,30.1,12.2765899959984,0.10859381552578318,17.6,0.8341579767370677,0.10327272727272722,5000.0,2.4903406543429885,4.242640687119285,0.5749997597226028,0.04542,2185.8,0.87432,0.0,0.9660917830792958,0.019481716781284023,0.0011926517278655654,0.0012319695704393438,0.005546890600584912,0.0023515133647361713,0.002216266381686994,0.0,0.9944289260117526,0.1400023795103694,0.0008345052464619599,1.349897115421106,0.0018668611837614334,0.004311131937885736,0.0,0.014845823570510947,0.0,0.0034277820470228096,0.0019920954907946668,16.857573306314837,0.006743029322525919,10
R2,N2Vp0_25q2,N2V,0.25,2.0,D2,9900.0,15.8,1.5755191691900183,0.10804304646464644,0.231721676449326,-0.02304917491908822,0.19170161656644033,0.18294690852764905,1.0,15.8,7.392156638655462,0.15842519975567743,14.0,0.7914198219569432,0.130030303030303,5000.0,3.9552280043025037,25.215095406557378,0.11415381808086669,0.0465,2448.8,0.97952,0.0,1.2292725943057183,0.02787566670441784,0.001849859862942576,0.0020767160994774087,0.0117732359932805,0.003982513806478913,0.0033614031041480034,0.0,0.9189365834726814,0.16843753794023714,0.002388493996549929,1.3333333333333333,0.005236384051169028,0.009910441393847655,0.0,0.083292994980352,3.2827772182523574,0.0024039608806507603,0.001467424046870344,6.876691711054778,0.002750676684421887,10
R2,N2Vp0_25q2,N2V,0.25,2.0,D4,9900.0,15.5,1.591498165651195,0.1089566505050505,0.23228792983656388,-0.03133825716542312,0.1895560976800979,0.1810915272872619,1.0,16.0,7.497287683073229,0.1570662966077801,14.2,0.7914179527599225,0.13195959595959592,5000.0,3.933555139906536,17.181233510574337,0.22705661335502936,0.04702,2448.8,0.97952,0.0,0.8498365855987975,0.030066384493893334,0.001878378114392138,0.0018070418472213294,0.010110142625963485,0.0026874011131609614,0.002574373101578713,0.0,0.6666666666666663,0.13118374175046474,0.0019373733678686447,1.1352924243950933,0.0037915119766395444,0.007726990304617891,0.0,0.0548113086752086,0.07612165057409843,0.003163873310199912,0.0015447401795195916,4.685675570881456,0.001874270228352592,10
R2,N2Vp0_25q2,N2V,0.25,2.0,D8,9900.0,15.9,1.5681099412275517,0.10769456969696971,0.2313934212734996,-0.02776895824450502,0.19936749087513822,0.19104131938397614,1.0,20.5,8.95228200080032,0.13813487809316316,14.6,0.8091833333333334,0.11585858585858581,5000.0,3.336939041509109,8.602325267042627,0.38523628157669043,0.0459,2403.0,0.9612,0.0,1.3703203194062976,0.022881633180943953,0.0014654151364354277,0.0015338830809180199,0.011782346965963215,0.003008933821888344,0.0029946392650655284,0.0,0.5270462766947301,0.14270576740701046,0.0016168656724824158,0.8432740427115681,0.0033785797152118473,0.006317776069136115,0.0,0.039532795436323605,0.0,0.0045639033032302085,0.0013072447700751705,9.092121131323943,0.0036368484525295475,10
R2,N2Vp0_5q0_25,N2V,0.5,0.25,D16,9900.0,14.7,1.5457801785345162,0.10656061010101008,0.23070650439995388,-0.03535224918364159,0.24163515972916,0.23226891995185847,1.0,30.3,12.261559631852741,0.10873089697931862,17.4,0.8349224762779308,0.10311111111111107,5000.0,2.492553636095706,4.242640687119285,0.5755107195279867,0.04468,2194.1,0.8776400000000001,0.0,0.6749485577105532,0.02502531273641267,0.0014029410804638374,0.0013501727652611064,0.006678669868427218,0.0017826160117168936,0.001523600223672984,0.0,0.6749485577105525,0.07545529129755099,0.0004720094317076073,0.5163977794943222,0.0032010266346165933,0.002643815982506891,0.0,0.01195180769845689,0.0,0.002759576904821686,0.0016033298683261238,21.38769116415638,0.008555076465662562,10
R2,N2Vp0_5q0_25,N2V,0.5,0.25,D2,9900.0,16.3,1.5730208390793492,0.10792846060606065,0.23153438754454186,-0.03264256409082572,0.18814494401848603,0.17919229175356377,1.0,16.0,7.378737767106843,0.15883354444849765,13.8,0.7899115074992349,0.13121212121212117,5000.0,3.9982375646971087,23.741352294999825,0.11539513856294334,0.046079999999999996,2450.8,0.9803200000000001,0.0,1.70293863659264,0.016513961167567006,0.0009555890813422997,0.0013763508315809917,0.0070103670966022115,0.0016455039636772083,0.0018408111208457732,0.0,0.9428090415820635,0.1535317979674025,0.0022604745417246766,0.9189365834726823,0.0030850834472525425,0.0058454126444301415,0.0,0.07703544856845768,3.9788595804306794,0.0022233586969185332,0.0014366627996854377,8.093893445747327,0.003237557378298937,10
R2,N2Vp0_5q0_25,N2V,0.5,0.25,D4,9900.0,15.2,1.5651714717057361,0.10739363232323232,0.2310008743665659,-0.02726402076595088,0.18990556709956752,0.181078598154979,1.0,16.5,7.530549787915166,0.15656318417498044,13.7,0.7927734511784512,0.12717171717171713,5000.0,3.8958083670514414,17.178264257370206,0.22487775628941747,0.04612,2451.1,0.98044,0.0,0.632455532033676,0.026630478747726442,0.0016518453419734197,0.0015853386725645853,0.00819598188153286,0.0019171796283877613,0.0018177318859813186,0.0,0.8498365855987976,0.14812014477941537,0.0022085635828607234,0.9486832980505137,0.0035674170155292387,0.0072375693404738905,0.0,0.07717121506023163,0.08967288675603759,0.004454554243387355,0.0013306639946532967,4.909175083453417,0.001963670033381365,10
R2,N2Vp0_5q0_25,N2V,0.5,0.25,D8,9900.0,15.3,1.5756883409489624,0.1080012686868687,0.2317807861536302,-0.03722092098309175,0.20030034521034565,0.190727047801328,1.0,20.7,8.980755790316127,0.13786341195255936,15.3,0.8090106157534945,0.11954545454545448,5000.0,3.340888994567334,8.602325267042627,0.3856922878775621,0.04702,2401.9,0.96076,0.0,0.674948557710553,0.023243928657854407,0.0016335327185818004,0.0013046498169130252,0.006324069773310126,0.0025164121448055105,0.0021490568244689414,0.0,0.674948557710553,0.06678761820118684,0.0007917717063075254,1.0593499054713804,0.003909192171030432,0.007276506375664577,0.0,0.02948767993084242,0.0,0.0034042348474378915,0.0013248060654718924,10.461038826681255,0.004184415530672544,10
R2,N2Vp0_5q0_5,N2V,0.5,0.5,D16,9900.0,15.7,1.5455121259916509,0.10612150707070708,0.23028814846321616,-0.03418968961274224,0.24151713592839918,0.2321354652582502,1.0,30.1,12.223390636254502,0.10896121800687338,17.3,0.8338434726048363,0.10277777777777775,5000.0,2.502993776747999,4.242640687119285,0.5779212645897918,0.04546,2184.4,0.8737600000000001,0.0,1.2516655570345727,0.01116882629701928,0.0008386576214467578,0.00095258177255465,0.007358936407146935,0.0024028926396179955,0.0023088263048341136,0.0,0.7378647873726218,0.06895788192475404,0.00041485279864004446,1.4181364924121769,0.0030963979888048642,0.007157436660243527,0.0,0.009697747317200134,0.0,0.0022391323723186356,0.001054303350822501,17.765134392961937,0.007106053757184777,10
R2,N2Vp0_5q0_5,N2V,0.5,0.5,D2,9900.0,15.4,1.5902341944941418,0.1088263676767677,0.23223315664856395,-0.02870941933998336,0.1869420108061875,0.17800117449259462,1.0,15.5,7.302048755502201,0.15999838304574796,13.7,0.7888500816243241,0.13210101010101005,5000.0,4.0193948365321095,25.047322477987795,0.11600576919094072,0.04732,2455.8,0.98232,0.0,0.699205898780101,0.025716545939834475,0.0014361737514933279,0.0010840544603913866,0.00741158359409485,0.003222842982790011,0.0033103162987451343,0.0,0.5270462766947298,0.09151881031800588,0.001470858761562599,0.9486832980505139,0.005324000824268003,0.005676332306137887,0.0,0.0594880945639184,3.1325596001579346,0.0017169157169801537,0.0014304622407537452,8.403702887550367,0.0033614811550201243,10
R2,N2Vp0_5q0_5,N2V,0.5,0.5,D4,9900.0,15.3,1.5793353056166182,0.10829534141414139,0.23184593289425792,-0.03420896540582769,0.18950004684204722,0.18068978818023002,1.0,16.2,7.478764017607043,0.15743977743622825,13.9,0.7906479762269157,0.13227272727272726,5000.0,3.959791228913634,17.21319932613183,0.22857103918757898,0.04612,2449.9,0.9799599999999999,0.0,0.674948557710553,0.023570047679759884,0.0016901874926311578,0.002030456351195713,0.005143537123666313,0.002926716478118415,0.0025696787880145466,0.0,0.6324555320336761,0.1468766423223898,0.002215252067907047,0.7378647873726217,0.00490557719463646,0.007671190897763586,0.0,0.07136260716802387,0.0800621900963959,0.0041192639552376795,0.0015237380935639085,6.471304179049047,0.0025885216716196304,10
R2,N2Vp0_5q0_5,N2V,0.5,0.5,D8,9900.0,15.9,1.5870943027119009,0.10852162020202023,0.23213130656330422,-0.029378171463272318,0.19771094649141746,0.188662125055983,1.0,20.4,8.89327055622249,0.13895842179773799,14.3,0.8076834032241609,0.11731313131313129,5000.0,3.3806677900529016,8.602325267042627,0.3902845909037299,0.04712,2396.8,0.9587199999999999,0.0,0.9944289260117533,0.021387283330306577,0.001454016739854244,0.0014582479643508752,0.009074081785844288,0.0028435487551056638,0.002847530659837034,0.0,0.5163977794943222,0.13152642070109094,0.0015936568909226023,1.3374935098492586,0.002137810206039285,0.006491631389787487,0.0,0.04481449972241676,0.0,0.00517365496313528,0.0010031062866028826,9.186947262284706,0.0036747789049138713,10
R2,N2Vp0_5q1,N2V,0.5,1.0,D16,9900.0,15.3,1.550832248718912,0.106580298989899,0.23044064301998707,-0.03488141836089807,0.2414606681096682,0.23204249804578425,1.0,30.2,12.20902543417367,0.10909152802977524,16.9,0.8337461233547596,0.10244444444444441,5000.0,2.5005071461829216,4.242640687119285,0.5773471214600377,0.045219999999999996,2188.8,0.8755200000000001,0.0,0.674948557710553,0.014882365905212382,0.00112183484983845,0.0013909835761148094,0.0028237766841022016,0.0019869815509468676,0.001832433509594032,0.0,0.6324555320336758,0.10899855032756695,0.0006234952408547582,1.1972189997378646,0.0026223917743673835,0.0058631894912230045,0.0,0.004754692995966698,0.0,0.0010978206236434973,0.0009635582205785206,16.571729608650397,0.006628691843460183,10
R2,N2Vp0_5q1,N2V,0.5,1.0,D2,9900.0,15.2,1.572680258067837,0.10802021010101008,0.2316617913525762,-0.02648846539958296,0.18798648606948637,0.17945982682080744,1.0,15.7,7.344907979191677,0.15933576016573664,13.2,0.7905610024487297,0.1264545454545454,5000.0,4.013255337754812,24.96732318611251,0.11582857403916469,0.04582,2453.1,0.98124,0.0,0.7888106377466156,0.019911076863628065,0.0011518079465194435,0.0012749256877925242,0.007522255840983234,0.002596767752517249,0.0026993136817774423,0.0,0.9486832980505138,0.15146380350757133,0.002316839838523915,1.1352924243950935,0.0031874367870343224,0.005934805483839147,0.0,0.08677246533548198,3.150444928050059,0.002504383618734444,0.0015039208016972806,6.261877602693116,0.002504751041077286,10
R2,N2Vp0_5q1,N2V,0.5,1.0,D4,9900.0,15.6,1.5640844447303475,0.10743739393939396,0.23107046953910104,-0.030897760085355504,0.18652933706163152,0.17835987129315967,1.0,15.9,7.462964065626251,0.1576752501337087,13.1,0.7897838307315579,0.12744444444444442,5000.0,3.997170074733858,17.172432761510827,0.23072865840002038,0.045700000000000005,2449.8,0.9799199999999999,0.0,1.0749676997731397,0.02905645372107111,0.0016514192796233957,0.00196572953936002,0.006925142551067232,0.0029478981889894725,0.0028971265562473527,0.0,0.5676462121975467,0.11785355531795551,0.001654261098335035,0.9944289260117531,0.0029586719713196098,0.005520047735564756,0.0,0.07141253184841029,0.09160938446330845,0.004122145757690691,0.0019002923751652262,9.223159256277972,0.003689263702511213,10
R2,N2Vp0_5q1,N2V,0.5,1.0,D8,9900.0,16.1,1.5772766925101895,0.10838133737373738,0.23214113156297933,-0.028483285387583712,0.19608002140343353,0.1872004128973684,1.0,20.6,8.889870124049619,0.1389742590953516,14.6,0.807748972043669,0.11810101010101007,5000.0,3.3803231755101564,8.602325267042627,0.39024480653147353,0.04636,2409.1,0.96364,0.0,0.9944289260117531,0.027451680056188362,0.00166004408692468,0.0018218623252920026,0.009716740886322229,0.002965914169953232,0.002618354458013108,0.0,0.5163977794943223,0.06386824154455843,0.0006263469903773654,0.6992058987801011,0.0021585486139909407,0.004093312397659871,0.0,0.03405445104401392,0.0,0.003931450328621644,0.0011384199576606174,8.98702768809939,0.003594811075239776,10
R2,N2Vp0_5q2,N2V,0.5,2.0,D16,9900.0,14.8,1.5538995020868642,0.10709505050505048,0.23078479656056367,-0.035550000268815704,0.24518515218115225,0.23574053422332925,1.0,30.6,12.302688051220489,0.1083716949540835,16.9,0.8350846163656769,0.10097979797979795,5000.0,2.486755964642222,4.242640687119285,0.5741720835117092,0.04502,2193.1,0.8772399999999999,0.0,0.6324555320336758,0.01989800141263096,0.0012682500869077731,0.0012563008694616675,0.008022743573743928,0.0025287880458969595,0.0022131121228877145,0.0,0.6992058987801012,0.11183138722774481,0.000665746011073325,1.286683937707919,0.003254646770228499,0.0035848862910971982,0.0,0.011838366075586129,0.0,0.0027333841404785487,0.0011093541664710428,15.637916883154373,0.0062551667532617745,10
R2,N2Vp0_5q2,N2V,0.5,2.0,D2,9900.0,15.4,1.5727394845457117,0.10774367676767675,0.23136086925679597,-0.02792434592140003,0.19103704473304495,0.18239166186975683,1.0,16.1,7.513790092036816,0.15665092012204118,13.9,0.7931020079583716,0.12910101010101005,5000.0,3.9008569735928864,24.956518511040294,0.11258458850883113,0.04646,2450.6,0.98024,0.0,0.5163977794943224,0.021357115673171487,0.0011739475015272636,0.0009125253484815366,0.0053826858677495275,0.002296144668751883,0.0021310494718652876,0.0,1.1005049346146119,0.1691557910363453,0.0024822745521479762,1.1972189997378648,0.003785241642657781,0.006363627456213832,0.0,0.08359370760314734,2.575996853022422,0.002412639898396373,0.0014175095531718071,5.21109926556342,0.0020844397062253785,10
R2,N2Vp0_5q2,N2V,0.5,2.0,D4,9900.0,15.8,1.5860083749670055,0.10860497373737373,0.23225836215128157,-0.03016225354847305,0.19156415459050796,0.18274961583337052,1.0,16.5,7.589888947579031,0.15562068480321417,14.8,0.7926260973370065,0.13270707070707066,5000.0,3.8614710279494786,17.119868163055784,0.22289570197701747,0.04682,2449.1,0.9796400000000001,0.0,0.6324555320336762,0.030137362092740965,0.0018770451372947443,0.0016897418529752948,0.007831605572335532,0.0016462300044700821,0.0010178049258402382,0.0,0.7071067811865474,0.12116830576002505,0.0017392213106919344,0.9189365834726818,0.004051166179472822,0.005954705139940262,0.0,0.05582642009228306,0.10600880251153136,0.0032224685891120365,0.0012839176159101674,5.89632654003036,0.002358530616012142,10
R2,N2Vp0_5q2,N2V,0.5,2.0,D8,9900.0,15.5,1.5779934446235804,0.10817983030303033,0.23188375613801243,-0.03141685924756828,0.20063291045555798,0.19155028895226758,1.0,20.6,8.953014485794318,0.13813159115562684,15.0,0.8083297602285482,0.1195252525252525,5000.0,3.3318825071387694,8.602325267042627,0.3846525248840259,0.046079999999999996,2401.0,0.9603999999999999,0.0,0.7071067811865478,0.036767871316129436,0.002218087661096833,0.0022144781011516805,0.008580336595881843,0.003188757365123198,0.002803977922612335,0.0,0.9660917830792961,0.1277788818239951,0.0012960521174828893,0.9428090415820632,0.002613018349017024,0.005961412342803401,0.0,0.03717391672022325,0.0,0.004291580178960655,0.0016470849671127762,9.865765724632533,0.003946306289852999,10
R2,N2Vp1q0_25,N2V,1.0,0.25,D16,9900.0,15.1,1.5422201308144294,0.10610068686868683,0.22971519419523395,-0.038975508892690316,0.24225078556737398,0.23283823022666844,1.0,30.2,12.264185354141656,0.10871822156582434,17.4,0.8339139546985003,0.10460606060606056,5000.0,2.492676105309147,4.242640687119285,0.5755389966908638,0.045340000000000005,2199.8,0.8799199999999999,0.0,1.1005049346146116,0.02575672750788174,0.0015591100524144324,0.0019201760220726367,0.007948015752319782,0.0025753680814045703,0.0022831650656216654,0.0,0.6324555320336759,0.12246267153965128,0.0008195857023496138,0.9660917830792959,0.002250896857255957,0.004825093217854527,0.0,0.009408970180317973,0.0,0.002172456038688912,0.0011701851705321381,15.68297024021771,0.006273188096087102,10
R2,N2Vp1q0_25,N2V,1.0,0.25,D2,9900.0,15.6,1.5813805567925585,0.10824042020202022,0.2316799277544186,-0.03085379175249406,0.18911881163281194,0.17987294588502184,1.0,16.0,7.397245074029611,0.15845386124182156,14.0,0.7888357320681563,0.1336262626262626,5000.0,3.973477954403556,24.80825066246589,0.11468053903893896,0.04678,2453.7,0.98148,0.0,0.5163977794943223,0.028973831075217876,0.0015799424217381832,0.001567031178837545,0.008994014621568116,0.00284138990440554,0.0028057876249422123,0.0,0.6666666666666666,0.1608543935706776,0.002326711456020951,0.9428090415820636,0.004851210249571767,0.005632957388050812,0.0,0.07935125911178643,3.7639664463406737,0.0022901964658626475,0.0011487190934060248,4.571651780264886,0.001828660712106026,10
R2,N2Vp1q0_25,N2V,1.0,0.25,D4,9900.0,15.5,1.5748492448986422,0.10803363636363641,0.23139280386004168,-0.030697813891837972,0.19226266192630947,0.18343131341873978,1.0,16.3,7.512164257703081,0.15677371402485626,14.0,0.7924019870421386,0.12981818181818178,5000.0,3.90547971212661,17.154906344694943,0.22543601536581312,0.04632,2447.6,0.97904,0.0,0.7071067811865476,0.019144359255599507,0.0011484011747220288,0.001195348072243988,0.010799393813184335,0.0020097456711935698,0.0021117327524323892,0.0,0.4830458915396479,0.1460344649274231,0.0022279499357102392,0.9428090415820634,0.004317741115581031,0.006318637329595322,0.0,0.08093430895733066,0.10104072196216068,0.004671771321989825,0.0014211106767439163,6.149977416399401,0.002459990966559748,10
R2,N2Vp1q0_25,N2V,1.0,0.25,D8,9900.0,16.3,1.5827302424849887,0.10855135353535357,0.2321307909623637,-0.03092597545913031,0.19781974373339117,0.1884010739068354,1.0,20.7,8.95193318927571,0.1382600397347272,14.7,0.8093493857769616,0.11804040404040399,5000.0,3.3648987417391054,8.602325267042627,0.38846411727180447,0.046560000000000004,2407.6,0.96304,0.0,1.4181364924121764,0.0250550399323183,0.001435564530159836,0.0012654608289882753,0.005841123726621743,0.0035781892214717327,0.0031216725795350474,0.0,0.6749485577105524,0.09200110460016923,0.0009658714764492262,0.6749485577105528,0.0023693686045037072,0.004583380869980077,0.0,0.030866032577113692,0.0,0.0035633601540575083,0.0011266469426281394,12.285492799775412,0.004914197119910135,10
R2,N2Vp1q0_5,N2V,1.0,0.5,D16,9900.0,14.9,1.5547188554032725,0.10711641616161618,0.23102183404299087,-0.03494169152305724,0.24127809146409143,0.23144678077102307,1.0,30.3,12.155875822328932,0.10936681639733441,17.3,0.8344818401183552,0.10267676767676766,5000.0,2.5037082716325565,4.242640687119285,0.578086235749953,0.04514,2190.7,0.8762800000000001,0.0,0.875595035770913,0.02025615554011673,0.001313329157717702,0.0016692613456538684,0.006588306335263991,0.0028510183034487642,0.002857778699417844,0.0,0.6749485577105527,0.09397343916037107,0.0005904615035486907,1.0593499054713802,0.0026931603228569755,0.004021349570298338,0.0,0.015322391403607158,0.0,0.0035378177519950994,0.0013566298111291984,16.73353253533491,0.006693413014133966,10
R2,N2Vp1q0_5,N2V,1.0,0.5,D2,9900.0,15.8,1.5817951051818362,0.1086211515151515,0.23203049926088143,-0.03330453010917194,0.18869214550808705,0.17986504222021274,1.0,16.1,7.3588266346538616,0.15921396796336337,13.5,0.7888945617794103,0.13068686868686866,5000.0,3.99736905957835,24.99494891415984,0.11537007220135273,0.04648,2455.5,0.9822,0.0,0.7888106377466155,0.02319591014678058,0.0015401883006032195,0.001415967600337611,0.005789287215254019,0.0038329262951898135,0.003749118151245277,0.0,0.875595035770913,0.10622253449724588,0.0015575394000455322,1.4337208778404378,0.004744021809086708,0.009530677580507038,0.0,0.07522332783101039,3.257901297621588,0.002171058171948015,0.000962404396406323,7.043515536371535,0.0028174062145487383,10
R2,N2Vp1q0_5,N2V,1.0,0.5,D4,9900.0,16.1,1.576982476645626,0.10800812929292929,0.23173803283259206,-0.03295399523047171,0.18760972041030893,0.17888350612315213,1.0,16.4,7.507149547819128,0.15705665606910982,13.4,0.7905439225589226,0.12806060606060604,5000.0,3.962597852083286,17.154876132963985,0.228733045903946,0.0469,2450.4,0.98016,0.0,0.7378647873726224,0.016541810750928757,0.0011793835255606733,0.0011638600198874938,0.008162806692073326,0.0032248140305344802,0.002747889448530287,0.0,0.6992058987801011,0.10944435081582848,0.0015992978384092918,0.9660917830792957,0.003325983897823479,0.0047976667155221284,0.0,0.0639572034649648,0.10658779721011999,0.003691801818432987,0.0007845734863959866,3.9777157040470352,0.0015910862816188242,10
R2,N2Vp1q0_5,N2V,1.0,0.5,D8,9900.0,15.4,1.5682743717984586,0.10769826666666664,0.23134020437549158,-0.028279185878173064,0.19574128109798744,0.18714684332070136,1.0,20.8,8.92173355742297,0.13857793020106884,14.3,0.8089685409652076,0.11548484848484844,5000.0,3.3783309505643073,8.602325267042627,0.39001481212023126,0.04592,2401.0,0.9603999999999999,0.0,0.9660917830792959,0.02897306718987473,0.0018689493628917238,0.0020231424583135337,0.009072443203838742,0.0032406642628771344,0.002743733451532306,0.0,0.42163702135578385,0.08333392750714405,0.0008277941546730624,0.9486832980505138,0.003135547663788351,0.005369298944238772,0.0,0.037431529662709656,0.0,0.004321320564030592,0.0010293471501663343,12.174654911833056,0.004869861964733264,10
R2,N2Vp1q1,N2V,1.0,1.0,D16,9900.0,14.9,1.5512789353446075,0.10683606868686872,0.23079521238828288,-0.03623277250074748,0.24037473937173962,0.23067342926332732,1.0,30.0,12.225115294117646,0.10896639568999844,17.4,0.8337887246199369,0.10415151515151513,5000.0,2.5059687647763687,4.242640687119285,0.5786081655559335,0.04492,2187.4,0.8749600000000001,0.0,0.5676462121975467,0.021438925037860164,0.0016213604065228673,0.0018224242810689587,0.010755423622121155,0.0024008105942153863,0.0024736137591668743,0.0,0.816496580927726,0.11369676928549094,0.0006762878945209728,0.6992058987801013,0.0035920418742525872,0.0034937263904956614,0.0,0.013775231156324287,0.0,0.0031805908124242404,0.0008547904226573138,13.95389232834728,0.005581556931338907,10
R2,N2Vp1q1,N2V,1.0,1.0,D2,9900.0,15.8,1.5859608442064501,0.10857892929292931,0.23188758749679797,-0.029722933625634152,0.18796240251904983,0.17913447644969296,1.0,15.3,7.304351500600239,0.15999559242598133,13.9,0.7878386424854605,0.1333636363636363,5000.0,4.035866501020398,24.983574284847084,0.11648116615653659,0.04672,2455.6,0.98224,0.0,1.0327955589886446,0.016606579819238416,0.0010411890462913571,0.001179874856496686,0.007416130187238758,0.002737828626434258,0.002824124934249907,0.0,0.6749485577105538,0.17210433210841378,0.002620392377418898,0.8755950357709131,0.0057912600772000835,0.007006935441569966,0.0,0.06417435373252654,2.8907930387366756,0.0018521681919401482,0.0008854377448471471,5.211099265563398,0.0020844397062253655,10
R2,N2Vp1q1,N2V,1.0,1.0,D4,9900.0,16.0,1.5841340249171822,0.10849814545454547,0.23193315775932472,-0.02383343044106432,0.18802880633745372,0.1792585328781791,1.0,16.1,7.459722352941176,0.15769317622963724,13.7,0.7898512248750127,0.1316363636363636,5000.0,3.9783919178503266,17.119808190538436,0.22964472680242612,0.046560000000000004,2446.1,0.97844,0.0,1.1547005383792512,0.01761915307865679,0.001031116287637118,0.000996108911332844,0.008994440910089526,0.0038240074116881557,0.0036413028740577722,0.0,0.5676462121975465,0.10599866660805028,0.001731560863473702,0.9486832980505139,0.004667262962801711,0.006112349263779835,0.0,0.07042249353945809,0.1162732374534008,0.004064997773862574,0.0014416040448827214,7.062420107709348,0.0028249680430837533,10
R2,N2Vp1q1,N2V,1.0,1.0,D8,9900.0,15.5,1.5686652490157973,0.10736915151515151,0.23104357514341128,-0.03121181680893434,0.19584402799161657,0.18710314761796337,1.0,20.4,8.85279993597439,0.13938236442614801,14.9,0.8068226533006836,0.12060606060606056,5000.0,3.379695261691058,8.602325267042627,0.3901723163895167,0.04642,2403.0,0.9612,0.0,0.9718253158075499,0.026860473442635546,0.0016159042400281307,0.0014755161938586868,0.009139852657527302,0.0029245513533873654,0.0027395714931068727,0.0,0.8432740427115679,0.09182532595144632,0.0009782968946905426,0.9944289260117533,0.002807133973447096,0.003574419401236433,0.0,0.04713485815152797,0.0,0.0054415310741569856,0.0014187631546135147,6.944222218666586,0.0027776888874666327,10
R2,N2Vp1q2,N2V,1.0,2.0,D16,9900.0,15.0,1.5618510947012738,0.10725801212121214,0.23130078255567166,-0.038006263380953906,0.24382112975912995,0.23419349047906718,1.0,30.1,12.271538599439776,0.10854593519100239,17.4,0.8345064835220896,0.10410101010101006,5000.0,2.4919467988091633,4.242640687119285,0.5753706056470428,0.04592,2186.8,0.8747199999999999,0.0,0.8164965809277259,0.02791172554149144,0.0019115522951630415,0.001857246124288052,0.009791531632756903,0.0024173010173929375,0.0025673914168465807,0.0,0.7378647873726218,0.04712040414029284,0.00030829187007346324,1.0749676997731386,0.0016509710182050366,0.0034620261480234372,0.0,0.014690137975594148,0.0,0.003391835487055904,0.0011043348928452604,14.23454327409991,0.005693817309639989,10
R2,N2Vp1q2,N2V,1.0,2.0,D2,9900.0,15.4,1.584000700561949,0.10852426666666663,0.2321193848052566,-0.033150556681839985,0.19182495106853956,0.18327945828362197,1.0,16.3,7.491510588235295,0.15691542663533975,13.8,0.793015099989797,0.12747474747474744,5000.0,3.90526830981405,25.11468753489952,0.11271190629479348,0.0465,2446.9,0.97876,0.0,1.3498971154211057,0.0183115209409807,0.00129080510160082,0.0013640165906138205,0.010926235712110164,0.0033704543460563482,0.002986686918585596,0.0,0.8232726023485648,0.10863068797767404,0.0014163935493153358,0.9189365834726815,0.004051660723615495,0.006503286597469827,0.0,0.06480400882469223,3.3751493834203887,0.0018703409831841854,0.0010593499054713802,6.967384333050977,0.0027869537332204175,10
R2,N2Vp1q2,N2V,1.0,2.0,D4,9900.0,15.8,1.575589922708509,0.1078730464646465,0.2312284084911212,-0.027295587221167678,0.19049452715911563,0.18181211485287624,1.0,16.6,7.605422553021208,0.15554915390563187,13.9,0.7931825476992145,0.12908080808080805,5000.0,3.8729312539943166,17.10178579329718,0.22355722063417954,0.046599999999999996,2445.7,0.97828,0.0,1.1352924243950928,0.024863973477813998,0.0015712917294642829,0.0018738772283175336,0.008572692108387433,0.0036461781504086837,0.00356821838978166,0.0,0.699205898780101,0.20622799947612036,0.003061426868861087,0.8755950357709131,0.0057826933199520425,0.00676783590278089,0.0,0.11557931381561355,0.1792660350143342,0.006671585025625162,0.0011274356350191818,8.420213774008413,0.003368085509603336,10
R2,N2Vp1q2,N2V,1.0,2.0,D8,9900.0,16.1,1.5743343704945454,0.10809016969696965,0.23150392499438793,-0.028874261764074722,0.20152400665794504,0.19287960634628296,1.0,21.2,8.977685762304922,0.1378871906242654,15.2,0.8109994837261505,0.11788888888888885,5000.0,3.3325188993370793,8.602325267042627,0.3847259938209924,0.04596,2407.1,0.9628399999999999,0.0,1.5951314818673863,0.02563179188133414,0.0015636761176732997,0.0015411284313298437,0.007123749633112557,0.003506410497529276,0.003409083056782274,0.0,0.42163702135578357,0.06099227192028523,0.0006654896175114293,0.7888106377466155,0.002748459799238002,0.006020716087694085,0.0,0.03648932016436044,0.0,0.004212546241486722,0.0011345091939297404,13.025189271390804,0.005210075708556328,10
R2,N2Vp2q0_25,N2V,2.0,0.25,D16,9900.0,15.1,1.5469398147335822,0.10643433131313126,0.2305435271568382,-0.04134167045854335,0.24168492518592544,0.23208262960289905,1.0,30.5,12.255884817927171,0.1087819515481006,16.8,0.8325368314457708,0.10212121212121208,5000.0,2.50055128954989,4.242640687119285,0.5773573138107733,0.04566,2188.6,0.87544,0.0,0.875595035770913,0.023504363472690415,0.0013218272203687712,0.001406570722773158,0.00847445434723337,0.0034428507842829436,0.0033339126761619048,0.0,0.5270462766947299,0.08514071060053972,0.0005125581902095571,1.6193277068654823,0.002281867856618486,0.005429964983331835,0.0,0.010380971389629646,0.0,0.002396883351807508,0.0015945741333242124,13.696714934611085,0.005478685973844493,10
R2,N2Vp2q0_25,N2V,2.0,0.25,D2,9900.0,16.1,1.5837201086114996,0.10840999191919191,0.23194281929145566,-0.03501571142416906,0.19094699367952345,0.1816389167526711,1.0,15.8,7.411049059623849,0.15824152941843256,13.2,0.7908240342822161,0.12779797979797974,5000.0,3.954033377259125,23.46482514865613,0.11411933935093359,0.04696,2453.4,0.9813600000000001,0.0,0.7378647873726216,0.02473453679865833,0.0013101066309406425,0.0013768498031034608,0.006474916863663477,0.003398509814148865,0.002900084350499686,0.0,0.9189365834726813,0.16085020134795625,0.002373968944102313,1.1352924243950935,0.0037734548629459554,0.007153246000288659,0.0,0.11047423561412918,2.7892613006542923,0.0031884522918020778,0.0013359973386533697,9.24000962000463,0.0036960038480018447,10
R2,N2Vp2q0_25,N2V,2.0,0.25,D4,9900.0,15.4,1.5658341572172734,0.10751475555555559,0.23102045311843517,-0.026889376629896888,0.19195890273125601,0.18294612541717736,1.0,16.2,7.505436478591437,0.15689642163503856,13.8,0.792318948576676,0.12920202020202015,5000.0,3.9088064406961522,17.098847208625177,0.22562804412750212,0.04562,2444.5,0.9778,0.0,0.8432740427115681,0.02501981640556009,0.0014926179867732234,0.0012399900163035196,0.007700582470308512,0.003511107660725608,0.0032185319652651367,0.0,0.42163702135578385,0.12526107850312718,0.0019831444645814133,0.7888106377466156,0.004279761453697996,0.006689321436364661,0.0,0.07946467255699063,0.1808133970302172,0.004586939496311573,0.001412484021541874,8.356634091147809,0.0033426536364591,10
R2,N2Vp2q0_25,N2V,2.0,0.25,D8,9900.0,15.9,1.5806552125279603,0.10822475555555558,0.23190686087932635,-0.0277459649781166,0.19753679959256482,0.1884326997843357,1.0,20.5,8.919136582633053,0.13864209737572547,14.7,0.8069631879400061,0.11976767676767672,5000.0,3.3766071933472803,8.602325267042627,0.3898158112357775,0.04668,2408.0,0.9632,0.0,1.286683937707919,0.029983312176921382,0.0017991856232248485,0.0018387591493176842,0.00956170440071438,0.002237536113402624,0.0019074222406735074,0.0,0.52704627669473,0.09518607567166547,0.0009419356936676891,0.9486832980505137,0.003199503530416102,0.00473565163409011,0.0,0.0374720446897602,0.0,0.004325997862049742,0.0018164678790321496,9.910712498212371,0.003964284999284953,10
R2,N2Vp2q0_5,N2V,2.0,0.5,D16,9900.0,15.8,1.5475257205820927,0.10631695353535353,0.2302365247238367,-0.029745268234963602,0.24159937635567053,0.23241288404355923,1.0,30.3,12.23780424169668,0.1088581028123358,17.1,0.8338286593204774,0.10328282828282824,5000.0,2.499641463492948,4.242640687119285,0.5771472422435686,0.04544,2190.5,0.8762000000000001,0.0,1.3165611772087666,0.029138446097408628,0.0016609511218142903,0.0017649124118551888,0.006173673460127249,0.0028263598557793,0.0019330144037310129,0.0,0.6749485577105528,0.07725411442761472,0.00046702971909295596,1.100504934614611,0.0020666440375177878,0.0045118473285742046,0.0,0.010235995345601915,0.0,0.0023634095415735563,0.001968191499264687,12.580849644510428,0.005032339857804169,10
R2,N2Vp2q0_5,N2V,2.0,0.5,D2,9900.0,15.7,1.5839371208400321,0.1085383353535353,0.23199646645333458,-0.03376733626164048,0.18912246536470084,0.18015627293134598,1.0,15.8,7.3448647939175675,0.15921902310930441,13.2,0.7886711774308743,0.12825252525252523,5000.0,3.9885687329776047,24.597594560002005,0.1151160815639632,0.04686,2450.4,0.98016,0.0,0.9486832980505139,0.01952767907326324,0.0011832372780191005,0.0013445587584019073,0.00851689769725149,0.002670190896857536,0.002304133681909152,0.0,0.7888106377466155,0.13385703845926133,0.002019883722072498,1.1352924243950935,0.005001485571421365,0.009273518252491104,0.0,0.08344053991798486,2.2750682191871343,0.0024082192490560823,0.0008058122196475644,4.9035134795821484,0.001961405391832896,10
R2,N2Vp2q0_5,N2V,2.0,0.5,D4,9900.0,15.7,1.5824098128306527,0.10830911919191918,0.23196391014624568,-0.02834273530160079,0.18888913686313716,0.1800455716450992,1.0,16.2,7.561619687875149,0.15609509264019406,14.0,0.7902734073053771,0.13167676767676764,5000.0,3.9366846579415506,17.172403006581032,0.22723725853253174,0.04722,2450.0,0.9800000000000001,0.0,0.8232726023485645,0.02052597966963901,0.0014680699085372307,0.0015779954579217116,0.008759051279491047,0.0027574368195825254,0.0026715077120839205,0.0,0.6324555320336758,0.1006336207063889,0.0013580888607590631,1.247219128924647,0.0036528000345818538,0.007313174718202449,0.0,0.06758191946841702,0.0976102201313162,0.0039010313095282504,0.001129208178818729,6.649979114420048,0.0026599916457679777,10
R2,N2Vp2q0_5,N2V,2.0,0.5,D8,9900.0,15.2,1.5724765904269937,0.1078760444444444,0.23151699139251272,-0.0286383266405355,0.1958790285270289,0.18687302050001983,1.0,20.7,8.893521984793917,0.13895647170703346,14.3,0.8087550459136823,0.11620202020202015,5000.0,3.3839957205925337,8.602325267042627,0.39066878718975306,0.04628,2397.9,0.95916,0.0,0.6324555320336759,0.02397620484972963,0.0013225655396228693,0.001273443195732919,0.0068034958957299595,0.0023123202789223055,0.0020894490824322383,0.0,0.6749485577105527,0.10420403516940485,0.0012052012771627326,1.1595018087284064,0.0036022667235610876,0.006648821472093353,0.0,0.029650368525168516,0.0,0.0034230165957268486,0.0015949921629901521,11.522441870830496,0.0046089767483321695,10
R2,N2Vp2q1,N2V,2.0,1.0,D16,9900.0,15.2,1.5359361839577719,0.10560682828282833,0.22961464605960585,-0.035083350876324,0.24231651659451692,0.23300166704391084,1.0,30.3,12.21853237294918,0.10893404325641476,17.3,0.8334801688603204,0.10352525252525249,5000.0,2.498216054490242,4.242640687119285,0.5768181266936004,0.04512,2179.7,0.87188,0.0,0.7888106377466155,0.02538675965576214,0.0016015844375163006,0.0014367093040015657,0.009650433535322692,0.002990060430233133,0.0027069069280133812,0.0,0.4830458915396476,0.10824893874626089,0.000690454216961133,0.8232726023485649,0.001770261645282187,0.00431067172686263,0.0,0.011927520099066315,0.0,0.002753969092175897,0.0009986657765906136,17.963234056755418,0.007185293622702149,10
R2,N2Vp2q1,N2V,2.0,1.0,D2,9900.0,15.9,1.5767025113668454,0.10798794343434341,0.2313992234103838,-0.02419912157072786,0.18820849778326276,0.1796796546846815,1.0,15.6,7.288361712685074,0.16011491579126275,13.2,0.7886742842567085,0.12952525252525252,5000.0,4.003133496038149,25.90693004787234,0.11553644249157491,0.04686,2453.2,0.9812799999999999,0.0,0.875595035770913,0.009954934537557464,0.0007334455077902846,0.0008132111908285521,0.00849439723909981,0.0027573158330478917,0.0025336104255626064,0.0,0.6992058987801012,0.09198136875593647,0.0014937113712395027,0.9189365834726816,0.004357272711797845,0.0067087151311232916,0.0,0.077307343987606,2.892706440275333,0.0022312060069043845,0.0011625642156696356,6.746192341692517,0.0026984769366770267,10
R2,N2Vp2q1,N2V,2.0,1.0,D4,9900.0,16.3,1.5720489186619626,0.10763306262626263,0.23125842405105151,-0.029461662542481996,0.1886278043002752,0.17968753106139637,1.0,16.3,7.470886754701882,0.15758391773907263,13.2,0.7904929308233853,0.12715151515151513,5000.0,3.98384216689936,17.13112207867182,0.22995933154215892,0.047,2447.3,0.9789200000000001,0.0,0.8232726023485646,0.019499211771939157,0.0013748641970024022,0.0013377807381962932,0.005829016481693587,0.0025135142749930536,0.0020279009954416146,0.0,0.6749485577105528,0.19251986623694048,0.002924478190419488,0.9189365834726815,0.005121352717845859,0.008098297571849364,0.0,0.08109783469547314,0.16551712111143402,0.004681210518588967,0.0013299958228840008,6.815831244650596,0.0027263324978602705,10
R2,N2Vp2q1,N2V,2.0,1.0,D8,9900.0,16.2,1.5872302351288954,0.10849917575757576,0.23182147624284366,-0.032379267298189775,0.19703001187048266,0.18778761674140285,1.0,20.5,8.912130068027212,0.13882572259156886,14.6,0.8070803872053872,0.11959595959595956,5000.0,3.378752664784379,8.602325267042627,0.3900634973422289,0.0469,2403.2,0.96128,0.0,1.0327955589886444,0.024498995278064258,0.00182415755709888,0.0021010939662440722,0.007116584774994362,0.003586838400689034,0.003283941485116686,0.0,0.5270462766947304,0.08779564851787518,0.000983695203459812,0.699205898780101,0.0036203260478613344,0.005143696890701192,0.0,0.02640204517470746,0.0,0.0030480106416700702,0.0012481096817899386,10.538817137927088,0.004215526855170854,10
R2,N2Vp2q2,N2V,2.0,2.0,D16,9900.0,15.2,1.552808870876426,0.10686799595959595,0.2308285679087306,-0.03253989122016654,0.24407036061324314,0.2349510685562119,1.0,30.2,12.271094229691878,0.10854434451087105,17.4,0.8363033736353434,0.1009494949494949,5000.0,2.4879974377064142,4.242640687119285,0.5744587297230891,0.04534,2191.3,0.87652,0.0,1.1352924243950935,0.015797697704237515,0.0011451938910435455,0.0012234476578192506,0.003959657263734004,0.003749388293807205,0.0036569679209989027,0.0,0.7888106377466156,0.09300058700356206,0.0006462784415433119,1.776388345929897,0.0027643312244976397,0.005598183564197137,0.0,0.017356885478414515,0.0,0.004007566178633543,0.00137291255689825,19.838514729350766,0.007935405891740308,10
R2,N2Vp2q2,N2V,2.0,2.0,D2,9900.0,15.9,1.5829925153550715,0.10842457373737371,0.23185557460277323,-0.03216960678095065,0.19099794538794573,0.1824759014282956,1.0,16.1,7.431083665466187,0.15778588659092813,13.8,0.792558084889297,0.1298484848484848,5000.0,3.9235047589705743,23.87898134909488,0.11323823759533806,0.047040000000000005,2453.5,0.9814,0.0,0.8755950357709131,0.022477058176031992,0.001495713208969933,0.001638558866557289,0.006259649729387049,0.0032490557960463766,0.0030996781650021827,0.0,0.7378647873726218,0.1276217072935583,0.001969695178518255,1.0327955589886444,0.0026198925230392018,0.007085322396884067,0.0,0.094845050896166,2.7877210384866737,0.002737370557169877,0.0014599847792205079,5.56277308942623,0.0022251092357704933,10
R2,N2Vp2q2,N2V,2.0,2.0,D4,9900.0,15.5,1.5728867207054986,0.10797269090909092,0.23183887494167515,-0.02897737000011233,0.19253473315573344,0.183849916882719,1.0,16.5,7.584003745498199,0.15568770506012436,13.7,0.793072437506377,0.1279696969696969,5000.0,3.8619759320454152,17.134530567788993,0.22292484655743258,0.04604,2451.4,0.98056,0.0,0.5270462766947298,0.019645859849480536,0.0014836654932416495,0.00144255821740401,0.01043764126872576,0.004004859517766664,0.0037148554399547965,0.0,0.7071067811865478,0.11845197297824352,0.0017897172972275595,1.159501808728406,0.004490837008886809,0.009577861129864333,0.0,0.07861314224297587,0.09346551060052201,0.0045377866098278525,0.0014198591479439092,7.396695959082721,0.0029586783836331116,10
R2,N2Vp2q2,N2V,2.0,2.0,D8,9900.0,15.8,1.580182051346575,0.10836370101010104,0.2320833716997511,-0.031005850451157203,0.20028284800820137,0.1912662391346256,1.0,20.5,8.985082641056422,0.13777892320850965,14.6,0.8109288327721662,0.11457575757575755,5000.0,3.339860214672311,8.602325267042627,0.3855735193485631,0.046439999999999995,2403.1,0.9612399999999999,0.0,0.9189365834726816,0.022722592822768287,0.001575818572499226,0.0016759811308281346,0.005934933825627967,0.001958610484669368,0.001663442223655707,0.0,0.7071067811865477,0.08495421160949211,0.0009659364238805597,0.8432740427115679,0.0027486633996258074,0.0038725076589602924,0.0,0.0187518867509107,0.0,0.0021648304133242585,0.0008630694577430521,7.694875639743131,0.0030779502558972325,10
R2,RW,RW,,,D16,9900.0,14.9,1.5398664818768641,0.10597258585858589,0.22989240624481355,-0.03245147777155069,0.2414808969918974,0.23197972469566192,1.0,30.5,12.215559119647859,0.10899208378209961,17.6,0.8328166860524437,0.10514141414141412,5000.0,2.503609390511352,4.242640687119285,0.5780634048891089,0.04482,2183.3,0.87332,0.0,0.5676462121975466,0.025192988269866635,0.001483461946430229,0.0014093777718683865,0.010361705526391997,0.002138312198765981,0.00224545330642468,0.0,0.8498365855987964,0.10121910963879846,0.0007471796122776571,1.4298407059684815,0.002366054075744872,0.005190309680781304,0.0,0.012926700969005996,0.0,0.0029846719717730413,0.0014979986648859206,17.64495521231057,0.007057982084924204,10
R2,RW,RW,,,D2,9900.0,16.3,1.572439016577194,0.10780114747474749,0.2313582457402476,-0.03310810557481699,0.18757547318041476,0.1789871899619701,1.0,15.5,7.29450100040016,0.15999796481438616,13.5,0.7895882435465769,0.13020202020202015,5000.0,4.021448061445527,24.087813760219195,0.11606502834439292,0.04636,2452.5,0.9810000000000001,0.0,1.05934990547138,0.028196515658398213,0.0014899144904457254,0.0013899315559439932,0.009286426542133547,0.00220935881174547,0.001889799330294999,0.0,0.5270462766947298,0.0912700764132025,0.0014414690939622559,1.0801234497346432,0.0036007428022085744,0.0060964149752222386,0.0,0.06059559112636297,2.0486386409284916,0.0017488797304268846,0.0015826840774105515,4.03457281230346,0.0016138291249213478,10
R2,RW,RW,,,D4,9900.0,15.8,1.5836830837293943,0.10855329292929297,0.23219639874698586,-0.027686254824123912,0.18854827136915406,0.1795938463419598,1.0,16.2,7.536492901160464,0.15656668245774732,12.9,0.7917048495051525,0.12487878787878784,5000.0,3.9366291821779535,17.154980969204907,0.22723405630488838,0.04686,2450.9,0.9803599999999999,0.0,1.1352924243950933,0.017252707013246046,0.0010636535501151918,0.0011268658497892285,0.012014241803050225,0.0025408610272622625,0.002093954498295186,0.0,0.42163702135578407,0.13025127085916569,0.0020290386469657465,1.1972189997378648,0.0036345751306017236,0.009256755094493656,0.0,0.0694906184412006,0.08581599318387498,0.004011207145193493,0.0010793001847905397,4.8636977245257205,0.0019454790898102284,10
R2,RW,RW,,,D8,9900.0,15.4,1.554283916261594,0.10679610909090909,0.23029793360599332,-0.03443730122483506,0.19724877135935986,0.18809292693697083,1.0,20.9,8.926493605442177,0.1386065797663444,14.5,0.8088457483930211,0.11617171717171712,5000.0,3.376043937049624,8.602325267042627,0.3897507855463703,0.04548,2399.6,0.95984,0.0,1.2649110640673518,0.02585230809643965,0.001647048363149445,0.0018603104729419027,0.007615774245569395,0.0019221345537415344,0.0019698534960172548,0.0,0.5676462121975463,0.14808985206003694,0.0016056392790971727,0.7071067811865478,0.004671603388245439,0.004023942335076094,0.0,0.039171954451401245,0.0,0.0045222456530475625,0.0013239671026460155,9.834180754445745,0.003933672301778305,10
R2,RWD,RWD,,,D16,9900.0,59.7,5.597510678631076,0.1845562181818182,0.22739681912356274,-0.12287653249147568,0.3136320307862075,0.20814692186391145,1.0,25.1,10.311641392557023,0.12649384466718208,21.1,0.8622058840934599,0.08658585858585853,5000.0,2.800503361051895,4.242640687119285,0.6466138505585348,0.24533999999999997,1638.5,0.6554,0.0,0.48304589153964744,0.1080853706365296,0.0018401395145566512,0.0017199296094482705,0.0031259226538002545,0.00422874121133561,0.0015932722769235262,0.0,0.7378647873726216,0.18036158977872027,0.0015949042789214832,1.5951314818673863,0.0013808083685990472,0.0043466435564055135,0.0,0.009914882553813682,0.0,0.002289267163582054,0.005671017937235296,29.06792810718445,0.011627171242873784,10
R2,RWD,RWD,,,D2,9900.0,856.5,24.413131702956168,0.2078097212121212,0.1804730458550253,-0.12910991548477485,0.255669067151327,0.02373074459950343,1.0,6.3,3.4657337174869953,0.3229707007374378,5.8,0.6681402724211815,0.11129292929292925,5000.0,12.957153655216242,34.50795438576608,0.3739629067134475,0.57566,2423.6,0.96944,0.0,223.0661336913338,2.216914886883373,0.002701965763959428,0.002677941336320012,0.01513212247544077,0.00832799903427466,0.003636163595198861,0.0,0.4830458915396479,0.1599073517281908,0.014593121484534318,0.7888106377466155,0.029941420830339033,0.022533972835543124,0.0,0.8149351455273706,0.03470686591554149,0.023520251739985707,0.016314424428843427,42.90350930997497,0.01716140372398999,10
R2,RWD,RWD,,,D4,9900.0,591.7,19.73254967569598,0.20641694545454548,0.18611719448219727,-0.1266321148139376,0.266947417323781,0.03611822425325347,1.0,7.9,4.1146117967186875,0.27918407998119876,8.2,0.7430800862156922,0.0974343434343434,5000.0,9.182007018290115,17.26267650163207,0.5300130144926867,0.55962,1991.4,0.79656,0.0,139.10192106669285,1.8411359103041767,0.0025051874058533465,0.0021967684832359356,0.01360459175450003,0.006152865853503255,0.005300181080607717,0.0,0.7378647873726218,0.22032412886489647,0.01387957895286338,0.7888106377466155,0.024113958025238164,0.01841699751228781,0.0,0.36128150452896274,0.0,0.020854253205690468,0.013413575213193526,112.64713834704273,0.04505885533881703,10
R2,RWD,RWD,,,D8,9900.0,219.3,11.695624320100704,0.20118166868686865,0.1973098945063611,-0.13119727259528835,0.2887099369287133,0.08838262161320609,1.0,13.0,6.183697639055622,0.19536621409669425,14.3,0.8487188725640241,0.07199999999999995,5000.0,5.149066405401688,8.602325267042627,0.594439146455408,0.51344,1760.1,0.70404,0.0,9.117138927438928,0.3079173104530126,0.0010004035577548347,0.0009886730555943451,0.003409103711332149,0.003515234399858709,0.002880152433699038,0.0,0.9428090415820634,0.1411196340425143,0.003388901056160418,1.3374935098492589,0.005919212953289348,0.005096713417486749,0.0,0.05710511050861704,0.0,0.006592556878538783,0.0048247510010592295,81.43907061246597,0.03257562824498639,10
R2,RWI,RWI,,,D16,9900.0,13.4,1.3332783276537212,0.09217129292929291,0.21470577740932092,-0.03796588906949662,0.24594117993118036,0.23852675990165823,1.0,31.0,12.431326706682674,0.1073740324833908,17.4,0.834970886134068,0.10312121212121209,5000.0,2.4622737444194724,4.242640687119285,0.5685193344707269,0.04004,2219.3,0.8877200000000001,0.0,0.8432740427115681,0.01791650415109266,0.0012608515817842806,0.0016660445163019261,0.010843158693555654,0.0033573268214984633,0.0028737170496926493,0.0,0.8164965809277258,0.047600558956361595,0.0002954300747672914,1.0749676997731406,0.0012257423661823413,0.003698634424918116,0.0,0.013153067962065177,0.0,0.0030369383018396213,0.001102723900167216,13.375350462698131,0.005350140185079282,10
R2,RWI,RWI,,,D2,9900.0,13.4,1.3410097768143276,0.09263435151515151,0.2148278246163488,-0.0322089989263981,0.19884073948274014,0.19225079129251066,1.0,17.3,7.914263561424571,0.15036449439607308,14.1,0.7987497515559637,0.12399999999999996,5000.0,3.651730246013777,21.5544043912002,0.10539441714368816,0.040600000000000004,2446.7,0.97868,0.0,0.5163977794943222,0.010153187150757812,0.0007379158271941529,0.0008969525940171168,0.012193047727831453,0.002634463920585038,0.0023608438419233943,0.0,0.9486832980505139,0.1323182150518053,0.001732302239737467,0.5676462121975467,0.0034122612858062244,0.004585111950175504,0.0,0.06312526405151783,3.3179061905916196,0.0018218898887763042,0.0005577733510227168,4.785394445602291,0.0019141577782408941,10
R2,RWI,RWI,,,D4,9900.0,13.9,1.3354289682743783,0.09239561212121215,0.21467103404620042,-0.02993907936787966,0.20010931956932038,0.1935135397408411,1.0,18.0,8.064399583833533,0.1482857323801559,15.2,0.8033441041730436,0.12489898989898987,5000.0,3.5734849873078374,16.73449763623706,0.20627228301989345,0.040260000000000004,2447.1,0.9788399999999999,0.0,0.8755950357709134,0.024708763484272075,0.0017283279345140826,0.0019751698052929765,0.009549914063408521,0.0025690451351632433,0.002863776257432676,0.0,1.0540925533894598,0.12708291217787565,0.0016132280183504678,1.1352924243950937,0.0032952364412490048,0.005341186019093286,0.0,0.06504288567491531,0.41711823900064793,0.003754470655401953,0.0011432896007185218,4.4584501542326915,0.0017833800616930985,10
R2,RWI,RWI,,,D8,9900.0,13.4,1.3275285713527518,0.09165073535353538,0.2137414635941703,-0.030085825928476313,0.20636530824730887,0.1999118091514737,1.0,21.7,9.312446258503403,0.13392719168800077,15.1,0.8121061912049792,0.11732323232323227,5000.0,3.2086616146584914,8.602325267042627,0.3704271651033463,0.04034,2414.5,0.9658,0.0,0.8432740427115679,0.01591268683652423,0.0009613280151996057,0.001248278262238947,0.009320259214337696,0.0023444880681254276,0.0023186768609880443,0.0,0.4830458915396479,0.10998904536469052,0.0012001890162269418,0.9944289260117533,0.0029901756635625594,0.005731476474736862,0.0,0.04602424684368028,0.0,0.005313315435456305,0.0009709102258533826,8.592632503100107,0.0034370530012400643,10
R2,SP,SP,,,D16,9899.7,44.8,3.845024299761792,0.19636119575365332,0.2516542013902783,-0.04884139445791964,0.19184514427382582,0.151444482839253,1.0,19.4,8.227592957182873,0.1501666930875534,13.3,0.7904745733763023,0.12774121889223294,4999.7,3.394634413064812,4.242640687119285,0.7837939634701532,0.132567790553709,353.7,0.14148,0.6749485577105978,5.006662228138289,0.1014857091271751,0.00221804795469864,0.0016049752007924567,0.006148328125639282,0.004329349890690359,0.0019633170790935494,0.0,0.6992058987801016,0.04158168440388279,0.0005755309231624381,0.948683298050514,0.0027730906797509007,0.005333700801422688,0.6749485577105628,0.015414848131731367,0.0,0.003559165271806727,0.00664217596585051,16.418485516839446,0.006567394206735786,10
R2,SP,SP,,,D2,9900.0,2436.1,48.63758744824775,0.20050760808080806,0.18672794136624052,-0.1410850271079521,0.2922206814738172,0.00726433476421396,1.0,4.0,2.0444796478591436,0.49365556622649054,17.9,0.391610544332211,0.48218181818181816,5000.0,19.995097665112844,34.5369362633257,0.5770885367138201,0.53248,1819.3,0.7277199999999999,0.0,45.039365497800304,0.7928900820927188,0.0024993371733767183,0.0015329251303346479,0.001769892642813758,0.002220815579612039,0.00020072357763020556,0.0,0.0,0.03152392888104463,0.005245099022272316,1.3703203194062976,0.008648072839998721,0.014544456880612634,0.0,0.14598932042790105,0.006104914087431322,0.004213470957362717,0.009556475407922196,22.171302773329916,0.008868521109331994,10
R2,SP,SP,,,D4,9900.0,920.0,23.264587915173763,0.23089917575757574,0.188729056258159,-0.10027158083178453,0.2379217052147274,0.022897798973349908,1.0,6.0,3.0504691476590637,0.34964388955582226,8.1,0.6130516636057546,0.2078484848484848,5000.0,11.652892918644806,17.26267650163207,0.6726399676093422,0.59326,851.8,0.34072,0.0,61.88878914813428,1.0391391400529422,0.0011059025816749996,0.0026303881541915636,0.013138177547274935,0.012630386732853752,0.0009087828579958303,0.0,0.0,0.03540805553698685,0.004257649720556083,1.286683937707919,0.004050096164889324,0.01448508562889055,0.0,0.14241578483958212,0.0,0.008220666710863092,0.025935998149290512,23.365691848425023,0.009346276739370036,10
R2,SP,SP,,,D8,9900.0,214.1,9.100407109418235,0.22925755555555555,0.2089496000167305,-0.08074487077333121,0.21125805709065032,0.08389700156576899,1.0,10.0,4.746854613845538,0.23549457098856852,9.4,0.7207816763595553,0.1633333333333333,5000.0,6.485499451294484,8.602325267042627,0.7487250026762389,0.3746,554.3,0.22172,0.0,15.708808569292156,0.4334236352705674,0.0010904896822324156,0.0027624225080053245,0.008397964080389626,0.00489079570345694,0.0034125820051535607,0.0,0.4714045207910315,0.02743734449017012,0.0016191438298759557,0.6992058987801009,0.004278444523233005,0.007844178496095753,0.0,0.05393765050744463,0.0,0.006226886275115822,0.023910760013944456,21.02934457688431,0.008411737830753715,10
R3,CR,CR,,,D16,9087.2,15.6,1.7580112251745306,0.1321333914678495,0.24775273161081873,0.07567503163875708,0.14784731747990545,0.1412843594658912,1.0,26.4,10.12290080832333,0.12659119756012577,14.4,0.8008398060722959,0.12415024032077597,4187.2,3.1045217316191955,4.242640687119285,0.7168092632714893,0.05323400705876959,60.4,0.02416,18.587929177590276,0.9660917830792958,0.025539950412059528,0.0017794467481038376,0.0014891714088041345,0.011451641642930338,0.0016074659623233733,0.0016814999503948916,0.0,0.8432740427115678,0.07485473467549306,0.0006364187604328657,0.6992058987801011,0.004012837537712877,0.005964896100566065,18.58792917759024,0.009943718431955373,0.0,0.0022959251374515244,0.0011645783034432658,8.248905651323964,0.0032995622605295864,10
R3,CR,CR,,,D2,9900.0,19.7,2.0713118983074916,0.1383595717171717,0.2572366371187776,0.08083923192422215,0.009454561745444071,0.00879262734107138,1.0,6.0,4.147347002801121,0.25237316473255966,19.9,0.39564397051321293,0.5472424242424243,5000.0,20.490190981475532,34.539832078341085,0.5913776730942363,0.05948,1950.6,0.7802399999999999,0.0,1.4181364924121764,0.024653598561193986,0.0012957440637461537,0.0008263533866518143,0.007314232414097743,0.000532788806795623,0.00047405353897364924,0.0,0.0,0.0024985936715851646,0.00014519734511144684,1.1972189997378648,0.004917705202389427,0.00731237633371888,0.0,0.11638178203846941,0.0,0.003358952950447981,0.002123309785322068,24.793368288941924,0.009917347315576778,10
R3,CR,CR,,,D4,9899.7,20.9,2.1973061042466666,0.1450145909524582,0.2601298787260092,0.16744425441451966,0.026495830882792108,0.02403116145860094,1.0,8.0,4.4533987995198085,0.23873905474570778,6.5,0.5673750844007339,0.24728006910197026,4999.7,10.852881005397142,17.26267650163207,0.6264608779042444,0.06260376475295058,822.5,0.329,0.4830458915395192,1.449137674618944,0.02020154670473984,0.0013038298703811557,0.0008187926944590178,0.0111956616537003,0.0011203604063098136,0.0009389196692957661,0.0,0.0,0.005650189941956328,0.0002452312696681936,0.5270462766947299,0.004587970113479002,0.016797544541519133,0.4830458915396075,0.04652144292343883,0.0,0.0026853573683058617,0.001207897574455319,27.383084803092096,0.010953233921236842,10
R3,CR,CR,,,D8,9821.7,18.9,2.075898493284618,0.1407657353054647,0.25917007186739893,0.09342452097184702,0.07385455664734283,0.06911703695572938,1.0,13.8,6.075888403361344,0.18844658291821553,8.6,0.7103957564944959,0.15675943421449343,4921.7,5.598603265934277,8.602325267042627,0.6463363811453517,0.058761451801542894,274.0,0.1096,8.857514073121466,1.1005049346146119,0.021449827211216268,0.0012709785496038452,0.0007019680022273937,0.00983968524725584,0.0016941818774566153,0.0015597572009976367,0.0,0.42163702135578396,0.02275752250695977,0.0005523934130956567,0.5163977794943222,0.008413067008832818,0.01114907633390083,8.857514073121974,0.0272365998144453,0.0,0.0031443566408585607,0.0013251036957786665,10.974718422102885,0.004389887368841154,10
R3,N2Vp0_25q0_25,N2V,0.25,0.25,D16,9900.0,15.8,1.5977863388878966,0.10981205252525254,0.23419702398254363,-0.03394629907534564,0.13609239533668901,0.13151272788887794,1.0,25.8,10.572940216086435,0.12314937745308582,15.0,0.8115803739414347,0.11674747474747468,5000.0,2.9415187155997793,4.242640687119285,0.6791731692368155,0.0465,842.9,0.33716,0.0,0.9189365834726807,0.030528952800973917,0.002137499708643472,0.0020933953461447453,0.008339009105945898,0.0028967318335750064,0.0026714983122917203,0.0,0.4216370213557835,0.06832130451140898,0.0005699045175965943,1.05409255338946,0.0018871497634324573,0.00578160657358797,0.0,0.013477054690305489,0.0,0.0031117442487957323,0.001178511301977578,23.50153659278943,0.009400614637115785,10
R3,N2Vp0_25q0_25,N2V,0.25,0.25,D2,9900.0,16.4,1.6393082357770894,0.11195101818181814,0.23532647927034697,-0.02227041259008537,0.05505476852353049,0.05154886131293011,1.0,7.0,4.3302970148059226,0.2423784589645382,16.1,0.4956649795939191,0.4268080808080808,5000.0,16.483308539601353,34.53403680042031,0.4757330303976426,0.04798,2270.5,0.9082000000000001,0.0,1.712697677155351,0.025571427488210393,0.0012093604285781355,0.0010239793563474179,0.009454505540038512,0.001386590266684856,0.001394698474014331,0.0,0.0,0.00584863193670983,0.00030228068249071345,1.5238839267549948,0.005773342612229999,0.010584736191900508,0.0,0.177325454105035,0.018326277903334628,0.005117878819373661,0.0015845083359410472,20.419217527722367,0.008167687011088953,10
R3,N2Vp0_25q0_25,N2V,0.25,0.25,D4,9900.0,16.3,1.6282861354644773,0.11136522828282827,0.23506412819863573,-0.027811718220606057,0.052960470738412334,0.0499978722763285,1.0,9.3,4.979342168867547,0.21828456680449954,6.8,0.6466145179063361,0.1832626262626262,5000.0,9.089278668620548,17.26267650163207,0.5246604557286385,0.048,2019.9,0.8079599999999999,0.0,1.0593499054713804,0.02221763699201092,0.001118875503404491,0.0013803601314495615,0.008601121108811841,0.0018305589162188095,0.001687865155220851,0.0,0.483045891539648,0.016431601695984722,0.0005711533577264459,0.9189365834726815,0.0061719689237952425,0.020816363186628193,0.0,0.06894598219165421,0.0,0.003979769105574313,0.0012719189352225957,19.48475187308158,0.00779390074923264,10
R3,N2Vp0_25q0_25,N2V,0.25,0.25,D8,9900.0,16.6,1.6342331996147987,0.11166376565656566,0.235596684335539,-0.01952885816364994,0.06519907642752856,0.062140297109176436,1.0,15.0,6.752353709483794,0.17428639096140172,9.2,0.7427555127027854,0.1365555555555555,5000.0,5.142059918147458,8.602325267042627,0.5936302754921814,0.04808,1546.3,0.61852,0.0,1.07496769977314,0.016392724564315703,0.001042889213903398,0.00099599550639203,0.006684366629776028,0.0016804936585891874,0.0015859416278843127,0.0,0.0,0.03944397605761523,0.0007421899052703989,1.1352924243950933,0.008450042440360097,0.009788249996725184,0.0,0.030841418353468552,0.0,0.0035605185402691987,0.000998665776590612,31.13429691585222,0.012453718766340894,10
R3,N2Vp0_25q0_5,N2V,0.25,0.5,D16,9900.0,14.8,1.5929827415744964,0.10978986666666665,0.23424756812550424,-0.0303661799782989,0.13528163947163918,0.13074366061741424,1.0,25.3,10.56747262104842,0.12316866688015973,15.0,0.8112134445464749,0.11659595959595954,5000.0,2.9371632834808166,4.242640687119285,0.678167534759651,0.0454,837.4,0.33496,0.0,0.632455532033676,0.013580420783916969,0.0008962952633365137,0.0007613499650039912,0.00956978241967089,0.0016557726583942456,0.001483532435876395,0.0,0.6749485577105525,0.05880142034964347,0.0005148973777764401,0.816496580927726,0.0035791227252282417,0.00594484468576022,0.0,0.010076839141540493,0.0,0.0023266616456846497,0.0012472191289246478,35.75596298366035,0.014302385193464143,10
R3,N2Vp0_25q0_5,N2V,0.25,0.5,D2,9900.0,16.7,1.6207535412921796,0.11066981414141415,0.2343399563695852,-0.018675753794849488,0.055770467880932664,0.052268647049392845,1.0,7.0,4.337675166066427,0.24201035225518774,16.0,0.5021119324558718,0.4180808080808081,5000.0,16.319682411163686,34.53838417083339,0.4710105346834558,0.04818,2280.8,0.91232,0.0,1.6363916944844767,0.022059474881892895,0.0014466774605906303,0.001428423787694361,0.009124590218203067,0.0014177524178605595,0.001278050833862234,0.0,0.0,0.005401701460900236,0.00027980473515188526,0.9428090415820635,0.00421692341525788,0.010568207798114156,0.0,0.14029749876700828,0.004578685565573282,0.004049196439251537,0.0017899720668211557,15.433009355850732,0.006173203742340317,10
R3,N2Vp0_25q0_5,N2V,0.25,0.5,D4,9900.0,15.9,1.6362393211309552,0.11203905858585858,0.23581350922824335,-0.024069764517452692,0.05381421695298205,0.05063102667047501,1.0,9.3,4.975624521808724,0.21838073933065286,7.1,0.6482537873686358,0.18842424242424238,5000.0,9.091594720660325,17.26267650163207,0.524794145206427,0.04774,2019.6,0.80784,0.0,0.5676462121975467,0.01888220752486302,0.0013673540728814013,0.0012499263480234214,0.012800333293490103,0.0030998048126339287,0.0026336552370617413,0.0,0.4830458915396481,0.012254886623357261,0.00035388209017692503,1.1005049346146116,0.004631879604998546,0.02209253043777181,0.0,0.06376855105794382,0.0,0.0036809122350622663,0.0012185601704014833,18.904438044485115,0.007561775217794054,10
R3,N2Vp0_25q0_5,N2V,0.25,0.5,D8,9900.0,16.0,1.6382281407176673,0.11197293737373737,0.23597346949227643,-0.02097083036402269,0.06495503195497324,0.062163691426576254,1.0,15.1,6.7980898279311734,0.17347288405996206,9.2,0.745493748597082,0.1337474747474747,5000.0,5.136959256071436,8.602325267042627,0.593041424432182,0.04802,1554.9,0.62196,0.0,0.9428090415820632,0.02423402018134773,0.0013163809143859383,0.0013443669761545175,0.009130203472728556,0.0012213074401057125,0.0012160243727501539,0.0,0.31622776601683794,0.039838684592162256,0.0007157367744391674,0.9189365834726816,0.006850453162295987,0.008116566505502675,0.0,0.029136833408183415,0.0,0.003363731017996614,0.001483089867659931,27.310763039098237,0.010924305215639352,10
R3,N2Vp0_25q1,N2V,0.25,1.0,D16,9900.0,15.6,1.5985130930408777,0.11002855353535348,0.23435471732428903,-0.026333804406178107,0.13520848508354372,0.1311723527421989,1.0,25.8,10.568673229291717,0.12320507793101365,15.5,0.8107893980206102,0.11981818181818178,5000.0,2.9452761086991384,4.242640687119285,0.6800407212825755,0.04604,886.3,0.35452,0.0,0.8432740427115677,0.01750845436689504,0.0009713854058519849,0.0009960760583139613,0.011787032725229707,0.003753389777503854,0.00322595553905396,0.0,0.7888106377466142,0.062234825810706565,0.0005256690622826714,0.97182531580755,0.0029990930193084585,0.0045988385304825095,0.0,0.01410950716354786,0.0,0.003257772471688149,0.0012677188612271692,25.064583246751454,0.010025833298700609,10
R3,N2Vp0_25q1,N2V,0.25,1.0,D2,9900.0,16.7,1.641665828248804,0.11208429898989894,0.23539533291590892,-0.02274775579857754,0.05614345765998739,0.05273277051173588,1.0,7.0,4.337048547418968,0.2420468447188399,16.1,0.49864965666768696,0.4241919191919192,5000.0,16.28341823342496,34.539832078341085,0.4699638960714882,0.0484,2281.6,0.91264,0.0,1.7669811040931431,0.02244272612100424,0.0010890739755034205,0.0008780398351420094,0.009642895869085089,0.002044858858729156,0.0018005130381416048,0.0,0.0,0.00630617215424372,0.00031957533521400467,2.1832697191750414,0.004001757362994594,0.014748339534627961,0.0,0.20879331924937305,0.0,0.006026088649293024,0.0015634719199411424,15.137884778117337,0.006055153911246926,10
R3,N2Vp0_25q1,N2V,0.25,1.0,D4,9900.0,16.1,1.6288215885147423,0.11163781010101011,0.2356126426852753,-0.02183520053654356,0.05377733885069219,0.05084408631073341,1.0,9.3,4.979913277310924,0.21824037155179526,7.0,0.6466964039383736,0.18627272727272723,5000.0,9.050692379530485,17.26267650163207,0.5224331392652584,0.04762,2029.0,0.8116,0.0,0.7378647873726216,0.024500176605050456,0.0016298387917973317,0.001318825650419182,0.012773276493808229,0.0024133326802097924,0.0020278321975647235,0.0,0.4830458915396482,0.01624583213029648,0.0005760741539845094,0.8164965809277263,0.00534494680670716,0.014017935335905795,0.0,0.07348163512074551,0.0,0.004241580611147319,0.0011252654007931737,26.327003458637492,0.010530801383455017,10
R3,N2Vp0_25q1,N2V,0.25,1.0,D8,9900.0,15.9,1.6336051241199854,0.11219817777777781,0.23609966461198256,-0.02056663968856075,0.064937837391367,0.06228940668978494,1.0,15.1,6.7627150060024,0.17407439064674596,9.7,0.7382587756351393,0.14088888888888887,5000.0,5.15322380692361,8.602325267042627,0.5949191018526759,0.04702,1564.5,0.6258,0.0,0.7378647873726218,0.015430793488875614,0.0009072517185978658,0.0006623114754799172,0.01254006301108069,0.0013450154144283432,0.0011996305595894502,0.0,0.316227766016838,0.05724791488019304,0.0010863535300773492,0.9486832980505138,0.00532865795456542,0.010008872708992027,0.0,0.041954126656245906,0.0,0.00484343631957403,0.0009908470001860938,33.55012833225993,0.013420051332903986,10
R3,N2Vp0_25q2,N2V,0.25,2.0,D16,9900.0,15.9,1.6240610891719474,0.11144785858585864,0.23543707821411108,-0.02876403910915106,0.13632361164978776,0.13243673173036738,1.0,26.3,10.593413525410165,0.12293632830036043,14.8,0.8118834669931638,0.11566666666666663,5000.0,2.9319625209589746,4.242640687119285,0.6769667202464965,0.047299999999999995,906.4,0.36256,0.0,1.1972189997378648,0.025507703359922303,0.001649643675816656,0.0015712656653201489,0.009854800811291952,0.0018500482642051183,0.0018548074281368291,0.0,0.6749485577105525,0.06372140911407716,0.0005038924232148197,0.9189365834726816,0.0030737176441747514,0.005988620376323913,0.0,0.01032853782736088,0.0,0.0023847768612142686,0.0009104333522498433,21.008992783514824,0.008403597113405919,10
R3,N2Vp0_25q2,N2V,0.25,2.0,D2,9900.0,16.7,1.632742876170773,0.11168159191919191,0.2350190587071202,-0.01343175893781134,0.05658205275117072,0.05321773462434043,1.0,7.0,4.348211764705882,0.24150755913794084,15.5,0.5062367906336088,0.4139292929292929,5000.0,16.037781300637278,34.53838417083339,0.46287444542316025,0.047920000000000004,2294.6,0.91784,0.0,1.0593499054713802,0.022869200870080708,0.0014534001890063914,0.0015089126923305152,0.0074138896268339475,0.001525563936367063,0.0014506841070082129,0.0,0.0,0.0051249032979144345,0.0002462192274360612,1.080123449734643,0.004036799637931272,0.006068354567889655,0.0,0.10875412135360961,0.004578685565573053,0.003138807211882564,0.0012585706178041827,12.194716524426148,0.004877886609770455,10
R3,N2Vp0_25q2,N2V,0.25,2.0,D4,9900.0,16.2,1.6290885331314258,0.1114489292929293,0.23544807515935498,-0.01873691628868235,0.05579672152031012,0.052832050636363516,1.0,9.7,4.9979263385354145,0.21757787332075687,7.2,0.6481894138353229,0.19307070707070703,5000.0,8.966641659513275,17.26267650163207,0.5175814793397253,0.04778,2045.7,0.81828,0.0,1.2292725943057188,0.024733046262929145,0.0019907002030197167,0.0017348331355463635,0.006617352105954942,0.0017713949541232395,0.001812455668682732,0.0,0.4830458915396481,0.020048124372248004,0.0006722822798633597,0.7888106377466154,0.002808493934051491,0.012519748256550375,0.0,0.07536070244775839,0.0,0.00435004601924831,0.0012380989010934821,26.04291330349456,0.010417165321397786,10
R3,N2Vp0_25q2,N2V,0.25,2.0,D8,9900.0,16.8,1.6522268063247445,0.11287387070707071,0.23647907732529871,-0.02007979307930003,0.0657961547252199,0.06326881283544282,1.0,15.0,6.810571172468988,0.17316626214255262,9.4,0.744251350882563,0.13465656565656564,5000.0,5.108644689572337,8.602325267042627,0.5897726208439582,0.04824,1607.0,0.6428,0.0,1.135292424395094,0.026385611860670656,0.0016083428782215435,0.0016371602508581252,0.012154386092644428,0.0013542339382902888,0.0012218319491709149,0.0,0.0,0.03174590546541508,0.000594541597882528,0.6992058987801011,0.006894891414957304,0.005884930511398546,0.0,0.029317632279503156,0.0,0.003384603525415544,0.0011730302638892148,28.201654797783302,0.011280661919113305,10
R3,N2Vp0_5q0_25,N2V,0.5,0.25,D16,9900.0,16.2,1.6150894144740557,0.11068764444444443,0.23491975908623872,-0.03184019868658751,0.13514917788094227,0.13066892641644687,1.0,25.6,10.565196158463385,0.12319592105936912,14.9,0.8127652739516377,0.1143636363636363,5000.0,2.939206576249497,4.242640687119285,0.6786393147344048,0.04746,851.6,0.34064,0.0,1.2292725943057183,0.022265650022978662,0.0013909207884767127,0.0015653568696399978,0.007213076262060109,0.0014797510894458852,0.001554303518056864,0.0,0.5163977794943221,0.07359717888656074,0.0005790521463406011,0.8755950357709131,0.0031668988555658543,0.004218251909751308,0.0,0.011691744027989708,0.0,0.00269953028117186,0.0009979979959899717,25.029760064548938,0.010011904025819588,10
R3,N2Vp0_5q0_25,N2V,0.5,0.25,D2,9900.0,16.1,1.621934011132241,0.1111653575757576,0.23488049931209326,-0.02045274966116802,0.05468193698458444,0.051257399047144866,1.0,7.0,4.33343081232493,0.24223063274833737,16.6,0.4985806973778185,0.4249090909090908,5000.0,16.319250999995766,34.53838417083339,0.47099808350948374,0.04728,2273.3,0.9093199999999999,0.0,1.286683937707919,0.026035521301119375,0.00143956029357644,0.001352953132202678,0.00875716980474801,0.0013617554509154333,0.0013957327560448526,0.0,0.0,0.0036011481309391738,0.0001786079927323894,1.505545305418162,0.0016857183232601711,0.006829491389204506,0.0,0.12184147277172536,0.0045786855655733415,0.003516527821495625,0.0017843766418556358,11.757267256183876,0.004702906902473564,10
R3,N2Vp0_5q0_25,N2V,0.5,0.25,D4,9900.0,16.2,1.6198255726983135,0.11088220606060609,0.23470799550369228,-0.02407850540008192,0.052651784744667494,0.04960929278425372,1.0,9.4,4.97104256102441,0.218546147373235,6.8,0.6423030155086216,0.19194949494949493,5000.0,9.052790751262798,17.26267650163207,0.5225542635821048,0.04784,2000.7,0.8002800000000001,0.0,0.6324555320336759,0.02121618964063066,0.001435533435092206,0.0013425446188353044,0.00839267147702057,0.0024229294911458916,0.002357389335849194,0.0,0.5163977794943223,0.01448720888119429,0.0005075290493502063,0.6324555320336759,0.005211868932044497,0.016002375573285415,0.0,0.048165565271621344,0.0,0.0027802610467956425,0.0012357633718115732,15.282888034225348,0.006113155213690124,10
R3,N2Vp0_5q0_25,N2V,0.5,0.25,D8,9900.0,16.2,1.634674897408312,0.11200969292929293,0.23582855572875644,-0.0166736220259331,0.06400475153226562,0.06099376527076979,1.0,15.1,6.757319791916767,0.17418931361093665,9.5,0.7398306545250485,0.13938383838383833,5000.0,5.14030160981843,8.602325267042627,0.5934272858198757,0.047439999999999996,1526.1,0.61044,0.0,1.6193277068654828,0.02304536065926859,0.0014012145109215967,0.0011331901079525313,0.006023748332321318,0.002672249243272151,0.002266988579240437,0.0,0.316227766016838,0.028690878871376148,0.0005136480151567583,0.5270462766947298,0.004670875012067264,0.007250472559334493,0.0,0.02523895285076557,0.0,0.0029137362793181854,0.0010782702196883048,23.51099033785407,0.009404396135141619,10
R3,N2Vp0_5q0_5,N2V,0.5,0.5,D16,9900.0,16.3,1.6025311798660424,0.10999388686868687,0.2343080978557653,-0.026680655468673393,0.13543660587846945,0.13093626477250467,1.0,25.9,10.586959519807923,0.12304954184495198,15.4,0.8128569977553312,0.11710101010101007,5000.0,2.9419425950935953,4.242640687119285,0.6792710396252182,0.04668,846.5,0.3386,0.0,1.337493509849259,0.01541347019654903,0.0007022532958761404,0.0005925622448404259,0.007335272721431233,0.002313840489366461,0.002206738566495447,0.0,0.316227766016838,0.08037439514722487,0.0006698066365585713,1.0749676997731394,0.0035082871105858904,0.005876949816982765,0.0,0.012740075405731178,0.0,0.0029415816203169102,0.0014642404174178495,27.41957937921975,0.010967831751687909,10
R3,N2Vp0_5q0_5,N2V,0.5,0.5,D2,9900.0,16.2,1.647528853623475,0.11259079595959594,0.23602420503462263,-0.01900588989635842,0.05532313564866535,0.05151708544792947,1.0,7.0,4.330893157262905,0.2423658671849692,17.0,0.49606650341801856,0.43208080808080807,5000.0,16.443974686474068,34.539832078341085,0.4745977963455405,0.04824,2278.9,0.91156,0.0,0.9189365834726814,0.02600590698108416,0.001611144022073995,0.0014544723748346228,0.008838297668754921,0.002073768611920768,0.0021330201387915367,0.0,0.0,0.00658555084847456,0.0003334753995182577,1.4907119849998596,0.0033557830588787606,0.008142469568682158,0.0,0.17614099375807796,0.0,0.005083693515562201,0.0014721111069179215,10.093452222989791,0.004037380889195912,10
R3,N2Vp0_5q0_5,N2V,0.5,0.5,D4,9900.0,15.6,1.6318703446378364,0.11182032727272725,0.23558488690779048,-0.02937207147896694,0.05297842140865712,0.05012204631495397,1.0,9.4,4.964010212084834,0.2187659657005659,7.0,0.6430426961534537,0.19024242424242419,5000.0,9.099965371423393,17.26267650163207,0.5252773243017339,0.04762,2013.3,0.80532,0.0,1.0749676997731399,0.017612441675276366,0.0011062867638881963,0.0009381632470919978,0.011708056046263468,0.002315270083398099,0.002116179578297607,0.0,0.5163977794943222,0.007756656838708604,0.0003029927751672304,0.9428090415820635,0.007705422520759624,0.021458205939409367,0.0,0.06789081555054759,0.0,0.003918861718863445,0.0010850499220466004,26.861992976446572,0.010744797190578624,10
R3,N2Vp0_5q0_5,N2V,0.5,0.5,D8,9900.0,16.1,1.6269697504315228,0.11173643232323235,0.23559205089776697,-0.02378101744802523,0.0658831917384302,0.0628757779310756,1.0,15.0,6.766319743897559,0.17392117894528214,9.1,0.7440382542597694,0.13420202020202018,5000.0,5.128263071868265,8.602325267042627,0.5920374847063845,0.047,1555.8,0.62232,0.0,1.370320319406298,0.025153554659067233,0.0012299842280333476,0.0010625360887078319,0.004916983995721542,0.0011311787962474847,0.0011850552306153538,0.0,0.0,0.04390584872217033,0.0007344248356782307,0.7378647873726221,0.007229350607617746,0.006550738469414438,0.0,0.02627400938336667,0.0,0.0030332294210509967,0.0015289793254906249,26.836128218835498,0.010734451287534173,10
R3,N2Vp0_5q1,N2V,0.5,1.0,D16,9900.0,15.6,1.610267840682813,0.11065154343434343,0.23515819729641319,-0.02213507202045838,0.13615048547530867,0.1318378179544712,1.0,26.2,10.591678015206082,0.12302960959871509,15.0,0.8120074880114274,0.1153232323232323,5000.0,2.93580179441594,4.242640687119285,0.6778531778126189,0.04636,869.9,0.34796,0.0,0.9660917830792958,0.018781825219269462,0.0013281408799965962,0.0013008040219200715,0.012034367516611634,0.0028054597952056597,0.002219175298573429,0.0,0.6324555320336758,0.07309313931624972,0.0005679691283660507,1.05409255338946,0.0019852672443539596,0.005092318494446268,0.0,0.013620156700115573,0.0,0.0031447853595020624,0.0010532489417670115,28.59467704933132,0.01143787081973256,10
R3,N2Vp0_5q1,N2V,0.5,1.0,D2,9900.0,17.0,1.6368894289184628,0.11196391111111115,0.23578475316214925,-0.01658148189897174,0.055931866360334224,0.05242432178748282,1.0,7.0,4.33703731092437,0.24205082939842598,16.0,0.49806266095296403,0.42341414141414135,5000.0,16.27298909941144,34.539832078341085,0.4696628956068814,0.04804,2286.8,0.91472,0.0,1.4907119849998598,0.027345474843783645,0.0018070956278981925,0.0015765142852960904,0.009082077651269806,0.0019483114723059475,0.0016779733862415504,0.0,0.0,0.004390541124561748,0.00021681383730135138,1.0540925533894596,0.003780600751464558,0.008916369112751937,0.0,0.12775396944610407,0.0,0.0036871713517893337,0.0008682037651253183,15.53347639419097,0.006213390557676413,10
R3,N2Vp0_5q1,N2V,0.5,1.0,D4,9900.0,16.1,1.6170566136572844,0.11068876767676765,0.23448072409400456,-0.02500149698667714,0.05266487827858461,0.0498335250020523,1.0,9.0,4.972707482993197,0.21841250892738043,7.2,0.6475423222120191,0.1928484848484848,5000.0,9.085399302835878,17.26267650163207,0.5244365270875739,0.04736,2026.4,0.8105600000000001,0.0,0.9944289260117528,0.026830915568844947,0.0014400946110721057,0.0010641853208035892,0.007432354902143722,0.001475846976328671,0.001368037305441732,0.0,0.0,0.013569126759395036,0.00048406528133930254,1.0327955589886444,0.004387049012697293,0.021488119468788685,0.0,0.08636513069595585,0.0,0.00498525465903455,0.0012677188612271692,28.945158873673886,0.011578063549469554,10
R3,N2Vp0_5q1,N2V,0.5,1.0,D8,9900.0,16.3,1.6382633729938991,0.1120408808080808,0.2357841438191734,-0.022384470656235618,0.06418698346098362,0.061512674672491385,1.0,15.0,6.742341480592236,0.17437156904169143,9.6,0.7420298821548821,0.1411414141414141,5000.0,5.149860850633752,8.602325267042627,0.594530861983714,0.048420000000000005,1569.8,0.62792,0.0,0.9486832980505137,0.023407517943626794,0.001477579385108509,0.0012669037993324021,0.008340351287064342,0.001596074781693746,0.0014497644221061195,0.0,0.0,0.049871581865510585,0.0009462990913712841,1.1737877907772671,0.00461157752823333,0.013015377874585243,0.0,0.03825012046570759,0.0,0.004415823602041465,0.0011093541664710439,30.032574907182948,0.012013029962873205,10
R3,N2Vp0_5q2,N2V,0.5,2.0,D16,9900.0,16.1,1.6146575542048427,0.11067506262626262,0.23526844822227866,-0.023312900876113117,0.13461251045033368,0.1309929192419508,1.0,25.9,10.617954477791116,0.12284108128805823,15.4,0.812370423936333,0.11776767676767672,5000.0,2.940193950351329,4.242640687119285,0.6788672915255798,0.04716,913.4,0.36536,0.0,0.9944289260117529,0.023117637548343097,0.0014325558546930165,0.0010671452724598056,0.012700448778111058,0.002999027743477231,0.0028240154771066255,0.0,0.7378647873726217,0.056745095434940836,0.0004467998858565255,1.1737877907772674,0.0023793915867081554,0.005080371846601416,0.0,0.01420191674328142,0.0,0.0032791091053129646,0.0008527081042837052,27.362585972658202,0.010945034389063286,10
R3,N2Vp0_5q2,N2V,0.5,2.0,D2,9900.0,16.5,1.6351359883536252,0.11168694949494948,0.23532435360400847,-0.02397730545307178,0.05733867316343816,0.05394490926588295,1.0,7.0,4.3478333733493395,0.2414959910821471,16.9,0.5048326481991634,0.4185050505050505,5000.0,16.101497617726,34.5369362633257,0.4647133939899222,0.04814,2296.2,0.91848,0.0,0.5270462766947299,0.025172727544208417,0.001411191649847081,0.0011387946582181348,0.007588143499414384,0.0019305278902510728,0.001864292032343208,0.0,0.0,0.004391626662731906,0.0002213848599366203,1.3703203194062976,0.005516828901883877,0.011105579686307092,0.0,0.19996735651085826,0.006104914087431301,0.005771358114480619,0.0008591985930052622,14.71054043874684,0.005884216175498666,10
R3,N2Vp0_5q2,N2V,0.5,2.0,D4,9900.0,16.2,1.6439230903720556,0.11231773737373736,0.2359166235164991,-0.02186922044486712,0.054831545461762554,0.05191959864624668,1.0,9.5,4.985309355742297,0.2180140349981262,6.9,0.6469173808795021,0.17938383838383837,5000.0,8.991513537537262,17.26267650163207,0.5190171588182236,0.04864,2030.3,0.81212,0.0,1.3165611772087666,0.016223198122532135,0.001085885326029969,0.0014194327819985913,0.00894467237308716,0.0018602438182298787,0.00179069464444494,0.0,0.5270462766947299,0.01517114517323931,0.0004937905419520614,0.8755950357709131,0.005642491829112438,0.018375169081071053,0.0,0.10526718850544839,0.0,0.006076338190093438,0.0013393198937437533,27.713013389220414,0.011085205355688186,10
R3,N2Vp0_5q2,N2V,0.5,2.0,D8,9900.0,16.1,1.630115484360585,0.11167587474747478,0.23544252264663065,-0.01997825000965235,0.06648743375578683,0.0638123155440706,1.0,15.0,6.768494789915967,0.17387352689087618,9.1,0.7409740067340067,0.1355555555555555,5000.0,5.116878553974429,8.602325267042627,0.5907231875956463,0.04784,1570.2,0.62808,0.0,0.9944289260117529,0.0250223821553334,0.0014273481275955148,0.0011789664195588406,0.008001405918084794,0.0019167324516062478,0.0016381679089137167,0.0,0.0,0.041277539155789716,0.0007449388545225107,0.7378647873726217,0.004424478673538477,0.008897429832004082,0.0,0.025641440440455764,0.0,0.00296020186364689,0.0013558105406811889,19.054308349207165,0.007621723339682887,10
R3,N2Vp1q0_25,N2V,1.0,0.25,D16,9899.8,15.6,1.5970104506161713,0.10993397289921134,0.23449753918585317,-0.02812168971618218,0.13491500374135645,0.13027602485070425,1.0,25.8,10.562861560624249,0.12325158789280363,14.9,0.8134141192708517,0.11494172148803924,4999.8,2.93956738201269,4.242640687119285,0.6787226219023542,0.04618181236247248,842.8,0.33712,0.4216370213561908,1.1737877907772674,0.016729635140250845,0.001007092977842326,0.0011863698359579657,0.010035900046096207,0.0030686737129789012,0.0030670944338324524,0.0,0.6324555320336758,0.05890502341592611,0.0004857970553811412,0.5676462121975469,0.0018268876334151156,0.0030036622477047155,0.4216370213557898,0.01391283525287909,0.0,0.003212362498887212,0.0011549230818267123,29.21491247823808,0.011685964991295223,10
R3,N2Vp1q0_25,N2V,1.0,0.25,D2,9900.0,16.1,1.6143190852695923,0.11034469494949499,0.23409363808715797,-0.02410103977160266,0.054858575587811265,0.051142685402789156,1.0,7.0,4.333904217687075,0.2422072517387907,16.5,0.4966500066319764,0.4279090909090909,5000.0,16.32233869783115,34.539832078341085,0.47108719910448993,0.047760000000000004,2282.1,0.9128399999999999,0.0,0.875595035770913,0.02435594689750816,0.001445320896714682,0.0016267785501709912,0.013134297996716183,0.0020732519177567234,0.0020448518368457835,0.0,0.0,0.005455527475433471,0.0002895333113600567,1.35400640077266,0.004631687674723195,0.009814344116093249,0.0,0.11671299134917457,0.0,0.003368512148390528,0.0012139924949429387,14.677647404585425,0.005871058961834161,10
R3,N2Vp1q0_25,N2V,1.0,0.25,D4,9900.0,16.1,1.6369004348482648,0.11209835555555558,0.2357540182076626,-0.02405183622204924,0.05143534734546544,0.04827288652110525,1.0,9.5,4.967972821128451,0.21871853819623083,6.7,0.6447626543209877,0.18303030303030302,5000.0,9.142782124895048,17.26267650163207,0.5277488358713829,0.04758,2014.8,0.8059200000000001,0.0,1.1005049346146112,0.03260821971292704,0.002080099926618831,0.0018391550267661957,0.009304241838694395,0.0016312789924797036,0.0014290169379866237,0.0,0.5270462766947298,0.018719856336388594,0.0005932234581713403,0.483045891539648,0.003154088982451577,0.01129026067262597,0.0,0.09977787141816623,0.0,0.005759478325889369,0.001396662688936261,39.43433360241639,0.015773733440966553,10
R3,N2Vp1q0_25,N2V,1.0,0.25,D8,9900.0,15.7,1.6201738716474032,0.11113429090909091,0.23522433794457345,-0.0191090341893933,0.06417449270612444,0.061262780221320125,1.0,15.0,6.761234893957583,0.17405410666768645,9.2,0.7434586557494134,0.13299999999999995,5000.0,5.147490157174503,8.602325267042627,0.5942571748945467,0.04732,1552.3,0.62092,0.0,1.3374935098492589,0.020992740307680714,0.0013514342513672247,0.0013438080293810039,0.008386684532123719,0.0021211295594782287,0.0020030765251945644,0.0,0.0,0.04623573507154123,0.0008387450015890586,0.7888106377466155,0.0068358943509617956,0.006576103231893037,0.0,0.030362627273355917,0.0,0.0035052440227966984,0.0012372011423639492,25.307223386921695,0.010122889354768716,10
R3,N2Vp1q0_5,N2V,1.0,0.5,D16,9900.0,16.1,1.6107390653127187,0.11074227474747475,0.23517457839517436,-0.02793966239546436,0.13516264009846332,0.13089636461486376,1.0,26.0,10.574344521808722,0.12311666736755174,14.8,0.8118369799000102,0.11550505050505047,5000.0,2.9416506327109984,4.242640687119285,0.6792036278438024,0.0468,848.9,0.33956,0.0,0.9944289260117533,0.026659654817921524,0.0016001379837167296,0.0013469731205594103,0.009379168639936993,0.0026275443531862982,0.0024181254433655462,0.0,0.6666666666666664,0.03383172080602726,0.00033254820827376797,0.9189365834726816,0.0032720834425800736,0.005277126622524134,0.0,0.015202153421367668,0.0,0.003510055762575493,0.0011274356350191828,38.41426239765064,0.01536570495906025,10
R3,N2Vp1q0_5,N2V,1.0,0.5,D2,9900.0,16.3,1.6159156188758288,0.11048359595959598,0.2343300234102716,-0.01724845855201204,0.055112436811554866,0.05145070225125374,1.0,7.0,4.335785322128851,0.2421176344061434,15.4,0.49729525252525253,0.42486868686868684,5000.0,16.327741193951613,34.539832078341085,0.4712431232531478,0.04782,2287.3,0.9149200000000001,0.0,0.8232726023485648,0.021517761995015657,0.00143414221164845,0.0014049565869881165,0.006864993136225879,0.0014432938694089335,0.0015259498946529047,0.0,0.0,0.004921456465049768,0.0002415924817740413,1.4298407059684812,0.0043315723894341825,0.009828397598710712,0.0,0.16673251463732713,0.0,0.0048121506834424375,0.0007800284895082021,14.103191128251801,0.005641276451300723,10
R3,N2Vp1q0_5,N2V,1.0,0.5,D4,9900.0,16.3,1.633423936543887,0.11165226262626263,0.2354865934380276,-0.01856513057871989,0.05198987357740344,0.04897384357128816,1.0,9.2,4.970022408963585,0.21858114020211256,7.3,0.6428349760228549,0.19539393939393937,5000.0,9.142675173364466,17.26267650163207,0.5277426623079109,0.04812,2003.6,0.80144,0.0,0.8232726023485646,0.025083051503885064,0.0016886091804367413,0.0015505531193377906,0.01059402125303972,0.001566285438747774,0.001414110076131012,0.0,0.42163702135578396,0.022506385342173942,0.0007695532014107646,0.6749485577105528,0.005804700201492296,0.01258144233472394,0.0,0.05382331510826807,0.0,0.0031068433550201346,0.0010881176406988347,32.48657842521713,0.012994631370086832,10
R3,N2Vp1q0_5,N2V,1.0,0.5,D8,9900.0,16.1,1.6437103222337395,0.11206308282828285,0.23570068645430334,-0.02345804349473278,0.06515456862745111,0.062391060767500096,1.0,15.0,6.769630988395359,0.1739067111901037,9.2,0.7435979114376084,0.13566666666666666,5000.0,5.147909621169733,8.602325267042627,0.5943056003370757,0.04874,1552.5,0.621,0.0,1.1005049346146119,0.036153631787079185,0.0022101116298667393,0.0019667494438813373,0.0072767280803168995,0.002164800101377451,0.002089644313705595,0.0,0.0,0.03869140428636289,0.0006563120503082344,0.7888106377466156,0.004815864571131502,0.011200785970935136,0.0,0.03145591164246086,0.0,0.003631459335639038,0.0013334999895846349,32.75583069385426,0.013102332277541704,10
R3,N2Vp1q1,N2V,1.0,1.0,D16,9900.0,15.7,1.6215833255301675,0.11127564848484846,0.2352804061476037,-0.02913500191351648,0.13591375790875757,0.13179064651401773,1.0,26.0,10.606257991196479,0.1228172464778787,15.2,0.8127210197938985,0.1157676767676767,5000.0,2.929589456920387,4.242640687119285,0.6764187987203332,0.04718,884.2,0.35368,0.0,0.6749485577105528,0.01848477940010814,0.0012320441305326128,0.0011575790170510027,0.006962672892515318,0.0023190610123017628,0.002038301766008364,0.0,0.6666666666666665,0.04786394809491623,0.000438430534221896,0.6324555320336759,0.0011898484374677407,0.003349939927579871,0.0,0.012821740894124292,0.0,0.002960437529094578,0.0007083627444874406,28.44019065415077,0.011376076261660319,10
R3,N2Vp1q1,N2V,1.0,1.0,D2,9900.0,16.0,1.6151021494438957,0.11081609696969699,0.23435944568631725,-0.020936310500417398,0.055933488407018186,0.05268124126017522,1.0,7.0,4.341603201280512,0.24181500798414599,16.3,0.5011277522701765,0.4213636363636363,5000.0,16.237601980234334,34.539832078341085,0.46864157022170644,0.0469,2284.6,0.9138400000000001,0.0,1.333333333333333,0.019004293716823596,0.000997308218296569,0.0008677560060477938,0.007193917867943031,0.0014183878481065192,0.0013167167651553207,0.0,0.0,0.006181005952954195,0.0003049507402599401,1.3374935098492586,0.00529538265737226,0.0093148925543567,0.0,0.2029451788907618,0.0,0.00585730253888878,0.0008906926143924923,17.858704693603396,0.007143481877441384,10
R3,N2Vp1q1,N2V,1.0,1.0,D4,9900.0,16.3,1.64424112256429,0.11253932929292929,0.2359116999362917,-0.02188812639688975,0.053483411699412085,0.05049552397129945,1.0,9.4,4.987123841536615,0.21802097561564304,7.0,0.6497855157636976,0.185030303030303,5000.0,9.027715837677455,17.26267650163207,0.5211068642813813,0.04766,2029.9,0.81196,0.0,0.8232726023485646,0.018593035390332843,0.001273431464454013,0.0012619100837505952,0.007942324768103921,0.00275931764901167,0.002286785638199951,0.0,0.5163977794943223,0.01855638910563682,0.0005736876080041319,0.816496580927726,0.0082165163840947,0.015884963800976606,0.0,0.055741314622042695,0.0,0.0032175560458366946,0.0007890923055426808,16.60287792991191,0.006641151171964747,10
R3,N2Vp1q1,N2V,1.0,1.0,D8,9900.0,16.2,1.636110114029491,0.11207901414141412,0.23560266730257115,-0.02499189535977518,0.06469685086258783,0.06210750543340828,1.0,15.0,6.791366434573829,0.17349196207394044,9.9,0.7453172334455668,0.14050505050505047,5000.0,5.1236681647358,8.602325267042627,0.5915070210341741,0.04728,1573.3,0.6293200000000001,0.0,1.8135294011647258,0.023657152322428487,0.0013615725493586694,0.001193856330236794,0.011607826027424273,0.0021690583473992667,0.0019609453498065674,0.0,0.0,0.04918809940343314,0.0009522209389754151,0.8755950357709131,0.003646535845600016,0.007644654908917657,0.0,0.049767487571610064,0.0,0.005745457623592287,0.0013138577633146683,28.000198411995452,0.011200079364798157,10
R3,N2Vp1q2,N2V,1.0,2.0,D16,9900.0,15.7,1.6241313306449983,0.11169440404040407,0.2358276480465334,-0.02907641257140724,0.13503820694853802,0.13156312130820255,1.0,26.3,10.64891588635454,0.1225571703528596,15.1,0.8143649821446791,0.1141212121212121,5000.0,2.9339792952041615,4.242640687119285,0.6774323773060539,0.0469,913.5,0.3654,0.0,1.4181364924121764,0.02397732302052915,0.0015118948210788808,0.0014458470350968622,0.00928494819137564,0.0031263455421996463,0.0027708947047594434,0.0,0.6749485577105524,0.05918229873155433,0.0005100887819589412,0.8755950357709131,0.0020593657809699515,0.0043633038074217725,0.0,0.012133022646409954,0.0,0.0028014179884298567,0.0012516655570345705,21.339842756892303,0.008535937102756925,10
R3,N2Vp1q2,N2V,1.0,2.0,D2,9900.0,15.5,1.6293193832119335,0.11146239595959602,0.23525255617519894,-0.01933245366464032,0.05718517316017348,0.05364120092540856,1.0,7.0,4.347738231292517,0.24151260123096852,15.3,0.5078650418324661,0.4127575757575757,5000.0,16.05106753590785,34.539832078341085,0.46325790611933426,0.04738,2286.8,0.91472,0.0,0.7071067811865476,0.02206927199835422,0.0012916292560673525,0.001110887516598299,0.00687529690674659,0.0018348928851338099,0.0017957669604983443,0.0,0.0,0.0045973174380027,0.00023219277840055548,0.8232726023485646,0.004275778436065701,0.008144119269975152,0.0,0.17630893834129438,0.0,0.005088540648364472,0.0011448435118681804,15.251957979951932,0.006100783191980803,10
R3,N2Vp1q2,N2V,1.0,2.0,D4,9900.0,16.5,1.6364580247221927,0.11165168888888888,0.23503887560474065,-0.02202661467442867,0.052840820029643985,0.050254303422324675,1.0,9.7,4.994188427370949,0.21773829766827363,7.2,0.6476137149270482,0.1923535353535353,5000.0,8.965381930028638,17.26267650163207,0.5175087639714764,0.0485,2034.4,0.81376,0.0,0.5270462766947299,0.02505844994628023,0.0014217119213893934,0.001285080491301228,0.006491722762518859,0.0021234221445565484,0.0019803905097875124,0.0,0.483045891539648,0.018726785748288795,0.0006069096737670231,0.6324555320336759,0.004159736722214404,0.020507402849483693,0.0,0.07046287129022735,0.0,0.004067328498873037,0.0015355057075041368,29.32272535461569,0.011729090141846286,10
R3,N2Vp1q2,N2V,1.0,2.0,D8,9900.0,16.8,1.637527343894344,0.11215001212121214,0.23599100406128035,-0.02251544189529356,0.06440613798344777,0.06206999385687569,1.0,14.9,6.773541192476991,0.1737325095542046,9.8,0.7437335399449035,0.1397575757575757,5000.0,5.12256862518063,8.602325267042627,0.5913800835850894,0.047799999999999995,1588.2,0.6352800000000001,0.0,1.1352924243950933,0.017133398130032555,0.0011456190582597912,0.0010319638504956675,0.008063817341414046,0.002072503850364685,0.0019102222358084676,0.0,0.3162277660168377,0.03809220723723604,0.0006071235041423676,1.1352924243950935,0.004244959060759009,0.011340975035051453,0.0,0.018608645916360855,0.0,0.002148293831209471,0.0006110100926607795,22.24509933545908,0.008898039734183658,10
R3,N2Vp2q0_25,N2V,2.0,0.25,D16,9900.0,15.6,1.5925653274786975,0.10948178585858584,0.23402291527229996,-0.02796071643040607,0.1358261548320958,0.1311741583590501,1.0,25.6,10.589547082833132,0.1230350727507187,15.0,0.8117529935720844,0.11678787878787875,5000.0,2.940531108130417,4.242640687119285,0.6789451385629423,0.04638,836.2,0.33448,0.0,0.6992058987801016,0.020430851199667307,0.0013426881347324761,0.001309208656440532,0.011024106800893779,0.003422938693805504,0.0033623737980798263,0.0,0.5163977794943221,0.055789399395244056,0.00039784515847312386,0.816496580927726,0.0019264786064082866,0.004990848567163107,0.0,0.01154024036522057,0.0,0.0026645492959250006,0.001171703413364019,23.58813260942885,0.009435253043771519,10
R3,N2Vp2q0_25,N2V,2.0,0.25,D2,9900.0,15.9,1.628971500262041,0.1114913575757576,0.23536399213549694,-0.02179463303766792,0.055810870991753705,0.052226131046090765,1.0,7.0,4.335873229291717,0.24210472897730514,16.6,0.5012071630445873,0.425030303030303,5000.0,16.249742377527063,34.532588892912614,0.4689919603136244,0.0479,2271.0,0.9084,0.0,0.7378647873726218,0.018007755552509098,0.00126287915415969,0.0016211582726031594,0.008706555933407406,0.001871678262601444,0.0017629365806358921,0.0,0.0,0.005723038214887517,0.0002800009681439672,1.07496769977314,0.0062735801344077045,0.010589726077898527,0.0,0.18613325456713248,0.018389401783135813,0.0053720851636220954,0.0010381607668264973,13.046923860520629,0.005218769544208234,10
R3,N2Vp2q0_25,N2V,2.0,0.25,D4,9900.0,15.9,1.6278735722908617,0.11139925656565655,0.2350793182251813,-0.02221714340544704,0.052676168818110415,0.04957732643739564,1.0,9.2,4.971594845938375,0.21852718709070929,6.7,0.6464029578614426,0.18526262626262624,5000.0,9.095170812989938,17.26267650163207,0.5250005679930734,0.04778,2018.5,0.8074,0.0,0.8755950357709131,0.028821917527932072,0.0019828074347827043,0.0018007860639067791,0.010092388245088214,0.0014032482637426251,0.0014024407488429885,0.0,0.4216370213557839,0.010906360570356436,0.00039511586108857265,0.4830458915396479,0.010046559088355589,0.015927417160983476,0.0,0.04385867334096189,0.0,0.002531654312917532,0.001144843511868181,27.95333412830908,0.011181333651323625,10
R3,N2Vp2q0_25,N2V,2.0,0.25,D8,9900.0,16.4,1.6369289595276282,0.11219883232323238,0.23612831187184663,-0.02334559698566771,0.06410174665857034,0.06128387879434026,1.0,14.9,6.732274349739896,0.17466642226307766,9.0,0.7381594587287011,0.1367474747474747,5000.0,5.155781751428251,8.602325267042627,0.595214406326983,0.04754,1534.7,0.61388,0.0,1.1737877907772674,0.01836607560443616,0.000995235343479355,0.0007586070640455947,0.010908067403522263,0.0015385750098446131,0.0015327544199318507,0.0,0.316227766016838,0.03674983345037791,0.0006214210177309303,0.6666666666666666,0.004755686439573078,0.007900600040841166,0.0,0.032330716271119234,0.0,0.003732452035253314,0.0013664227424597067,15.748368522202815,0.006299347408881133,10
R3,N2Vp2q0_5,N2V,2.0,0.5,D16,9900.0,15.4,1.597911823526378,0.10976955959595965,0.2340426049006104,-0.031014571507269828,0.13515192052392017,0.13031366102151612,1.0,25.8,10.598845106042416,0.12295198630426592,15.2,0.8128922579328641,0.11696969696969692,5000.0,2.941102017902109,4.242640687119285,0.6790769570677616,0.046700000000000005,865.9,0.34636,0.0,0.699205898780101,0.02205559225142968,0.0014846666759610145,0.0014801186208021966,0.01265821536731669,0.0012994669319343313,0.0014740487452330447,0.0,0.42163702135578407,0.056601770950029745,0.0005007248541563523,0.6324555320336758,0.002591986844866363,0.004323421123036897,0.0,0.011797616703261198,0.0,0.002723975435988836,0.0009718253158075485,27.310763039098298,0.010924305215639318,10
R3,N2Vp2q0_5,N2V,2.0,0.5,D2,9900.0,15.6,1.620156685360541,0.11116375757575755,0.23479029498810872,-0.01602952439507293,0.054437879675880006,0.05116666850227256,1.0,7.0,4.334299607843137,0.24218121785857197,17.0,0.4966404208754208,0.43099999999999994,5000.0,16.345361363082194,34.539832078341085,0.47175166778693906,0.0471,2278.5,0.9114000000000001,0.0,0.5163977794943222,0.018022050738673082,0.0012471086274718417,0.0014067785645455917,0.009929107463130972,0.0014254848578263743,0.0014418954599531401,0.0,0.0,0.004069006328073726,0.00021985870351704905,2.160246899469286,0.004024451603807383,0.009332425947408924,0.0,0.1312237042451619,0.0,0.0037873131071090777,0.0010842303978193723,22.485797986976383,0.00899431919479054,10
R3,N2Vp2q0_5,N2V,2.0,0.5,D4,9900.0,16.5,1.6334484002863312,0.11170826666666664,0.23540767400188808,-0.02808621543169696,0.05305398543286818,0.04975362033922442,1.0,9.1,4.962786458583434,0.2188333994550201,7.3,0.6423899831649832,0.20213131313131308,5000.0,9.104743166443066,17.26267650163207,0.525553112975818,0.04772,1999.8,0.79992,0.0,1.8408935028645432,0.036610921291414265,0.0019740220346839764,0.0020344288175277413,0.006526395018405159,0.002730193132813535,0.002496746912108929,0.0,0.3162277660168379,0.021665305324773662,0.0007719885890397141,0.6749485577105528,0.006909592299071467,0.01862439583001562,0.0,0.10879808706381966,0.0,0.0062801522565674416,0.0020831599927887347,28.506529466461227,0.011402611786584485,10
R3,N2Vp2q0_5,N2V,2.0,0.5,D8,9900.0,16.1,1.6376831245466412,0.11201831111111107,0.235791563787283,-0.02029263811622343,0.06427936971525225,0.06147193377978035,1.0,15.0,6.770371668667467,0.17382444659755342,8.7,0.7443120992755842,0.1284343434343434,5000.0,5.1419427244672296,8.602325267042627,0.593616745949977,0.0477,1570.9,0.62836,0.0,0.994428926011753,0.024810024299117977,0.0015084611779152544,0.0012883052625713848,0.011699680439609108,0.0013125274561894284,0.0011970332015044539,0.0,0.0,0.019749995401056826,0.0004386305883197118,1.1595018087284057,0.008927801115341092,0.006328936444623445,0.0,0.03777836526577805,0.0,0.004361361348828398,0.000795822425754222,34.39460552018132,0.013757842208072538,10
R3,N2Vp2q1,N2V,2.0,1.0,D16,9899.9,14.9,1.604988261625858,0.11040060626958544,0.23469198446630907,-0.025759262161432372,0.13494862737262708,0.13100061045589423,1.0,25.8,10.570859159663865,0.12321090178636832,15.1,0.8107619824349834,0.11781943895975613,4999.9,2.9420870823560903,4.242640687119285,0.6793044005797015,0.046200940188037595,865.3,0.34612,0.31622776601732766,0.5676462121975467,0.018850760173494015,0.0009832009675084655,0.0009692669751116144,0.011217512509669781,0.0019445122492295966,0.0015885620789500405,0.0,0.6324555320336759,0.04626620938560879,0.00036893680825929065,1.1972189997378648,0.0022984118124800713,0.005845290721608603,0.3162277660167499,0.010806948000612458,0.0,0.0024952379478084446,0.0016658372124157173,16.600200801998326,0.006640080320799331,10
R3,N2Vp2q1,N2V,2.0,1.0,D2,9900.0,16.4,1.6282046134813377,0.11116679191919195,0.23485919632569127,-0.01550697467012541,0.055406096787629686,0.05198667277976789,1.0,7.0,4.338655110044018,0.2419762359801063,16.3,0.5006356973778187,0.42145454545454547,5000.0,16.370681785972565,34.539832078341085,0.4724824532044204,0.04812,2283.3,0.91332,0.0,1.4298407059684815,0.022845778556992623,0.0010615672291751004,0.0010652962822733463,0.0060988501683630365,0.0017180262941769238,0.0016230175547797896,0.0,0.0,0.0065140274737449195,0.0003280598464682995,1.1595018087284057,0.00506682561486642,0.011823331923403636,0.0,0.2543011245548927,0.0,0.0073395122300460944,0.0015838069467092398,12.780627701503677,0.005112251080601468,10
R3,N2Vp2q1,N2V,2.0,1.0,D4,9900.0,17.0,1.6288621507462842,0.11132343838383836,0.23495966894303302,-0.021317952145660048,0.053596381487793665,0.0506282845861854,1.0,9.1,4.97780731492597,0.21829982027096548,6.8,0.6443570727476788,0.18468686868686865,5000.0,9.026813395770278,17.26267650163207,0.5210547726248759,0.048060000000000005,2018.4,0.8073600000000001,0.0,1.6996731711975945,0.0354039210977982,0.0018858812557433653,0.0017186771775262585,0.007974755764519188,0.001955088169833778,0.0019178278002749335,0.0,0.316227766016838,0.02657808479077666,0.0009311303579043291,0.9189365834726815,0.011012362098509771,0.021477005750552162,0.0,0.09941165207491402,0.0,0.005738339045806493,0.0021889622097138995,30.277237507921857,0.012110895003168759,10
R3,N2Vp2q1,N2V,2.0,1.0,D8,9900.0,16.6,1.6492225392024622,0.1129709818181818,0.23664909717690485,-0.02284078640857919,0.06547570785423737,0.06277569189014033,1.0,15.1,6.756274029611845,0.174159741359392,9.4,0.7440234976022856,0.13527272727272724,5000.0,5.12406953512908,8.602325267042627,0.5915533576426404,0.04814,1558.6,0.62344,0.0,0.8432740427115678,0.022730698444133158,0.001500317618288982,0.0014136052161637417,0.0074478542182103286,0.0017368888725889729,0.0016240688712067359,0.0,0.3162277660168377,0.03224474802879888,0.0005831048655339569,0.8432740427115679,0.0032409643204056255,0.009741154478824685,0.0,0.02746532943260571,0.0,0.003170762561521277,0.0012294533563968816,36.427096141928914,0.014570838456771576,10
R3,N2Vp2q2,N2V,2.0,2.0,D16,9900.0,15.9,1.6334692114352447,0.11206787070707067,0.23627385200867373,-0.02857138306676395,0.13721900035911763,0.13304087194778755,1.0,26.0,10.621126210484194,0.12273587292496153,15.2,0.8114868135904499,0.11741414141414137,5000.0,2.9285387183700236,4.242640687119285,0.6761761915842627,0.04722,908.3,0.36332,0.0,1.2866839377079187,0.023530955808130954,0.0016082204772489758,0.0016111521177626582,0.009920564381304904,0.002684085023791423,0.0020790062910917887,0.0,0.47140452079103157,0.08155029763713943,0.0006522033317030868,0.7888106377466155,0.002587078832694124,0.00460189427023272,0.0,0.011881215781191523,0.0,0.0027432777951415903,0.001294260835809812,21.751372881319977,0.008700549152527985,10
R3,N2Vp2q2,N2V,2.0,2.0,D2,9900.0,15.9,1.6351821807831253,0.11207983434343434,0.23582127303726455,-0.02183389563285315,0.05777698838416514,0.05450022794784885,1.0,7.0,4.347232268907563,0.24153907574458353,16.1,0.504549334251607,0.41998989898989897,5000.0,16.043414964657305,34.539832078341085,0.46303704142444546,0.04768,2291.1,0.91644,0.0,0.9944289260117531,0.025369177478510765,0.0013539598299114244,0.0013439360654217381,0.007934921036355356,0.002368931278488543,0.0021509506255170396,0.0,0.0,0.007072030876144017,0.0003494206027065472,1.1972189997378646,0.005019867625516133,0.009006774914158652,0.0,0.15696285611827304,0.0,0.004530183671658722,0.0013239671026460168,18.10125839701638,0.007240503358806552,10
R3,N2Vp2q2,N2V,2.0,2.0,D4,9900.0,16.5,1.646486445611932,0.11261775757575754,0.23598068093674143,-0.01901902530161088,0.05484769543562766,0.05191177667527279,1.0,9.3,4.984112076830732,0.21807692350591026,7.1,0.6459442179369452,0.19068686868686865,5000.0,9.001273262155818,17.26267650163207,0.5195805194272274,0.04806,2032.7,0.81308,0.0,1.3540064007726604,0.014995718507000948,0.0012721937477927412,0.0009994279214199748,0.007276847064878554,0.002454859911580976,0.0021900677765410203,0.0,0.48304589153964794,0.013978071601141853,0.0004941597443484284,0.5676462121975467,0.004388306616259797,0.013109435284307814,0.0,0.09568747107446043,0.0,0.005523368136436095,0.0013953892328347358,28.6397160134896,0.011455886405395846,10
R3,N2Vp2q2,N2V,2.0,2.0,D8,9900.0,16.4,1.6415194738936587,0.11239670303030307,0.2361703691738916,-0.01984702397635757,0.06565171112547594,0.06327419460618337,1.0,15.0,6.774228731492597,0.17378562730209185,9.7,0.7446406805428019,0.13786868686868683,5000.0,5.124911245197678,8.602325267042627,0.5916505297075054,0.047799999999999995,1584.5,0.6338,0.0,1.4298407059684815,0.030800736424919678,0.0017442743269718024,0.0017650153928523138,0.007324048809140733,0.0019990343689830587,0.0019577185843752936,0.0,0.4714045207910317,0.03620775432789775,0.0007259180466164923,0.9486832980505141,0.006383810949406888,0.009610120097081745,0.0,0.04485944439292634,0.0,0.0051788436457957665,0.0018499249234015477,27.72984753734582,0.011091939014938337,10
R3,RW,RW,,,D16,9899.9,15.5,1.6247009052333858,0.11143914712903351,0.23540191597813323,-0.03045690829940782,0.13633843271107943,0.13200124806311747,1.0,26.2,10.589759103641457,0.12299178526479501,15.0,0.8122010904050864,0.1155162872282783,4999.9,2.933057865493386,4.242640687119285,0.6772196265478903,0.047060952190438085,869.7,0.34788,0.31622776601689295,1.0801234497346435,0.013908611793361088,0.0009679821633845148,0.001161958342851611,0.009457347787237586,0.0015168813646846213,0.0018008901743617565,0.0,0.4216370213557835,0.0655455432050845,0.0005524969361379262,1.2472191289246475,0.00292708251555255,0.0061186456153587586,0.31622776601689295,0.006577384467083477,0.0,0.0015186655213537605,0.0009483532661483396,33.63216053455714,0.013452864213822838,10
R3,RW,RW,,,D2,9900.0,16.1,1.6191525187981952,0.11086441212121215,0.23455003905548638,-0.024927732928353354,0.05641256977009949,0.05289049336997874,1.0,7.0,4.340252356942777,0.24188337018616965,16.5,0.4995538939904091,0.42388888888888887,5000.0,16.264874166073373,34.539832078341085,0.4694286864480152,0.04778,2287.0,0.9148,0.0,0.7378647873726218,0.02369061861816626,0.00154089672985404,0.0013036370198447444,0.007478540370056647,0.001245015084962289,0.0011204187918537672,0.0,0.0,0.00468911215285249,0.0002343313737070056,2.068278940998476,0.003826987961863025,0.01606242357488724,0.0,0.17392359351383122,0.0,0.005019696015590326,0.0009307106006821997,18.360585805227164,0.0073442343220908625,10
R3,RW,RW,,,D4,9900.0,16.5,1.6377444041713805,0.11171489292929293,0.2351521379322595,-0.02682355875834654,0.05490575564305015,0.051924746472384785,1.0,9.3,4.970657286914766,0.21850699174908056,7.3,0.6470501239669422,0.19328282828282825,5000.0,9.070336818926549,17.26267650163207,0.523567075290529,0.04886,2022.6,0.8090400000000001,0.0,1.178511301977579,0.021940996769888556,0.0012778580817643405,0.0011630938677180491,0.007904697257863583,0.0013102416662936186,0.0012097999688275676,0.0,0.483045891539648,0.018517824435509006,0.0006022312025720876,0.8232726023485647,0.0039256731101068665,0.019288507023387906,0.0,0.10090246096765028,0.0,0.005824393011317227,0.0010710327311110122,24.672071479936825,0.009868828591974702,10
R3,RW,RW,,,D8,9900.0,16.0,1.6419019819120997,0.11236552323232325,0.23602660335056097,-0.01969532663845504,0.06533918855001224,0.06258626910404842,1.0,14.9,6.775249363745499,0.173763949285786,9.7,0.7437312146719722,0.13820202020202016,5000.0,5.122402069945737,8.602325267042627,0.5913608554485941,0.048,1562.2,0.62488,0.0,0.8164965809277261,0.018793668943408393,0.0014924494115424625,0.0015757710950379286,0.006051867945773852,0.002133144633099912,0.0023027102994073833,0.0,0.316227766016838,0.019664038005665862,0.0003531980192517427,0.4830458915396482,0.005900792091703303,0.006574163529700873,0.0,0.03448413012003089,0.0,0.003981055061419276,0.0009333333333333328,36.78103375986659,0.014712413503946626,10
R3,RWD,RWD,,,D16,9900.0,40.6,3.0989477445866287,0.1625881575757576,0.25547101706288117,-0.07186043449815878,0.15794574340401196,0.14163931486517636,1.0,25.0,10.279582296918768,0.12630707391416526,16.1,0.8207991041730436,0.11115151515151511,5000.0,2.9717083493000613,4.242640687119285,0.6861437144485729,0.11828000000000001,807.2,0.32288,0.0,4.718756898449704,0.11056861279287117,0.0020493186680708548,0.0008558482891841222,0.008135013593772939,0.004450190214703733,0.002733745653379997,0.0,0.4714045207910314,0.05736882880697224,0.0004895551419943038,1.5238839267549944,0.001634671257280301,0.00621815425201126,0.0,0.004398411161862899,0.0,0.0010155579947754526,0.006932179391151903,29.336363479855887,0.011734545391942347,10
R3,RWD,RWD,,,D2,9900.0,2138.2,43.88097515430109,0.2091962262626262,0.18800725274644364,-0.1353189601647133,0.27635352470434704,0.00841387728593339,1.0,4.1,2.233606530612245,0.46336898759503803,15.6,0.4166861804917866,0.431959595959596,5000.0,20.05663179096735,34.539832078341085,0.5788645039654982,0.5607599999999999,1895.4,0.75816,0.0,245.2743588537357,3.784403594228759,0.003352574413468186,0.004653029626652315,0.008883992485216435,0.01646620375636552,0.0010401630436721533,0.0,0.3162277660168379,0.1531956202588833,0.02409729863168963,2.0110804171997803,0.025436359898417985,0.045679235157479646,0.0,0.21755385330259736,0.0,0.0062789308140215674,0.02302555102489405,30.144835562847437,0.012057934225138954,10
R3,RWD,RWD,,,D4,9900.0,705.8,22.40904012683423,0.21354012525252525,0.18676782556686705,-0.13107131052356008,0.23318678188141656,0.02485395904463257,1.0,7.2,3.6108842577030815,0.3098816368452143,5.2,0.671966352413019,0.0929393939393939,5000.0,10.439764762051253,17.26267650163207,0.6026145679378615,0.58406,1567.7,0.6270800000000001,0.0,64.05691913360249,1.1549509820927595,0.0036133528656122978,0.004588553634384454,0.0030978894072822482,0.015631428165135245,0.0008893740273361833,0.0,0.6324555320336759,0.10302484626753894,0.006047525763287904,0.42163702135578385,0.010905942732499582,0.026989444087781176,0.0,0.11147629772494025,0.0,0.006434746617377598,0.025252511426258843,74.42229355359709,0.029768917421438834,10
R3,RWD,RWD,,,D8,9900.0,193.6,10.480492388648653,0.20541202424242427,0.20763955867602268,-0.1195962850645567,0.18774158988430673,0.06794550387458827,1.0,13.0,5.871809139655863,0.2024799292726303,10.8,0.7972844245485156,0.1022323232323232,5000.0,5.494015041250713,8.602325267042627,0.634262088426003,0.46874000000000005,1219.1,0.48764,0.0,12.075687236021897,0.36986377594044517,0.0017001959074369253,0.002573425102292173,0.004732571576437883,0.007293109550873121,0.0011160871179111131,0.0,0.6666666666666666,0.0890226703651618,0.002524347399419882,0.6324555320336759,0.005381895779474104,0.008255196031304448,0.0,0.03391022714000193,0.0,0.003914800255064711,0.015122624698701535,32.86825553968789,0.013147302215875152,10
R3,RWI,RWI,,,D16,9900.0,13.7,1.3326657584720614,0.0919814101010101,0.21474674101871516,-0.02540127371231905,0.13485001198801178,0.13166242102881615,1.0,26.0,10.65257293317327,0.12242111423148298,14.5,0.8113439807162534,0.11413131313131308,5000.0,2.9311857788861824,4.242640687119285,0.6767873767079156,0.040279999999999996,884.7,0.35388000000000003,0.0,0.6749485577105531,0.02113386424373469,0.0014266674530888375,0.0015186000467642942,0.008717947785464223,0.0021428996462860964,0.0017426601968335688,0.0,0.4714045207910318,0.02905988291692147,0.0002686106379831075,0.8498365855987975,0.0034420378006059724,0.004520933986343741,0.0,0.008309182840947865,0.0,0.0019185239291275708,0.0014883249346534218,22.474924298475884,0.008989969719390345,10
R3,RWI,RWI,,,D2,9900.0,13.4,1.367651932435447,0.09446174545454547,0.2168527018505905,-0.03292882039891593,0.059214287712288,0.056822722162187554,1.0,7.0,4.379664729891957,0.23981719201966495,16.8,0.5127115396388123,0.41180808080808073,5000.0,15.794307400457068,34.53838417083339,0.45584742314318627,0.04084,2306.3,0.9225199999999999,0.0,0.5163977794943222,0.021296627421759768,0.0013506276833448799,0.0014435083137649808,0.010738201499771434,0.002036524908307729,0.002104376679845423,0.0,0.0,0.008748307606986035,0.0004360185737483937,1.0327955589886444,0.005208739004403579,0.009370854901446554,0.0,0.12523945876601483,0.004578685565573053,0.003614598798595189,0.0007763160868271804,13.149144458861164,0.0052596577835444846,10
R3,RWI,RWI,,,D4,9900.0,13.9,1.3661895051186386,0.09412391111111111,0.21651962209696424,-0.03082713522744812,0.05446211743811781,0.05229160649983376,1.0,9.2,5.0170402240896355,0.216781244675648,7.5,0.6444080129578614,0.20536363636363633,5000.0,8.93318456051609,17.26267650163207,0.5156502351291342,0.04156,2061.8,0.8247199999999999,0.0,0.5676462121975466,0.0267962705466649,0.0017720046376865303,0.002018447706521661,0.012080399969420152,0.0013732275242288356,0.0013302933983543402,0.0,0.4216370213557839,0.022696319172764132,0.0007210027306137459,0.8498365855987974,0.006372121881391277,0.018599056578812667,0.0,0.07553192276510108,0.0,0.004359929370062159,0.000996884034267665,37.33571420979588,0.014934285683918334,10
R3,RWI,RWI,,,D8,9900.0,13.5,1.3419777757922535,0.09274890909090905,0.21559393166856608,-0.03123963589132006,0.06499876368076384,0.06300666828336346,1.0,15.1,6.815291876750701,0.1728317159219332,9.2,0.7409271936537087,0.13781818181818178,5000.0,5.1081327518385535,8.602325267042627,0.5897135196777372,0.0405,1588.0,0.6352,0.0,0.7071067811865476,0.015479351108840576,0.001109030597613149,0.0014325319254998939,0.008009958351369605,0.001550069836449552,0.0014050797471899183,0.0,0.316227766016838,0.03484082515671496,0.0005534161948674492,0.9189365834726817,0.006330750247166529,0.00891832692979972,0.0,0.025514226860768003,0.0,0.0029455155640785544,0.0011323525167641997,20.51016008388689,0.008204064033554753,10
R3,SP,SP,,,D16,9267.6,35.2,3.1369367539556623,0.18604949495833692,0.262652854350108,-0.01373653399823838,0.1983100303178382,0.1659811706473731,1.0,22.1,8.947141896758703,0.13891621997591447,14.6,0.804667347604366,0.12068494174150038,4367.6,3.0984288830959756,4.242640687119285,0.7154024732282203,0.11678992323701494,68.5,0.0274,30.20375252624535,2.4855135843076335,0.06073704417963374,0.001144431459653399,0.0015108194370128355,0.007807660061819838,0.002378728257012611,0.0016049689048662989,0.0,0.3162277660168379,0.032310453120170356,0.00037805751282506746,1.5055453054181618,0.002347002661394282,0.008059183834895628,30.203752526245236,0.012322961493973612,0.0,0.0028452733507556656,0.004948625465431931,4.648775226993783,0.0018595100907975145,10
R3,SP,SP,,,D2,9900.0,2376.4,47.464695700996515,0.19876886464646465,0.18777615204786668,-0.13747689543778566,0.2786830766918948,0.00732008787171645,1.0,4.0,2.0895106842737095,0.48636590369481125,17.7,0.3881460963167024,0.48166666666666663,5000.0,20.118385614563124,34.53838417083339,0.5806468120238152,0.5202,1821.5,0.7285999999999999,0.0,125.74418475619457,2.3828512360435865,0.0025527284949097666,0.0035334555464375727,0.00668059018885238,0.01646831366273185,0.0003257379782141229,0.0,0.0,0.09174216291312845,0.014905078482844482,1.418136492412176,0.0071260233141412655,0.014799521491112605,0.0,0.26848283030256215,0.004578685565573619,0.007748817548534659,0.01298375052817089,20.732422273659537,0.00829296890946385,10
R3,SP,SP,,,D4,9900.0,869.3,19.827528380275588,0.20829203636363633,0.21321858196774754,-0.07033329466520635,0.14811714543039242,0.02059413166757899,1.0,6.1,3.1881558063225293,0.33413560654738084,6.7,0.5675576252423222,0.22238383838383835,5000.0,12.08242954258602,17.26267650163207,0.6974341112466326,0.44532,713.7,0.28548,0.0,63.590792485145904,0.6885075077183268,0.002567294234208947,0.00330189407171666,0.008232706125056324,0.007583863643100552,0.00045375094941847954,0.0,0.316227766016838,0.03547967880481959,0.0036306417438802187,1.2516655570345725,0.01243037011294139,0.026474719855285378,0.0,0.10974321374467534,0.0,0.006334707806372584,0.026686026305915243,30.568865787849482,0.01222754631513981,10
R3,SP,SP,,,D8,9857.2,138.5,6.126939886434985,0.20502180998356123,0.2408120726961886,-0.04283284990137385,0.13848083483978532,0.08347380472351576,1.0,11.1,5.043883025210084,0.22118032806311555,8.2,0.699366220925748,0.16335327912790915,4957.2,6.393745378507703,8.602325267042627,0.7381323615221136,0.2503733326471189,279.3,0.11172,6.613118276073135,31.868654052393097,0.5265523715770242,0.0017861553633222596,0.0037788227008722516,0.007783043912088749,0.006781442620869057,0.002171724176484677,0.0,0.3162277660168379,0.04562015262065407,0.002279259378179536,0.632455532033676,0.007018859681828087,0.009212638497112407,6.613118276073211,0.03912430806871428,0.0,0.004516745068509333,0.023791498654566826,11.343622780125306,0.004537449112050127,10
