rule,strategy,lmax,run,border_dist,frac_outer,centre_dist
R1,CR,D16,1,17.24,0.0,8.03785639580316
R1,CR,D16,10,15.68,0.0,10.606685311532647
R1,CR,D16,2,14.92,0.0,11.042112259295518
R1,CR,D16,3,15.96,0.0,9.358621183967275
R1,CR,D16,4,17.24,0.0,7.830215325839525
R1,CR,D16,5,14.44,0.0,11.722979508755577
R1,CR,D16,6,17.8,0.0,7.762917060946977
R1,CR,D16,7,16.36,0.0,9.353788123837901
R1,CR,D16,8,16.32,0.0,9.320831412057103
R1,CR,D16,9,17.4,0.0,8.182063365314988
R1,CR,D2,1,20.44,0.0,4.373359743510982
R1,CR,D2,10,20.24,0.0,4.511211925131077
R1,CR,D2,2,20.92,0.0,3.8924949790720587
R1,CR,D2,3,20.68,0.0,4.03770034089865
R1,CR,D2,4,20.72,0.0,3.9207840220343724
R1,CR,D2,5,20.92,0.0,3.889741422387481
R1,CR,D2,6,20.52,0.0,4.262747898212242
R1,CR,D2,7,21.4,0.0,3.374888339253835
R1,CR,D2,8,21.2,0.0,3.5894948663011252
R1,CR,D2,9,20.88,0.0,4.033105848304893
R1,CR,D4,1,20.56,0.0,4.356702700603211
R1,CR,D4,10,20.52,0.0,4.301742960996114
R1,CR,D4,2,20.44,0.0,4.356595093100275
R1,CR,D4,3,20.64,0.0,4.237376188151029
R1,CR,D4,4,20.4,0.0,4.596160191231221
R1,CR,D4,5,20.08,0.0,4.711446688822497
R1,CR,D4,6,20.08,0.0,4.730806918065286
R1,CR,D4,7,20.52,0.0,4.320443365888663
R1,CR,D4,8,20.36,0.0,4.459145051182141
R1,CR,D4,9,20.2,0.0,4.566088738374342
R1,CR,D8,1,19.2,0.0,6.001577349812015
R1,CR,D8,10,19.36,0.0,5.575315878538358
R1,CR,D8,2,18.52,0.0,6.52597934376724
R1,CR,D8,3,18.08,0.0,7.644702319977905
R1,CR,D8,4,18.16,0.0,6.878348164249072
R1,CR,D8,5,19.0,0.0,5.9011506863258765
R1,CR,D8,6,18.92,0.0,6.111539603791419
R1,CR,D8,7,18.36,0.0,7.117658409095344
R1,CR,D8,8,19.0,0.0,6.373598741614972
R1,CR,D8,9,17.96,0.0,7.310805619394009
R1,N2Vp0_25q0_25,D16,1,2.4,0.8,26.57290698673241
R1,N2Vp0_25q0_25,D16,10,2.36,0.72,26.594385971628522
R1,N2Vp0_25q0_25,D16,2,2.96,0.6,25.66031158111566
R1,N2Vp0_25q0_25,D16,3,2.16,0.64,26.812241073207737
R1,N2Vp0_25q0_25,D16,4,2.4,0.6,26.513200921084252
R1,N2Vp0_25q0_25,D16,5,2.72,0.6,26.256199007595246
R1,N2Vp0_25q0_25,D16,6,2.08,0.68,27.084307614398384
R1,N2Vp0_25q0_25,D16,7,2.24,0.6,27.85185475086775
R1,N2Vp0_25q0_25,D16,8,3.16,0.6,25.32945207295243
R1,N2Vp0_25q0_25,D16,9,2.28,0.56,27.509270785008617
R1,N2Vp0_25q0_25,D2,1,3.56,0.56,25.191496680794447
R1,N2Vp0_25q0_25,D2,10,1.8,0.72,26.66182078833836
R1,N2Vp0_25q0_25,D2,2,1.84,0.8,26.820827971915
R1,N2Vp0_25q0_25,D2,3,2.96,0.64,25.945223289155873
R1,N2Vp0_25q0_25,D2,4,2.96,0.48,25.716511043989218
R1,N2Vp0_25q0_25,D2,5,2.16,0.72,25.722704740141147
R1,N2Vp0_25q0_25,D2,6,2.36,0.72,26.620492757709126
R1,N2Vp0_25q0_25,D2,7,2.72,0.64,26.00376894516644
R1,N2Vp0_25q0_25,D2,8,2.2,0.6,27.303550539905153
R1,N2Vp0_25q0_25,D2,9,2.48,0.6,26.51550479952841
R1,N2Vp0_25q0_25,D4,1,2.76,0.6,25.498920329040157
R1,N2Vp0_25q0_25,D4,10,2.88,0.56,25.897798014265035
R1,N2Vp0_25q0_25,D4,2,2.52,0.76,25.671696248537447
R1,N2Vp0_25q0_25,D4,3,2.32,0.68,26.902292180372093
R1,N2Vp0_25q0_25,D4,4,2.12,0.64,26.81932958529326
R1,N2Vp0_25q0_25,D4,5,2.12,0.72,26.916938469807597
R1,N2Vp0_25q0_25,D4,6,1.92,0.76,26.35145693685333
R1,N2Vp0_25q0_25,D4,7,2.88,0.52,25.66946559677779
R1,N2Vp0_25q0_25,D4,8,2.32,0.68,25.897373986884432
R1,N2Vp0_25q0_25,D4,9,1.96,0.68,26.564060924188293
R1,N2Vp0_25q0_25,D8,1,2.28,0.6,27.04205278280619
R1,N2Vp0_25q0_25,D8,10,2.52,0.6,26.556462820442242
R1,N2Vp0_25q0_25,D8,2,2.28,0.6,26.864444762243807
R1,N2Vp0_25q0_25,D8,3,2.28,0.52,26.48620703367784
R1,N2Vp0_25q0_25,D8,4,2.76,0.6,25.469893220531116
R1,N2Vp0_25q0_25,D8,5,2.04,0.76,26.459013301836215
R1,N2Vp0_25q0_25,D8,6,2.6,0.48,26.616584153546786
R1,N2Vp0_25q0_25,D8,7,3.36,0.6,25.01788520169147
R1,N2Vp0_25q0_25,D8,8,2.72,0.64,26.353089554413
R1,N2Vp0_25q0_25,D8,9,2.04,0.68,26.89119375374401
R1,N2Vp0_25q0_5,D16,1,2.96,0.6,26.600320387756973
R1,N2Vp0_25q0_5,D16,10,2.44,0.52,25.99405412260093
R1,N2Vp0_25q0_5,D16,2,2.44,0.56,25.595713550743152
R1,N2Vp0_25q0_5,D16,3,2.08,0.72,26.819032416171225
R1,N2Vp0_25q0_5,D16,4,2.2,0.64,25.460829468787534
R1,N2Vp0_25q0_5,D16,5,2.28,0.6,26.7690941628281
R1,N2Vp0_25q0_5,D16,6,2.64,0.56,26.275830483510784
R1,N2Vp0_25q0_5,D16,7,2.16,0.64,26.293780298543332
R1,N2Vp0_25q0_5,D16,8,2.4,0.6,26.282989794991945
R1,N2Vp0_25q0_5,D16,9,2.68,0.52,25.92525833652041
R1,N2Vp0_25q0_5,D2,1,2.28,0.6,26.853146755687572
R1,N2Vp0_25q0_5,D2,10,2.0,0.68,27.10909611417815
R1,N2Vp0_25q0_5,D2,2,2.24,0.6,26.36562552961682
R1,N2Vp0_25q0_5,D2,3,3.32,0.48,25.23339500170209
R1,N2Vp0_25q0_5,D2,4,2.28,0.6,25.569435538276384
R1,N2Vp0_25q0_5,D2,5,1.96,0.72,26.834016236343047
R1,N2Vp0_25q0_5,D2,6,2.08,0.88,26.597674927976886
R1,N2Vp0_25q0_5,D2,7,2.2,0.68,26.950715122070502
R1,N2Vp0_25q0_5,D2,8,2.36,0.84,26.682064708932657
R1,N2Vp0_25q0_5,D2,9,2.32,0.68,26.253301160349213
R1,N2Vp0_25q0_5,D4,1,2.08,0.64,26.566310205447117
R1,N2Vp0_25q0_5,D4,10,1.92,0.76,26.057238411782365
R1,N2Vp0_25q0_5,D4,2,2.2,0.64,26.50873850955338
R1,N2Vp0_25q0_5,D4,3,2.32,0.76,26.42390854683153
R1,N2Vp0_25q0_5,D4,4,2.56,0.6,26.175973604412608
R1,N2Vp0_25q0_5,D4,5,2.72,0.68,25.81919385774022
R1,N2Vp0_25q0_5,D4,6,2.08,0.64,26.313854926311702
R1,N2Vp0_25q0_5,D4,7,2.2,0.76,26.165821518279714
R1,N2Vp0_25q0_5,D4,8,1.92,0.84,26.73022292656131
R1,N2Vp0_25q0_5,D4,9,1.92,0.8,26.777456583928142
R1,N2Vp0_25q0_5,D8,1,2.84,0.56,25.851156245484493
R1,N2Vp0_25q0_5,D8,10,2.52,0.64,25.885535256541562
R1,N2Vp0_25q0_5,D8,2,2.88,0.6,25.947576758270685
R1,N2Vp0_25q0_5,D8,3,2.76,0.52,25.71517445842634
R1,N2Vp0_25q0_5,D8,4,2.0,0.8,26.7135091900836
R1,N2Vp0_25q0_5,D8,5,2.2,0.72,26.724237662232
R1,N2Vp0_25q0_5,D8,6,2.72,0.6,26.29319463198288
R1,N2Vp0_25q0_5,D8,7,2.56,0.68,25.805417613743007
R1,N2Vp0_25q0_5,D8,8,1.88,0.76,27.064593891470913
R1,N2Vp0_25q0_5,D8,9,2.0,0.72,26.416364932103694
R1,N2Vp0_25q1,D16,1,3.32,0.52,24.44017469218032
R1,N2Vp0_25q1,D16,10,2.76,0.56,25.332193403886095
R1,N2Vp0_25q1,D16,2,4.24,0.52,23.68931245146794
R1,N2Vp0_25q1,D16,3,4.48,0.4,23.142459409656457
R1,N2Vp0_25q1,D16,4,3.4,0.4,24.135611535566145
R1,N2Vp0_25q1,D16,5,3.6,0.56,23.964228353511004
R1,N2Vp0_25q1,D16,6,3.24,0.6,24.922876213233415
R1,N2Vp0_25q1,D16,7,2.64,0.6,25.042908571560144
R1,N2Vp0_25q1,D16,8,2.32,0.76,25.2008532447366
R1,N2Vp0_25q1,D16,9,3.16,0.4,25.137840032391196
R1,N2Vp0_25q1,D2,1,3.56,0.56,24.681438295777703
R1,N2Vp0_25q1,D2,10,2.24,0.6,26.087319069507988
R1,N2Vp0_25q1,D2,2,2.0,0.8,26.39059827134354
R1,N2Vp0_25q1,D2,3,2.68,0.6,25.853814685321563
R1,N2Vp0_25q1,D2,4,2.32,0.76,25.807995770965004
R1,N2Vp0_25q1,D2,5,2.12,0.68,26.439368298115387
R1,N2Vp0_25q1,D2,6,2.76,0.68,26.474736937082557
R1,N2Vp0_25q1,D2,7,2.12,0.76,26.44629766000418
R1,N2Vp0_25q1,D2,8,3.6,0.52,25.029159624662437
R1,N2Vp0_25q1,D2,9,2.6,0.64,26.17181432964535
R1,N2Vp0_25q1,D4,1,2.24,0.68,25.66651646476391
R1,N2Vp0_25q1,D4,10,2.12,0.8,26.332661888738954
R1,N2Vp0_25q1,D4,2,2.36,0.76,25.650275825915074
R1,N2Vp0_25q1,D4,3,1.92,0.84,26.98494453669296
R1,N2Vp0_25q1,D4,4,2.84,0.68,25.684663512385914
R1,N2Vp0_25q1,D4,5,1.48,0.88,27.203822905080834
R1,N2Vp0_25q1,D4,6,3.28,0.56,24.781846288198878
R1,N2Vp0_25q1,D4,7,3.28,0.6,24.26453897540318
R1,N2Vp0_25q1,D4,8,3.24,0.72,25.178908783764136
R1,N2Vp0_25q1,D4,9,1.68,0.92,27.42979284166958
R1,N2Vp0_25q1,D8,1,1.64,0.8,27.317705528927764
R1,N2Vp0_25q1,D8,10,1.6,0.88,26.258283302587948
R1,N2Vp0_25q1,D8,2,2.24,0.72,26.629620550757803
R1,N2Vp0_25q1,D8,3,2.0,0.76,27.076531379474947
R1,N2Vp0_25q1,D8,4,3.0,0.72,25.418010115697992
R1,N2Vp0_25q1,D8,5,2.48,0.84,25.929729404330295
R1,N2Vp0_25q1,D8,6,2.64,0.84,25.862187688387326
R1,N2Vp0_25q1,D8,7,2.8,0.76,25.060709446004463
R1,N2Vp0_25q1,D8,8,2.88,0.76,25.386428370050922
R1,N2Vp0_25q1,D8,9,3.16,0.56,25.14885331079548
R1,N2Vp0_25q2,D16,1,6.0,0.36,20.925225380471062
R1,N2Vp0_25q2,D16,10,7.0,0.24,19.882635795237594
R1,N2Vp0_25q2,D16,2,8.12,0.24,18.973287689402135
R1,N2Vp0_25q2,D16,3,6.04,0.36,20.605587949046686
R1,N2Vp0_25q2,D16,4,5.24,0.28,21.81167453573407
R1,N2Vp0_25q2,D16,5,4.96,0.52,22.697727968015702
R1,N2Vp0_25q2,D16,6,7.76,0.28,19.05310848378775
R1,N2Vp0_25q2,D16,7,7.04,0.16,19.74787121983105
R1,N2Vp0_25q2,D16,8,5.6,0.44,20.769148682572276
R1,N2Vp0_25q2,D16,9,6.0,0.32,21.242685956126934
R1,N2Vp0_25q2,D2,1,4.2,0.56,23.987394453271463
R1,N2Vp0_25q2,D2,10,3.72,0.64,24.90938927538959
R1,N2Vp0_25q2,D2,2,3.04,0.6,24.899508698711717
R1,N2Vp0_25q2,D2,3,3.64,0.52,24.893336978172282
R1,N2Vp0_25q2,D2,4,4.04,0.72,24.163194671099795
R1,N2Vp0_25q2,D2,5,4.64,0.56,22.690406966713795
R1,N2Vp0_25q2,D2,6,3.68,0.6,24.74169420461781
R1,N2Vp0_25q2,D2,7,2.44,0.72,26.457425407298732
R1,N2Vp0_25q2,D2,8,3.56,0.68,24.496635093093545
R1,N2Vp0_25q2,D2,9,3.4,0.56,24.96791362241838
R1,N2Vp0_25q2,D4,1,2.96,0.6,24.776452505968955
R1,N2Vp0_25q2,D4,10,3.76,0.6,24.784988874591626
R1,N2Vp0_25q2,D4,2,3.32,0.64,25.55393836392349
R1,N2Vp0_25q2,D4,3,2.76,0.8,25.630690439905976
R1,N2Vp0_25q2,D4,4,4.2,0.6,23.721382323499892
R1,N2Vp0_25q2,D4,5,4.36,0.68,22.80561841508403
R1,N2Vp0_25q2,D4,6,4.04,0.56,23.911772201197465
R1,N2Vp0_25q2,D4,7,3.88,0.56,23.76985723904997
R1,N2Vp0_25q2,D4,8,3.24,0.6,25.300813903916374
R1,N2Vp0_25q2,D4,9,5.24,0.48,22.25667619393691
R1,N2Vp0_25q2,D8,1,4.6,0.6,23.061699520460852
R1,N2Vp0_25q2,D8,10,3.68,0.72,23.6320399421749
R1,N2Vp0_25q2,D8,2,2.2,0.76,25.41330507101913
R1,N2Vp0_25q2,D8,3,4.56,0.64,23.156547391578183
R1,N2Vp0_25q2,D8,4,3.52,0.6,24.404005326868347
R1,N2Vp0_25q2,D8,5,3.96,0.64,23.498938138714937
R1,N2Vp0_25q2,D8,6,3.88,0.52,24.718700967930676
R1,N2Vp0_25q2,D8,7,3.44,0.68,24.79475827340041
R1,N2Vp0_25q2,D8,8,2.84,0.68,25.29481934154543
R1,N2Vp0_25q2,D8,9,3.36,0.68,24.910485728064952
R1,N2Vp0_5q0_25,D16,1,2.8,0.6,26.56095809542292
R1,N2Vp0_5q0_25,D16,10,2.32,0.6,26.624505805879657
R1,N2Vp0_5q0_25,D16,2,2.84,0.6,26.247647339757304
R1,N2Vp0_5q0_25,D16,3,2.2,0.56,26.60176176130709
R1,N2Vp0_5q0_25,D16,4,2.28,0.64,26.70902197542935
R1,N2Vp0_5q0_25,D16,5,2.16,0.72,26.394666723012786
R1,N2Vp0_5q0_25,D16,6,2.56,0.52,25.640949877891412
R1,N2Vp0_5q0_25,D16,7,2.52,0.52,26.33259209485956
R1,N2Vp0_5q0_25,D16,8,2.2,0.6,27.06426150461997
R1,N2Vp0_5q0_25,D16,9,2.6,0.56,26.22389700861996
R1,N2Vp0_5q0_25,D2,1,2.08,0.68,26.569211845411033
R1,N2Vp0_5q0_25,D2,10,2.4,0.64,26.223157076277385
R1,N2Vp0_5q0_25,D2,2,2.72,0.68,25.64895378679638
R1,N2Vp0_5q0_25,D2,3,3.28,0.6,25.298362267810543
R1,N2Vp0_5q0_25,D2,4,1.8,0.76,26.75608993050952
R1,N2Vp0_5q0_25,D2,5,2.32,0.6,26.779171861716563
R1,N2Vp0_5q0_25,D2,6,2.6,0.76,26.34932311754054
R1,N2Vp0_5q0_25,D2,7,2.84,0.48,25.041099035732586
R1,N2Vp0_5q0_25,D2,8,2.52,0.56,26.54548717089072
R1,N2Vp0_5q0_25,D2,9,2.64,0.44,25.946544744235176
R1,N2Vp0_5q0_25,D4,1,2.08,0.68,26.5449825975277
R1,N2Vp0_5q0_25,D4,10,2.24,0.6,26.113831159029615
R1,N2Vp0_5q0_25,D4,2,2.96,0.6,25.63230155815606
R1,N2Vp0_5q0_25,D4,3,2.16,0.64,26.37011337440716
R1,N2Vp0_5q0_25,D4,4,2.72,0.48,25.643726881917424
R1,N2Vp0_5q0_25,D4,5,3.12,0.48,24.752573663238554
R1,N2Vp0_5q0_25,D4,6,2.56,0.64,25.996266671365543
R1,N2Vp0_5q0_25,D4,7,2.48,0.56,25.864718064121135
R1,N2Vp0_5q0_25,D4,8,2.64,0.56,26.22899131915785
R1,N2Vp0_5q0_25,D4,9,2.52,0.64,26.166465317731785
R1,N2Vp0_5q0_25,D8,1,2.36,0.6,26.36420601719556
R1,N2Vp0_5q0_25,D8,10,3.08,0.64,25.045165471765294
R1,N2Vp0_5q0_25,D8,2,2.76,0.64,25.88706798777062
R1,N2Vp0_5q0_25,D8,3,1.8,0.76,26.887238508948357
R1,N2Vp0_5q0_25,D8,4,2.44,0.64,26.461783830511486
R1,N2Vp0_5q0_25,D8,5,2.68,0.6,26.360458757367994
R1,N2Vp0_5q0_25,D8,6,1.96,0.84,26.92678267467048
R1,N2Vp0_5q0_25,D8,7,2.8,0.32,25.27026806680379
R1,N2Vp0_5q0_25,D8,8,2.0,0.72,27.29254500443246
R1,N2Vp0_5q0_25,D8,9,2.16,0.6,26.15619664269629
R1,N2Vp0_5q0_5,D16,1,2.52,0.56,25.96143654560488
R1,N2Vp0_5q0_5,D16,10,1.88,0.76,26.506827223555092
R1,N2Vp0_5q0_5,D16,2,2.16,0.64,26.628667115689165
R1,N2Vp0_5q0_5,D16,3,2.32,0.52,26.917719967217646
R1,N2Vp0_5q0_5,D16,4,2.44,0.6,25.58577711540456
R1,N2Vp0_5q0_5,D16,5,2.72,0.56,26.83866475106834
R1,N2Vp0_5q0_5,D16,6,2.16,0.72,26.75986877823022
R1,N2Vp0_5q0_5,D16,7,2.48,0.56,26.41607948838022
R1,N2Vp0_5q0_5,D16,8,2.16,0.72,26.725410378342687
R1,N2Vp0_5q0_5,D16,9,2.52,0.64,25.56584234949396
R1,N2Vp0_5q0_5,D2,1,2.44,0.48,25.988081024633665
R1,N2Vp0_5q0_5,D2,10,2.84,0.6,26.25619827860385
R1,N2Vp0_5q0_5,D2,2,3.24,0.64,25.00207446486656
R1,N2Vp0_5q0_5,D2,3,2.8,0.48,25.557725463223527
R1,N2Vp0_5q0_5,D2,4,1.96,0.76,26.68492194108097
R1,N2Vp0_5q0_5,D2,5,2.04,0.76,26.90788546486463
R1,N2Vp0_5q0_5,D2,6,3.08,0.56,24.9266571159748
R1,N2Vp0_5q0_5,D2,7,2.6,0.72,25.831273042386407
R1,N2Vp0_5q0_5,D2,8,3.24,0.52,25.338259061543294
R1,N2Vp0_5q0_5,D2,9,2.88,0.64,25.34848204804289
R1,N2Vp0_5q0_5,D4,1,2.72,0.6,24.947078836878465
R1,N2Vp0_5q0_5,D4,10,2.08,0.64,27.220259327949282
R1,N2Vp0_5q0_5,D4,2,2.16,0.76,26.118532208577513
R1,N2Vp0_5q0_5,D4,3,3.0,0.6,25.035962310910044
R1,N2Vp0_5q0_5,D4,4,2.72,0.56,25.917447880079653
R1,N2Vp0_5q0_5,D4,5,3.08,0.64,24.801811285921712
R1,N2Vp0_5q0_5,D4,6,2.0,0.72,26.78274936980857
R1,N2Vp0_5q0_5,D4,7,2.16,0.64,27.078612993316806
R1,N2Vp0_5q0_5,D4,8,1.64,0.88,26.98332331278519
R1,N2Vp0_5q0_5,D4,9,2.0,0.68,26.051772918610776
R1,N2Vp0_5q0_5,D8,1,2.2,0.64,26.35251153104151
R1,N2Vp0_5q0_5,D8,10,2.96,0.72,25.629078147020994
R1,N2Vp0_5q0_5,D8,2,2.2,0.56,27.206277614636566
R1,N2Vp0_5q0_5,D8,3,2.52,0.72,25.941923247487274
R1,N2Vp0_5q0_5,D8,4,2.28,0.72,26.033221419838075
R1,N2Vp0_5q0_5,D8,5,3.12,0.68,24.830785288554054
R1,N2Vp0_5q0_5,D8,6,2.76,0.48,25.959359568200696
R1,N2Vp0_5q0_5,D8,7,1.92,0.88,26.362765264979643
R1,N2Vp0_5q0_5,D8,8,2.96,0.6,25.340123417985097
R1,N2Vp0_5q0_5,D8,9,1.96,0.76,27.18406504847318
R1,N2Vp0_5q1,D16,1,3.68,0.36,23.856628715392173
R1,N2Vp0_5q1,D16,10,4.2,0.44,24.63108180815091
R1,N2Vp0_5q1,D16,2,2.88,0.6,24.743713853918997
R1,N2Vp0_5q1,D16,3,2.44,0.72,25.646642499803644
R1,N2Vp0_5q1,D16,4,2.2,0.56,26.057187967864596
R1,N2Vp0_5q1,D16,5,3.28,0.52,24.228706918483727
R1,N2Vp0_5q1,D16,6,2.48,0.6,25.55328874223956
R1,N2Vp0_5q1,D16,7,2.52,0.68,25.858713675094524
R1,N2Vp0_5q1,D16,8,3.6,0.48,24.099509619170487
R1,N2Vp0_5q1,D16,9,2.84,0.56,25.373993973041376
R1,N2Vp0_5q1,D2,1,2.08,0.68,26.16639469601155
R1,N2Vp0_5q1,D2,10,2.88,0.68,25.559621718628595
R1,N2Vp0_5q1,D2,2,2.12,0.64,26.51539036383107
R1,N2Vp0_5q1,D2,3,2.36,0.84,26.104445440106765
R1,N2Vp0_5q1,D2,4,2.24,0.8,26.381678897232213
R1,N2Vp0_5q1,D2,5,2.36,0.6,26.362849454010252
R1,N2Vp0_5q1,D2,6,2.88,0.64,24.935922048565534
R1,N2Vp0_5q1,D2,7,2.08,0.72,25.825624774804538
R1,N2Vp0_5q1,D2,8,3.24,0.68,25.683185127011303
R1,N2Vp0_5q1,D2,9,2.4,0.72,25.685489297632785
R1,N2Vp0_5q1,D4,1,2.48,0.76,25.784978540699843
R1,N2Vp0_5q1,D4,10,2.12,0.68,25.890211061731872
R1,N2Vp0_5q1,D4,2,3.0,0.76,25.537372229404035
R1,N2Vp0_5q1,D4,3,2.8,0.76,25.798611236618267
R1,N2Vp0_5q1,D4,4,2.16,0.64,26.526675467790486
R1,N2Vp0_5q1,D4,5,2.2,0.72,26.41487501868638
R1,N2Vp0_5q1,D4,6,2.08,0.8,26.87854988609974
R1,N2Vp0_5q1,D4,7,3.28,0.56,25.394653086304317
R1,N2Vp0_5q1,D4,8,1.96,0.76,26.51606439307934
R1,N2Vp0_5q1,D4,9,2.24,0.84,25.822609012421367
R1,N2Vp0_5q1,D8,1,2.32,0.64,27.159301907994173
R1,N2Vp0_5q1,D8,10,2.04,0.76,26.611807386420217
R1,N2Vp0_5q1,D8,2,2.08,0.88,26.787054947036257
R1,N2Vp0_5q1,D8,3,2.4,0.72,26.187067565435132
R1,N2Vp0_5q1,D8,4,2.88,0.52,25.840535634367228
R1,N2Vp0_5q1,D8,5,3.0,0.48,25.000865012611694
R1,N2Vp0_5q1,D8,6,1.96,0.8,26.71005837920616
R1,N2Vp0_5q1,D8,7,1.64,0.92,26.504698595381292
R1,N2Vp0_5q1,D8,8,2.48,0.56,26.522605293192317
R1,N2Vp0_5q1,D8,9,2.4,0.6,26.96473149501161
R1,N2Vp0_5q2,D16,1,6.88,0.24,19.866106800928087
R1,N2Vp0_5q2,D16,10,5.36,0.44,22.10283984284295
R1,N2Vp0_5q2,D16,2,4.92,0.44,22.903865468042163
R1,N2Vp0_5q2,D16,3,5.84,0.28,21.712570890895687
R1,N2Vp0_5q2,D16,4,7.36,0.4,19.711479548393
R1,N2Vp0_5q2,D16,5,5.68,0.32,21.911493319057172
R1,N2Vp0_5q2,D16,6,6.72,0.28,21.17289703218172
R1,N2Vp0_5q2,D16,7,7.44,0.32,19.587061321242693
R1,N2Vp0_5q2,D16,8,6.36,0.28,20.45504010210009
R1,N2Vp0_5q2,D16,9,5.68,0.4,21.27557086712471
R1,N2Vp0_5q2,D2,1,3.16,0.68,25.1212440850343
R1,N2Vp0_5q2,D2,10,3.72,0.52,24.106283785381866
R1,N2Vp0_5q2,D2,2,4.28,0.52,24.13878253298594
R1,N2Vp0_5q2,D2,3,4.84,0.6,23.265717039742018
R1,N2Vp0_5q2,D2,4,2.76,0.68,25.038649462813268
R1,N2Vp0_5q2,D2,5,5.0,0.6,22.96388584725698
R1,N2Vp0_5q2,D2,6,3.72,0.68,23.328080934298914
R1,N2Vp0_5q2,D2,7,4.96,0.4,22.691947468003058
R1,N2Vp0_5q2,D2,8,3.84,0.52,23.772277714106004
R1,N2Vp0_5q2,D2,9,3.88,0.52,24.785446269259406
R1,N2Vp0_5q2,D4,1,4.04,0.68,23.58994042457578
R1,N2Vp0_5q2,D4,10,4.12,0.56,23.461438497422677
R1,N2Vp0_5q2,D4,2,3.52,0.64,23.831873077970823
R1,N2Vp0_5q2,D4,3,4.68,0.4,22.981402948930217
R1,N2Vp0_5q2,D4,4,5.88,0.4,21.271447575056733
R1,N2Vp0_5q2,D4,5,3.76,0.56,24.20291792779311
R1,N2Vp0_5q2,D4,6,4.4,0.68,24.001186184903677
R1,N2Vp0_5q2,D4,7,3.76,0.64,24.170709457437216
R1,N2Vp0_5q2,D4,8,4.4,0.4,23.00090597522701
R1,N2Vp0_5q2,D4,9,3.24,0.64,25.329154845492557
R1,N2Vp0_5q2,D8,1,5.12,0.48,22.56357583800088
R1,N2Vp0_5q2,D8,10,3.08,0.68,24.505323139261336
R1,N2Vp0_5q2,D8,2,5.56,0.4,21.882031286901285
R1,N2Vp0_5q2,D8,3,4.28,0.52,23.643589014686366
R1,N2Vp0_5q2,D8,4,4.64,0.52,22.685853967800636
R1,N2Vp0_5q2,D8,5,4.64,0.6,23.71603833604088
R1,N2Vp0_5q2,D8,6,2.68,0.64,25.91665409058486
R1,N2Vp0_5q2,D8,7,6.04,0.48,21.48030398990054
R1,N2Vp0_5q2,D8,8,3.08,0.64,24.04580074265784
R1,N2Vp0_5q2,D8,9,4.04,0.52,24.342024498635542
R1,N2Vp1q0_25,D16,1,2.36,0.64,26.799641769424387
R1,N2Vp1q0_25,D16,10,2.44,0.56,26.610579051199657
R1,N2Vp1q0_25,D16,2,2.44,0.52,26.361732336445485
R1,N2Vp1q0_25,D16,3,2.44,0.56,26.652125834397513
R1,N2Vp1q0_25,D16,4,2.4,0.56,27.118211582121944
R1,N2Vp1q0_25,D16,5,2.44,0.52,26.36752065989039
R1,N2Vp1q0_25,D16,6,2.56,0.52,26.28220951886391
R1,N2Vp1q0_25,D16,7,2.28,0.56,26.321015431896626
R1,N2Vp1q0_25,D16,8,2.24,0.64,26.56119972560448
R1,N2Vp1q0_25,D16,9,2.44,0.48,26.94382982149667
R1,N2Vp1q0_25,D2,1,2.72,0.68,25.52583505293702
R1,N2Vp1q0_25,D2,10,1.84,0.76,27.425478278632585
R1,N2Vp1q0_25,D2,2,2.48,0.56,26.656356998690402
R1,N2Vp1q0_25,D2,3,2.52,0.48,26.094947562253264
R1,N2Vp1q0_25,D2,4,3.76,0.56,23.979155393047282
R1,N2Vp1q0_25,D2,5,2.16,0.64,25.68473890366602
R1,N2Vp1q0_25,D2,6,3.32,0.64,25.294092291938924
R1,N2Vp1q0_25,D2,7,2.64,0.52,25.488801816820565
R1,N2Vp1q0_25,D2,8,3.04,0.6,25.33819034790896
R1,N2Vp1q0_25,D2,9,2.04,0.72,26.893275175245407
R1,N2Vp1q0_25,D4,1,2.2,0.64,26.96022585175576
R1,N2Vp1q0_25,D4,10,2.92,0.48,25.839856295919848
R1,N2Vp1q0_25,D4,2,2.4,0.52,26.329473865152668
R1,N2Vp1q0_25,D4,3,2.2,0.64,26.648893573959512
R1,N2Vp1q0_25,D4,4,2.56,0.48,26.50235219947579
R1,N2Vp1q0_25,D4,5,2.8,0.6,25.750331223146645
R1,N2Vp1q0_25,D4,6,2.44,0.52,26.225604298258983
R1,N2Vp1q0_25,D4,7,2.12,0.72,26.20545692640047
R1,N2Vp1q0_25,D4,8,2.28,0.56,26.193397722838714
R1,N2Vp1q0_25,D4,9,2.08,0.76,26.999588420209854
R1,N2Vp1q0_25,D8,1,2.32,0.68,26.544883177950066
R1,N2Vp1q0_25,D8,10,2.64,0.48,26.050989336681226
R1,N2Vp1q0_25,D8,2,2.0,0.8,27.151930336709928
R1,N2Vp1q0_25,D8,3,2.32,0.72,25.987245169697385
R1,N2Vp1q0_25,D8,4,1.96,0.72,26.720746256808184
R1,N2Vp1q0_25,D8,5,1.96,0.68,26.910048669395316
R1,N2Vp1q0_25,D8,6,2.52,0.6,26.279007575280513
R1,N2Vp1q0_25,D8,7,2.64,0.68,26.49846271629958
R1,N2Vp1q0_25,D8,8,2.4,0.56,26.175620050972984
R1,N2Vp1q0_25,D8,9,2.28,0.56,26.315967423384517
R1,N2Vp1q0_5,D16,1,3.08,0.56,25.116571497122035
R1,N2Vp1q0_5,D16,10,2.2,0.68,26.34538924191065
R1,N2Vp1q0_5,D16,2,2.64,0.64,24.91850193213029
R1,N2Vp1q0_5,D16,3,2.28,0.52,26.456879487474183
R1,N2Vp1q0_5,D16,4,3.0,0.6,25.288003446141484
R1,N2Vp1q0_5,D16,5,1.96,0.8,27.187612191843314
R1,N2Vp1q0_5,D16,6,2.52,0.64,25.940414892922732
R1,N2Vp1q0_5,D16,7,2.36,0.72,27.010500913502433
R1,N2Vp1q0_5,D16,8,2.36,0.76,26.736817339701258
R1,N2Vp1q0_5,D16,9,2.36,0.68,26.301794584940122
R1,N2Vp1q0_5,D2,1,1.88,0.8,26.707182609379878
R1,N2Vp1q0_5,D2,10,2.16,0.84,26.448154739372526
R1,N2Vp1q0_5,D2,2,1.72,0.84,27.125245836467602
R1,N2Vp1q0_5,D2,3,2.2,0.68,26.804969352236522
R1,N2Vp1q0_5,D2,4,1.96,0.76,26.227153482314677
R1,N2Vp1q0_5,D2,5,2.04,0.76,26.816830296302058
R1,N2Vp1q0_5,D2,6,2.24,0.64,25.92926543707762
R1,N2Vp1q0_5,D2,7,2.76,0.56,25.6296418864503
R1,N2Vp1q0_5,D2,8,2.8,0.72,25.56878575428786
R1,N2Vp1q0_5,D2,9,2.16,0.8,26.145079411820294
R1,N2Vp1q0_5,D4,1,2.32,0.8,26.751687337564434
R1,N2Vp1q0_5,D4,10,2.24,0.56,25.978906858367587
R1,N2Vp1q0_5,D4,2,2.56,0.72,25.47248461877418
R1,N2Vp1q0_5,D4,3,3.04,0.64,25.30614264055154
R1,N2Vp1q0_5,D4,4,2.36,0.68,26.204902539996514
R1,N2Vp1q0_5,D4,5,2.36,0.52,26.32261082196826
R1,N2Vp1q0_5,D4,6,2.28,0.6,25.792387047630324
R1,N2Vp1q0_5,D4,7,1.92,0.68,27.090113874764057
R1,N2Vp1q0_5,D4,8,2.24,0.68,26.49853401625293
R1,N2Vp1q0_5,D4,9,1.76,0.84,26.797172234036097
R1,N2Vp1q0_5,D8,1,2.36,0.6,26.498822501695372
R1,N2Vp1q0_5,D8,10,2.28,0.56,25.78704499493278
R1,N2Vp1q0_5,D8,2,2.12,0.64,27.22456455659612
R1,N2Vp1q0_5,D8,3,2.16,0.72,26.50811633335201
R1,N2Vp1q0_5,D8,4,2.28,0.72,26.47623881234949
R1,N2Vp1q0_5,D8,5,2.64,0.68,26.085435545113764
R1,N2Vp1q0_5,D8,6,1.88,0.76,26.57703195198969
R1,N2Vp1q0_5,D8,7,2.0,0.76,27.0926274797927
R1,N2Vp1q0_5,D8,8,2.12,0.64,26.866262818672173
R1,N2Vp1q0_5,D8,9,2.12,0.64,27.073620238408303
R1,N2Vp1q1,D16,1,3.16,0.4,24.594501264464302
R1,N2Vp1q1,D16,10,3.44,0.6,24.433088135301794
R1,N2Vp1q1,D16,2,5.04,0.48,23.024746138358005
R1,N2Vp1q1,D16,3,4.4,0.44,23.76771170563981
R1,N2Vp1q1,D16,4,2.92,0.64,25.249892424133655
R1,N2Vp1q1,D16,5,3.52,0.48,24.106592501407267
R1,N2Vp1q1,D16,6,3.04,0.52,25.261812584787894
R1,N2Vp1q1,D16,7,5.08,0.36,22.263800848169016
R1,N2Vp1q1,D16,8,3.4,0.56,24.21273907388641
R1,N2Vp1q1,D16,9,3.44,0.48,24.286215114989172
R1,N2Vp1q1,D2,1,2.96,0.56,25.588444651616943
R1,N2Vp1q1,D2,10,3.52,0.6,24.12998347887546
R1,N2Vp1q1,D2,2,1.96,0.76,27.538885257517567
R1,N2Vp1q1,D2,3,3.0,0.64,25.18830836157594
R1,N2Vp1q1,D2,4,3.08,0.64,25.247755185709256
R1,N2Vp1q1,D2,5,2.36,0.64,26.100756484367377
R1,N2Vp1q1,D2,6,2.76,0.56,25.727231524569127
R1,N2Vp1q1,D2,7,2.68,0.76,25.36075915095182
R1,N2Vp1q1,D2,8,3.16,0.6,25.42775881462911
R1,N2Vp1q1,D2,9,2.44,0.8,25.92512899241494
R1,N2Vp1q1,D4,1,2.72,0.72,25.46688569035664
R1,N2Vp1q1,D4,10,3.4,0.52,24.504733401743955
R1,N2Vp1q1,D4,2,2.68,0.72,26.23759862711071
R1,N2Vp1q1,D4,3,1.84,0.8,26.655319808706675
R1,N2Vp1q1,D4,4,2.52,0.8,26.426549836502982
R1,N2Vp1q1,D4,5,1.8,0.8,26.618856466155744
R1,N2Vp1q1,D4,6,2.76,0.8,26.18604154297649
R1,N2Vp1q1,D4,7,2.4,0.88,26.397738505748045
R1,N2Vp1q1,D4,8,1.92,0.76,26.366656961258073
R1,N2Vp1q1,D4,9,2.56,0.64,25.703774151928165
R1,N2Vp1q1,D8,1,2.84,0.64,25.27779795992157
R1,N2Vp1q1,D8,10,2.64,0.6,25.146107510058915
R1,N2Vp1q1,D8,2,1.8,0.84,26.769398023018017
R1,N2Vp1q1,D8,3,2.0,0.76,26.39573257825957
R1,N2Vp1q1,D8,4,2.0,0.84,26.263022869065612
R1,N2Vp1q1,D8,5,3.2,0.6,24.720468343077282
R1,N2Vp1q1,D8,6,3.8,0.64,24.328101296813728
R1,N2Vp1q1,D8,7,2.68,0.68,26.037379196608672
R1,N2Vp1q1,D8,8,2.08,0.76,26.600173470845476
R1,N2Vp1q1,D8,9,2.88,0.64,25.651175433001455
R1,N2Vp1q2,D16,1,5.56,0.32,22.018898970033398
R1,N2Vp1q2,D16,10,9.2,0.2,17.34281823731253
R1,N2Vp1q2,D16,2,4.84,0.36,23.11163078956846
R1,N2Vp1q2,D16,3,7.12,0.24,20.42844199527466
R1,N2Vp1q2,D16,4,6.72,0.36,20.69212582891873
R1,N2Vp1q2,D16,5,5.8,0.32,21.868589165696736
R1,N2Vp1q2,D16,6,5.76,0.16,22.186489575193423
R1,N2Vp1q2,D16,7,7.08,0.24,19.967845210990426
R1,N2Vp1q2,D16,8,5.6,0.32,21.975602436913046
R1,N2Vp1q2,D16,9,4.76,0.36,23.34621194439684
R1,N2Vp1q2,D2,1,3.84,0.56,23.457800737883858
R1,N2Vp1q2,D2,10,4.52,0.64,22.91388590698988
R1,N2Vp1q2,D2,2,4.32,0.68,23.21548258221627
R1,N2Vp1q2,D2,3,4.04,0.72,23.655989726105087
R1,N2Vp1q2,D2,4,3.52,0.72,25.11496514241504
R1,N2Vp1q2,D2,5,3.76,0.64,23.532858326006238
R1,N2Vp1q2,D2,6,4.04,0.6,23.032994099222957
R1,N2Vp1q2,D2,7,4.4,0.56,23.695622716605943
R1,N2Vp1q2,D2,8,3.52,0.64,24.08881476232079
R1,N2Vp1q2,D2,9,3.8,0.68,24.16104282784453
R1,N2Vp1q2,D4,1,4.68,0.68,22.419630885801656
R1,N2Vp1q2,D4,10,3.76,0.56,23.70128038132074
R1,N2Vp1q2,D4,2,4.08,0.6,23.900132265447127
R1,N2Vp1q2,D4,3,3.36,0.76,24.798967947498873
R1,N2Vp1q2,D4,4,4.36,0.6,23.791974642973592
R1,N2Vp1q2,D4,5,4.76,0.52,22.933554863708217
R1,N2Vp1q2,D4,6,3.76,0.6,23.48427103534916
R1,N2Vp1q2,D4,7,4.24,0.6,23.881729434425452
R1,N2Vp1q2,D4,8,3.12,0.64,25.19967322190218
R1,N2Vp1q2,D4,9,5.0,0.52,22.610752998726067
R1,N2Vp1q2,D8,1,2.72,0.8,25.299417993037988
R1,N2Vp1q2,D8,10,4.52,0.6,23.445474534547184
R1,N2Vp1q2,D8,2,3.2,0.6,25.147365353288425
R1,N2Vp1q2,D8,3,3.96,0.48,23.5483271061649
R1,N2Vp1q2,D8,4,3.08,0.68,24.990891750015653
R1,N2Vp1q2,D8,5,4.28,0.44,22.828106114283152
R1,N2Vp1q2,D8,6,2.44,0.8,25.768948270958628
R1,N2Vp1q2,D8,7,3.36,0.64,24.374464623340497
R1,N2Vp1q2,D8,8,5.24,0.4,21.8942754134138
R1,N2Vp1q2,D8,9,3.36,0.64,25.01416094761855
R1,N2Vp2q0_25,D16,1,2.32,0.6,27.089970826495005
R1,N2Vp2q0_25,D16,10,2.8,0.48,26.793339408754864
R1,N2Vp2q0_25,D16,2,2.68,0.6,25.87033758334545
R1,N2Vp2q0_25,D16,3,2.28,0.56,26.288293992681897
R1,N2Vp2q0_25,D16,4,2.12,0.72,26.499248063401133
R1,N2Vp2q0_25,D16,5,2.0,0.76,27.185587778785315
R1,N2Vp2q0_25,D16,6,2.08,0.68,27.17397118280928
R1,N2Vp2q0_25,D16,7,3.24,0.44,25.37835466198392
R1,N2Vp2q0_25,D16,8,2.48,0.68,27.69921674485878
R1,N2Vp2q0_25,D16,9,2.72,0.44,26.03656585208988
R1,N2Vp2q0_25,D2,1,2.48,0.52,26.65488096418476
R1,N2Vp2q0_25,D2,10,2.12,0.64,27.009287445447484
R1,N2Vp2q0_25,D2,2,2.88,0.6,25.10938027630453
R1,N2Vp2q0_25,D2,3,2.96,0.44,25.957670477895398
R1,N2Vp2q0_25,D2,4,2.2,0.64,26.332504833921774
R1,N2Vp2q0_25,D2,5,2.28,0.56,26.50520639277124
R1,N2Vp2q0_25,D2,6,2.36,0.56,25.637979295505062
R1,N2Vp2q0_25,D2,7,2.8,0.68,25.978080686246507
R1,N2Vp2q0_25,D2,8,3.0,0.64,25.37979664372748
R1,N2Vp2q0_25,D2,9,1.96,0.72,26.16018328745255
R1,N2Vp2q0_25,D4,1,2.28,0.6,26.100929953760684
R1,N2Vp2q0_25,D4,10,3.32,0.56,24.71730512088474
R1,N2Vp2q0_25,D4,2,2.28,0.52,26.319353365976312
R1,N2Vp2q0_25,D4,3,1.72,0.88,26.915298734118192
R1,N2Vp2q0_25,D4,4,3.2,0.56,24.81005144201575
R1,N2Vp2q0_25,D4,5,2.12,0.56,26.761575157080355
R1,N2Vp2q0_25,D4,6,2.48,0.52,25.447552829764028
R1,N2Vp2q0_25,D4,7,2.52,0.6,26.71916750231912
R1,N2Vp2q0_25,D4,8,4.6,0.72,23.438211809877686
R1,N2Vp2q0_25,D4,9,3.12,0.56,25.35938545190722
R1,N2Vp2q0_25,D8,1,2.68,0.64,26.706295591479705
R1,N2Vp2q0_25,D8,10,2.96,0.52,25.880008825218592
R1,N2Vp2q0_25,D8,2,2.88,0.56,26.28778539550704
R1,N2Vp2q0_25,D8,3,3.32,0.48,24.94431628702248
R1,N2Vp2q0_25,D8,4,2.08,0.68,26.70221897992923
R1,N2Vp2q0_25,D8,5,3.16,0.52,25.525930069576805
R1,N2Vp2q0_25,D8,6,2.32,0.68,26.49996350306932
R1,N2Vp2q0_25,D8,7,2.0,0.64,26.731772588549116
R1,N2Vp2q0_25,D8,8,1.92,0.72,26.395090442868028
R1,N2Vp2q0_25,D8,9,2.72,0.64,25.884969232254537
R1,N2Vp2q0_5,D16,1,2.36,0.52,26.30276724779487
R1,N2Vp2q0_5,D16,10,2.08,0.68,25.93238120415667
R1,N2Vp2q0_5,D16,2,1.96,0.8,26.40680321668578
R1,N2Vp2q0_5,D16,3,2.8,0.64,25.753006696522167
R1,N2Vp2q0_5,D16,4,2.52,0.52,26.798251839585706
R1,N2Vp2q0_5,D16,5,2.2,0.64,26.680820699725015
R1,N2Vp2q0_5,D16,6,2.24,0.68,26.047033585874292
R1,N2Vp2q0_5,D16,7,2.36,0.6,26.206072143028205
R1,N2Vp2q0_5,D16,8,2.36,0.6,26.786978270521455
R1,N2Vp2q0_5,D16,9,2.52,0.72,25.925635129058104
R1,N2Vp2q0_5,D2,1,2.56,0.64,25.910682304819897
R1,N2Vp2q0_5,D2,10,2.24,0.72,25.833307148453564
R1,N2Vp2q0_5,D2,2,2.52,0.48,25.23996101837229
R1,N2Vp2q0_5,D2,3,2.72,0.64,24.915705902104882
R1,N2Vp2q0_5,D2,4,2.6,0.72,25.61033983703172
R1,N2Vp2q0_5,D2,5,3.44,0.68,25.034969870207465
R1,N2Vp2q0_5,D2,6,1.96,0.72,26.53947489957441
R1,N2Vp2q0_5,D2,7,2.44,0.56,25.982172240519454
R1,N2Vp2q0_5,D2,8,2.04,0.64,26.379361926486595
R1,N2Vp2q0_5,D2,9,1.8,0.84,27.251746871735836
R1,N2Vp2q0_5,D4,1,2.4,0.64,25.434929520816986
R1,N2Vp2q0_5,D4,10,3.32,0.68,25.010604035609628
R1,N2Vp2q0_5,D4,2,2.0,0.76,26.1924536054387
R1,N2Vp2q0_5,D4,3,2.0,0.76,26.344517584457968
R1,N2Vp2q0_5,D4,4,3.68,0.36,24.135723905724852
R1,N2Vp2q0_5,D4,5,1.8,0.88,27.238700336915528
R1,N2Vp2q0_5,D4,6,2.08,0.6,26.24330437471197
R1,N2Vp2q0_5,D4,7,2.2,0.76,26.48018874651958
R1,N2Vp2q0_5,D4,8,2.36,0.64,26.15185074531226
R1,N2Vp2q0_5,D4,9,2.08,0.76,26.38942525670617
R1,N2Vp2q0_5,D8,1,2.4,0.64,26.56177856745851
R1,N2Vp2q0_5,D8,10,2.96,0.6,25.389953284432274
R1,N2Vp2q0_5,D8,2,3.16,0.72,26.17590026281217
R1,N2Vp2q0_5,D8,3,2.76,0.72,26.100719426094688
R1,N2Vp2q0_5,D8,4,2.6,0.68,25.61546516202295
R1,N2Vp2q0_5,D8,5,2.16,0.56,26.093531319754433
R1,N2Vp2q0_5,D8,6,2.04,0.68,26.466696093204565
R1,N2Vp2q0_5,D8,7,2.28,0.48,26.259374580795097
R1,N2Vp2q0_5,D8,8,1.88,0.84,26.645874306159204
R1,N2Vp2q0_5,D8,9,2.56,0.48,26.259202311068293
R1,N2Vp2q1,D16,1,4.04,0.48,23.437585424683125
R1,N2Vp2q1,D16,10,3.8,0.52,24.00495434707193
R1,N2Vp2q1,D16,2,2.8,0.52,25.21178725464743
R1,N2Vp2q1,D16,3,3.72,0.44,23.532928914401573
R1,N2Vp2q1,D16,4,4.16,0.48,23.769792054760792
R1,N2Vp2q1,D16,5,3.32,0.56,25.061864868195062
R1,N2Vp2q1,D16,6,3.48,0.6,24.2978829414017
R1,N2Vp2q1,D16,7,2.92,0.52,25.39747825821832
R1,N2Vp2q1,D16,8,3.36,0.52,24.58280583897291
R1,N2Vp2q1,D16,9,2.72,0.68,25.57684833445644
R1,N2Vp2q1,D2,1,2.48,0.64,25.416100161909817
R1,N2Vp2q1,D2,10,2.68,0.52,25.683343682737647
R1,N2Vp2q1,D2,2,1.92,0.8,26.41427515227511
R1,N2Vp2q1,D2,3,1.76,0.8,26.01282123588629
R1,N2Vp2q1,D2,4,1.52,0.84,26.923435505246943
R1,N2Vp2q1,D2,5,3.0,0.64,25.480535161297162
R1,N2Vp2q1,D2,6,2.44,0.68,25.331747718000813
R1,N2Vp2q1,D2,7,3.04,0.64,25.22761781112173
R1,N2Vp2q1,D2,8,2.68,0.72,25.679011978308505
R1,N2Vp2q1,D2,9,2.0,0.68,27.02408515937053
R1,N2Vp2q1,D4,1,2.32,0.64,26.3215085450093
R1,N2Vp2q1,D4,10,2.36,0.56,25.62580392637082
R1,N2Vp2q1,D4,2,2.4,0.72,26.558228411514687
R1,N2Vp2q1,D4,3,2.72,0.6,25.425454260536817
R1,N2Vp2q1,D4,4,2.96,0.64,25.597958295579247
R1,N2Vp2q1,D4,5,3.0,0.76,24.429805512997376
R1,N2Vp2q1,D4,6,2.72,0.68,25.59587913469692
R1,N2Vp2q1,D4,7,2.0,0.64,27.127124563182043
R1,N2Vp2q1,D4,8,3.24,0.56,25.351170017033656
R1,N2Vp2q1,D4,9,2.2,0.76,26.524331638548595
R1,N2Vp2q1,D8,1,1.64,0.84,26.739013863489102
R1,N2Vp2q1,D8,10,1.88,0.76,26.660102779654206
R1,N2Vp2q1,D8,2,3.24,0.6,25.032341246603924
R1,N2Vp2q1,D8,3,2.6,0.76,25.832324183988206
R1,N2Vp2q1,D8,4,2.76,0.8,25.50346172462189
R1,N2Vp2q1,D8,5,2.92,0.76,25.18120988573466
R1,N2Vp2q1,D8,6,3.52,0.72,24.709755328878924
R1,N2Vp2q1,D8,7,2.6,0.72,26.01775124555919
R1,N2Vp2q1,D8,8,4.12,0.72,24.140882493745703
R1,N2Vp2q1,D8,9,2.24,0.8,26.260661280517684
R1,N2Vp2q2,D16,1,5.92,0.32,21.304427456333386
R1,N2Vp2q2,D16,10,6.52,0.24,20.55017473823218
R1,N2Vp2q2,D16,2,5.48,0.32,22.357959516637717
R1,N2Vp2q2,D16,3,6.88,0.2,20.16936220183747
R1,N2Vp2q2,D16,4,5.08,0.4,22.14890134135477
R1,N2Vp2q2,D16,5,5.88,0.36,21.05188364381365
R1,N2Vp2q2,D16,6,7.48,0.2,20.396518003437453
R1,N2Vp2q2,D16,7,6.04,0.28,21.21517735733014
R1,N2Vp2q2,D16,8,5.88,0.28,20.590024747271222
R1,N2Vp2q2,D16,9,7.0,0.28,20.303783328402027
R1,N2Vp2q2,D2,1,2.84,0.76,25.32838704400651
R1,N2Vp2q2,D2,10,3.4,0.56,24.360956474537353
R1,N2Vp2q2,D2,2,3.24,0.64,25.24100402505399
R1,N2Vp2q2,D2,3,3.28,0.68,24.802300823118458
R1,N2Vp2q2,D2,4,2.28,0.64,26.119840747700586
R1,N2Vp2q2,D2,5,4.04,0.4,23.466343290054787
R1,N2Vp2q2,D2,6,3.64,0.56,24.919369147389272
R1,N2Vp2q2,D2,7,3.72,0.68,24.527418650085078
R1,N2Vp2q2,D2,8,2.48,0.68,26.40003698178012
R1,N2Vp2q2,D2,9,3.28,0.68,24.76402587625435
R1,N2Vp2q2,D4,1,3.12,0.76,24.972117968075118
R1,N2Vp2q2,D4,10,3.44,0.6,24.569733332127736
R1,N2Vp2q2,D4,2,3.28,0.56,24.414048551667108
R1,N2Vp2q2,D4,3,2.8,0.84,25.98223141648171
R1,N2Vp2q2,D4,4,4.8,0.56,23.418003444283716
R1,N2Vp2q2,D4,5,3.28,0.64,25.746435995291105
R1,N2Vp2q2,D4,6,4.56,0.56,23.36300155298799
R1,N2Vp2q2,D4,7,4.6,0.52,23.696747607525396
R1,N2Vp2q2,D4,8,2.72,0.68,24.830998136467574
R1,N2Vp2q2,D4,9,2.8,0.8,25.596050456341022
R1,N2Vp2q2,D8,1,4.68,0.56,22.45251697926096
R1,N2Vp2q2,D8,10,3.72,0.52,24.75998837880328
R1,N2Vp2q2,D8,2,4.24,0.68,23.43065289596659
R1,N2Vp2q2,D8,3,2.84,0.76,24.73094134501791
R1,N2Vp2q2,D8,4,4.12,0.52,24.380541053814444
R1,N2Vp2q2,D8,5,2.32,0.84,26.295691977893313
R1,N2Vp2q2,D8,6,3.04,0.72,24.869395520125735
R1,N2Vp2q2,D8,7,3.36,0.6,24.92029184054097
R1,N2Vp2q2,D8,8,3.04,0.68,24.925289901798713
R1,N2Vp2q2,D8,9,3.48,0.52,23.98891588959451
R1,RWD,D16,1,10.48,0.0,15.858641350542985
R1,RWD,D16,10,10.2,0.0,16.711580449486775
R1,RWD,D16,2,9.16,0.0,17.92759613995683
R1,RWD,D16,3,8.96,0.04,17.48021434531669
R1,RWD,D16,4,9.36,0.0,17.493051406868815
R1,RWD,D16,5,9.52,0.0,17.32534892760559
R1,RWD,D16,6,8.88,0.0,17.327052426473347
R1,RWD,D16,7,8.96,0.0,18.24893189875495
R1,RWD,D16,8,9.36,0.08,17.124987055137407
R1,RWD,D16,9,8.0,0.16,18.604498699318626
R1,RWD,D2,1,6.2,0.36,22.27239792771328
R1,RWD,D2,10,6.52,0.56,21.479859299914743
R1,RWD,D2,2,7.04,0.44,20.162914330660122
R1,RWD,D2,3,6.08,0.32,21.032675903577406
R1,RWD,D2,4,5.8,0.28,21.32548210117138
R1,RWD,D2,5,6.32,0.44,20.88858331891479
R1,RWD,D2,6,4.88,0.44,23.0592680258584
R1,RWD,D2,7,6.36,0.44,20.729915170835238
R1,RWD,D2,8,6.88,0.4,20.24262785216715
R1,RWD,D2,9,5.68,0.36,21.622758216056653
R1,RWD,D4,1,7.96,0.24,18.76193087334484
R1,RWD,D4,10,4.56,0.56,22.71619314024625
R1,RWD,D4,2,5.32,0.44,21.495378829998398
R1,RWD,D4,3,4.72,0.44,22.837160916117842
R1,RWD,D4,4,6.0,0.4,21.504579112569942
R1,RWD,D4,5,4.64,0.36,22.338524149424607
R1,RWD,D4,6,6.16,0.4,21.42720512399395
R1,RWD,D4,7,8.48,0.24,19.158214967373116
R1,RWD,D4,8,5.16,0.56,22.578294063455328
R1,RWD,D4,9,4.96,0.48,22.640131501621603
R1,RWD,D8,1,6.12,0.48,21.001559616054703
R1,RWD,D8,10,8.04,0.32,18.499384371204354
R1,RWD,D8,2,7.64,0.44,18.926195051282292
R1,RWD,D8,3,8.04,0.28,19.081283353483972
R1,RWD,D8,4,6.32,0.32,20.587806289233683
R1,RWD,D8,5,6.24,0.24,20.80855705716995
R1,RWD,D8,6,6.92,0.4,20.436496750845116
R1,RWD,D8,7,6.2,0.32,21.457271946682116
R1,RWD,D8,8,6.96,0.24,19.64749385787293
R1,RWD,D8,9,6.4,0.32,21.111185871793854
R1,RWI,D16,1,8.0,0.24,19.832722648376045
R1,RWI,D16,10,7.76,0.28,19.535717628601834
R1,RWI,D16,2,8.96,0.12,18.54292579257429
R1,RWI,D16,3,7.2,0.24,19.92278166008002
R1,RWI,D16,4,8.08,0.24,19.077351964069862
R1,RWI,D16,5,8.52,0.16,19.150024200309844
R1,RWI,D16,6,7.48,0.28,19.267166457823834
R1,RWI,D16,7,6.52,0.4,20.240272075626436
R1,RWI,D16,8,8.16,0.24,18.866291504551125
R1,RWI,D16,9,7.16,0.32,19.89441076688359
R1,RWI,D2,1,6.36,0.44,20.755170518051315
R1,RWI,D2,10,7.52,0.28,19.824364208693495
R1,RWI,D2,2,7.92,0.4,19.689729635370337
R1,RWI,D2,3,7.0,0.24,19.93165450966729
R1,RWI,D2,4,7.48,0.4,20.39707071043978
R1,RWI,D2,5,5.72,0.48,22.144931632621333
R1,RWI,D2,6,5.64,0.4,21.551807639347917
R1,RWI,D2,7,7.68,0.4,19.03474666611928
R1,RWI,D2,8,7.68,0.32,19.877418585399127
R1,RWI,D2,9,6.36,0.2,20.546802720688543
R1,RWI,D4,1,6.64,0.36,20.570735247274932
R1,RWI,D4,10,6.96,0.44,19.315004905848703
R1,RWI,D4,2,4.76,0.6,22.980530115478405
R1,RWI,D4,3,6.12,0.48,21.99473950920769
R1,RWI,D4,4,8.4,0.16,18.568425950872964
R1,RWI,D4,5,7.72,0.2,18.779738114062148
R1,RWI,D4,6,6.56,0.44,21.721420616938598
R1,RWI,D4,7,7.4,0.4,19.25103410101125
R1,RWI,D4,8,8.12,0.28,18.381127118861894
R1,RWI,D4,9,7.96,0.28,19.37966682579086
R1,RWI,D8,1,6.52,0.32,20.602598322170383
R1,RWI,D8,10,9.4,0.28,17.808629582997156
R1,RWI,D8,2,7.4,0.28,19.9612813739569
R1,RWI,D8,3,6.88,0.24,20.98503362307052
R1,RWI,D8,4,8.96,0.24,17.572009755055998
R1,RWI,D8,5,5.76,0.44,22.224610944555447
R1,RWI,D8,6,8.6,0.24,18.07294912301261
R1,RWI,D8,7,7.76,0.4,19.475984639090367
R1,RWI,D8,8,7.32,0.24,21.010071402352857
R1,RWI,D8,9,6.92,0.4,19.98443206122589
R1,RW,D16,1,2.96,0.56,25.815953450614106
R1,RW,D16,10,2.84,0.4,25.67509764108745
R1,RW,D16,2,3.96,0.52,24.13552480242119
R1,RW,D16,3,3.48,0.48,24.37282399930242
R1,RW,D16,4,2.6,0.6,25.786555591405193
R1,RW,D16,5,2.28,0.68,25.90691322262121
R1,RW,D16,6,3.56,0.6,24.63527885970801
R1,RW,D16,7,3.88,0.72,24.604842701504182
R1,RW,D16,8,2.44,0.56,25.45410848118638
R1,RW,D16,9,3.52,0.4,24.329783774194922
R1,RW,D2,1,2.48,0.68,25.6384520934552
R1,RW,D2,10,3.32,0.68,24.58257850270347
R1,RW,D2,2,2.48,0.64,25.518211458015667
R1,RW,D2,3,2.12,0.6,26.93094444435909
R1,RW,D2,4,2.52,0.56,25.975415144225266
R1,RW,D2,5,2.08,0.68,26.243630485508906
R1,RW,D2,6,2.28,0.68,26.16391098364768
R1,RW,D2,7,2.32,0.64,26.462407981750204
R1,RW,D2,8,1.88,0.84,26.903390735995405
R1,RW,D2,9,2.52,0.72,26.178703071838296
R1,RW,D4,1,1.96,0.76,26.456606011726826
R1,RW,D4,10,2.04,0.68,26.66847778746002
R1,RW,D4,2,1.8,0.88,26.49155721957773
R1,RW,D4,3,2.08,0.68,25.869568908055438
R1,RW,D4,4,4.44,0.4,22.753577561359375
R1,RW,D4,5,2.68,0.64,26.124728675759556
R1,RW,D4,6,2.2,0.8,26.460426674762694
R1,RW,D4,7,2.56,0.64,25.84458137075719
R1,RW,D4,8,2.36,0.68,26.10132608465606
R1,RW,D4,9,2.52,0.68,26.46006593804256
R1,RW,D8,1,2.96,0.64,26.280490258746568
R1,RW,D8,10,3.12,0.48,24.919637244134886
R1,RW,D8,2,1.84,0.84,26.236923774320875
R1,RW,D8,3,3.28,0.64,25.363521881400178
R1,RW,D8,4,1.84,0.76,26.696605269939617
R1,RW,D8,5,2.92,0.68,25.309807057267253
R1,RW,D8,6,2.68,0.76,25.741616642126882
R1,RW,D8,7,2.6,0.72,26.103634024327285
R1,RW,D8,8,2.48,0.64,25.632820744580275
R1,RW,D8,9,2.12,0.72,26.50428220657484
R1,SP,D16,1,10.76,0.0,15.275843459522404
R1,SP,D16,10,10.68,0.04,16.256235418193747
R1,SP,D16,2,9.76,0.0,17.13461041806624
R1,SP,D16,3,9.08,0.0,17.207967952350646
R1,SP,D16,4,12.32,0.0,13.761420331252516
R1,SP,D16,5,10.52,0.0,16.51791671926163
R1,SP,D16,6,10.36,0.0,15.209896348137214
R1,SP,D16,7,11.36,0.0,15.43757532261941
R1,SP,D16,8,10.12,0.0,16.048466813423417
R1,SP,D16,9,11.04,0.0,15.279875465919956
R1,SP,D2,1,15.44,0.04,10.150312489716638
R1,SP,D2,10,14.52,0.0,10.737226615965115
R1,SP,D2,2,15.52,0.0,10.027482470933913
R1,SP,D2,3,13.32,0.08,12.178431546680956
R1,SP,D2,4,16.16,0.0,8.939743315187552
R1,SP,D2,5,16.16,0.04,9.492245874669369
R1,SP,D2,6,13.8,0.04,12.095841193246894
R1,SP,D2,7,11.8,0.0,14.095764150006412
R1,SP,D2,8,14.12,0.08,11.241228490147737
R1,SP,D2,9,14.76,0.04,10.175992971869888
R1,SP,D4,1,14.08,0.0,11.49026982370723
R1,SP,D4,10,12.6,0.0,12.834054912925353
R1,SP,D4,2,14.72,0.0,10.71315285450816
R1,SP,D4,3,11.32,0.08,14.348479340221557
R1,SP,D4,4,14.32,0.0,11.647500289162313
R1,SP,D4,5,11.64,0.08,14.31500186612217
R1,SP,D4,6,13.28,0.04,12.209918987428257
R1,SP,D4,7,13.2,0.0,12.146424468567814
R1,SP,D4,8,13.28,0.0,12.53635460386741
R1,SP,D4,9,13.36,0.0,12.599172626595697
R1,SP,D8,1,12.48,0.0,13.242495069423242
R1,SP,D8,10,13.24,0.0,12.6611712720987
R1,SP,D8,2,12.16,0.0,13.656065086274443
R1,SP,D8,3,12.36,0.0,13.670944402703894
R1,SP,D8,4,12.04,0.0,14.148579943101629
R1,SP,D8,5,13.16,0.0,13.362199676340717
R1,SP,D8,6,10.44,0.04,15.861571580827743
R1,SP,D8,7,12.88,0.0,13.129078177781222
R1,SP,D8,8,14.04,0.0,11.904142798964878
R1,SP,D8,9,12.32,0.0,13.7448956703901
R2,CR,D16,1,12.6,0.0,13.2937996916423
R2,CR,D16,10,12.88,0.0,13.419447100857553
R2,CR,D16,2,11.64,0.0,15.203167254565063
R2,CR,D16,3,11.44,0.04,14.955063985217642
R2,CR,D16,4,11.68,0.0,14.572747775326484
R2,CR,D16,5,14.16,0.04,11.78680500836247
R2,CR,D16,6,12.6,0.0,13.823611720188767
R2,CR,D16,7,11.56,0.0,15.02472499564045
R2,CR,D16,8,9.32,0.0,17.22441032364528
R2,CR,D16,9,10.48,0.0,15.671353607597773
R2,CR,D2,1,18.52,0.0,6.910788875914319
R2,CR,D2,10,18.8,0.0,6.415350157873798
R2,CR,D2,2,18.52,0.0,6.796662342473427
R2,CR,D2,3,19.04,0.0,6.09914006663013
R2,CR,D2,4,19.72,0.0,5.201951047072601
R2,CR,D2,5,19.88,0.0,5.219781086779257
R2,CR,D2,6,17.64,0.0,7.721198883934566
R2,CR,D2,7,19.6,0.0,5.562907241063198
R2,CR,D2,8,19.16,0.0,5.688916177088513
R2,CR,D2,9,19.36,0.0,5.7413096193655795
R2,CR,D4,1,18.04,0.0,7.167078464709217
R2,CR,D4,10,17.4,0.0,7.89298674898133
R2,CR,D4,2,19.16,0.0,6.076445277659318
R2,CR,D4,3,17.64,0.0,7.858964271061621
R2,CR,D4,4,18.6,0.0,6.518713519673107
R2,CR,D4,5,19.36,0.0,5.776012975288854
R2,CR,D4,6,18.64,0.0,6.614904813397163
R2,CR,D4,7,17.24,0.0,8.080192552490795
R2,CR,D4,8,18.92,0.0,6.230447587414046
R2,CR,D4,9,20.04,0.0,5.143861957104969
R2,CR,D8,1,14.84,0.0,10.766486197054729
R2,CR,D8,10,13.92,0.0,12.304449492379579
R2,CR,D8,2,14.56,0.0,11.714708542321212
R2,CR,D8,3,13.44,0.0,12.594548662052055
R2,CR,D8,4,14.28,0.0,11.773848499243401
R2,CR,D8,5,13.6,0.0,12.89965508414258
R2,CR,D8,6,13.12,0.0,12.708768866503314
R2,CR,D8,7,15.04,0.0,10.682644100539571
R2,CR,D8,8,14.4,0.0,11.96801013910918
R2,CR,D8,9,14.68,0.0,11.048444961208643
R2,N2Vp0_25q0_25,D16,1,6.0,0.24,21.04765098643049
R2,N2Vp0_25q0_25,D16,10,8.08,0.12,18.759568744043637
R2,N2Vp0_25q0_25,D16,2,10.04,0.16,16.03846121681069
R2,N2Vp0_25q0_25,D16,3,9.48,0.08,17.288775311525864
R2,N2Vp0_25q0_25,D16,4,8.08,0.16,19.296724681452567
R2,N2Vp0_25q0_25,D16,5,9.16,0.08,17.71800328271989
R2,N2Vp0_25q0_25,D16,6,6.96,0.16,20.528052301958077
R2,N2Vp0_25q0_25,D16,7,5.32,0.28,22.217285864041852
R2,N2Vp0_25q0_25,D16,8,7.72,0.12,19.72365202297935
R2,N2Vp0_25q0_25,D16,9,8.6,0.16,17.716195226624755
R2,N2Vp0_25q0_25,D2,1,8.44,0.16,18.69006515039449
R2,N2Vp0_25q0_25,D2,10,6.84,0.08,20.69336292596255
R2,N2Vp0_25q0_25,D2,2,8.28,0.28,18.539733395740097
R2,N2Vp0_25q0_25,D2,3,7.64,0.32,19.783675719896294
R2,N2Vp0_25q0_25,D2,4,8.12,0.2,19.044807164576397
R2,N2Vp0_25q0_25,D2,5,8.12,0.2,18.2030782256458
R2,N2Vp0_25q0_25,D2,6,7.8,0.24,19.658552763928387
R2,N2Vp0_25q0_25,D2,7,9.36,0.16,16.94511243576808
R2,N2Vp0_25q0_25,D2,8,8.96,0.08,17.93103782886431
R2,N2Vp0_25q0_25,D2,9,7.08,0.16,19.731771697817226
R2,N2Vp0_25q0_25,D4,1,7.56,0.12,20.090027270857068
R2,N2Vp0_25q0_25,D4,10,9.28,0.12,17.89526598821177
R2,N2Vp0_25q0_25,D4,2,8.2,0.24,18.83821874187954
R2,N2Vp0_25q0_25,D4,3,8.24,0.16,19.4085047373709
R2,N2Vp0_25q0_25,D4,4,8.84,0.16,18.32581229287574
R2,N2Vp0_25q0_25,D4,5,9.56,0.08,16.78196795167851
R2,N2Vp0_25q0_25,D4,6,6.52,0.16,20.74413696888472
R2,N2Vp0_25q0_25,D4,7,7.84,0.2,18.614047952929766
R2,N2Vp0_25q0_25,D4,8,9.04,0.16,17.36706137710857
R2,N2Vp0_25q0_25,D4,9,9.4,0.32,18.05509151766441
R2,N2Vp0_25q0_25,D8,1,9.76,0.2,17.04965843231466
R2,N2Vp0_25q0_25,D8,10,9.6,0.16,17.045643081644425
R2,N2Vp0_25q0_25,D8,2,7.04,0.16,20.537785593772924
R2,N2Vp0_25q0_25,D8,3,9.04,0.16,17.241201479068113
R2,N2Vp0_25q0_25,D8,4,7.84,0.2,19.472740991377947
R2,N2Vp0_25q0_25,D8,5,7.84,0.24,19.169438799572532
R2,N2Vp0_25q0_25,D8,6,7.88,0.28,19.260462172525703
R2,N2Vp0_25q0_25,D8,7,7.12,0.24,20.562281950540136
R2,N2Vp0_25q0_25,D8,8,8.8,0.2,18.376433619860578
R2,N2Vp0_25q0_25,D8,9,8.16,0.16,18.726744206200905
R2,N2Vp0_25q0_5,D16,1,9.72,0.16,16.351242906678934
R2,N2Vp0_25q0_5,D16,10,7.0,0.24,20.440174252982796
R2,N2Vp0_25q0_5,D16,2,7.48,0.12,18.697842148911796
R2,N2Vp0_25q0_5,D16,3,8.52,0.12,18.33522133421825
R2,N2Vp0_25q0_5,D16,4,9.44,0.2,17.233497420686373
R2,N2Vp0_25q0_5,D16,5,9.4,0.12,17.225352591198554
R2,N2Vp0_25q0_5,D16,6,9.48,0.04,17.067482337531896
R2,N2Vp0_25q0_5,D16,7,10.12,0.08,16.148854672977187
R2,N2Vp0_25q0_5,D16,8,7.0,0.16,19.837481283178263
R2,N2Vp0_25q0_5,D16,9,5.16,0.44,21.96680328877119
R2,N2Vp0_25q0_5,D2,1,8.16,0.12,18.634872812862547
R2,N2Vp0_25q0_5,D2,10,7.96,0.16,18.820316748965034
R2,N2Vp0_25q0_5,D2,2,8.96,0.04,18.549192498239094
R2,N2Vp0_25q0_5,D2,3,5.8,0.32,20.355482719345783
R2,N2Vp0_25q0_5,D2,4,7.8,0.2,18.894930310993885
R2,N2Vp0_25q0_5,D2,5,7.44,0.24,18.94742599185633
R2,N2Vp0_25q0_5,D2,6,8.44,0.24,18.47268852786124
R2,N2Vp0_25q0_5,D2,7,7.4,0.4,19.436193061960783
R2,N2Vp0_25q0_5,D2,8,8.12,0.2,18.53567960277309
R2,N2Vp0_25q0_5,D2,9,8.24,0.32,19.14762955303016
R2,N2Vp0_25q0_5,D4,1,7.76,0.28,18.939848603651843
R2,N2Vp0_25q0_5,D4,10,9.76,0.12,15.876968201781732
R2,N2Vp0_25q0_5,D4,2,7.64,0.12,20.036745878263588
R2,N2Vp0_25q0_5,D4,3,8.32,0.2,18.929221238472948
R2,N2Vp0_25q0_5,D4,4,8.32,0.16,19.09636633750715
R2,N2Vp0_25q0_5,D4,5,7.56,0.12,19.5083442609313
R2,N2Vp0_25q0_5,D4,6,7.8,0.24,19.252158347908818
R2,N2Vp0_25q0_5,D4,7,9.08,0.12,17.890651211291477
R2,N2Vp0_25q0_5,D4,8,7.72,0.16,19.831036040472622
R2,N2Vp0_25q0_5,D4,9,9.4,0.04,17.65733961520191
R2,N2Vp0_25q0_5,D8,1,7.96,0.2,19.381467644243294
R2,N2Vp0_25q0_5,D8,10,9.6,0.08,17.270130730235632
R2,N2Vp0_25q0_5,D8,2,7.92,0.24,19.5939586859106
R2,N2Vp0_25q0_5,D8,3,8.56,0.12,18.35015178103616
R2,N2Vp0_25q0_5,D8,4,7.6,0.24,19.864427383381816
R2,N2Vp0_25q0_5,D8,5,7.64,0.16,19.81712326341809
R2,N2Vp0_25q0_5,D8,6,9.48,0.12,17.104103919604178
R2,N2Vp0_25q0_5,D8,7,8.6,0.24,19.349079600386165
R2,N2Vp0_25q0_5,D8,8,8.36,0.24,18.8483277602161
R2,N2Vp0_25q0_5,D8,9,5.64,0.32,21.533230672673795
R2,N2Vp0_25q1,D16,1,10.16,0.12,16.673795407186603
R2,N2Vp0_25q1,D16,10,8.84,0.08,18.402653922409055
R2,N2Vp0_25q1,D16,2,7.04,0.24,20.031820091562448
R2,N2Vp0_25q1,D16,3,6.64,0.2,21.019514009327633
R2,N2Vp0_25q1,D16,4,6.8,0.2,20.97882154749576
R2,N2Vp0_25q1,D16,5,9.44,0.16,18.18791022882625
R2,N2Vp0_25q1,D16,6,7.48,0.2,20.16442280894722
R2,N2Vp0_25q1,D16,7,9.12,0.12,18.15747202157381
R2,N2Vp0_25q1,D16,8,8.92,0.12,17.67129442741515
R2,N2Vp0_25q1,D16,9,9.44,0.2,17.41169495296806
R2,N2Vp0_25q1,D2,1,8.08,0.12,19.781558754158205
R2,N2Vp0_25q1,D2,10,8.32,0.16,18.508128156388878
R2,N2Vp0_25q1,D2,2,6.64,0.24,20.867947449439583
R2,N2Vp0_25q1,D2,3,7.64,0.24,19.668370043786293
R2,N2Vp0_25q1,D2,4,7.92,0.12,19.23427447172134
R2,N2Vp0_25q1,D2,5,7.36,0.28,20.130728291971838
R2,N2Vp0_25q1,D2,6,7.76,0.24,20.16015834028524
R2,N2Vp0_25q1,D2,7,9.12,0.16,17.93099662866085
R2,N2Vp0_25q1,D2,8,8.56,0.12,18.52315784400515
R2,N2Vp0_25q1,D2,9,6.88,0.24,20.74418513724998
R2,N2Vp0_25q1,D4,1,8.56,0.2,18.387228594546617
R2,N2Vp0_25q1,D4,10,6.68,0.24,20.628652743072518
R2,N2Vp0_25q1,D4,2,9.44,0.12,17.617221301817057
R2,N2Vp0_25q1,D4,3,7.84,0.2,19.05221147969984
R2,N2Vp0_25q1,D4,4,8.6,0.2,17.655669629803718
R2,N2Vp0_25q1,D4,5,8.8,0.2,17.760730916907868
R2,N2Vp0_25q1,D4,6,8.64,0.2,18.371787118784106
R2,N2Vp0_25q1,D4,7,8.36,0.16,18.945642377852085
R2,N2Vp0_25q1,D4,8,8.32,0.2,18.820657902813597
R2,N2Vp0_25q1,D4,9,5.6,0.16,21.207535027859254
R2,N2Vp0_25q1,D8,1,7.88,0.12,19.49792513259752
R2,N2Vp0_25q1,D8,10,6.08,0.36,21.462319367255255
R2,N2Vp0_25q1,D8,2,8.88,0.24,17.762648304110943
R2,N2Vp0_25q1,D8,3,7.44,0.24,20.270720559152792
R2,N2Vp0_25q1,D8,4,7.64,0.16,18.68964926459046
R2,N2Vp0_25q1,D8,5,8.6,0.2,18.44141326769204
R2,N2Vp0_25q1,D8,6,7.28,0.24,19.238060596246605
R2,N2Vp0_25q1,D8,7,8.6,0.2,19.39245248424761
R2,N2Vp0_25q1,D8,8,7.28,0.24,19.55626889619568
R2,N2Vp0_25q1,D8,9,8.12,0.2,19.026961656521266
R2,N2Vp0_25q2,D16,1,7.48,0.28,18.841558600063486
R2,N2Vp0_25q2,D16,10,8.72,0.04,17.96334641612419
R2,N2Vp0_25q2,D16,2,8.04,0.2,19.160413744260335
R2,N2Vp0_25q2,D16,3,8.6,0.2,18.53515157917374
R2,N2Vp0_25q2,D16,4,7.28,0.2,19.248530429564436
R2,N2Vp0_25q2,D16,5,8.08,0.08,18.693345693101392
R2,N2Vp0_25q2,D16,6,8.96,0.24,17.90377920772573
R2,N2Vp0_25q2,D16,7,6.84,0.28,20.485899060062124
R2,N2Vp0_25q2,D16,8,9.68,0.12,17.158422296796303
R2,N2Vp0_25q2,D16,9,7.4,0.32,19.96431483159638
R2,N2Vp0_25q2,D2,1,6.24,0.28,20.702039181345803
R2,N2Vp0_25q2,D2,10,7.96,0.2,18.84878496082912
R2,N2Vp0_25q2,D2,2,7.2,0.32,19.989047540947695
R2,N2Vp0_25q2,D2,3,6.88,0.16,20.072375899169216
R2,N2Vp0_25q2,D2,4,8.92,0.2,17.67290387601013
R2,N2Vp0_25q2,D2,5,7.76,0.24,19.486465108672352
R2,N2Vp0_25q2,D2,6,6.96,0.28,20.618041886295337
R2,N2Vp0_25q2,D2,7,9.76,0.16,16.49347716430663
R2,N2Vp0_25q2,D2,8,7.16,0.16,19.60239051800419
R2,N2Vp0_25q2,D2,9,9.28,0.2,16.966321666612984
R2,N2Vp0_25q2,D4,1,8.16,0.28,18.736091144609006
R2,N2Vp0_25q2,D4,10,9.6,0.08,16.368010194979526
R2,N2Vp0_25q2,D4,2,7.2,0.2,19.459361685325987
R2,N2Vp0_25q2,D4,3,9.32,0.12,17.02810511353937
R2,N2Vp0_25q2,D4,4,8.8,0.08,18.47662323347022
R2,N2Vp0_25q2,D4,5,7.08,0.16,20.446726760894204
R2,N2Vp0_25q2,D4,6,8.08,0.08,18.694442208133605
R2,N2Vp0_25q2,D4,7,7.52,0.12,19.725585603858278
R2,N2Vp0_25q2,D4,8,8.4,0.12,17.869732190168325
R2,N2Vp0_25q2,D4,9,7.8,0.08,18.83167336567044
R2,N2Vp0_25q2,D8,1,8.4,0.08,18.836457958414385
R2,N2Vp0_25q2,D8,10,8.56,0.16,17.96480663591844
R2,N2Vp0_25q2,D8,2,7.16,0.2,20.13743339640639
R2,N2Vp0_25q2,D8,3,8.96,0.2,17.339859092429048
R2,N2Vp0_25q2,D8,4,5.88,0.28,21.536473860434555
R2,N2Vp0_25q2,D8,5,7.24,0.32,19.57768143125446
R2,N2Vp0_25q2,D8,6,6.72,0.28,19.862034787506367
R2,N2Vp0_25q2,D8,7,7.8,0.12,18.883463721252348
R2,N2Vp0_25q2,D8,8,7.2,0.2,19.80701185630899
R2,N2Vp0_25q2,D8,9,7.2,0.24,19.48790725813413
R2,N2Vp0_5q0_25,D16,1,7.0,0.16,20.318483176211554
R2,N2Vp0_5q0_25,D16,10,8.96,0.12,17.97580612585479
R2,N2Vp0_5q0_25,D16,2,7.16,0.24,19.002178123787672
R2,N2Vp0_5q0_25,D16,3,7.76,0.24,20.172930924813976
R2,N2Vp0_5q0_25,D16,4,9.0,0.12,17.56224505390541
R2,N2Vp0_5q0_25,D16,5,10.52,0.08,16.044606983978046
R2,N2Vp0_5q0_25,D16,6,7.68,0.2,19.88668338178965
R2,N2Vp0_5q0_25,D16,7,10.04,0.08,17.14936560145117
R2,N2Vp0_5q0_25,D16,8,6.84,0.24,20.232437077420496
R2,N2Vp0_5q0_25,D16,9,7.28,0.2,20.078869080126818
R2,N2Vp0_5q0_25,D2,1,7.68,0.32,19.190296658854564
R2,N2Vp0_5q0_25,D2,10,8.32,0.08,18.233617588990015
R2,N2Vp0_5q0_25,D2,2,7.52,0.24,19.163539576106608
R2,N2Vp0_5q0_25,D2,3,6.56,0.16,20.85036181383214
R2,N2Vp0_5q0_25,D2,4,9.28,0.24,17.603148994610013
R2,N2Vp0_5q0_25,D2,5,7.88,0.2,19.48441154208568
R2,N2Vp0_5q0_25,D2,6,8.48,0.08,18.872634567467877
R2,N2Vp0_5q0_25,D2,7,8.96,0.12,17.90412951439078
R2,N2Vp0_5q0_25,D2,8,7.24,0.16,20.23147375001634
R2,N2Vp0_5q0_25,D2,9,7.8,0.2,19.037975428681765
R2,N2Vp0_5q0_25,D4,1,7.08,0.32,19.277913121464245
R2,N2Vp0_5q0_25,D4,10,7.16,0.28,20.2774650416247
R2,N2Vp0_5q0_25,D4,2,7.6,0.2,18.351923885694337
R2,N2Vp0_5q0_25,D4,3,7.76,0.12,19.432685297446856
R2,N2Vp0_5q0_25,D4,4,8.76,0.24,18.46383570940078
R2,N2Vp0_5q0_25,D4,5,10.28,0.12,16.008014705427726
R2,N2Vp0_5q0_25,D4,6,8.16,0.12,18.87760492383468
R2,N2Vp0_5q0_25,D4,7,8.16,0.04,19.22796184048236
R2,N2Vp0_5q0_25,D4,8,8.64,0.16,19.328212488573566
R2,N2Vp0_5q0_25,D4,9,7.16,0.24,20.287715783265643
R2,N2Vp0_5q0_25,D8,1,6.92,0.24,21.066068610740693
R2,N2Vp0_5q0_25,D8,10,8.0,0.2,18.236057900334785
R2,N2Vp0_5q0_25,D8,2,7.92,0.16,19.252034922562657
R2,N2Vp0_5q0_25,D8,3,7.56,0.24,19.74281226716982
R2,N2Vp0_5q0_25,D8,4,10.04,0.12,15.809780327770909
R2,N2Vp0_5q0_25,D8,5,8.48,0.08,19.861304560270668
R2,N2Vp0_5q0_25,D8,6,9.2,0.2,17.26567253943246
R2,N2Vp0_5q0_25,D8,7,7.64,0.16,18.572674052568296
R2,N2Vp0_5q0_25,D8,8,7.72,0.16,19.08111663608461
R2,N2Vp0_5q0_25,D8,9,8.2,0.12,19.340528970459562
R2,N2Vp0_5q0_5,D16,1,7.12,0.24,19.606395450793016
R2,N2Vp0_5q0_5,D16,10,8.28,0.2,18.021722193043587
R2,N2Vp0_5q0_5,D16,2,6.12,0.24,21.430059517867743
R2,N2Vp0_5q0_5,D16,3,9.0,0.16,17.747677932260956
R2,N2Vp0_5q0_5,D16,4,8.4,0.2,19.221439702423282
R2,N2Vp0_5q0_5,D16,5,8.8,0.08,18.78835524795732
R2,N2Vp0_5q0_5,D16,6,7.52,0.24,18.649015409332375
R2,N2Vp0_5q0_5,D16,7,8.76,0.2,17.931898886458484
R2,N2Vp0_5q0_5,D16,8,8.96,0.16,17.72841419889378
R2,N2Vp0_5q0_5,D16,9,7.92,0.2,18.84993186767218
R2,N2Vp0_5q0_5,D2,1,7.52,0.12,19.44561914610112
R2,N2Vp0_5q0_5,D2,10,7.12,0.12,20.043215521737306
R2,N2Vp0_5q0_5,D2,2,8.16,0.28,18.92254241804648
R2,N2Vp0_5q0_5,D2,3,9.68,0.16,17.17384157473275
R2,N2Vp0_5q0_5,D2,4,7.4,0.12,19.033182402931576
R2,N2Vp0_5q0_5,D2,5,7.96,0.16,19.211092962584402
R2,N2Vp0_5q0_5,D2,6,9.96,0.12,16.690784057553994
R2,N2Vp0_5q0_5,D2,7,10.32,0.12,16.09545279221267
R2,N2Vp0_5q0_5,D2,8,7.52,0.24,19.40893353440955
R2,N2Vp0_5q0_5,D2,9,8.16,0.16,19.410531444157037
R2,N2Vp0_5q0_5,D4,1,7.12,0.36,19.34981985909348
R2,N2Vp0_5q0_5,D4,10,8.64,0.12,18.73151312854516
R2,N2Vp0_5q0_5,D4,2,9.04,0.12,17.91013296317324
R2,N2Vp0_5q0_5,D4,3,8.2,0.2,18.676890664464075
R2,N2Vp0_5q0_5,D4,4,6.72,0.12,20.52346765040794
R2,N2Vp0_5q0_5,D4,5,7.12,0.24,19.867760873067166
R2,N2Vp0_5q0_5,D4,6,7.96,0.24,19.290409677775557
R2,N2Vp0_5q0_5,D4,7,8.44,0.16,18.479143911519458
R2,N2Vp0_5q0_5,D4,8,8.32,0.12,18.886369767607476
R2,N2Vp0_5q0_5,D4,9,6.84,0.24,20.16587954371373
R2,N2Vp0_5q0_5,D8,1,7.88,0.16,18.489081427507582
R2,N2Vp0_5q0_5,D8,10,10.6,0.04,15.298667567882951
R2,N2Vp0_5q0_5,D8,2,9.2,0.2,17.663960995754074
R2,N2Vp0_5q0_5,D8,3,10.76,0.08,15.656151525328083
R2,N2Vp0_5q0_5,D8,4,6.8,0.4,20.599454771399365
R2,N2Vp0_5q0_5,D8,5,6.36,0.24,20.579842255535016
R2,N2Vp0_5q0_5,D8,6,9.04,0.08,18.285079039185256
R2,N2Vp0_5q0_5,D8,7,8.52,0.24,18.208555833224892
R2,N2Vp0_5q0_5,D8,8,7.8,0.16,19.484150308497142
R2,N2Vp0_5q0_5,D8,9,8.32,0.2,18.982518084800095
R2,N2Vp0_5q1,D16,1,8.68,0.08,17.637075927192353
R2,N2Vp0_5q1,D16,10,6.68,0.24,20.02895037084146
R2,N2Vp0_5q1,D16,2,8.56,0.16,18.290538429693616
R2,N2Vp0_5q1,D16,3,7.32,0.2,19.95459489158652
R2,N2Vp0_5q1,D16,4,8.16,0.2,19.621757846632633
R2,N2Vp0_5q1,D16,5,7.72,0.28,19.027497548947462
R2,N2Vp0_5q1,D16,6,8.36,0.0,17.820019721724428
R2,N2Vp0_5q1,D16,7,8.68,0.24,17.633410005634573
R2,N2Vp0_5q1,D16,8,8.96,0.2,17.895392005230082
R2,N2Vp0_5q1,D16,9,8.36,0.28,18.780699845599862
R2,N2Vp0_5q1,D2,1,7.32,0.24,19.987174034789806
R2,N2Vp0_5q1,D2,10,8.8,0.12,18.63366176936083
R2,N2Vp0_5q1,D2,2,7.04,0.24,19.66167914217707
R2,N2Vp0_5q1,D2,3,7.8,0.2,20.02128769995521
R2,N2Vp0_5q1,D2,4,8.48,0.2,18.752641564105183
R2,N2Vp0_5q1,D2,5,9.08,0.24,17.556947052940963
R2,N2Vp0_5q1,D2,6,10.76,0.08,16.015121685948863
R2,N2Vp0_5q1,D2,7,7.8,0.2,18.82282430535421
R2,N2Vp0_5q1,D2,8,7.0,0.2,20.317493941682763
R2,N2Vp0_5q1,D2,9,8.84,0.2,17.973627776990416
R2,N2Vp0_5q1,D4,1,7.72,0.2,19.29359318864229
R2,N2Vp0_5q1,D4,10,8.0,0.12,19.00047310339394
R2,N2Vp0_5q1,D4,2,9.2,0.16,17.00590772798708
R2,N2Vp0_5q1,D4,3,6.96,0.2,19.82561913752146
R2,N2Vp0_5q1,D4,4,6.72,0.16,20.004428545645784
R2,N2Vp0_5q1,D4,5,6.84,0.32,20.524996479123537
R2,N2Vp0_5q1,D4,6,6.52,0.2,19.7790165185603
R2,N2Vp0_5q1,D4,7,6.08,0.2,21.93690034751522
R2,N2Vp0_5q1,D4,8,9.56,0.16,17.53272375789714
R2,N2Vp0_5q1,D4,9,8.56,0.12,17.850490916802343
R2,N2Vp0_5q1,D8,1,7.68,0.12,19.10700918338017
R2,N2Vp0_5q1,D8,10,9.92,0.2,17.87975281344917
R2,N2Vp0_5q1,D8,2,6.36,0.28,21.213758242070423
R2,N2Vp0_5q1,D8,3,8.08,0.2,18.805785566660873
R2,N2Vp0_5q1,D8,4,9.28,0.2,17.48762150940498
R2,N2Vp0_5q1,D8,5,7.52,0.24,20.386003269498463
R2,N2Vp0_5q1,D8,6,9.16,0.12,17.37883755522415
R2,N2Vp0_5q1,D8,7,8.84,0.08,17.83102610250279
R2,N2Vp0_5q1,D8,8,7.96,0.24,18.80995707534062
R2,N2Vp0_5q1,D8,9,8.8,0.2,17.814305291243056
R2,N2Vp0_5q2,D16,1,10.96,0.12,15.055838794159708
R2,N2Vp0_5q2,D16,10,8.28,0.24,18.55271904901689
R2,N2Vp0_5q2,D16,2,9.48,0.04,17.109875005135898
R2,N2Vp0_5q2,D16,3,8.28,0.2,19.18953588196448
R2,N2Vp0_5q2,D16,4,7.64,0.2,19.515093017830424
R2,N2Vp0_5q2,D16,5,7.6,0.2,19.730924608181247
R2,N2Vp0_5q2,D16,6,10.04,0.2,16.529415898424226
R2,N2Vp0_5q2,D16,7,8.04,0.08,18.90019962101853
R2,N2Vp0_5q2,D16,8,7.8,0.16,18.681658967569415
R2,N2Vp0_5q2,D16,9,6.96,0.2,20.195226524869142
R2,N2Vp0_5q2,D2,1,8.68,0.2,17.962262912184837
R2,N2Vp0_5q2,D2,10,8.16,0.16,18.895217916318956
R2,N2Vp0_5q2,D2,2,7.64,0.16,19.997706570958037
R2,N2Vp0_5q2,D2,3,7.08,0.2,20.962887977023378
R2,N2Vp0_5q2,D2,4,7.08,0.2,20.372943648035847
R2,N2Vp0_5q2,D2,5,9.24,0.08,17.573250019333145
R2,N2Vp0_5q2,D2,6,7.52,0.2,20.009223440080188
R2,N2Vp0_5q2,D2,7,8.12,0.12,18.32975776504674
R2,N2Vp0_5q2,D2,8,6.88,0.24,20.38865829308985
R2,N2Vp0_5q2,D2,9,6.72,0.2,21.512495513655594
R2,N2Vp0_5q2,D4,1,9.6,0.08,18.02140521799882
R2,N2Vp0_5q2,D4,10,9.16,0.16,17.061628002285136
R2,N2Vp0_5q2,D4,2,9.12,0.12,18.00563836549163
R2,N2Vp0_5q2,D4,3,9.4,0.08,17.54158999579619
R2,N2Vp0_5q2,D4,4,9.4,0.2,17.507203212488335
R2,N2Vp0_5q2,D4,5,7.84,0.16,18.98865915552607
R2,N2Vp0_5q2,D4,6,7.84,0.28,18.540123531186623
R2,N2Vp0_5q2,D4,7,9.12,0.12,17.915759585677037
R2,N2Vp0_5q2,D4,8,8.84,0.08,17.91356951112056
R2,N2Vp0_5q2,D4,9,8.96,0.08,18.222068651183047
R2,N2Vp0_5q2,D8,1,7.88,0.12,18.715397983599996
R2,N2Vp0_5q2,D8,10,9.32,0.12,17.222234522067694
R2,N2Vp0_5q2,D8,2,10.56,0.08,16.288912531931825
R2,N2Vp0_5q2,D8,3,6.84,0.08,20.06553663158674
R2,N2Vp0_5q2,D8,4,8.04,0.16,18.31294153344101
R2,N2Vp0_5q2,D8,5,6.76,0.24,20.921989212979298
R2,N2Vp0_5q2,D8,6,8.44,0.2,18.46363906722805
R2,N2Vp0_5q2,D8,7,8.08,0.12,18.39301421154612
R2,N2Vp0_5q2,D8,8,7.12,0.16,20.08969292138076
R2,N2Vp0_5q2,D8,9,7.8,0.24,19.208382626909874
R2,N2Vp1q0_25,D16,1,7.48,0.16,20.68180664001565
R2,N2Vp1q0_25,D16,10,7.36,0.12,19.90028365197613
R2,N2Vp1q0_25,D16,2,9.56,0.08,17.615850146703593
R2,N2Vp1q0_25,D16,3,9.12,0.2,16.904293279439784
R2,N2Vp1q0_25,D16,4,7.92,0.32,18.61459575765437
R2,N2Vp1q0_25,D16,5,8.48,0.12,18.047737124385854
R2,N2Vp1q0_25,D16,6,7.4,0.16,18.895561357802645
R2,N2Vp1q0_25,D16,7,8.92,0.04,17.90766183196164
R2,N2Vp1q0_25,D16,8,8.24,0.28,19.150736351839143
R2,N2Vp1q0_25,D16,9,7.68,0.12,19.034390160333466
R2,N2Vp1q0_25,D2,1,10.48,0.08,16.49569276670947
R2,N2Vp1q0_25,D2,10,6.76,0.32,20.190898005767405
R2,N2Vp1q0_25,D2,2,8.12,0.2,18.518142797177116
R2,N2Vp1q0_25,D2,3,7.96,0.04,18.480295179925424
R2,N2Vp1q0_25,D2,4,7.32,0.12,19.634343876574476
R2,N2Vp1q0_25,D2,5,7.12,0.08,20.050498198368697
R2,N2Vp1q0_25,D2,6,7.52,0.12,19.736758327172247
R2,N2Vp1q0_25,D2,7,7.12,0.28,20.3268724694944
R2,N2Vp1q0_25,D2,8,7.04,0.28,20.44119096837821
R2,N2Vp1q0_25,D2,9,7.0,0.24,19.981652132014506
R2,N2Vp1q0_25,D4,1,11.72,0.08,14.791910970108418
R2,N2Vp1q0_25,D4,10,8.44,0.2,18.70916079026112
R2,N2Vp1q0_25,D4,2,8.08,0.2,18.50646245884279
R2,N2Vp1q0_25,D4,3,9.28,0.2,16.996404757229556
R2,N2Vp1q0_25,D4,4,6.08,0.2,21.106145857158925
R2,N2Vp1q0_25,D4,5,7.6,0.2,19.707908098911116
R2,N2Vp1q0_25,D4,6,7.48,0.2,19.23783289045873
R2,N2Vp1q0_25,D4,7,7.44,0.24,18.72334579061481
R2,N2Vp1q0_25,D4,8,9.32,0.08,17.266172967450814
R2,N2Vp1q0_25,D4,9,8.64,0.16,17.847949373404663
R2,N2Vp1q0_25,D8,1,9.04,0.08,17.670479394651824
R2,N2Vp1q0_25,D8,10,9.28,0.16,17.088028902738696
R2,N2Vp1q0_25,D8,2,9.12,0.12,17.4043578918269
R2,N2Vp1q0_25,D8,3,9.32,0.24,17.711161118651493
R2,N2Vp1q0_25,D8,4,7.48,0.24,19.162799642309466
R2,N2Vp1q0_25,D8,5,9.52,0.08,17.24955109950801
R2,N2Vp1q0_25,D8,6,8.56,0.2,18.955507440798566
R2,N2Vp1q0_25,D8,7,7.2,0.28,19.462773376917827
R2,N2Vp1q0_25,D8,8,8.8,0.2,18.061161218698302
R2,N2Vp1q0_25,D8,9,9.28,0.16,17.64583406381339
R2,N2Vp1q0_5,D16,1,8.56,0.08,17.535091642987805
R2,N2Vp1q0_5,D16,10,8.88,0.12,17.53037042783522
R2,N2Vp1q0_5,D16,2,7.84,0.2,19.045464522086185
R2,N2Vp1q0_5,D16,3,9.36,0.08,17.911403334491055
R2,N2Vp1q0_5,D16,4,7.36,0.32,19.620921086877804
R2,N2Vp1q0_5,D16,5,7.4,0.36,19.031034973805184
R2,N2Vp1q0_5,D16,6,6.92,0.32,20.05962874776432
R2,N2Vp1q0_5,D16,7,6.64,0.32,20.685638299626163
R2,N2Vp1q0_5,D16,8,7.24,0.12,20.05371649055886
R2,N2Vp1q0_5,D16,9,7.32,0.12,19.951325244340808
R2,N2Vp1q0_5,D2,1,9.64,0.04,17.214705915629672
R2,N2Vp1q0_5,D2,10,7.36,0.16,20.10383643578125
R2,N2Vp1q0_5,D2,2,6.92,0.16,19.864073857169704
R2,N2Vp1q0_5,D2,3,8.48,0.12,18.684465615718285
R2,N2Vp1q0_5,D2,4,9.0,0.08,18.484417532547738
R2,N2Vp1q0_5,D2,5,8.16,0.16,18.41207068761494
R2,N2Vp1q0_5,D2,6,7.32,0.24,19.494323176561146
R2,N2Vp1q0_5,D2,7,7.28,0.24,19.626617624447466
R2,N2Vp1q0_5,D2,8,7.8,0.2,19.144157628320382
R2,N2Vp1q0_5,D2,9,6.4,0.24,20.388725796484156
R2,N2Vp1q0_5,D4,1,8.12,0.12,19.402631239750573
R2,N2Vp1q0_5,D4,10,7.0,0.12,20.385756636181434
R2,N2Vp1q0_5,D4,2,7.4,0.16,19.299044550683984
R2,N2Vp1q0_5,D4,3,8.0,0.12,18.91067534480625
R2,N2Vp1q0_5,D4,4,8.48,0.16,17.596374228672584
R2,N2Vp1q0_5,D4,5,8.2,0.2,19.494605112418995
R2,N2Vp1q0_5,D4,6,8.04,0.24,19.12245398218305
R2,N2Vp1q0_5,D4,7,8.96,0.16,18.266558627590147
R2,N2Vp1q0_5,D4,8,8.72,0.16,18.168197281767576
R2,N2Vp1q0_5,D4,9,6.8,0.2,20.486852758526766
R2,N2Vp1q0_5,D8,1,7.44,0.12,19.738103164958062
R2,N2Vp1q0_5,D8,10,6.2,0.28,20.75571965528729
R2,N2Vp1q0_5,D8,2,8.72,0.16,18.231136770193654
R2,N2Vp1q0_5,D8,3,8.92,0.2,17.827533675985602
R2,N2Vp1q0_5,D8,4,8.6,0.2,17.520840400589485
R2,N2Vp1q0_5,D8,5,8.4,0.16,18.60879359176134
R2,N2Vp1q0_5,D8,6,6.04,0.24,21.84869291514136
R2,N2Vp1q0_5,D8,7,10.64,0.08,15.676106789323642
R2,N2Vp1q0_5,D8,8,8.6,0.2,18.258664841240208
R2,N2Vp1q0_5,D8,9,8.36,0.16,19.1996543195385
R2,N2Vp1q1,D16,1,7.56,0.12,19.100526934365906
R2,N2Vp1q1,D16,10,7.52,0.24,19.44473775929933
R2,N2Vp1q1,D16,2,7.48,0.24,19.777117890428357
R2,N2Vp1q1,D16,3,7.88,0.2,18.611909400854085
R2,N2Vp1q1,D16,4,8.36,0.24,18.46216256626436
R2,N2Vp1q1,D16,5,7.64,0.32,18.883992574329728
R2,N2Vp1q1,D16,6,8.64,0.08,18.021941108031736
R2,N2Vp1q1,D16,7,6.16,0.24,21.835136945187877
R2,N2Vp1q1,D16,8,10.36,0.12,16.677328359781193
R2,N2Vp1q1,D16,9,8.68,0.12,17.413034659410787
R2,N2Vp1q1,D2,1,8.4,0.2,18.43012486948071
R2,N2Vp1q1,D2,10,6.64,0.28,21.013554997202718
R2,N2Vp1q1,D2,2,10.8,0.08,15.984452352277891
R2,N2Vp1q1,D2,3,9.12,0.24,18.09397749458742
R2,N2Vp1q1,D2,4,8.96,0.2,18.304216245033714
R2,N2Vp1q1,D2,5,8.0,0.16,18.714131845602907
R2,N2Vp1q1,D2,6,10.56,0.08,16.056586025207558
R2,N2Vp1q1,D2,7,6.16,0.28,21.382766698929963
R2,N2Vp1q1,D2,8,10.24,0.12,16.536450266998173
R2,N2Vp1q1,D2,9,7.0,0.28,20.96289896043759
R2,N2Vp1q1,D4,1,6.92,0.16,20.09163146368897
R2,N2Vp1q1,D4,10,8.8,0.08,18.46783334176673
R2,N2Vp1q1,D4,2,6.6,0.28,20.189885534556314
R2,N2Vp1q1,D4,3,8.56,0.2,18.512123033173395
R2,N2Vp1q1,D4,4,9.68,0.2,17.453755188935382
R2,N2Vp1q1,D4,5,8.08,0.08,19.560557435296893
R2,N2Vp1q1,D4,6,8.92,0.2,18.403085863102525
R2,N2Vp1q1,D4,7,7.16,0.12,20.23094828328318
R2,N2Vp1q1,D4,8,8.92,0.12,16.793079159072114
R2,N2Vp1q1,D4,9,8.76,0.16,17.5824167379916
R2,N2Vp1q1,D8,1,9.68,0.12,17.342380768807697
R2,N2Vp1q1,D8,10,7.84,0.24,19.971949039113703
R2,N2Vp1q1,D8,2,9.16,0.2,17.612305314640757
R2,N2Vp1q1,D8,3,7.96,0.16,19.05788512882505
R2,N2Vp1q1,D8,4,8.8,0.04,18.187588593102404
R2,N2Vp1q1,D8,5,7.48,0.2,19.226155855292276
R2,N2Vp1q1,D8,6,6.8,0.24,20.361347237074593
R2,N2Vp1q1,D8,7,8.12,0.08,18.568494551847436
R2,N2Vp1q1,D8,8,9.56,0.2,17.161814250196496
R2,N2Vp1q1,D8,9,7.52,0.12,19.058056496768128
R2,N2Vp1q2,D16,1,7.76,0.16,19.40000450451667
R2,N2Vp1q2,D16,10,9.6,0.08,17.81170095349755
R2,N2Vp1q2,D16,2,8.24,0.16,18.30261642929783
R2,N2Vp1q2,D16,3,8.12,0.24,18.93014993410366
R2,N2Vp1q2,D16,4,8.56,0.2,17.86137212960842
R2,N2Vp1q2,D16,5,9.64,0.2,17.533461508131236
R2,N2Vp1q2,D16,6,8.04,0.2,18.574187711185868
R2,N2Vp1q2,D16,7,7.8,0.32,19.454255380633114
R2,N2Vp1q2,D16,8,7.16,0.24,19.43234623139385
R2,N2Vp1q2,D16,9,9.12,0.2,17.956317600817098
R2,N2Vp1q2,D2,1,8.48,0.16,17.95695836551774
R2,N2Vp1q2,D2,10,8.28,0.16,18.853432258355454
R2,N2Vp1q2,D2,2,6.36,0.32,21.034211613442963
R2,N2Vp1q2,D2,3,6.72,0.2,20.00031497766554
R2,N2Vp1q2,D2,4,8.72,0.12,17.324504671713655
R2,N2Vp1q2,D2,5,9.28,0.08,17.35904717994394
R2,N2Vp1q2,D2,6,7.08,0.32,19.5919523097274
R2,N2Vp1q2,D2,7,9.68,0.04,16.97893840948159
R2,N2Vp1q2,D2,8,6.48,0.32,20.535827934330904
R2,N2Vp1q2,D2,9,7.88,0.2,19.5316525894073
R2,N2Vp1q2,D4,1,9.48,0.12,16.718823667941038
R2,N2Vp1q2,D4,10,8.64,0.16,17.214473890289028
R2,N2Vp1q2,D4,2,8.0,0.04,18.255586928840053
R2,N2Vp1q2,D4,3,7.24,0.28,18.623890810344918
R2,N2Vp1q2,D4,4,7.84,0.28,19.029168780858317
R2,N2Vp1q2,D4,5,8.76,0.04,18.619680073380994
R2,N2Vp1q2,D4,6,6.24,0.28,20.39752592495457
R2,N2Vp1q2,D4,7,10.2,0.12,16.525979106888517
R2,N2Vp1q2,D4,8,6.36,0.24,21.793359178215795
R2,N2Vp1q2,D4,9,7.36,0.16,20.34297789367498
R2,N2Vp1q2,D8,1,7.72,0.28,19.25129770615758
R2,N2Vp1q2,D8,10,7.24,0.16,19.941879445601263
R2,N2Vp1q2,D8,2,6.08,0.36,20.7484208631549
R2,N2Vp1q2,D8,3,8.56,0.04,18.49057395794318
R2,N2Vp1q2,D8,4,9.36,0.08,17.325326176149737
R2,N2Vp1q2,D8,5,9.84,0.2,17.08629107881122
R2,N2Vp1q2,D8,6,9.04,0.16,17.577270303674148
R2,N2Vp1q2,D8,7,7.0,0.16,20.27035550251717
R2,N2Vp1q2,D8,8,7.88,0.08,19.78451659471915
R2,N2Vp1q2,D8,9,9.12,0.28,17.87828841871141
R2,N2Vp2q0_25,D16,1,7.84,0.2,19.50784138593809
R2,N2Vp2q0_25,D16,10,9.56,0.12,17.09912147876863
R2,N2Vp2q0_25,D16,2,7.92,0.08,18.971702697079927
R2,N2Vp2q0_25,D16,3,7.96,0.16,19.21475003340599
R2,N2Vp2q0_25,D16,4,8.12,0.12,18.899369749194545
R2,N2Vp2q0_25,D16,5,8.84,0.12,17.816222361228952
R2,N2Vp2q0_25,D16,6,8.64,0.24,17.5536297500576
R2,N2Vp2q0_25,D16,7,10.4,0.08,16.29303665686259
R2,N2Vp2q0_25,D16,8,8.56,0.24,18.056446246598394
R2,N2Vp2q0_25,D16,9,8.56,0.2,18.682564108396495
R2,N2Vp2q0_25,D2,1,7.2,0.28,19.41260892473097
R2,N2Vp2q0_25,D2,10,7.2,0.2,19.660099655877744
R2,N2Vp2q0_25,D2,2,9.28,0.12,17.96017196109364
R2,N2Vp2q0_25,D2,3,7.52,0.24,19.735118893041275
R2,N2Vp2q0_25,D2,4,8.08,0.12,18.06188555419478
R2,N2Vp2q0_25,D2,5,7.2,0.24,19.665730738156636
R2,N2Vp2q0_25,D2,6,7.32,0.24,19.893049979436213
R2,N2Vp2q0_25,D2,7,7.52,0.28,19.374348045508906
R2,N2Vp2q0_25,D2,8,8.08,0.08,18.783367905989007
R2,N2Vp2q0_25,D2,9,8.28,0.16,18.75412359894674
R2,N2Vp2q0_25,D4,1,8.48,0.2,18.728474791916707
R2,N2Vp2q0_25,D4,10,9.8,0.08,16.89506943892153
R2,N2Vp2q0_25,D4,2,8.48,0.24,18.236039312213894
R2,N2Vp2q0_25,D4,3,6.96,0.32,20.464242875093436
R2,N2Vp2q0_25,D4,4,7.96,0.32,19.182515544641923
R2,N2Vp2q0_25,D4,5,7.8,0.2,19.228070638830562
R2,N2Vp2q0_25,D4,6,7.16,0.2,19.31295049009103
R2,N2Vp2q0_25,D4,7,8.2,0.12,19.050807712337413
R2,N2Vp2q0_25,D4,8,9.64,0.24,17.07361052889861
R2,N2Vp2q0_25,D4,9,7.4,0.28,19.433028524710036
R2,N2Vp2q0_25,D8,1,8.56,0.08,18.87611210100659
R2,N2Vp2q0_25,D8,10,8.96,0.16,17.58355226888173
R2,N2Vp2q0_25,D8,2,7.68,0.28,18.77985787550291
R2,N2Vp2q0_25,D8,3,9.0,0.12,17.84345629946848
R2,N2Vp2q0_25,D8,4,8.72,0.08,18.210737867797814
R2,N2Vp2q0_25,D8,5,8.08,0.16,18.30654685824238
R2,N2Vp2q0_25,D8,6,8.92,0.04,18.595177601411677
R2,N2Vp2q0_25,D8,7,6.6,0.2,20.762833761866464
R2,N2Vp2q0_25,D8,8,8.64,0.08,17.989927494899767
R2,N2Vp2q0_25,D8,9,7.04,0.32,19.683939323873684
R2,N2Vp2q0_5,D16,1,7.92,0.16,18.46596044479906
R2,N2Vp2q0_5,D16,10,8.24,0.2,18.55631211060218
R2,N2Vp2q0_5,D16,2,8.48,0.2,17.82277955987685
R2,N2Vp2q0_5,D16,3,7.44,0.12,19.47317345027365
R2,N2Vp2q0_5,D16,4,10.92,0.0,15.200584776903804
R2,N2Vp2q0_5,D16,5,6.92,0.16,20.093374856895128
R2,N2Vp2q0_5,D16,6,9.16,0.08,18.329005115093192
R2,N2Vp2q0_5,D16,7,8.68,0.12,18.426024639609373
R2,N2Vp2q0_5,D16,8,7.16,0.28,19.64229302030735
R2,N2Vp2q0_5,D16,9,7.68,0.16,19.339202272666522
R2,N2Vp2q0_5,D2,1,9.4,0.12,17.730186301651255
R2,N2Vp2q0_5,D2,10,6.52,0.4,21.331107920053277
R2,N2Vp2q0_5,D2,2,7.44,0.16,19.071375477764704
R2,N2Vp2q0_5,D2,3,7.48,0.32,19.029134599488927
R2,N2Vp2q0_5,D2,4,7.88,0.12,19.6729337144539
R2,N2Vp2q0_5,D2,5,8.8,0.24,18.16064581004232
R2,N2Vp2q0_5,D2,6,8.2,0.2,18.801082978743633
R2,N2Vp2q0_5,D2,7,8.72,0.2,17.70318283650047
R2,N2Vp2q0_5,D2,8,6.84,0.2,20.058698533356267
R2,N2Vp2q0_5,D2,9,8.56,0.04,18.59344077634608
R2,N2Vp2q0_5,D4,1,7.44,0.36,19.58316567260691
R2,N2Vp2q0_5,D4,10,7.84,0.28,19.599165047081982
R2,N2Vp2q0_5,D4,2,7.4,0.2,19.174489730770386
R2,N2Vp2q0_5,D4,3,10.64,0.12,16.706339744812254
R2,N2Vp2q0_5,D4,4,7.0,0.32,20.37081200395848
R2,N2Vp2q0_5,D4,5,7.44,0.2,19.709657087057206
R2,N2Vp2q0_5,D4,6,7.6,0.2,20.304151536075764
R2,N2Vp2q0_5,D4,7,9.44,0.12,17.86468917702878
R2,N2Vp2q0_5,D4,8,9.48,0.16,17.322381934292164
R2,N2Vp2q0_5,D4,9,6.04,0.12,21.349842581450936
R2,N2Vp2q0_5,D8,1,7.92,0.16,19.178628142478484
R2,N2Vp2q0_5,D8,10,8.52,0.2,18.18092465721817
R2,N2Vp2q0_5,D8,2,8.64,0.24,19.018802714178683
R2,N2Vp2q0_5,D8,3,7.96,0.08,18.603192494302743
R2,N2Vp2q0_5,D8,4,7.44,0.2,19.594207591605404
R2,N2Vp2q0_5,D8,5,8.2,0.16,18.371538571524198
R2,N2Vp2q0_5,D8,6,8.48,0.2,18.96585157126783
R2,N2Vp2q0_5,D8,7,8.64,0.12,18.804800058394324
R2,N2Vp2q0_5,D8,8,7.44,0.2,19.517045964419435
R2,N2Vp2q0_5,D8,9,7.2,0.2,20.5149043824567
R2,N2Vp2q1,D16,1,7.84,0.36,19.379278985492213
R2,N2Vp2q1,D16,10,8.96,0.2,17.9675758212415
R2,N2Vp2q1,D16,2,7.6,0.28,19.11263270946376
R2,N2Vp2q1,D16,3,5.84,0.28,21.08541831865486
R2,N2Vp2q1,D16,4,7.4,0.12,19.894470591965856
R2,N2Vp2q1,D16,5,7.96,0.28,18.375747719064414
R2,N2Vp2q1,D16,6,8.12,0.28,18.19017498179557
R2,N2Vp2q1,D16,7,7.48,0.2,20.103628973306932
R2,N2Vp2q1,D16,8,7.84,0.2,19.144556230498555
R2,N2Vp2q1,D16,9,7.68,0.12,19.339900494948594
R2,N2Vp2q1,D2,1,6.8,0.16,20.19497480402744
R2,N2Vp2q1,D2,10,6.72,0.24,20.348760484606288
R2,N2Vp2q1,D2,2,7.4,0.12,19.49765144359554
R2,N2Vp2q1,D2,3,7.48,0.16,19.782457677883983
R2,N2Vp2q1,D2,4,8.0,0.24,18.777741287432434
R2,N2Vp2q1,D2,5,8.32,0.2,19.075316055854543
R2,N2Vp2q1,D2,6,8.16,0.16,18.2324422821429
R2,N2Vp2q1,D2,7,7.16,0.32,20.38927422318951
R2,N2Vp2q1,D2,8,9.4,0.24,16.968627247016613
R2,N2Vp2q1,D2,9,8.0,0.24,19.081688738065733
R2,N2Vp2q1,D4,1,8.36,0.08,18.89994201894382
R2,N2Vp2q1,D4,10,7.52,0.16,19.252574926962282
R2,N2Vp2q1,D4,2,7.8,0.16,19.067584374644746
R2,N2Vp2q1,D4,3,10.4,0.08,16.48726078929233
R2,N2Vp2q1,D4,4,10.44,0.04,16.15730759375226
R2,N2Vp2q1,D4,5,8.12,0.12,18.671143753409538
R2,N2Vp2q1,D4,6,10.24,0.08,16.22363750874738
R2,N2Vp2q1,D4,7,8.64,0.28,18.250383929543105
R2,N2Vp2q1,D4,8,7.52,0.2,20.469456898806502
R2,N2Vp2q1,D4,9,7.24,0.2,20.663260677541334
R2,N2Vp2q1,D8,1,7.44,0.16,19.608965214738983
R2,N2Vp2q1,D8,10,7.72,0.28,19.01315044413263
R2,N2Vp2q1,D8,2,7.36,0.36,18.9924013499833
R2,N2Vp2q1,D8,3,7.96,0.16,18.373577207514334
R2,N2Vp2q1,D8,4,8.0,0.16,19.913047851986207
R2,N2Vp2q1,D8,5,9.24,0.12,17.1060525161153
R2,N2Vp2q1,D8,6,8.8,0.12,18.1282431069301
R2,N2Vp2q1,D8,7,7.64,0.12,19.601280634651545
R2,N2Vp2q1,D8,8,7.72,0.24,19.052247714123883
R2,N2Vp2q1,D8,9,7.56,0.12,19.71228908653791
R2,N2Vp2q2,D16,1,8.8,0.28,18.295950487161985
R2,N2Vp2q2,D16,10,7.08,0.0,19.429279592881066
R2,N2Vp2q2,D16,2,8.24,0.16,18.13346061439009
R2,N2Vp2q2,D16,3,8.44,0.2,18.606398530822158
R2,N2Vp2q2,D16,4,8.68,0.08,17.94754817460098
R2,N2Vp2q2,D16,5,10.16,0.16,16.212056695801365
R2,N2Vp2q2,D16,6,8.04,0.2,19.387471727679483
R2,N2Vp2q2,D16,7,9.12,0.12,16.997726988575703
R2,N2Vp2q2,D16,8,5.48,0.4,22.337404500805842
R2,N2Vp2q2,D16,9,8.48,0.24,18.786245567394797
R2,N2Vp2q2,D2,1,7.92,0.16,19.623219170416593
R2,N2Vp2q2,D2,10,7.0,0.2,19.970549156983896
R2,N2Vp2q2,D2,2,7.2,0.28,19.130967749756472
R2,N2Vp2q2,D2,3,9.56,0.04,16.885712324872603
R2,N2Vp2q2,D2,4,9.0,0.16,17.798132947219468
R2,N2Vp2q2,D2,5,6.96,0.32,19.0813295447989
R2,N2Vp2q2,D2,6,9.2,0.08,17.329291846069726
R2,N2Vp2q2,D2,7,7.52,0.12,19.529264934227132
R2,N2Vp2q2,D2,8,8.4,0.16,18.58091380601875
R2,N2Vp2q2,D2,9,7.6,0.2,19.31263296020544
R2,N2Vp2q2,D4,1,9.16,0.2,18.200694378628636
R2,N2Vp2q2,D4,10,8.0,0.16,18.7031200826452
R2,N2Vp2q2,D4,2,9.36,0.04,17.31389552596288
R2,N2Vp2q2,D4,3,6.4,0.28,21.140953985212317
R2,N2Vp2q2,D4,4,6.6,0.28,21.353869521931873
R2,N2Vp2q2,D4,5,8.12,0.32,18.75428995925321
R2,N2Vp2q2,D4,6,9.32,0.12,18.467866758386034
R2,N2Vp2q2,D4,7,9.08,0.08,17.291513479872282
R2,N2Vp2q2,D4,8,7.92,0.16,18.546600082709734
R2,N2Vp2q2,D4,9,8.84,0.16,18.212115685359958
R2,N2Vp2q2,D8,1,6.72,0.2,20.47440632157298
R2,N2Vp2q2,D8,10,7.84,0.16,17.82127577742275
R2,N2Vp2q2,D8,2,6.2,0.2,21.142710852857082
R2,N2Vp2q2,D8,3,7.36,0.2,19.182437442137356
R2,N2Vp2q2,D8,4,9.0,0.08,18.544940042794433
R2,N2Vp2q2,D8,5,7.0,0.24,20.54933471145055
R2,N2Vp2q2,D8,6,7.12,0.28,20.159714404363548
R2,N2Vp2q2,D8,7,6.36,0.24,21.34868499834098
R2,N2Vp2q2,D8,8,8.92,0.12,17.635565522912785
R2,N2Vp2q2,D8,9,6.68,0.24,20.307144513629613
R2,RWD,D16,1,7.08,0.16,19.838524857287656
R2,RWD,D16,10,7.04,0.24,19.708800086252374
R2,RWD,D16,2,9.16,0.04,17.920522877184837
R2,RWD,D16,3,8.68,0.04,18.326729559932772
R2,RWD,D16,4,7.2,0.04,19.61621418924404
R2,RWD,D16,5,9.2,0.16,18.025216732315915
R2,RWD,D16,6,9.36,0.04,17.231568887882844
R2,RWD,D16,7,8.76,0.04,18.163637314934718
R2,RWD,D16,8,8.2,0.04,18.639592567265655
R2,RWD,D16,9,8.36,0.12,18.787467560332953
R2,RWD,D2,1,8.24,0.12,18.99788198754245
R2,RWD,D2,10,9.44,0.12,17.24670512207808
R2,RWD,D2,2,10.48,0.12,15.175148514667697
R2,RWD,D2,3,8.0,0.2,19.095739535269953
R2,RWD,D2,4,7.64,0.16,18.959542089038848
R2,RWD,D2,5,9.64,0.16,17.01486658548364
R2,RWD,D2,6,7.88,0.12,19.258519994923386
R2,RWD,D2,7,7.32,0.16,19.644717091399897
R2,RWD,D2,8,7.68,0.16,18.97166595147364
R2,RWD,D2,9,9.52,0.08,16.933779940929323
R2,RWD,D4,1,7.64,0.2,19.40621483744829
R2,RWD,D4,10,7.44,0.12,19.26011809627744
R2,RWD,D4,2,6.72,0.24,19.884484355859964
R2,RWD,D4,3,8.04,0.12,18.958687193401722
R2,RWD,D4,4,8.76,0.12,18.232902926069595
R2,RWD,D4,5,8.16,0.16,18.334890575932885
R2,RWD,D4,6,7.8,0.16,19.30536954483883
R2,RWD,D4,7,7.52,0.2,19.61282823654393
R2,RWD,D4,8,8.24,0.2,18.388282802502125
R2,RWD,D4,9,8.2,0.24,18.749393802239364
R2,RWD,D8,1,7.16,0.16,19.91917484174441
R2,RWD,D8,10,6.56,0.36,20.373099807513306
R2,RWD,D8,2,8.36,0.24,18.284982488700678
R2,RWD,D8,3,7.68,0.28,19.09754132360022
R2,RWD,D8,4,8.56,0.08,18.66045953441038
R2,RWD,D8,5,7.44,0.24,19.62127030081765
R2,RWD,D8,6,7.84,0.16,19.552537064992713
R2,RWD,D8,7,7.08,0.28,19.78166039940016
R2,RWD,D8,8,8.16,0.12,18.798545730210535
R2,RWD,D8,9,6.8,0.28,20.432489410413112
R2,RWI,D16,1,8.6,0.28,17.753594887475096
R2,RWI,D16,10,8.48,0.16,18.394194602604326
R2,RWI,D16,2,8.88,0.16,17.63907907830079
R2,RWI,D16,3,8.72,0.16,17.175253260384828
R2,RWI,D16,4,8.32,0.16,18.514300794729774
R2,RWI,D16,5,8.88,0.12,17.88065311601058
R2,RWI,D16,6,11.56,0.08,14.839848752208006
R2,RWI,D16,7,8.36,0.16,18.867865189932527
R2,RWI,D16,8,7.92,0.04,18.80385431784085
R2,RWI,D16,9,7.92,0.16,18.358284465044004
R2,RWI,D2,1,7.48,0.24,19.725588643052355
R2,RWI,D2,10,9.32,0.16,17.409772947869754
R2,RWI,D2,2,8.44,0.2,17.717797728346998
R2,RWI,D2,3,6.36,0.12,20.649534406471016
R2,RWI,D2,4,8.2,0.16,18.65599553233197
R2,RWI,D2,5,7.72,0.24,19.862730244207974
R2,RWI,D2,6,8.8,0.2,18.026163848436077
R2,RWI,D2,7,7.32,0.2,20.36699505924477
R2,RWI,D2,8,8.2,0.16,18.944333646694947
R2,RWI,D2,9,9.24,0.12,17.09007194541735
R2,RWI,D4,1,9.6,0.2,16.540560092744773
R2,RWI,D4,10,7.84,0.28,19.067575253903367
R2,RWI,D4,2,9.28,0.12,17.866506948915927
R2,RWI,D4,3,9.36,0.16,17.36856558263155
R2,RWI,D4,4,9.16,0.16,17.655567329720128
R2,RWI,D4,5,7.44,0.2,19.31086695574351
R2,RWI,D4,6,7.08,0.24,19.43694066636865
R2,RWI,D4,7,8.88,0.24,18.296972394493288
R2,RWI,D4,8,8.96,0.12,17.93766141600817
R2,RWI,D4,9,8.6,0.2,18.054218081709674
R2,RWI,D8,1,7.72,0.2,18.98463741022701
R2,RWI,D8,10,7.12,0.16,19.759449482209167
R2,RWI,D8,2,12.12,0.08,13.890310977519503
R2,RWI,D8,3,9.0,0.16,17.671250862209178
R2,RWI,D8,4,7.56,0.16,19.31547983776635
R2,RWI,D8,5,7.12,0.28,20.080414538690324
R2,RWI,D8,6,7.8,0.2,18.905469174379906
R2,RWI,D8,7,8.68,0.2,17.719146494729422
R2,RWI,D8,8,8.52,0.16,18.7053106623495
R2,RWI,D8,9,7.72,0.08,19.94643794857533
R2,RW,D16,1,8.48,0.2,18.73507231971649
R2,RW,D16,10,6.08,0.16,21.033838680323633
R2,RW,D16,2,6.96,0.28,20.229934135283283
R2,RW,D16,3,8.6,0.12,18.4965238048746
R2,RW,D16,4,7.92,0.32,20.01102285391686
R2,RW,D16,5,8.36,0.2,18.40129822896781
R2,RW,D16,6,7.08,0.32,20.29757968025257
R2,RW,D16,7,9.0,0.2,17.24338536936395
R2,RW,D16,8,6.6,0.28,20.34378408967746
R2,RW,D16,9,6.44,0.28,20.048932320816867
R2,RW,D2,1,10.36,0.08,15.936938257343161
R2,RW,D2,10,8.28,0.24,18.98268398666226
R2,RW,D2,2,8.92,0.2,18.74164226608039
R2,RW,D2,3,8.04,0.2,19.482361703055
R2,RW,D2,4,7.16,0.32,20.7029866415948
R2,RW,D2,5,9.96,0.16,15.818083210635525
R2,RW,D2,6,8.96,0.2,18.54459703909096
R2,RW,D2,7,8.4,0.24,17.882875240100148
R2,RW,D2,8,7.64,0.12,19.04925288776363
R2,RW,D2,9,6.76,0.24,20.484807286518357
R2,RW,D4,1,8.96,0.12,18.61637937906251
R2,RW,D4,10,10.08,0.12,16.872913207191843
R2,RW,D4,2,10.48,0.08,15.84102647902693
R2,RW,D4,3,7.44,0.16,19.5065500843948
R2,RW,D4,4,8.32,0.16,18.275531034789257
R2,RW,D4,5,7.16,0.32,20.449115836234697
R2,RW,D4,6,9.76,0.08,17.24359046912348
R2,RW,D4,7,6.4,0.36,20.914890636530767
R2,RW,D4,8,9.4,0.08,18.022519226044484
R2,RW,D4,9,8.36,0.16,18.706540730135103
R2,RW,D8,1,8.44,0.12,17.98467895321633
R2,RW,D8,10,9.88,0.0,16.83446789482902
R2,RW,D8,2,8.72,0.16,18.272024877657074
R2,RW,D8,3,8.68,0.12,17.90755203739008
R2,RW,D8,4,7.96,0.2,19.884175159361668
R2,RW,D8,5,10.56,0.08,15.576022173079473
R2,RW,D8,6,7.84,0.08,19.435943415821736
R2,RW,D8,7,7.32,0.24,19.383845401856767
R2,RW,D8,8,9.28,0.08,17.46932777906986
R2,RW,D8,9,8.44,0.12,18.416088872303213
R2,SP,D16,1,14.72,0.0,10.98137013325166
R2,SP,D16,10,14.32,0.0,11.646439978124425
R2,SP,D16,2,13.56,0.0,12.064083556803942
R2,SP,D16,3,14.36,0.0,11.196999249702943
R2,SP,D16,4,14.12,0.0,11.87970604464963
R2,SP,D16,5,13.28,0.0,12.803168653108225
R2,SP,D16,6,13.16,0.0,12.813550994111463
R2,SP,D16,7,13.8,0.0,11.737519411700477
R2,SP,D16,8,14.96,0.0,10.491926581343183
R2,SP,D16,9,15.72,0.0,9.846310605367192
R2,SP,D2,1,12.16,0.12,13.861814180121028
R2,SP,D2,10,13.64,0.12,12.151581733189815
R2,SP,D2,2,14.2,0.0,11.438654998466415
R2,SP,D2,3,11.64,0.04,14.321897436672334
R2,SP,D2,4,13.84,0.04,12.278723267186292
R2,SP,D2,5,13.0,0.0,13.205971895103819
R2,SP,D2,6,13.6,0.04,12.576832050409882
R2,SP,D2,7,13.52,0.04,12.101296633351046
R2,SP,D2,8,12.0,0.08,14.087940427859444
R2,SP,D2,9,12.84,0.08,12.57213106328792
R2,SP,D4,1,14.12,0.0,12.025355938469644
R2,SP,D4,10,13.36,0.0,12.582533005277055
R2,SP,D4,2,12.92,0.0,13.181506221627192
R2,SP,D4,3,13.4,0.0,13.081399315903898
R2,SP,D4,4,13.84,0.0,12.241544299284303
R2,SP,D4,5,12.92,0.0,13.099154895560526
R2,SP,D4,6,12.64,0.0,13.504770000394988
R2,SP,D4,7,14.16,0.0,12.394412567001677
R2,SP,D4,8,14.48,0.0,11.446586955380997
R2,SP,D4,9,13.84,0.0,12.91902417323019
R2,SP,D8,1,14.4,0.0,11.393449255779508
R2,SP,D8,10,12.72,0.0,13.477789909398242
R2,SP,D8,2,12.04,0.04,14.157239392924266
R2,SP,D8,3,12.48,0.0,13.58238827828225
R2,SP,D8,4,12.96,0.0,13.314705146784046
R2,SP,D8,5,13.4,0.0,13.01279973296837
R2,SP,D8,6,12.68,0.0,13.362336305748132
R2,SP,D8,7,13.28,0.0,12.676489286510527
R2,SP,D8,8,13.28,0.0,13.048923438934962
R2,SP,D8,9,12.92,0.0,13.083488425034302
R3,CR,D16,1,12.88,0.0,13.299927374142532
R3,CR,D16,10,11.44,0.04,14.724812074021695
R3,CR,D16,2,10.6,0.0,16.29264431795697
R3,CR,D16,3,12.68,0.0,13.230524070881016
R3,CR,D16,4,12.44,0.0,13.663307521850461
R3,CR,D16,5,11.8,0.0,14.382781684813331
R3,CR,D16,6,12.44,0.0,13.992701061918515
R3,CR,D16,7,13.36,0.0,12.665192937721704
R3,CR,D16,8,12.48,0.0,13.968322710546111
R3,CR,D16,9,10.2,0.0,16.67000439354004
R3,CR,D2,1,17.32,0.0,7.799376994930766
R3,CR,D2,10,17.8,0.0,7.665138185294756
R3,CR,D2,2,18.2,0.0,7.042635068083419
R3,CR,D2,3,18.0,0.0,7.33747562511268
R3,CR,D2,4,18.08,0.0,6.976930383419614
R3,CR,D2,5,18.16,0.0,7.185123367045288
R3,CR,D2,6,19.0,0.0,6.070997113518318
R3,CR,D2,7,17.76,0.0,7.746084288756855
R3,CR,D2,8,18.32,0.0,6.733947792696214
R3,CR,D2,9,17.8,0.0,7.4367186259891955
R3,CR,D4,1,16.4,0.0,9.208927419776124
R3,CR,D4,10,16.52,0.0,9.563808311488758
R3,CR,D4,2,16.96,0.0,8.501649971541168
R3,CR,D4,3,17.56,0.0,7.4930421170883985
R3,CR,D4,4,16.32,0.0,9.335128720436632
R3,CR,D4,5,16.24,0.0,9.532159926826623
R3,CR,D4,6,17.28,0.0,7.822495479024594
R3,CR,D4,7,17.64,0.0,7.750134051579985
R3,CR,D4,8,16.76,0.0,8.960273927632967
R3,CR,D4,9,17.28,0.0,8.389788973649393
R3,CR,D8,1,15.12,0.0,10.237175112137491
R3,CR,D8,10,14.28,0.0,11.403604786266737
R3,CR,D8,2,12.92,0.0,13.667397677663894
R3,CR,D8,3,13.76,0.0,12.343911418323934
R3,CR,D8,4,13.12,0.0,12.94908476298832
R3,CR,D8,5,14.84,0.0,11.029997673607273
R3,CR,D8,6,12.88,0.0,13.562158886398121
R3,CR,D8,7,13.16,0.0,12.954068582200025
R3,CR,D8,8,12.68,0.0,13.454820789091073
R3,CR,D8,9,14.16,0.0,11.739452423397948
R3,N2Vp0_25q0_25,D16,1,7.52,0.32,19.30649126530519
R3,N2Vp0_25q0_25,D16,10,6.44,0.16,21.744647882198784
R3,N2Vp0_25q0_25,D16,2,7.56,0.16,20.19124075043398
R3,N2Vp0_25q0_25,D16,3,6.92,0.24,20.234332383618028
R3,N2Vp0_25q0_25,D16,4,7.56,0.04,19.548143957981075
R3,N2Vp0_25q0_25,D16,5,7.8,0.24,19.18099101310448
R3,N2Vp0_25q0_25,D16,6,7.56,0.08,19.937802370680867
R3,N2Vp0_25q0_25,D16,7,8.52,0.16,19.21654194511406
R3,N2Vp0_25q0_25,D16,8,7.68,0.2,18.925887361406527
R3,N2Vp0_25q0_25,D16,9,8.2,0.16,18.73540285731185
R3,N2Vp0_25q0_25,D2,1,9.16,0.08,17.400026767019884
R3,N2Vp0_25q0_25,D2,10,8.28,0.2,17.83048001602143
R3,N2Vp0_25q0_25,D2,2,11.28,0.12,14.898787606356873
R3,N2Vp0_25q0_25,D2,3,12.08,0.08,13.541599163338697
R3,N2Vp0_25q0_25,D2,4,9.88,0.16,16.5249048868698
R3,N2Vp0_25q0_25,D2,5,10.0,0.16,16.235041453409536
R3,N2Vp0_25q0_25,D2,6,10.04,0.16,16.233153078399127
R3,N2Vp0_25q0_25,D2,7,10.16,0.16,16.289405975621566
R3,N2Vp0_25q0_25,D2,8,10.48,0.12,15.482493279001392
R3,N2Vp0_25q0_25,D2,9,9.68,0.08,16.52367373496675
R3,N2Vp0_25q0_25,D4,1,7.8,0.2,18.887849060759596
R3,N2Vp0_25q0_25,D4,10,9.16,0.16,18.178529795894665
R3,N2Vp0_25q0_25,D4,2,8.36,0.28,18.53370396469842
R3,N2Vp0_25q0_25,D4,3,7.28,0.04,20.346073793280134
R3,N2Vp0_25q0_25,D4,4,9.24,0.08,18.258879257227267
R3,N2Vp0_25q0_25,D4,5,9.12,0.08,17.770664228980543
R3,N2Vp0_25q0_25,D4,6,8.48,0.08,17.709321990835758
R3,N2Vp0_25q0_25,D4,7,6.96,0.16,20.354243538339222
R3,N2Vp0_25q0_25,D4,8,9.28,0.08,17.989549653928304
R3,N2Vp0_25q0_25,D4,9,8.52,0.08,18.381203437892268
R3,N2Vp0_25q0_25,D8,1,7.76,0.16,19.501425624610196
R3,N2Vp0_25q0_25,D8,10,8.56,0.24,18.57476670598694
R3,N2Vp0_25q0_25,D8,2,8.72,0.0,18.03072073815727
R3,N2Vp0_25q0_25,D8,3,8.68,0.0,18.889448961559207
R3,N2Vp0_25q0_25,D8,4,8.04,0.08,19.499583734672754
R3,N2Vp0_25q0_25,D8,5,7.28,0.12,20.313888632166023
R3,N2Vp0_25q0_25,D8,6,8.88,0.16,18.270410770652717
R3,N2Vp0_25q0_25,D8,7,8.4,0.12,18.474714871725723
R3,N2Vp0_25q0_25,D8,8,8.76,0.04,18.280401012883928
R3,N2Vp0_25q0_25,D8,9,8.04,0.16,19.183314891784843
R3,N2Vp0_25q0_5,D16,1,8.32,0.08,18.195250007120606
R3,N2Vp0_25q0_5,D16,10,7.36,0.2,19.929708619471555
R3,N2Vp0_25q0_5,D16,2,7.48,0.16,19.783627193452684
R3,N2Vp0_25q0_5,D16,3,7.88,0.16,19.52735614687821
R3,N2Vp0_25q0_5,D16,4,8.44,0.2,18.41850171169201
R3,N2Vp0_25q0_5,D16,5,8.96,0.08,18.118682523494957
R3,N2Vp0_25q0_5,D16,6,9.16,0.16,18.14779811164825
R3,N2Vp0_25q0_5,D16,7,5.76,0.2,22.24571269029413
R3,N2Vp0_25q0_5,D16,8,7.04,0.16,19.71030325172558
R3,N2Vp0_25q0_5,D16,9,9.88,0.16,17.45295851303147
R3,N2Vp0_25q0_5,D2,1,8.36,0.28,18.298128837702965
R3,N2Vp0_25q0_5,D2,10,10.44,0.08,16.82101579334818
R3,N2Vp0_25q0_5,D2,2,8.04,0.2,19.21870519922121
R3,N2Vp0_25q0_5,D2,3,9.4,0.12,17.25362714825984
R3,N2Vp0_25q0_5,D2,4,11.84,0.0,13.787825195050242
R3,N2Vp0_25q0_5,D2,5,10.56,0.04,15.288376054136895
R3,N2Vp0_25q0_5,D2,6,7.4,0.2,18.919270866738483
R3,N2Vp0_25q0_5,D2,7,11.76,0.04,14.461089283500009
R3,N2Vp0_25q0_5,D2,8,9.32,0.12,18.011333023659727
R3,N2Vp0_25q0_5,D2,9,11.6,0.04,14.87542096487021
R3,N2Vp0_25q0_5,D4,1,7.08,0.12,20.62552570296828
R3,N2Vp0_25q0_5,D4,10,10.72,0.08,16.39363699970569
R3,N2Vp0_25q0_5,D4,2,8.76,0.16,18.38409371033715
R3,N2Vp0_25q0_5,D4,3,10.28,0.08,16.72790310213321
R3,N2Vp0_25q0_5,D4,4,7.08,0.24,20.26039718714268
R3,N2Vp0_25q0_5,D4,5,9.72,0.12,16.951836351751368
R3,N2Vp0_25q0_5,D4,6,9.76,0.08,16.698007516379477
R3,N2Vp0_25q0_5,D4,7,7.8,0.2,19.863464986563073
R3,N2Vp0_25q0_5,D4,8,8.16,0.08,18.633909954995918
R3,N2Vp0_25q0_5,D4,9,8.8,0.08,17.919697379018928
R3,N2Vp0_25q0_5,D8,1,10.92,0.04,15.681032316102694
R3,N2Vp0_25q0_5,D8,10,7.08,0.2,20.16046568083253
R3,N2Vp0_25q0_5,D8,2,8.36,0.2,18.997212487250525
R3,N2Vp0_25q0_5,D8,3,8.96,0.12,17.752940100462375
R3,N2Vp0_25q0_5,D8,4,8.28,0.12,19.000848336982255
R3,N2Vp0_25q0_5,D8,5,8.4,0.04,19.566923947448082
R3,N2Vp0_25q0_5,D8,6,8.16,0.04,18.492960417514333
R3,N2Vp0_25q0_5,D8,7,8.88,0.12,17.994347532803854
R3,N2Vp0_25q0_5,D8,8,8.12,0.08,20.020125616957852
R3,N2Vp0_25q0_5,D8,9,8.32,0.2,18.263816600755202
R3,N2Vp0_25q1,D16,1,8.72,0.12,18.126151785488013
R3,N2Vp0_25q1,D16,10,7.6,0.2,19.233531201298085
R3,N2Vp0_25q1,D16,2,8.96,0.24,18.23342660507823
R3,N2Vp0_25q1,D16,3,6.76,0.32,20.98233969981878
R3,N2Vp0_25q1,D16,4,8.52,0.2,18.381419360806753
R3,N2Vp0_25q1,D16,5,9.44,0.12,16.834988844392047
R3,N2Vp0_25q1,D16,6,9.36,0.16,16.86074094174423
R3,N2Vp0_25q1,D16,7,10.12,0.12,16.580917427703778
R3,N2Vp0_25q1,D16,8,8.2,0.16,19.414108189996345
R3,N2Vp0_25q1,D16,9,9.56,0.16,17.160903689227993
R3,N2Vp0_25q1,D2,1,10.0,0.16,15.909924376616367
R3,N2Vp0_25q1,D2,10,11.44,0.12,14.527115011940666
R3,N2Vp0_25q1,D2,2,9.2,0.08,17.15862624005314
R3,N2Vp0_25q1,D2,3,10.6,0.12,15.510539070367464
R3,N2Vp0_25q1,D2,4,9.6,0.16,16.990230467257508
R3,N2Vp0_25q1,D2,5,11.28,0.0,14.939079483658343
R3,N2Vp0_25q1,D2,6,9.48,0.12,16.70447591847034
R3,N2Vp0_25q1,D2,7,10.52,0.08,16.139159748875777
R3,N2Vp0_25q1,D2,8,12.04,0.08,13.567149208060545
R3,N2Vp0_25q1,D2,9,10.76,0.12,15.604931107416498
R3,N2Vp0_25q1,D4,1,9.48,0.08,17.507585679835685
R3,N2Vp0_25q1,D4,10,6.16,0.32,21.468172877915077
R3,N2Vp0_25q1,D4,2,8.04,0.08,19.385573324500477
R3,N2Vp0_25q1,D4,3,9.8,0.0,16.840994065016943
R3,N2Vp0_25q1,D4,4,9.2,0.08,17.30874806275332
R3,N2Vp0_25q1,D4,5,10.56,0.08,16.578789759062303
R3,N2Vp0_25q1,D4,6,9.4,0.08,17.379687949550462
R3,N2Vp0_25q1,D4,7,7.96,0.04,19.116457131952387
R3,N2Vp0_25q1,D4,8,9.4,0.12,17.232487576714572
R3,N2Vp0_25q1,D4,9,9.52,0.08,17.1346858887687
R3,N2Vp0_25q1,D8,1,7.16,0.08,19.914559919342988
R3,N2Vp0_25q1,D8,10,7.88,0.12,19.262344743044867
R3,N2Vp0_25q1,D8,2,8.52,0.12,18.170040309338034
R3,N2Vp0_25q1,D8,3,6.84,0.12,20.337136665777297
R3,N2Vp0_25q1,D8,4,6.72,0.2,20.22899829808225
R3,N2Vp0_25q1,D8,5,7.76,0.12,18.709577576478424
R3,N2Vp0_25q1,D8,6,9.0,0.12,17.637119795726534
R3,N2Vp0_25q1,D8,7,8.16,0.12,18.553940502691812
R3,N2Vp0_25q1,D8,8,9.04,0.16,18.066825330315044
R3,N2Vp0_25q1,D8,9,7.08,0.28,20.043508450169476
R3,N2Vp0_25q2,D16,1,10.2,0.08,16.618283141010696
R3,N2Vp0_25q2,D16,10,7.0,0.16,19.657579843544255
R3,N2Vp0_25q2,D16,2,8.24,0.16,18.384067305697048
R3,N2Vp0_25q2,D16,3,6.24,0.44,20.893880810821603
R3,N2Vp0_25q2,D16,4,7.04,0.2,20.307822437627305
R3,N2Vp0_25q2,D16,5,9.16,0.12,16.87126582463584
R3,N2Vp0_25q2,D16,6,6.4,0.28,20.888076031877134
R3,N2Vp0_25q2,D16,7,7.36,0.12,19.053753971453467
R3,N2Vp0_25q2,D16,8,7.76,0.16,19.354604819092145
R3,N2Vp0_25q2,D16,9,10.8,0.04,15.845949183672655
R3,N2Vp0_25q2,D2,1,10.12,0.16,16.47166973683948
R3,N2Vp0_25q2,D2,10,8.72,0.04,18.160875939410815
R3,N2Vp0_25q2,D2,2,11.52,0.12,14.407650546825643
R3,N2Vp0_25q2,D2,3,9.2,0.12,17.27814538948772
R3,N2Vp0_25q2,D2,4,8.12,0.2,19.216118733177424
R3,N2Vp0_25q2,D2,5,11.28,0.08,14.776457431504861
R3,N2Vp0_25q2,D2,6,10.52,0.08,15.588534057152183
R3,N2Vp0_25q2,D2,7,6.72,0.16,20.257483001313428
R3,N2Vp0_25q2,D2,8,10.4,0.16,16.181114591097508
R3,N2Vp0_25q2,D2,9,10.16,0.2,16.120583514444643
R3,N2Vp0_25q2,D4,1,7.8,0.16,19.623601774953073
R3,N2Vp0_25q2,D4,10,9.96,0.12,17.120208213504743
R3,N2Vp0_25q2,D4,2,9.32,0.28,17.955678820353413
R3,N2Vp0_25q2,D4,3,8.72,0.12,18.17298926858419
R3,N2Vp0_25q2,D4,4,10.52,0.08,16.377398533645728
R3,N2Vp0_25q2,D4,5,8.48,0.2,18.57159706068013
R3,N2Vp0_25q2,D4,6,8.16,0.12,19.089865390765773
R3,N2Vp0_25q2,D4,7,9.2,0.12,17.488844313798552
R3,N2Vp0_25q2,D4,8,8.52,0.12,17.91752309641295
R3,N2Vp0_25q2,D4,9,8.44,0.16,18.350391934663737
R3,N2Vp0_25q2,D8,1,6.8,0.2,20.7228755240582
R3,N2Vp0_25q2,D8,10,8.36,0.08,18.540053831767338
R3,N2Vp0_25q2,D8,2,8.92,0.12,17.88179220440773
R3,N2Vp0_25q2,D8,3,8.52,0.04,18.528445134345983
R3,N2Vp0_25q2,D8,4,9.88,0.08,17.036041304553933
R3,N2Vp0_25q2,D8,5,8.24,0.16,18.78106363027389
R3,N2Vp0_25q2,D8,6,8.64,0.08,18.691957003801644
R3,N2Vp0_25q2,D8,7,7.12,0.2,19.991152478306567
R3,N2Vp0_25q2,D8,8,6.72,0.08,21.08766492426589
R3,N2Vp0_25q2,D8,9,7.88,0.2,19.6420452370824
R3,N2Vp0_5q0_25,D16,1,7.96,0.12,18.66557810527583
R3,N2Vp0_5q0_25,D16,10,7.6,0.08,18.762649772989803
R3,N2Vp0_5q0_25,D16,2,6.24,0.28,20.77039242400802
R3,N2Vp0_5q0_25,D16,3,6.48,0.16,20.574237498422345
R3,N2Vp0_5q0_25,D16,4,6.88,0.16,20.314597851387997
R3,N2Vp0_5q0_25,D16,5,5.72,0.2,22.445365500989116
R3,N2Vp0_5q0_25,D16,6,7.8,0.12,20.01618511251903
R3,N2Vp0_5q0_25,D16,7,6.44,0.28,20.877951270559155
R3,N2Vp0_5q0_25,D16,8,7.28,0.08,20.21328687517946
R3,N2Vp0_5q0_25,D16,9,7.2,0.16,20.02264912401894
R3,N2Vp0_5q0_25,D2,1,10.28,0.08,16.559117660422842
R3,N2Vp0_5q0_25,D2,10,7.32,0.08,19.138433896840816
R3,N2Vp0_5q0_25,D2,2,11.56,0.04,13.933345477789421
R3,N2Vp0_5q0_25,D2,3,12.16,0.04,14.640105705563547
R3,N2Vp0_5q0_25,D2,4,10.48,0.08,16.23743492334737
R3,N2Vp0_5q0_25,D2,5,9.72,0.04,16.380878638247594
R3,N2Vp0_5q0_25,D2,6,10.24,0.16,16.310917791560545
R3,N2Vp0_5q0_25,D2,7,9.32,0.08,17.113853724695247
R3,N2Vp0_5q0_25,D2,8,10.76,0.08,15.45623730185925
R3,N2Vp0_5q0_25,D2,9,7.6,0.24,19.745948249712622
R3,N2Vp0_5q0_25,D4,1,9.36,0.04,17.00511655323084
R3,N2Vp0_5q0_25,D4,10,7.36,0.12,20.425512594057274
R3,N2Vp0_5q0_25,D4,2,8.36,0.08,17.992079989348156
R3,N2Vp0_5q0_25,D4,3,9.32,0.08,17.59954548834904
R3,N2Vp0_5q0_25,D4,4,8.96,0.08,18.141927398811504
R3,N2Vp0_5q0_25,D4,5,10.16,0.0,16.564677208914336
R3,N2Vp0_5q0_25,D4,6,8.44,0.2,18.774807029661982
R3,N2Vp0_5q0_25,D4,7,7.84,0.24,18.99268568178674
R3,N2Vp0_5q0_25,D4,8,8.6,0.12,18.45695155172932
R3,N2Vp0_5q0_25,D4,9,10.24,0.04,16.622908697476657
R3,N2Vp0_5q0_25,D8,1,8.36,0.16,19.17635830192298
R3,N2Vp0_5q0_25,D8,10,8.04,0.16,18.654259605359726
R3,N2Vp0_5q0_25,D8,2,8.64,0.04,18.283186658799956
R3,N2Vp0_5q0_25,D8,3,8.32,0.16,19.608956117601863
R3,N2Vp0_5q0_25,D8,4,8.64,0.08,19.25465684778617
R3,N2Vp0_5q0_25,D8,5,9.52,0.12,17.35392668481341
R3,N2Vp0_5q0_25,D8,6,7.4,0.12,19.565559316405334
R3,N2Vp0_5q0_25,D8,7,8.16,0.16,18.293177408684606
R3,N2Vp0_5q0_25,D8,8,9.0,0.16,18.438440470412694
R3,N2Vp0_5q0_25,D8,9,9.72,0.04,16.988716742364815
R3,N2Vp0_5q0_5,D16,1,6.8,0.28,20.109590992230824
R3,N2Vp0_5q0_5,D16,10,8.12,0.12,19.42014303301921
R3,N2Vp0_5q0_5,D16,2,9.28,0.12,17.45640765528439
R3,N2Vp0_5q0_5,D16,3,8.32,0.08,19.068533289114068
R3,N2Vp0_5q0_5,D16,4,6.48,0.24,20.604422892197245
R3,N2Vp0_5q0_5,D16,5,7.44,0.2,19.364140259030975
R3,N2Vp0_5q0_5,D16,6,8.84,0.04,19.018034191334138
R3,N2Vp0_5q0_5,D16,7,7.44,0.16,19.181234167052207
R3,N2Vp0_5q0_5,D16,8,6.88,0.2,20.005726606705004
R3,N2Vp0_5q0_5,D16,9,10.04,0.12,16.879181375381453
R3,N2Vp0_5q0_5,D2,1,10.6,0.16,15.68476258104648
R3,N2Vp0_5q0_5,D2,10,8.84,0.08,17.937653244409457
R3,N2Vp0_5q0_5,D2,2,5.44,0.28,21.616080506443026
R3,N2Vp0_5q0_5,D2,3,8.76,0.16,18.003149945979157
R3,N2Vp0_5q0_5,D2,4,10.52,0.12,15.944608690219436
R3,N2Vp0_5q0_5,D2,5,9.4,0.16,17.64892696108663
R3,N2Vp0_5q0_5,D2,6,9.44,0.08,17.260651834048367
R3,N2Vp0_5q0_5,D2,7,10.68,0.2,15.780704570263529
R3,N2Vp0_5q0_5,D2,8,10.56,0.12,16.174026213708668
R3,N2Vp0_5q0_5,D2,9,9.88,0.04,16.57988513587667
R3,N2Vp0_5q0_5,D4,1,9.32,0.08,18.16097302680969
R3,N2Vp0_5q0_5,D4,10,7.76,0.16,19.716225137021375
R3,N2Vp0_5q0_5,D4,2,7.84,0.16,19.516852874038637
R3,N2Vp0_5q0_5,D4,3,6.92,0.2,20.29939066666251
R3,N2Vp0_5q0_5,D4,4,8.96,0.16,17.993060459934625
R3,N2Vp0_5q0_5,D4,5,7.12,0.2,19.902851204912178
R3,N2Vp0_5q0_5,D4,6,8.44,0.2,18.863503239766285
R3,N2Vp0_5q0_5,D4,7,9.4,0.12,17.263177041448717
R3,N2Vp0_5q0_5,D4,8,9.68,0.0,16.751891612722392
R3,N2Vp0_5q0_5,D4,9,8.88,0.12,17.58941079973668
R3,N2Vp0_5q0_5,D8,1,7.32,0.16,19.897910631896032
R3,N2Vp0_5q0_5,D8,10,9.24,0.08,17.85422361445011
R3,N2Vp0_5q0_5,D8,2,8.88,0.08,17.795969467401864
R3,N2Vp0_5q0_5,D8,3,6.32,0.12,20.972730193948777
R3,N2Vp0_5q0_5,D8,4,7.12,0.16,19.801611150648327
R3,N2Vp0_5q0_5,D8,5,7.64,0.08,19.584709079413567
R3,N2Vp0_5q0_5,D8,6,4.92,0.24,22.421954824788596
R3,N2Vp0_5q0_5,D8,7,6.4,0.08,21.87533255846227
R3,N2Vp0_5q0_5,D8,8,9.28,0.0,17.36677024891598
R3,N2Vp0_5q0_5,D8,9,9.2,0.16,18.826181882131028
R3,N2Vp0_5q1,D16,1,7.36,0.08,19.933884872425374
R3,N2Vp0_5q1,D16,10,6.4,0.2,19.874105127041467
R3,N2Vp0_5q1,D16,2,7.36,0.24,20.93407372713812
R3,N2Vp0_5q1,D16,3,8.44,0.08,18.054181741375945
R3,N2Vp0_5q1,D16,4,8.72,0.16,17.152479709592413
R3,N2Vp0_5q1,D16,5,9.08,0.16,17.68966033390723
R3,N2Vp0_5q1,D16,6,7.4,0.08,18.963539298956512
R3,N2Vp0_5q1,D16,7,7.56,0.08,19.47821911687821
R3,N2Vp0_5q1,D16,8,6.08,0.24,21.468879906765324
R3,N2Vp0_5q1,D16,9,7.32,0.2,19.371293764397784
R3,N2Vp0_5q1,D2,1,9.44,0.24,16.4421902686141
R3,N2Vp0_5q1,D2,10,9.04,0.12,17.204501254827157
R3,N2Vp0_5q1,D2,2,10.08,0.04,16.68081742350305
R3,N2Vp0_5q1,D2,3,10.16,0.04,16.792831071181304
R3,N2Vp0_5q1,D2,4,9.12,0.16,16.972728062810937
R3,N2Vp0_5q1,D2,5,9.6,0.24,16.30709690458506
R3,N2Vp0_5q1,D2,6,9.56,0.16,17.81004250255609
R3,N2Vp0_5q1,D2,7,8.44,0.08,18.07520844767931
R3,N2Vp0_5q1,D2,8,10.12,0.2,16.51703597096883
R3,N2Vp0_5q1,D2,9,11.08,0.08,15.274875640759342
R3,N2Vp0_5q1,D4,1,7.76,0.16,18.599644400016498
R3,N2Vp0_5q1,D4,10,7.32,0.12,19.809226898086465
R3,N2Vp0_5q1,D4,2,9.36,0.08,17.52999303900884
R3,N2Vp0_5q1,D4,3,8.24,0.08,18.16107716307902
R3,N2Vp0_5q1,D4,4,7.12,0.16,20.391240167129254
R3,N2Vp0_5q1,D4,5,9.24,0.2,17.66078325255648
R3,N2Vp0_5q1,D4,6,8.08,0.28,18.894514627749995
R3,N2Vp0_5q1,D4,7,9.28,0.04,16.96428974632637
R3,N2Vp0_5q1,D4,8,8.76,0.04,18.571905753151306
R3,N2Vp0_5q1,D4,9,8.4,0.16,18.991173646093557
R3,N2Vp0_5q1,D8,1,8.76,0.04,18.172777414508467
R3,N2Vp0_5q1,D8,10,8.52,0.16,19.383874246494333
R3,N2Vp0_5q1,D8,2,7.2,0.12,19.68105448852904
R3,N2Vp0_5q1,D8,3,8.52,0.12,18.201939493031567
R3,N2Vp0_5q1,D8,4,6.4,0.08,20.167304103288014
R3,N2Vp0_5q1,D8,5,9.2,0.0,17.582212697730863
R3,N2Vp0_5q1,D8,6,8.24,0.08,19.500687441729305
R3,N2Vp0_5q1,D8,7,8.36,0.16,18.942303929031098
R3,N2Vp0_5q1,D8,8,5.84,0.12,22.248096027270257
R3,N2Vp0_5q1,D8,9,6.64,0.28,20.3245966581281
R3,N2Vp0_5q2,D16,1,8.4,0.12,18.552785133821807
R3,N2Vp0_5q2,D16,10,7.6,0.36,19.340640064945475
R3,N2Vp0_5q2,D16,2,7.08,0.12,20.13168054562979
R3,N2Vp0_5q2,D16,3,7.96,0.12,17.95032471649114
R3,N2Vp0_5q2,D16,4,6.64,0.24,21.213151887366383
R3,N2Vp0_5q2,D16,5,7.6,0.16,19.61106948196045
R3,N2Vp0_5q2,D16,6,6.8,0.12,20.121410597587175
R3,N2Vp0_5q2,D16,7,7.6,0.24,19.951063520055037
R3,N2Vp0_5q2,D16,8,7.8,0.2,19.551531652574752
R3,N2Vp0_5q2,D16,9,6.16,0.28,21.598471579063208
R3,N2Vp0_5q2,D2,1,9.92,0.08,17.01847066248581
R3,N2Vp0_5q2,D2,10,10.08,0.16,16.598385488738632
R3,N2Vp0_5q2,D2,2,7.76,0.16,18.965729467457326
R3,N2Vp0_5q2,D2,3,8.88,0.2,17.99347192337568
R3,N2Vp0_5q2,D2,4,9.48,0.12,17.5825242259483
R3,N2Vp0_5q2,D2,5,10.92,0.08,15.330613324186306
R3,N2Vp0_5q2,D2,6,9.88,0.04,16.092144354153525
R3,N2Vp0_5q2,D2,7,9.6,0.12,16.8514240681367
R3,N2Vp0_5q2,D2,8,9.52,0.12,16.28687379924543
R3,N2Vp0_5q2,D2,9,9.96,0.16,16.16194562802336
R3,N2Vp0_5q2,D4,1,9.48,0.08,17.039038170075056
R3,N2Vp0_5q2,D4,10,6.88,0.2,20.46215891441779
R3,N2Vp0_5q2,D4,2,7.32,0.2,20.189631384178334
R3,N2Vp0_5q2,D4,3,7.8,0.12,19.77621970620804
R3,N2Vp0_5q2,D4,4,7.6,0.28,19.23453842943708
R3,N2Vp0_5q2,D4,5,8.6,0.08,17.933378559766947
R3,N2Vp0_5q2,D4,6,8.92,0.04,18.057846357696587
R3,N2Vp0_5q2,D4,7,9.08,0.16,18.23591498344548
R3,N2Vp0_5q2,D4,8,9.52,0.04,17.021774873103364
R3,N2Vp0_5q2,D4,9,7.4,0.16,19.3817759064073
R3,N2Vp0_5q2,D8,1,8.56,0.08,18.338599144411454
R3,N2Vp0_5q2,D8,10,7.84,0.08,19.035799859990004
R3,N2Vp0_5q2,D8,2,6.4,0.2,20.88755897640676
R3,N2Vp0_5q2,D8,3,8.8,0.2,17.831841931627334
R3,N2Vp0_5q2,D8,4,7.24,0.12,20.106998209415245
R3,N2Vp0_5q2,D8,5,9.08,0.04,17.56927499054029
R3,N2Vp0_5q2,D8,6,8.8,0.16,18.200192115689987
R3,N2Vp0_5q2,D8,7,6.92,0.2,19.33266782825648
R3,N2Vp0_5q2,D8,8,6.48,0.08,21.284767906964372
R3,N2Vp0_5q2,D8,9,8.6,0.16,18.926710958622508
R3,N2Vp1q0_25,D16,1,8.44,0.2,18.591635180846055
R3,N2Vp1q0_25,D16,10,7.76,0.16,19.503332248274738
R3,N2Vp1q0_25,D16,2,5.96,0.2,21.271025851234636
R3,N2Vp1q0_25,D16,3,6.6,0.2,21.496639682789986
R3,N2Vp1q0_25,D16,4,8.52,0.08,17.872331079034637
R3,N2Vp1q0_25,D16,5,7.6,0.16,19.286488315969304
R3,N2Vp1q0_25,D16,6,7.8,0.08,19.206533158018768
R3,N2Vp1q0_25,D16,7,8.16,0.12,18.825783980343175
R3,N2Vp1q0_25,D16,8,9.04,0.2,17.729217270744222
R3,N2Vp1q0_25,D16,9,5.8,0.28,21.111228314354342
R3,N2Vp1q0_25,D2,1,10.16,0.12,16.854136410282607
R3,N2Vp1q0_25,D2,10,11.96,0.04,13.495003118765597
R3,N2Vp1q0_25,D2,2,10.48,0.08,15.80837643644711
R3,N2Vp1q0_25,D2,3,8.16,0.2,18.57485532591238
R3,N2Vp1q0_25,D2,4,9.0,0.2,17.024834480327737
R3,N2Vp1q0_25,D2,5,11.2,0.04,15.19175297563843
R3,N2Vp1q0_25,D2,6,11.8,0.08,14.266727061011716
R3,N2Vp1q0_25,D2,7,9.6,0.16,17.183581529365522
R3,N2Vp1q0_25,D2,8,11.44,0.04,14.598335214916506
R3,N2Vp1q0_25,D2,9,8.76,0.12,17.545834654787456
R3,N2Vp1q0_25,D4,1,9.32,0.12,17.151586246198423
R3,N2Vp1q0_25,D4,10,7.32,0.08,19.360088097427447
R3,N2Vp1q0_25,D4,2,8.48,0.12,18.50639203141225
R3,N2Vp1q0_25,D4,3,6.76,0.12,20.329519779759615
R3,N2Vp1q0_25,D4,4,6.92,0.24,20.16685856641498
R3,N2Vp1q0_25,D4,5,8.68,0.16,18.038735905510208
R3,N2Vp1q0_25,D4,6,8.92,0.16,18.134197732178226
R3,N2Vp1q0_25,D4,7,10.6,0.08,16.4490129507109
R3,N2Vp1q0_25,D4,8,9.4,0.12,17.83094783379873
R3,N2Vp1q0_25,D4,9,7.56,0.08,19.525463313252718
R3,N2Vp1q0_25,D8,1,6.36,0.16,20.77920751511502
R3,N2Vp1q0_25,D8,10,7.88,0.12,18.858664408535535
R3,N2Vp1q0_25,D8,2,7.64,0.16,19.38671806298724
R3,N2Vp1q0_25,D8,3,8.04,0.16,18.78063902954417
R3,N2Vp1q0_25,D8,4,7.44,0.12,19.362852949783527
R3,N2Vp1q0_25,D8,5,9.4,0.04,17.248959149993944
R3,N2Vp1q0_25,D8,6,8.48,0.08,18.806039643916723
R3,N2Vp1q0_25,D8,7,7.24,0.16,20.16422072074826
R3,N2Vp1q0_25,D8,8,6.68,0.24,20.670072241616957
R3,N2Vp1q0_25,D8,9,8.68,0.16,18.088918100957343
R3,N2Vp1q0_5,D16,1,7.56,0.16,19.44903445783336
R3,N2Vp1q0_5,D16,10,9.92,0.12,17.143738644633913
R3,N2Vp1q0_5,D16,2,9.16,0.08,16.909483325589953
R3,N2Vp1q0_5,D16,3,6.84,0.2,20.294172566809863
R3,N2Vp1q0_5,D16,4,7.96,0.12,19.459295973180176
R3,N2Vp1q0_5,D16,5,9.72,0.08,17.9552335616891
R3,N2Vp1q0_5,D16,6,7.08,0.24,20.403392323560453
R3,N2Vp1q0_5,D16,7,8.48,0.04,18.722314371067558
R3,N2Vp1q0_5,D16,8,5.56,0.16,22.336045964174918
R3,N2Vp1q0_5,D16,9,7.72,0.2,19.51410793813025
R3,N2Vp1q0_5,D2,1,11.56,0.04,15.374597401415057
R3,N2Vp1q0_5,D2,10,11.4,0.08,14.781748119508872
R3,N2Vp1q0_5,D2,2,11.4,0.12,15.233583676575758
R3,N2Vp1q0_5,D2,3,10.16,0.08,16.22552368010681
R3,N2Vp1q0_5,D2,4,11.08,0.04,15.001468022987806
R3,N2Vp1q0_5,D2,5,10.76,0.04,15.748224326108886
R3,N2Vp1q0_5,D2,6,12.48,0.0,13.861194812900099
R3,N2Vp1q0_5,D2,7,9.12,0.2,16.890005685945777
R3,N2Vp1q0_5,D2,8,10.48,0.04,15.207821805613897
R3,N2Vp1q0_5,D2,9,6.56,0.2,21.13623800047732
R3,N2Vp1q0_5,D4,1,9.48,0.16,16.93886979048645
R3,N2Vp1q0_5,D4,10,9.4,0.12,17.640614923224238
R3,N2Vp1q0_5,D4,2,6.72,0.2,19.853609649453325
R3,N2Vp1q0_5,D4,3,9.04,0.04,17.427849401391377
R3,N2Vp1q0_5,D4,4,7.68,0.16,19.39913180123005
R3,N2Vp1q0_5,D4,5,7.64,0.12,19.720051939433876
R3,N2Vp1q0_5,D4,6,9.44,0.12,17.388661375894085
R3,N2Vp1q0_5,D4,7,8.92,0.08,18.376653557497896
R3,N2Vp1q0_5,D4,8,10.16,0.0,16.572252984539478
R3,N2Vp1q0_5,D4,9,8.16,0.12,19.188553167335446
R3,N2Vp1q0_5,D8,1,5.8,0.28,22.11260385421037
R3,N2Vp1q0_5,D8,10,8.24,0.12,18.772176066788983
R3,N2Vp1q0_5,D8,2,8.16,0.04,18.81323879000097
R3,N2Vp1q0_5,D8,3,9.16,0.04,18.404746676128674
R3,N2Vp1q0_5,D8,4,6.24,0.24,21.00834621135273
R3,N2Vp1q0_5,D8,5,7.68,0.08,20.180931616727882
R3,N2Vp1q0_5,D8,6,6.84,0.08,21.00437701730165
R3,N2Vp1q0_5,D8,7,8.92,0.12,19.059780591233896
R3,N2Vp1q0_5,D8,8,7.16,0.16,20.679706356240604
R3,N2Vp1q0_5,D8,9,8.32,0.08,18.140422137193212
R3,N2Vp1q1,D16,1,7.72,0.04,19.8125371250206
R3,N2Vp1q1,D16,10,6.76,0.2,20.71874177790874
R3,N2Vp1q1,D16,2,8.0,0.28,19.484657216496217
R3,N2Vp1q1,D16,3,9.04,0.08,17.55308585559687
R3,N2Vp1q1,D16,4,9.28,0.12,17.728197789205534
R3,N2Vp1q1,D16,5,8.04,0.2,19.159550480004906
R3,N2Vp1q1,D16,6,8.24,0.04,18.601551021382196
R3,N2Vp1q1,D16,7,6.64,0.24,19.99496625417373
R3,N2Vp1q1,D16,8,6.16,0.36,21.645108321361878
R3,N2Vp1q1,D16,9,7.08,0.08,20.31769087534483
R3,N2Vp1q1,D2,1,10.0,0.08,16.313213631262858
R3,N2Vp1q1,D2,10,12.8,0.16,13.995838590806109
R3,N2Vp1q1,D2,2,9.92,0.04,16.36850007306941
R3,N2Vp1q1,D2,3,8.92,0.12,16.9998126064425
R3,N2Vp1q1,D2,4,8.8,0.0,18.095066734368885
R3,N2Vp1q1,D2,5,9.76,0.16,16.3799451744297
R3,N2Vp1q1,D2,6,10.8,0.08,16.372484093519486
R3,N2Vp1q1,D2,7,10.2,0.04,16.292962532158786
R3,N2Vp1q1,D2,8,8.56,0.16,18.438806228637194
R3,N2Vp1q1,D2,9,10.6,0.12,15.215016286029082
R3,N2Vp1q1,D4,1,9.16,0.04,18.22767456746767
R3,N2Vp1q1,D4,10,9.12,0.08,18.02186908401097
R3,N2Vp1q1,D4,2,9.2,0.08,17.745607288890547
R3,N2Vp1q1,D4,3,9.2,0.2,17.342395039559115
R3,N2Vp1q1,D4,4,8.64,0.12,18.032809669651723
R3,N2Vp1q1,D4,5,7.84,0.24,19.120370827731453
R3,N2Vp1q1,D4,6,10.36,0.08,16.484003276205275
R3,N2Vp1q1,D4,7,9.56,0.08,17.36966324883339
R3,N2Vp1q1,D4,8,7.84,0.16,18.985961424147703
R3,N2Vp1q1,D4,9,8.72,0.16,18.52006637182555
R3,N2Vp1q1,D8,1,6.88,0.24,20.38006814660415
R3,N2Vp1q1,D8,10,9.44,0.12,17.49365363337993
R3,N2Vp1q1,D8,2,9.08,0.12,18.01627293173107
R3,N2Vp1q1,D8,3,9.04,0.08,18.156561950335437
R3,N2Vp1q1,D8,4,7.16,0.12,20.20218773506828
R3,N2Vp1q1,D8,5,8.92,0.08,18.384308495715338
R3,N2Vp1q1,D8,6,7.08,0.28,19.66569488501478
R3,N2Vp1q1,D8,7,6.28,0.36,21.32697653609958
R3,N2Vp1q1,D8,8,5.96,0.16,21.411692657203112
R3,N2Vp1q1,D8,9,6.24,0.16,21.578723898872287
R3,N2Vp1q2,D16,1,9.56,0.04,17.242191415121457
R3,N2Vp1q2,D16,10,8.84,0.12,17.947293864014238
R3,N2Vp1q2,D16,2,6.64,0.24,19.662377412869574
R3,N2Vp1q2,D16,3,9.16,0.16,16.78060032683216
R3,N2Vp1q2,D16,4,8.64,0.28,18.13608638099671
R3,N2Vp1q2,D16,5,8.84,0.12,18.103296589114237
R3,N2Vp1q2,D16,6,5.96,0.2,20.81426507972496
R3,N2Vp1q2,D16,7,7.36,0.16,19.486591515442118
R3,N2Vp1q2,D16,8,8.64,0.16,18.932664400159506
R3,N2Vp1q2,D16,9,5.84,0.24,22.388738949908994
R3,N2Vp1q2,D2,1,9.6,0.2,16.576744459734254
R3,N2Vp1q2,D2,10,9.8,0.0,17.666520286036267
R3,N2Vp1q2,D2,2,8.72,0.28,17.697509056000573
R3,N2Vp1q2,D2,3,9.76,0.08,16.73095056756525
R3,N2Vp1q2,D2,4,9.32,0.16,17.597099251521666
R3,N2Vp1q2,D2,5,10.08,0.08,16.65928160885172
R3,N2Vp1q2,D2,6,11.6,0.04,14.481034339321274
R3,N2Vp1q2,D2,7,10.76,0.04,15.518396868221208
R3,N2Vp1q2,D2,8,10.4,0.12,16.303334465683978
R3,N2Vp1q2,D2,9,9.76,0.12,16.936732251221905
R3,N2Vp1q2,D4,1,8.4,0.24,18.696902737528717
R3,N2Vp1q2,D4,10,9.24,0.16,17.663238229354555
R3,N2Vp1q2,D4,2,8.64,0.12,18.24536849472942
R3,N2Vp1q2,D4,3,9.16,0.12,17.420404613238485
R3,N2Vp1q2,D4,4,9.6,0.04,17.142037807262554
R3,N2Vp1q2,D4,5,8.92,0.04,17.90208708670562
R3,N2Vp1q2,D4,6,7.76,0.24,19.584891677661314
R3,N2Vp1q2,D4,7,7.44,0.04,19.473105937712432
R3,N2Vp1q2,D4,8,10.48,0.2,16.04708716240733
R3,N2Vp1q2,D4,9,9.0,0.16,17.57653237478046
R3,N2Vp1q2,D8,1,7.12,0.16,20.93257501180127
R3,N2Vp1q2,D8,10,6.72,0.16,21.07036415368624
R3,N2Vp1q2,D8,2,6.92,0.24,20.03544179218151
R3,N2Vp1q2,D8,3,7.32,0.16,19.540951559845805
R3,N2Vp1q2,D8,4,7.68,0.16,19.94805018756037
R3,N2Vp1q2,D8,5,8.44,0.08,18.623427746632156
R3,N2Vp1q2,D8,6,7.56,0.08,19.2459773689737
R3,N2Vp1q2,D8,7,10.32,0.08,16.443671811100124
R3,N2Vp1q2,D8,8,7.88,0.08,19.400611949406997
R3,N2Vp1q2,D8,9,7.0,0.16,20.079759797742028
R3,N2Vp2q0_25,D16,1,9.48,0.16,17.60254459041773
R3,N2Vp2q0_25,D16,10,7.04,0.16,20.54195548656132
R3,N2Vp2q0_25,D16,2,7.92,0.12,18.649232626026276
R3,N2Vp2q0_25,D16,3,6.4,0.2,20.31728808519455
R3,N2Vp2q0_25,D16,4,7.52,0.08,19.266738430679695
R3,N2Vp2q0_25,D16,5,8.52,0.08,18.657802245004174
R3,N2Vp2q0_25,D16,6,6.0,0.12,20.981448445139417
R3,N2Vp2q0_25,D16,7,7.48,0.16,19.58353840025684
R3,N2Vp2q0_25,D16,8,9.72,0.04,16.63726501154576
R3,N2Vp2q0_25,D16,9,8.44,0.12,19.113122912191532
R3,N2Vp2q0_25,D2,1,9.52,0.12,16.60195947978806
R3,N2Vp2q0_25,D2,10,9.72,0.08,16.773902779188433
R3,N2Vp2q0_25,D2,2,8.64,0.12,17.9458914265879
R3,N2Vp2q0_25,D2,3,9.88,0.08,15.956252301549943
R3,N2Vp2q0_25,D2,4,11.92,0.04,14.593524031861756
R3,N2Vp2q0_25,D2,5,11.04,0.16,15.000505992277846
R3,N2Vp2q0_25,D2,6,9.84,0.04,17.114596455335256
R3,N2Vp2q0_25,D2,7,10.84,0.08,16.372898546415705
R3,N2Vp2q0_25,D2,8,9.92,0.16,15.958999304442669
R3,N2Vp2q0_25,D2,9,11.12,0.08,14.935586021678908
R3,N2Vp2q0_25,D4,1,8.08,0.08,19.219994238318726
R3,N2Vp2q0_25,D4,10,7.24,0.12,19.326527144471548
R3,N2Vp2q0_25,D4,2,9.4,0.12,17.29892401257572
R3,N2Vp2q0_25,D4,3,7.0,0.2,21.015888904155535
R3,N2Vp2q0_25,D4,4,8.0,0.32,18.667384001009538
R3,N2Vp2q0_25,D4,5,10.6,0.08,15.98876479777796
R3,N2Vp2q0_25,D4,6,7.8,0.24,18.90848331275138
R3,N2Vp2q0_25,D4,7,7.84,0.2,19.32416483404396
R3,N2Vp2q0_25,D4,8,7.88,0.12,19.55116682274499
R3,N2Vp2q0_25,D4,9,7.92,0.16,18.980428304331344
R3,N2Vp2q0_25,D8,1,8.84,0.04,17.279970304638457
R3,N2Vp2q0_25,D8,10,8.44,0.16,18.75748148585435
R3,N2Vp2q0_25,D8,2,9.48,0.04,17.05986886045521
R3,N2Vp2q0_25,D8,3,7.92,0.24,19.18215131011074
R3,N2Vp2q0_25,D8,4,8.04,0.04,18.88603317703199
R3,N2Vp2q0_25,D8,5,8.08,0.12,19.118277822080493
R3,N2Vp2q0_25,D8,6,8.96,0.12,18.066283550781158
R3,N2Vp2q0_25,D8,7,7.52,0.12,20.185853527093354
R3,N2Vp2q0_25,D8,8,7.2,0.08,19.412071293548422
R3,N2Vp2q0_25,D8,9,8.6,0.12,18.48147292976948
R3,N2Vp2q0_5,D16,1,8.28,0.08,17.833044461928253
R3,N2Vp2q0_5,D16,10,6.08,0.2,22.06067312020704
R3,N2Vp2q0_5,D16,2,8.4,0.08,18.79779964873657
R3,N2Vp2q0_5,D16,3,7.2,0.08,20.042875083488756
R3,N2Vp2q0_5,D16,4,7.2,0.2,20.30005452859623
R3,N2Vp2q0_5,D16,5,6.36,0.24,21.201353632470855
R3,N2Vp2q0_5,D16,6,7.36,0.2,19.41981522317748
R3,N2Vp2q0_5,D16,7,7.88,0.24,19.55113610748091
R3,N2Vp2q0_5,D16,8,8.44,0.16,18.753885936554116
R3,N2Vp2q0_5,D16,9,7.6,0.28,20.02561667465082
R3,N2Vp2q0_5,D2,1,9.28,0.16,16.920957523420206
R3,N2Vp2q0_5,D2,10,9.16,0.16,17.539118544827776
R3,N2Vp2q0_5,D2,2,12.92,0.08,13.333157837540282
R3,N2Vp2q0_5,D2,3,10.04,0.04,16.571612366333817
R3,N2Vp2q0_5,D2,4,9.4,0.12,17.157357044952192
R3,N2Vp2q0_5,D2,5,10.0,0.16,16.63015079534
R3,N2Vp2q0_5,D2,6,7.6,0.2,18.667680534639075
R3,N2Vp2q0_5,D2,7,11.92,0.0,14.274740867349857
R3,N2Vp2q0_5,D2,8,10.92,0.04,15.30858998608602
R3,N2Vp2q0_5,D2,9,11.52,0.12,14.677959792192798
R3,N2Vp2q0_5,D4,1,9.56,0.2,17.235348120549546
R3,N2Vp2q0_5,D4,10,8.16,0.12,18.58474226244553
R3,N2Vp2q0_5,D4,2,8.56,0.0,18.879936972833622
R3,N2Vp2q0_5,D4,3,7.32,0.16,19.49845726599609
R3,N2Vp2q0_5,D4,4,8.8,0.12,17.7971531887736
R3,N2Vp2q0_5,D4,5,9.12,0.04,18.199188026685814
R3,N2Vp2q0_5,D4,6,8.0,0.16,18.91426761009789
R3,N2Vp2q0_5,D4,7,8.24,0.12,18.79760314794812
R3,N2Vp2q0_5,D4,8,8.12,0.04,19.018842157122233
R3,N2Vp2q0_5,D4,9,9.84,0.12,16.77319931800774
R3,N2Vp2q0_5,D8,1,7.08,0.16,19.994558685900444
R3,N2Vp2q0_5,D8,10,8.44,0.16,18.43342704781776
R3,N2Vp2q0_5,D8,2,7.08,0.04,19.70480521964764
R3,N2Vp2q0_5,D8,3,9.76,0.04,17.406696869612166
R3,N2Vp2q0_5,D8,4,7.56,0.24,19.908627723573048
R3,N2Vp2q0_5,D8,5,8.12,0.08,18.538807196760036
R3,N2Vp2q0_5,D8,6,9.28,0.0,17.739948027081958
R3,N2Vp2q0_5,D8,7,7.48,0.16,19.206592074220747
R3,N2Vp2q0_5,D8,8,7.4,0.2,20.0170982973389
R3,N2Vp2q0_5,D8,9,6.6,0.28,21.619261106057237
R3,N2Vp2q1,D16,1,6.72,0.24,20.64195721341496
R3,N2Vp2q1,D16,10,8.48,0.0,17.57284209624954
R3,N2Vp2q1,D16,2,7.36,0.2,19.892500202848353
R3,N2Vp2q1,D16,3,9.08,0.04,17.905365800811804
R3,N2Vp2q1,D16,4,6.16,0.16,21.468728314076905
R3,N2Vp2q1,D16,5,8.84,0.28,18.152150933870622
R3,N2Vp2q1,D16,6,7.76,0.08,19.30105909059025
R3,N2Vp2q1,D16,7,6.4,0.12,20.757493436253622
R3,N2Vp2q1,D16,8,5.48,0.28,21.467037118377938
R3,N2Vp2q1,D16,9,8.12,0.2,18.75191680166469
R3,N2Vp2q1,D2,1,9.0,0.28,17.217502469845957
R3,N2Vp2q1,D2,10,10.24,0.08,16.023634844572722
R3,N2Vp2q1,D2,2,8.92,0.16,17.206305604449707
R3,N2Vp2q1,D2,3,10.48,0.12,15.56790977201715
R3,N2Vp2q1,D2,4,9.2,0.04,17.910633422576037
R3,N2Vp2q1,D2,5,9.4,0.04,17.229353334455446
R3,N2Vp2q1,D2,6,9.64,0.08,17.130827031222235
R3,N2Vp2q1,D2,7,11.4,0.08,14.507206620014115
R3,N2Vp2q1,D2,8,10.6,0.12,15.628076404647185
R3,N2Vp2q1,D2,9,10.2,0.12,15.698229695367194
R3,N2Vp2q1,D4,1,7.04,0.16,20.291824497714924
R3,N2Vp2q1,D4,10,9.48,0.12,17.677863429021258
R3,N2Vp2q1,D4,2,8.92,0.12,17.656969910479376
R3,N2Vp2q1,D4,3,9.08,0.08,18.09086225348026
R3,N2Vp2q1,D4,4,9.44,0.12,16.75707115873282
R3,N2Vp2q1,D4,5,9.48,0.12,17.24724971733536
R3,N2Vp2q1,D4,6,9.2,0.24,17.48040806228132
R3,N2Vp2q1,D4,7,8.56,0.2,18.48082179148894
R3,N2Vp2q1,D4,8,6.76,0.36,20.305872927236386
R3,N2Vp2q1,D4,9,8.72,0.2,19.081539297357338
R3,N2Vp2q1,D8,1,9.04,0.12,17.777402173795107
R3,N2Vp2q1,D8,10,8.36,0.12,18.805197801309255
R3,N2Vp2q1,D8,2,7.6,0.24,19.0004977169046
R3,N2Vp2q1,D8,3,8.84,0.08,18.948447516367843
R3,N2Vp2q1,D8,4,7.72,0.2,18.40250593814175
R3,N2Vp2q1,D8,5,8.6,0.2,19.112522010329567
R3,N2Vp2q1,D8,6,8.76,0.16,17.515276438489693
R3,N2Vp2q1,D8,7,5.92,0.24,21.428214731277944
R3,N2Vp2q1,D8,8,8.24,0.2,18.388129832716317
R3,N2Vp2q1,D8,9,8.84,0.04,17.354256637996286
R3,N2Vp2q2,D16,1,6.36,0.2,20.70138270697646
R3,N2Vp2q2,D16,10,7.36,0.28,19.811773831968118
R3,N2Vp2q2,D16,2,6.96,0.16,20.0268244844475
R3,N2Vp2q2,D16,3,6.64,0.16,20.468304844538988
R3,N2Vp2q2,D16,4,8.96,0.16,17.699455180295512
R3,N2Vp2q2,D16,5,9.32,0.12,17.59400867812173
R3,N2Vp2q2,D16,6,5.16,0.28,22.19984214362018
R3,N2Vp2q2,D16,7,8.92,0.12,17.799518683023095
R3,N2Vp2q2,D16,8,7.64,0.12,18.9096727111867
R3,N2Vp2q2,D16,9,6.52,0.12,21.2286956399237
R3,N2Vp2q2,D2,1,9.2,0.04,18.124670437926422
R3,N2Vp2q2,D2,10,8.32,0.12,18.263160692820744
R3,N2Vp2q2,D2,2,11.52,0.04,14.755266317042963
R3,N2Vp2q2,D2,3,9.04,0.08,17.45684778453791
R3,N2Vp2q2,D2,4,9.88,0.08,17.109829448219628
R3,N2Vp2q2,D2,5,10.4,0.16,15.945600701685455
R3,N2Vp2q2,D2,6,10.56,0.12,14.945067722474109
R3,N2Vp2q2,D2,7,10.2,0.12,15.80535553475609
R3,N2Vp2q2,D2,8,9.04,0.16,18.508291263263246
R3,N2Vp2q2,D2,9,11.48,0.12,15.081340172626648
R3,N2Vp2q2,D4,1,7.56,0.16,19.365307356502857
R3,N2Vp2q2,D4,10,8.48,0.08,18.539018213460103
R3,N2Vp2q2,D4,2,8.16,0.24,18.874460491112938
R3,N2Vp2q2,D4,3,8.16,0.08,18.75445323316381
R3,N2Vp2q2,D4,4,7.24,0.08,20.167600840837004
R3,N2Vp2q2,D4,5,9.32,0.04,17.80998407596413
R3,N2Vp2q2,D4,6,9.24,0.0,17.441986319318758
R3,N2Vp2q2,D4,7,7.32,0.16,20.133205334044792
R3,N2Vp2q2,D4,8,8.24,0.0,19.284225381023575
R3,N2Vp2q2,D4,9,10.12,0.12,16.80024238895765
R3,N2Vp2q2,D8,1,6.08,0.08,21.757641534168513
R3,N2Vp2q2,D8,10,8.16,0.04,18.620192352701768
R3,N2Vp2q2,D8,2,8.04,0.12,20.098395517187406
R3,N2Vp2q2,D8,3,6.64,0.28,20.54970057936258
R3,N2Vp2q2,D8,4,8.68,0.04,18.606051323204216
R3,N2Vp2q2,D8,5,6.8,0.24,19.92695107568891
R3,N2Vp2q2,D8,6,8.24,0.08,19.232799207092736
R3,N2Vp2q2,D8,7,10.44,0.04,16.36785895963137
R3,N2Vp2q2,D8,8,6.4,0.08,21.575815789732797
R3,N2Vp2q2,D8,9,7.48,0.16,19.425786373421726
R3,RWD,D16,1,7.16,0.12,20.347243498824472
R3,RWD,D16,10,6.96,0.08,20.23683979454876
R3,RWD,D16,2,8.04,0.08,19.704499846344678
R3,RWD,D16,3,7.88,0.08,18.47995767398049
R3,RWD,D16,4,7.88,0.04,19.307003543799823
R3,RWD,D16,5,4.88,0.24,22.245804769191363
R3,RWD,D16,6,6.72,0.12,20.992057682721693
R3,RWD,D16,7,6.28,0.24,21.184416271841236
R3,RWD,D16,8,8.32,0.08,19.072284368872282
R3,RWD,D16,9,8.32,0.08,19.37103479327754
R3,RWD,D2,1,13.84,0.08,11.52950550922359
R3,RWD,D2,10,11.28,0.0,14.477634180019729
R3,RWD,D2,2,10.64,0.04,15.325772880755844
R3,RWD,D2,3,12.8,0.08,13.360175446930983
R3,RWD,D2,4,12.24,0.04,13.386285277492513
R3,RWD,D2,5,12.36,0.04,13.648572261581172
R3,RWD,D2,6,13.72,0.08,11.745738503445802
R3,RWD,D2,7,11.92,0.08,13.77814250142514
R3,RWD,D2,8,12.76,0.04,12.681128621425449
R3,RWD,D2,9,12.84,0.04,12.734963902773792
R3,RWD,D4,1,10.56,0.0,16.844762981405484
R3,RWD,D4,10,9.68,0.0,18.11083472503032
R3,RWD,D4,2,7.72,0.12,19.887376194472505
R3,RWD,D4,3,9.4,0.08,18.161769896179464
R3,RWD,D4,4,8.68,0.08,18.865254958654866
R3,RWD,D4,5,8.72,0.04,18.58662152666774
R3,RWD,D4,6,8.96,0.04,19.06504387232221
R3,RWD,D4,7,7.12,0.2,20.846805258264954
R3,RWD,D4,8,7.96,0.12,19.578849790665544
R3,RWD,D4,9,8.28,0.08,19.071020604799
R3,RWD,D8,1,7.56,0.2,19.174521848029098
R3,RWD,D8,10,7.2,0.16,20.362011541909514
R3,RWD,D8,2,8.24,0.04,18.791144144884242
R3,RWD,D8,3,8.64,0.0,18.51884592147366
R3,RWD,D8,4,9.12,0.0,17.700270924568546
R3,RWD,D8,5,7.96,0.04,19.091688033413803
R3,RWD,D8,6,8.44,0.04,18.667893336295638
R3,RWD,D8,7,8.52,0.04,18.684147921547243
R3,RWD,D8,8,8.52,0.0,18.16009902371725
R3,RWD,D8,9,9.12,0.0,17.98140735549665
R3,RWI,D16,1,9.32,0.16,16.98440377135423
R3,RWI,D16,10,6.84,0.08,20.384504155799128
R3,RWI,D16,2,8.44,0.08,19.055770093566817
R3,RWI,D16,3,8.64,0.12,18.460406272264617
R3,RWI,D16,4,8.12,0.16,19.44357350017169
R3,RWI,D16,5,7.32,0.2,19.614634347826897
R3,RWI,D16,6,8.92,0.12,17.879416264725812
R3,RWI,D16,7,6.8,0.28,20.977827573983763
R3,RWI,D16,8,7.96,0.16,18.655412471327743
R3,RWI,D16,9,6.6,0.36,19.810791265238073
R3,RWI,D2,1,8.2,0.16,18.456079655220503
R3,RWI,D2,10,9.48,0.12,17.31034401363456
R3,RWI,D2,2,10.36,0.08,16.148746573813824
R3,RWI,D2,3,8.52,0.12,17.529767158258757
R3,RWI,D2,4,8.56,0.2,17.78717574605881
R3,RWI,D2,5,8.56,0.2,18.83110925804767
R3,RWI,D2,6,10.16,0.12,15.875488399153776
R3,RWI,D2,7,7.68,0.04,19.652092351878274
R3,RWI,D2,8,10.24,0.2,16.43697176033488
R3,RWI,D2,9,8.96,0.12,17.37875859459094
R3,RWI,D4,1,8.48,0.28,18.678540889259178
R3,RWI,D4,10,8.84,0.2,18.351266585518115
R3,RWI,D4,2,8.76,0.2,18.146815829910707
R3,RWI,D4,3,9.2,0.16,17.713359835430136
R3,RWI,D4,4,7.2,0.2,19.69042727070051
R3,RWI,D4,5,8.84,0.16,18.04920551860768
R3,RWI,D4,6,9.56,0.08,17.163186218894023
R3,RWI,D4,7,9.08,0.08,17.871887681655107
R3,RWI,D4,8,6.36,0.28,20.257617631383344
R3,RWI,D4,9,9.44,0.0,18.31190031805768
R3,RWI,D8,1,7.16,0.24,19.968506486816405
R3,RWI,D8,10,8.56,0.16,18.341002545228733
R3,RWI,D8,2,8.64,0.12,18.20556475590178
R3,RWI,D8,3,7.76,0.12,19.97161842810651
R3,RWI,D8,4,8.68,0.08,18.654475732046897
R3,RWI,D8,5,8.04,0.2,18.498646140070257
R3,RWI,D8,6,8.04,0.24,18.514415352625846
R3,RWI,D8,7,6.72,0.24,19.790039354068178
R3,RWI,D8,8,8.64,0.16,17.999377299243292
R3,RWI,D8,9,8.64,0.12,18.047592858098245
R3,RW,D16,1,8.2,0.24,18.527422379676935
R3,RW,D16,10,8.88,0.12,17.454866415263403
R3,RW,D16,2,7.56,0.2,18.83720689062201
R3,RW,D16,3,6.76,0.08,20.03569327719863
R3,RW,D16,4,8.2,0.2,18.356119165649304
R3,RW,D16,5,9.8,0.12,16.83991709256576
R3,RW,D16,6,7.32,0.2,19.196521237649254
R3,RW,D16,7,7.76,0.28,18.331420643933406
R3,RW,D16,8,7.76,0.08,19.12114292276543
R3,RW,D16,9,9.92,0.12,17.098278490262523
R3,RW,D2,1,11.36,0.04,15.290217092214327
R3,RW,D2,10,8.4,0.24,17.863700197013586
R3,RW,D2,2,10.48,0.08,16.338504558785523
R3,RW,D2,3,8.36,0.08,18.865816970902966
R3,RW,D2,4,8.16,0.08,18.435933669427257
R3,RW,D2,5,9.68,0.16,16.949986986438656
R3,RW,D2,6,7.6,0.2,18.70816348706554
R3,RW,D2,7,10.36,0.16,15.478370315382099
R3,RW,D2,8,10.6,0.08,15.808639901195665
R3,RW,D2,9,11.84,0.12,14.301632750486105
R3,RW,D4,1,7.88,0.08,19.256115222483107
R3,RW,D4,10,8.76,0.04,18.14010913428626
R3,RW,D4,2,9.2,0.08,17.901282531387018
R3,RW,D4,3,6.96,0.28,21.220723631648877
R3,RW,D4,4,7.84,0.04,20.09014258447506
R3,RW,D4,5,8.76,0.12,17.355872197785743
R3,RW,D4,6,7.48,0.24,19.845691442201964
R3,RW,D4,7,8.24,0.08,19.020811311300882
R3,RW,D4,8,6.76,0.2,20.72290472183706
R3,RW,D4,9,9.28,0.0,17.39540624632224
R3,RW,D8,1,8.2,0.08,19.167409185788323
R3,RW,D8,10,8.64,0.08,18.07561670499989
R3,RW,D8,2,7.88,0.16,19.155156673584077
R3,RW,D8,3,8.92,0.16,17.64801726424933
R3,RW,D8,4,8.8,0.08,18.84557810308898
R3,RW,D8,5,8.32,0.0,18.265848034195617
R3,RW,D8,6,8.4,0.12,18.552411347671924
R3,RW,D8,7,9.24,0.2,17.99383388082882
R3,RW,D8,8,9.68,0.08,17.40513532955679
R3,RW,D8,9,6.08,0.24,21.295378797193422
R3,SP,D16,1,12.36,0.0,14.38890905750276
R3,SP,D16,10,11.04,0.0,15.713485771099117
R3,SP,D16,2,12.04,0.0,13.969978423605756
R3,SP,D16,3,11.6,0.0,15.145123532245172
R3,SP,D16,4,12.76,0.0,13.313517517779667
R3,SP,D16,5,11.96,0.0,14.375921325966054
R3,SP,D16,6,12.8,0.0,13.431469194035138
R3,SP,D16,7,13.36,0.0,12.884372861281106
R3,SP,D16,8,12.52,0.0,13.821153869701282
R3,SP,D16,9,13.24,0.0,12.492391183802074
R3,SP,D2,1,13.32,0.08,12.16828549833081
R3,SP,D2,10,13.08,0.04,12.860064957259926
R3,SP,D2,2,13.32,0.08,12.2130533450206
R3,SP,D2,3,12.88,0.04,13.000474717813924
R3,SP,D2,4,12.76,0.04,12.940387052742569
R3,SP,D2,5,12.8,0.08,12.788764505860122
R3,SP,D2,6,13.92,0.0,11.751936956650606
R3,SP,D2,7,14.28,0.0,11.501371930907373
R3,SP,D2,8,12.48,0.08,13.887130952660193
R3,SP,D2,9,12.88,0.04,12.759134469092277
R3,SP,D4,1,15.08,0.0,11.08704580804426
R3,SP,D4,10,15.52,0.0,10.116356073409904
R3,SP,D4,2,15.56,0.0,10.350566182952399
R3,SP,D4,3,14.64,0.0,11.226502447890443
R3,SP,D4,4,16.08,0.0,9.64657143838945
R3,SP,D4,5,14.16,0.0,12.018352500461901
R3,SP,D4,6,14.12,0.0,12.000402906548189
R3,SP,D4,7,13.72,0.0,12.122378896964106
R3,SP,D4,8,14.16,0.0,11.658777305540664
R3,SP,D4,9,16.12,0.0,9.912391297169687
R3,SP,D8,1,13.88,0.0,12.00820589589771
R3,SP,D8,10,13.92,0.0,12.091009372632527
R3,SP,D8,2,14.08,0.0,11.788944330595971
R3,SP,D8,3,13.36,0.0,12.35248753709181
R3,SP,D8,4,13.96,0.0,12.280803661824075
R3,SP,D8,5,14.0,0.0,12.08417572007819
R3,SP,D8,6,13.4,0.0,12.532151129314327
R3,SP,D8,7,13.28,0.0,12.77887458520089
R3,SP,D8,8,15.24,0.0,10.348470872729651
R3,SP,D8,9,13.6,0.0,12.434959052794346
