rule,strategy,family,p,q,lmax,run,cycle,n_triangles,tri_with_dynamic,tri_top1,nodes_in_tri
R1,N2Vp1q0_25,N2V,1.0,0.25,D2,2,0,0,0,0,0
R1,N2Vp1q0_25,N2V,1.0,0.25,D2,2,1,7546,7546,426,2500
R1,N2Vp1q0_25,N2V,1.0,0.25,D2,2,2,8397,8397,480,2500
R1,N2Vp1q0_25,N2V,1.0,0.25,D2,2,3,8410,8410,497,2500
R1,N2Vp1q0_25,N2V,1.0,0.25,D2,2,4,8405,8405,547,2500
R1,N2Vp1q0_25,N2V,1.0,0.25,D2,2,5,8439,8439,602,2499
R1,N2Vp1q0_25,N2V,1.0,0.25,D2,2,6,8402,8402,591,2500
R1,N2Vp1q0_25,N2V,1.0,0.25,D2,2,7,8461,8461,664,2500
R1,N2Vp1q0_25,N2V,1.0,0.25,D2,2,8,8452,8452,718,2499
R1,N2Vp1q0_25,N2V,1.0,0.25,D2,2,9,8438,8438,775,2500
R1,N2Vp1q0_25,N2V,1.0,0.25,D2,2,10,8484,8484,833,2500
R1,N2Vp1q0_25,N2V,1.0,0.25,D2,2,11,8461,8461,846,2500
R1,N2Vp1q0_25,N2V,1.0,0.25,D2,2,12,8419,8419,847,2500
R1,N2Vp1q0_25,N2V,1.0,0.25,D2,2,13,8474,8474,941,2500
R1,N2Vp1q0_25,N2V,1.0,0.25,D2,2,14,8497,8497,989,2500
R1,N2Vp1q0_25,N2V,1.0,0.25,D2,2,15,8497,8497,1012,2500
R1,N2Vp1q0_25,N2V,1.0,0.25,D2,2,16,8536,8536,1129,2500
R1,N2Vp1q0_25,N2V,1.0,0.25,D2,2,17,8542,8542,1209,2500
R1,N2Vp1q0_25,N2V,1.0,0.25,D2,2,18,8599,8599,1319,2500
R1,N2Vp1q0_25,N2V,1.0,0.25,D2,2,19,8599,8599,1379,2500
R1,N2Vp1q0_25,N2V,1.0,0.25,D2,2,20,8606,8606,1502,2499
R1,N2Vp1q0_25,N2V,1.0,0.25,D2,2,21,8620,8620,1550,2499
R1,N2Vp1q0_25,N2V,1.0,0.25,D2,2,22,8676,8676,1664,2498
R1,N2Vp1q0_25,N2V,1.0,0.25,D2,2,23,8671,8671,1748,2499
R1,N2Vp1q0_25,N2V,1.0,0.25,D2,2,24,8698,8698,1827,2500
R1,N2Vp1q0_25,N2V,1.0,0.25,D2,2,25,8725,8725,1938,2500
R1,N2Vp1q0_25,N2V,1.0,0.25,D2,2,26,8740,8740,2019,2500
R1,N2Vp1q0_25,N2V,1.0,0.25,D2,2,27,8750,8750,2103,2500
R1,N2Vp1q0_25,N2V,1.0,0.25,D2,2,28,8830,8830,2226,2499
R1,N2Vp1q0_25,N2V,1.0,0.25,D2,2,29,8810,8810,2272,2500
R1,N2Vp1q0_25,N2V,1.0,0.25,D2,2,30,8858,8858,2346,2500
R1,N2Vp1q0_25,N2V,1.0,0.25,D2,1,0,0,0,0,0
R1,N2Vp1q0_25,N2V,1.0,0.25,D2,1,1,7456,7456,428,2500
R1,N2Vp1q0_25,N2V,1.0,0.25,D2,1,2,8343,8343,550,2500
R1,N2Vp1q0_25,N2V,1.0,0.25,D2,1,3,8331,8331,547,2500
R1,N2Vp1q0_25,N2V,1.0,0.25,D2,1,4,8333,8333,588,2500
R1,N2Vp1q0_25,N2V,1.0,0.25,D2,1,5,8323,8323,585,2500
R1,N2Vp1q0_25,N2V,1.0,0.25,D2,1,6,8313,8313,620,2500
R1,N2Vp1q0_25,N2V,1.0,0.25,D2,1,7,8340,8340,600,2500
R1,N2Vp1q0_25,N2V,1.0,0.25,D2,1,8,8328,8328,639,2500
R1,N2Vp1q0_25,N2V,1.0,0.25,D2,1,9,8299,8299,668,2500
R1,N2Vp1q0_25,N2V,1.0,0.25,D2,1,10,8277,8277,705,2500
R1,N2Vp1q0_25,N2V,1.0,0.25,D2,1,11,8315,8315,793,2500
R1,N2Vp1q0_25,N2V,1.0,0.25,D2,1,12,8310,8310,783,2500
R1,N2Vp1q0_25,N2V,1.0,0.25,D2,1,13,8313,8313,807,2500
R1,N2Vp1q0_25,N2V,1.0,0.25,D2,1,14,8401,8401,882,2500
R1,N2Vp1q0_25,N2V,1.0,0.25,D2,1,15,8418,8418,965,2499
R1,N2Vp1q0_25,N2V,1.0,0.25,D2,1,16,8443,8443,997,2500
R1,N2Vp1q0_25,N2V,1.0,0.25,D2,1,17,8482,8482,1085,2500
R1,N2Vp1q0_25,N2V,1.0,0.25,D2,1,18,8481,8481,1135,2500
R1,N2Vp1q0_25,N2V,1.0,0.25,D2,1,19,8479,8479,1214,2500
R1,N2Vp1q0_25,N2V,1.0,0.25,D2,1,20,8488,8488,1307,2500
R1,N2Vp1q0_25,N2V,1.0,0.25,D2,1,21,8518,8518,1462,2500
R1,N2Vp1q0_25,N2V,1.0,0.25,D2,1,22,8508,8508,1528,2500
R1,N2Vp1q0_25,N2V,1.0,0.25,D2,1,23,8560,8560,1623,2500
R1,N2Vp1q0_25,N2V,1.0,0.25,D2,1,24,8642,8642,1771,2500
R1,N2Vp1q0_25,N2V,1.0,0.25,D2,1,25,8680,8680,1873,2500
R1,N2Vp1q0_25,N2V,1.0,0.25,D2,1,26,8720,8720,1890,2500
R1,N2Vp1q0_25,N2V,1.0,0.25,D2,1,27,8741,8741,1955,2500
R1,N2Vp1q0_25,N2V,1.0,0.25,D2,1,28,8791,8791,2057,2500
R1,N2Vp1q0_25,N2V,1.0,0.25,D2,1,29,8793,8793,2077,2500
R1,N2Vp1q0_25,N2V,1.0,0.25,D2,1,30,8806,8806,2148,2499
R1,N2Vp1q0_25,N2V,1.0,0.25,D2,3,0,0,0,0,0
R1,N2Vp1q0_25,N2V,1.0,0.25,D2,3,1,7476,7476,383,2500
R1,N2Vp1q0_25,N2V,1.0,0.25,D2,3,2,8274,8274,471,2500
R1,N2Vp1q0_25,N2V,1.0,0.25,D2,3,3,8312,8312,518,2500
R1,N2Vp1q0_25,N2V,1.0,0.25,D2,3,4,8276,8276,514,2500
R1,N2Vp1q0_25,N2V,1.0,0.25,D2,3,5,8296,8296,538,2500
R1,N2Vp1q0_25,N2V,1.0,0.25,D2,3,6,8289,8289,564,2500
R1,N2Vp1q0_25,N2V,1.0,0.25,D2,3,7,8313,8313,620,2500
R1,N2Vp1q0_25,N2V,1.0,0.25,D2,3,8,8298,8298,638,2500
R1,N2Vp1q0_25,N2V,1.0,0.25,D2,3,9,8273,8273,680,2500
R1,N2Vp1q0_25,N2V,1.0,0.25,D2,3,10,8283,8283,735,2500
R1,N2Vp1q0_25,N2V,1.0,0.25,D2,3,11,8335,8335,829,2500
R1,N2Vp1q0_25,N2V,1.0,0.25,D2,3,12,8387,8387,931,2500
R1,N2Vp1q0_25,N2V,1.0,0.25,D2,3,13,8349,8349,908,2500
R1,N2Vp1q0_25,N2V,1.0,0.25,D2,3,14,8389,8389,1020,2500
R1,N2Vp1q0_25,N2V,1.0,0.25,D2,3,15,8443,8443,1067,2500
R1,N2Vp1q0_25,N2V,1.0,0.25,D2,3,16,8464,8464,1166,2500
R1,N2Vp1q0_25,N2V,1.0,0.25,D2,3,17,8505,8505,1252,2500
R1,N2Vp1q0_25,N2V,1.0,0.25,D2,3,18,8539,8539,1268,2500
R1,N2Vp1q0_25,N2V,1.0,0.25,D2,3,19,8577,8577,1381,2500
R1,N2Vp1q0_25,N2V,1.0,0.25,D2,3,20,8592,8592,1466,2500
R1,N2Vp1q0_25,N2V,1.0,0.25,D2,3,21,8633,8633,1564,2500
R1,N2Vp1q0_25,N2V,1.0,0.25,D2,3,22,8613,8613,1586,2499
R1,N2Vp1q0_25,N2V,1.0,0.25,D2,3,23,8644,8644,1687,2498
R1,N2Vp1q0_25,N2V,1.0,0.25,D2,3,24,8684,8684,1753,2500
R1,N2Vp1q0_25,N2V,1.0,0.25,D2,3,25,8691,8691,1856,2500
R1,N2Vp1q0_25,N2V,1.0,0.25,D2,3,26,8702,8702,1940,2500
R1,N2Vp1q0_25,N2V,1.0,0.25,D2,3,27,8770,8770,2078,2500
R1,N2Vp1q0_25,N2V,1.0,0.25,D2,3,28,8796,8796,2177,2500
R1,N2Vp1q0_25,N2V,1.0,0.25,D2,3,29,8851,8851,2305,2500
R1,N2Vp1q0_25,N2V,1.0,0.25,D2,3,30,8863,8863,2410,2500
R1,N2Vp1q0_25,N2V,1.0,0.25,D2,4,0,0,0,0,0
R1,N2Vp1q0_25,N2V,1.0,0.25,D2,4,1,7446,7446,393,2500
R1,N2Vp1q0_25,N2V,1.0,0.25,D2,4,2,8326,8326,490,2500
R1,N2Vp1q0_25,N2V,1.0,0.25,D2,4,3,8317,8317,506,2500
R1,N2Vp1q0_25,N2V,1.0,0.25,D2,4,4,8347,8347,538,2500
R1,N2Vp1q0_25,N2V,1.0,0.25,D2,4,5,8353,8353,559,2500
R1,N2Vp1q0_25,N2V,1.0,0.25,D2,4,6,8364,8364,541,2499
R1,N2Vp1q0_25,N2V,1.0,0.25,D2,4,7,8384,8384,576,2498
R1,N2Vp1q0_25,N2V,1.0,0.25,D2,4,8,8341,8341,568,2500
R1,N2Vp1q0_25,N2V,1.0,0.25,D2,4,9,8373,8373,628,2499
R1,N2Vp1q0_25,N2V,1.0,0.25,D2,4,10,8384,8384,663,2500
R1,N2Vp1q0_25,N2V,1.0,0.25,D2,4,11,8404,8404,691,2500
R1,N2Vp1q0_25,N2V,1.0,0.25,D2,4,12,8464,8464,743,2500
R1,N2Vp1q0_25,N2V,1.0,0.25,D2,4,13,8475,8475,829,2499
R1,N2Vp1q0_25,N2V,1.0,0.25,D2,4,14,8528,8528,928,2500
R1,N2Vp1q0_25,N2V,1.0,0.25,D2,4,15,8556,8556,971,2500
R1,N2Vp1q0_25,N2V,1.0,0.25,D2,4,16,8576,8576,1065,2499
R1,N2Vp1q0_25,N2V,1.0,0.25,D2,4,17,8635,8635,1141,2500
R1,N2Vp1q0_25,N2V,1.0,0.25,D2,4,18,8630,8630,1205,2500
R1,N2Vp1q0_25,N2V,1.0,0.25,D2,4,19,8618,8618,1195,2499
R1,N2Vp1q0_25,N2V,1.0,0.25,D2,4,20,8659,8659,1296,2499
R1,N2Vp1q0_25,N2V,1.0,0.25,D2,4,21,8670,8670,1339,2500
R1,N2Vp1q0_25,N2V,1.0,0.25,D2,4,22,8738,8738,1462,2500
R1,N2Vp1q0_25,N2V,1.0,0.25,D2,4,23,8776,8776,1566,2500
R1,N2Vp1q0_25,N2V,1.0,0.25,D2,4,24,8770,8770,1646,2500
R1,N2Vp1q0_25,N2V,1.0,0.25,D2,4,25,8789,8789,1754,2500
R1,N2Vp1q0_25,N2V,1.0,0.25,D2,4,26,8831,8831,1862,2500
R1,N2Vp1q0_25,N2V,1.0,0.25,D2,4,27,8841,8841,1973,2500
R1,N2Vp1q0_25,N2V,1.0,0.25,D2,4,28,8891,8891,2073,2500
R1,N2Vp1q0_25,N2V,1.0,0.25,D2,4,29,8904,8904,2177,2500
R1,N2Vp1q0_25,N2V,1.0,0.25,D2,4,30,8954,8954,2297,2500
R1,N2Vp1q0_25,N2V,1.0,0.25,D2,5,0,0,0,0,0
R1,N2Vp1q0_25,N2V,1.0,0.25,D2,5,1,7547,7547,421,2500
R1,N2Vp1q0_25,N2V,1.0,0.25,D2,5,2,8342,8342,489,2500
R1,N2Vp1q0_25,N2V,1.0,0.25,D2,5,3,8326,8326,502,2500
R1,N2Vp1q0_25,N2V,1.0,0.25,D2,5,4,8376,8376,554,2500
R1,N2Vp1q0_25,N2V,1.0,0.25,D2,5,5,8395,8395,562,2500
R1,N2Vp1q0_25,N2V,1.0,0.25,D2,5,6,8367,8367,602,2500
R1,N2Vp1q0_25,N2V,1.0,0.25,D2,5,7,8336,8336,652,2500
R1,N2Vp1q0_25,N2V,1.0,0.25,D2,5,8,8354,8354,686,2500
R1,N2Vp1q0_25,N2V,1.0,0.25,D2,5,9,8318,8318,708,2500
R1,N2Vp1q0_25,N2V,1.0,0.25,D2,5,10,8318,8318,720,2500
R1,N2Vp1q0_25,N2V,1.0,0.25,D2,5,11,8338,8338,766,2500
R1,N2Vp1q0_25,N2V,1.0,0.25,D2,5,12,8366,8366,829,2499
R1,N2Vp1q0_25,N2V,1.0,0.25,D2,5,13,8373,8373,879,2499
R1,N2Vp1q0_25,N2V,1.0,0.25,D2,5,14,8417,8417,934,2500
R1,N2Vp1q0_25,N2V,1.0,0.25,D2,5,15,8432,8432,974,2500
R1,N2Vp1q0_25,N2V,1.0,0.25,D2,5,16,8446,8446,1059,2500
R1,N2Vp1q0_25,N2V,1.0,0.25,D2,5,17,8493,8493,1206,2500
R1,N2Vp1q0_25,N2V,1.0,0.25,D2,5,18,8508,8508,1257,2500
R1,N2Vp1q0_25,N2V,1.0,0.25,D2,5,19,8584,8584,1391,2499
R1,N2Vp1q0_25,N2V,1.0,0.25,D2,5,20,8592,8592,1431,2500
R1,N2Vp1q0_25,N2V,1.0,0.25,D2,5,21,8636,8636,1576,2500
R1,N2Vp1q0_25,N2V,1.0,0.25,D2,5,22,8634,8634,1644,2499
R1,N2Vp1q0_25,N2V,1.0,0.25,D2,5,23,8664,8664,1730,2500
R1,N2Vp1q0_25,N2V,1.0,0.25,D2,5,24,8655,8655,1799,2499
R1,N2Vp1q0_25,N2V,1.0,0.25,D2,5,25,8690,8690,1933,2500
R1,N2Vp1q0_25,N2V,1.0,0.25,D2,5,26,8731,8731,2052,2500
R1,N2Vp1q0_25,N2V,1.0,0.25,D2,5,27,8741,8741,2163,2500
R1,N2Vp1q0_25,N2V,1.0,0.25,D2,5,28,8786,8786,2301,2500
R1,N2Vp1q0_25,N2V,1.0,0.25,D2,5,29,8814,8814,2435,2500
R1,N2Vp1q0_25,N2V,1.0,0.25,D2,5,30,8860,8860,2566,2500
R1,N2Vp1q0_25,N2V,1.0,0.25,D2,6,0,0,0,0,0
R1,N2Vp1q0_25,N2V,1.0,0.25,D2,6,1,7467,7467,425,2500
R1,N2Vp1q0_25,N2V,1.0,0.25,D2,6,2,8304,8304,496,2500
R1,N2Vp1q0_25,N2V,1.0,0.25,D2,6,3,8272,8272,472,2500
R1,N2Vp1q0_25,N2V,1.0,0.25,D2,6,4,8278,8278,544,2500
R1,N2Vp1q0_25,N2V,1.0,0.25,D2,6,5,8281,8281,548,2500
R1,N2Vp1q0_25,N2V,1.0,0.25,D2,6,6,8264,8264,598,2500
R1,N2Vp1q0_25,N2V,1.0,0.25,D2,6,7,8299,8299,697,2499
R1,N2Vp1q0_25,N2V,1.0,0.25,D2,6,8,8332,8332,769,2499
R1,N2Vp1q0_25,N2V,1.0,0.25,D2,6,9,8367,8367,816,2499
R1,N2Vp1q0_25,N2V,1.0,0.25,D2,6,10,8394,8394,842,2499
R1,N2Vp1q0_25,N2V,1.0,0.25,D2,6,11,8437,8437,957,2500
R1,N2Vp1q0_25,N2V,1.0,0.25,D2,6,12,8445,8445,1028,2500
R1,N2Vp1q0_25,N2V,1.0,0.25,D2,6,13,8467,8467,1100,2500
R1,N2Vp1q0_25,N2V,1.0,0.25,D2,6,14,8467,8467,1128,2500
R1,N2Vp1q0_25,N2V,1.0,0.25,D2,6,15,8452,8452,1189,2498
R1,N2Vp1q0_25,N2V,1.0,0.25,D2,6,16,8483,8483,1254,2498
R1,N2Vp1q0_25,N2V,1.0,0.25,D2,6,17,8487,8487,1265,2499
R1,N2Vp1q0_25,N2V,1.0,0.25,D2,6,18,8496,8496,1327,2499
R1,N2Vp1q0_25,N2V,1.0,0.25,D2,6,19,8550,8550,1437,2500
R1,N2Vp1q0_25,N2V,1.0,0.25,D2,6,20,8579,8579,1497,2500
R1,N2Vp1q0_25,N2V,1.0,0.25,D2,6,21,8626,8626,1562,2500
R1,N2Vp1q0_25,N2V,1.0,0.25,D2,6,22,8651,8651,1631,2500
R1,N2Vp1q0_25,N2V,1.0,0.25,D2,6,23,8664,8664,1697,2500
R1,N2Vp1q0_25,N2V,1.0,0.25,D2,6,24,8656,8656,1737,2500
R1,N2Vp1q0_25,N2V,1.0,0.25,D2,6,25,8722,8722,1903,2500
R1,N2Vp1q0_25,N2V,1.0,0.25,D2,6,26,8744,8744,1938,2500
R1,N2Vp1q0_25,N2V,1.0,0.25,D2,6,27,8747,8747,2020,2500
R1,N2Vp1q0_25,N2V,1.0,0.25,D2,6,28,8771,8771,2070,2500
R1,N2Vp1q0_25,N2V,1.0,0.25,D2,6,29,8794,8794,2187,2500
R1,N2Vp1q0_25,N2V,1.0,0.25,D2,6,30,8793,8793,2229,2500
R1,N2Vp1q0_25,N2V,1.0,0.25,D2,7,0,0,0,0,0
R1,N2Vp1q0_25,N2V,1.0,0.25,D2,7,1,7443,7443,426,2500
R1,N2Vp1q0_25,N2V,1.0,0.25,D2,7,2,8332,8332,479,2500
R1,N2Vp1q0_25,N2V,1.0,0.25,D2,7,3,8330,8330,521,2500
R1,N2Vp1q0_25,N2V,1.0,0.25,D2,7,4,8310,8310,538,2500
R1,N2Vp1q0_25,N2V,1.0,0.25,D2,7,5,8324,8324,564,2500
R1,N2Vp1q0_25,N2V,1.0,0.25,D2,7,6,8304,8304,550,2500
R1,N2Vp1q0_25,N2V,1.0,0.25,D2,7,7,8286,8286,634,2500
R1,N2Vp1q0_25,N2V,1.0,0.25,D2,7,8,8267,8267,648,2500
R1,N2Vp1q0_25,N2V,1.0,0.25,D2,7,9,8296,8296,685,2500
R1,N2Vp1q0_25,N2V,1.0,0.25,D2,7,10,8314,8314,759,2499
R1,N2Vp1q0_25,N2V,1.0,0.25,D2,7,11,8352,8352,871,2500
R1,N2Vp1q0_25,N2V,1.0,0.25,D2,7,12,8393,8393,947,2500
R1,N2Vp1q0_25,N2V,1.0,0.25,D2,7,13,8412,8412,1057,2500
R1,N2Vp1q0_25,N2V,1.0,0.25,D2,7,14,8392,8392,1048,2500
R1,N2Vp1q0_25,N2V,1.0,0.25,D2,7,15,8449,8449,1154,2499
R1,N2Vp1q0_25,N2V,1.0,0.25,D2,7,16,8439,8439,1200,2499
R1,N2Vp1q0_25,N2V,1.0,0.25,D2,7,17,8509,8509,1287,2500
R1,N2Vp1q0_25,N2V,1.0,0.25,D2,7,18,8548,8548,1358,2500
R1,N2Vp1q0_25,N2V,1.0,0.25,D2,7,19,8545,8545,1431,2500
R1,N2Vp1q0_25,N2V,1.0,0.25,D2,7,20,8586,8586,1526,2499
R1,N2Vp1q0_25,N2V,1.0,0.25,D2,7,21,8638,8638,1636,2500
R1,N2Vp1q0_25,N2V,1.0,0.25,D2,7,22,8678,8678,1744,2500
R1,N2Vp1q0_25,N2V,1.0,0.25,D2,7,23,8698,8698,1825,2499
R1,N2Vp1q0_25,N2V,1.0,0.25,D2,7,24,8708,8708,1873,2498
R1,N2Vp1q0_25,N2V,1.0,0.25,D2,7,25,8736,8736,1969,2499
R1,N2Vp1q0_25,N2V,1.0,0.25,D2,7,26,8779,8779,2076,2499
R1,N2Vp1q0_25,N2V,1.0,0.25,D2,7,27,8817,8817,2166,2499
R1,N2Vp1q0_25,N2V,1.0,0.25,D2,7,28,8774,8774,2177,2498
R1,N2Vp1q0_25,N2V,1.0,0.25,D2,7,29,8815,8815,2278,2499
R1,N2Vp1q0_25,N2V,1.0,0.25,D2,7,30,8846,8846,2310,2499
R1,N2Vp1q0_25,N2V,1.0,0.25,D2,8,0,0,0,0,0
R1,N2Vp1q0_25,N2V,1.0,0.25,D2,8,1,7493,7493,397,2500
R1,N2Vp1q0_25,N2V,1.0,0.25,D2,8,2,8404,8404,485,2499
R1,N2Vp1q0_25,N2V,1.0,0.25,D2,8,3,8398,8398,525,2499
R1,N2Vp1q0_25,N2V,1.0,0.25,D2,8,4,8412,8412,533,2500
R1,N2Vp1q0_25,N2V,1.0,0.25,D2,8,5,8405,8405,567,2500
R1,N2Vp1q0_25,N2V,1.0,0.25,D2,8,6,8446,8446,652,2499
R1,N2Vp1q0_25,N2V,1.0,0.25,D2,8,7,8447,8447,657,2500
R1,N2Vp1q0_25,N2V,1.0,0.25,D2,8,8,8420,8420,699,2500
R1,N2Vp1q0_25,N2V,1.0,0.25,D2,8,9,8426,8426,735,2500
R1,N2Vp1q0_25,N2V,1.0,0.25,D2,8,10,8432,8432,845,2500
R1,N2Vp1q0_25,N2V,1.0,0.25,D2,8,11,8428,8428,858,2500
R1,N2Vp1q0_25,N2V,1.0,0.25,D2,8,12,8436,8436,937,2500
R1,N2Vp1q0_25,N2V,1.0,0.25,D2,8,13,8431,8431,990,2500
R1,N2Vp1q0_25,N2V,1.0,0.25,D2,8,14,8431,8431,1039,2500
R1,N2Vp1q0_25,N2V,1.0,0.25,D2,8,15,8458,8458,1129,2500
R1,N2Vp1q0_25,N2V,1.0,0.25,D2,8,16,8472,8472,1164,2500
R1,N2Vp1q0_25,N2V,1.0,0.25,D2,8,17,8501,8501,1236,2500
R1,N2Vp1q0_25,N2V,1.0,0.25,D2,8,18,8565,8565,1428,2500
R1,N2Vp1q0_25,N2V,1.0,0.25,D2,8,19,8575,8575,1516,2500
R1,N2Vp1q0_25,N2V,1.0,0.25,D2,8,20,8628,8628,1603,2500
R1,N2Vp1q0_25,N2V,1.0,0.25,D2,8,21,8639,8639,1663,2500
R1,N2Vp1q0_25,N2V,1.0,0.25,D2,8,22,8668,8668,1732,2500
R1,N2Vp1q0_25,N2V,1.0,0.25,D2,8,23,8725,8725,1808,2499
R1,N2Vp1q0_25,N2V,1.0,0.25,D2,8,24,8758,8758,1844,2499
R1,N2Vp1q0_25,N2V,1.0,0.25,D2,8,25,8810,8810,1949,2499
R1,N2Vp1q0_25,N2V,1.0,0.25,D2,8,26,8818,8818,1956,2498
R1,N2Vp1q0_25,N2V,1.0,0.25,D2,8,27,8851,8851,2075,2498
R1,N2Vp1q0_25,N2V,1.0,0.25,D2,8,28,8865,8865,2133,2499
R1,N2Vp1q0_25,N2V,1.0,0.25,D2,8,29,8925,8925,2222,2499
R1,N2Vp1q0_25,N2V,1.0,0.25,D2,8,30,8941,8941,2291,2499
R1,N2Vp1q0_25,N2V,1.0,0.25,D2,9,0,0,0,0,0
R1,N2Vp1q0_25,N2V,1.0,0.25,D2,9,1,7526,7526,416,2499
R1,N2Vp1q0_25,N2V,1.0,0.25,D2,9,2,8314,8314,497,2499
R1,N2Vp1q0_25,N2V,1.0,0.25,D2,9,3,8332,8332,553,2499
R1,N2Vp1q0_25,N2V,1.0,0.25,D2,9,4,8332,8332,572,2500
R1,N2Vp1q0_25,N2V,1.0,0.25,D2,9,5,8307,8307,636,2498
R1,N2Vp1q0_25,N2V,1.0,0.25,D2,9,6,8319,8319,600,2499
R1,N2Vp1q0_25,N2V,1.0,0.25,D2,9,7,8317,8317,672,2499
R1,N2Vp1q0_25,N2V,1.0,0.25,D2,9,8,8307,8307,715,2500
R1,N2Vp1q0_25,N2V,1.0,0.25,D2,9,9,8308,8308,689,2500
R1,N2Vp1q0_25,N2V,1.0,0.25,D2,9,10,8324,8324,741,2500
R1,N2Vp1q0_25,N2V,1.0,0.25,D2,9,11,8380,8380,846,2500
R1,N2Vp1q0_25,N2V,1.0,0.25,D2,9,12,8405,8405,876,2500
R1,N2Vp1q0_25,N2V,1.0,0.25,D2,9,13,8404,8404,929,2499
R1,N2Vp1q0_25,N2V,1.0,0.25,D2,9,14,8455,8455,1043,2500
R1,N2Vp1q0_25,N2V,1.0,0.25,D2,9,15,8481,8481,1124,2500
R1,N2Vp1q0_25,N2V,1.0,0.25,D2,9,16,8485,8485,1192,2500
R1,N2Vp1q0_25,N2V,1.0,0.25,D2,9,17,8498,8498,1246,2500
R1,N2Vp1q0_25,N2V,1.0,0.25,D2,9,18,8571,8571,1435,2500
R1,N2Vp1q0_25,N2V,1.0,0.25,D2,9,19,8581,8581,1521,2500
R1,N2Vp1q0_25,N2V,1.0,0.25,D2,9,20,8561,8561,1571,2499
R1,N2Vp1q0_25,N2V,1.0,0.25,D2,9,21,8599,8599,1718,2500
R1,N2Vp1q0_25,N2V,1.0,0.25,D2,9,22,8652,8652,1850,2500
R1,N2Vp1q0_25,N2V,1.0,0.25,D2,9,23,8673,8673,1915,2500
R1,N2Vp1q0_25,N2V,1.0,0.25,D2,9,24,8755,8755,2072,2500
R1,N2Vp1q0_25,N2V,1.0,0.25,D2,9,25,8775,8775,2143,2500
R1,N2Vp1q0_25,N2V,1.0,0.25,D2,9,26,8825,8825,2248,2500
R1,N2Vp1q0_25,N2V,1.0,0.25,D2,9,27,8833,8833,2331,2500
R1,N2Vp1q0_25,N2V,1.0,0.25,D2,9,28,8876,8876,2410,2500
R1,N2Vp1q0_25,N2V,1.0,0.25,D2,9,29,8854,8854,2430,2500
R1,N2Vp1q0_25,N2V,1.0,0.25,D2,9,30,8875,8875,2532,2500
R1,N2Vp1q0_25,N2V,1.0,0.25,D2,10,0,0,0,0,0
R1,N2Vp1q0_25,N2V,1.0,0.25,D2,10,1,7498,7498,399,2500
R1,N2Vp1q0_25,N2V,1.0,0.25,D2,10,2,8217,8217,446,2500
R1,N2Vp1q0_25,N2V,1.0,0.25,D2,10,3,8269,8269,467,2500
R1,N2Vp1q0_25,N2V,1.0,0.25,D2,10,4,8278,8278,522,2500
R1,N2Vp1q0_25,N2V,1.0,0.25,D2,10,5,8269,8269,550,2500
R1,N2Vp1q0_25,N2V,1.0,0.25,D2,10,6,8262,8262,599,2500
R1,N2Vp1q0_25,N2V,1.0,0.25,D2,10,7,8267,8267,638,2500
R1,N2Vp1q0_25,N2V,1.0,0.25,D2,10,8,8268,8268,634,2500
R1,N2Vp1q0_25,N2V,1.0,0.25,D2,10,9,8264,8264,679,2500
R1,N2Vp1q0_25,N2V,1.0,0.25,D2,10,10,8271,8271,699,2500
R1,N2Vp1q0_25,N2V,1.0,0.25,D2,10,11,8258,8258,746,2500
R1,N2Vp1q0_25,N2V,1.0,0.25,D2,10,12,8313,8313,780,2500
R1,N2Vp1q0_25,N2V,1.0,0.25,D2,10,13,8317,8317,820,2500
R1,N2Vp1q0_25,N2V,1.0,0.25,D2,10,14,8324,8324,886,2500
R1,N2Vp1q0_25,N2V,1.0,0.25,D2,10,15,8315,8315,936,2500
R1,N2Vp1q0_25,N2V,1.0,0.25,D2,10,16,8356,8356,1013,2500
R1,N2Vp1q0_25,N2V,1.0,0.25,D2,10,17,8407,8407,1102,2500
R1,N2Vp1q0_25,N2V,1.0,0.25,D2,10,18,8423,8423,1174,2500
R1,N2Vp1q0_25,N2V,1.0,0.25,D2,10,19,8456,8456,1241,2500
R1,N2Vp1q0_25,N2V,1.0,0.25,D2,10,20,8478,8478,1296,2500
R1,N2Vp1q0_25,N2V,1.0,0.25,D2,10,21,8503,8503,1393,2499
R1,N2Vp1q0_25,N2V,1.0,0.25,D2,10,22,8555,8555,1467,2500
R1,N2Vp1q0_25,N2V,1.0,0.25,D2,10,23,8546,8546,1494,2500
R1,N2Vp1q0_25,N2V,1.0,0.25,D2,10,24,8587,8587,1559,2500
R1,N2Vp1q0_25,N2V,1.0,0.25,D2,10,25,8591,8591,1608,2500
R1,N2Vp1q0_25,N2V,1.0,0.25,D2,10,26,8689,8689,1754,2499
R1,N2Vp1q0_25,N2V,1.0,0.25,D2,10,27,8704,8704,1810,2500
R1,N2Vp1q0_25,N2V,1.0,0.25,D2,10,28,8701,8701,1894,2500
R1,N2Vp1q0_25,N2V,1.0,0.25,D2,10,29,8714,8714,1951,2500
R1,N2Vp1q0_25,N2V,1.0,0.25,D2,10,30,8773,8773,2049,2500
R1,N2Vp1q0_5,N2V,1.0,0.5,D2,1,0,0,0,0,0
R1,N2Vp1q0_5,N2V,1.0,0.5,D2,1,1,7538,7538,407,2500
R1,N2Vp1q0_5,N2V,1.0,0.5,D2,1,2,8450,8450,490,2500
R1,N2Vp1q0_5,N2V,1.0,0.5,D2,1,3,8453,8453,514,2499
R1,N2Vp1q0_5,N2V,1.0,0.5,D2,1,4,8379,8379,490,2500
R1,N2Vp1q0_5,N2V,1.0,0.5,D2,1,5,8364,8364,520,2499
R1,N2Vp1q0_5,N2V,1.0,0.5,D2,1,6,8410,8410,603,2499
R1,N2Vp1q0_5,N2V,1.0,0.5,D2,1,7,8411,8411,681,2500
R1,N2Vp1q0_5,N2V,1.0,0.5,D2,1,8,8452,8452,759,2498
R1,N2Vp1q0_5,N2V,1.0,0.5,D2,1,9,8473,8473,872,2500
R1,N2Vp1q0_5,N2V,1.0,0.5,D2,1,10,8492,8492,916,2499
R1,N2Vp1q0_5,N2V,1.0,0.5,D2,1,11,8478,8478,1012,2500
R1,N2Vp1q0_5,N2V,1.0,0.5,D2,1,12,8474,8474,1059,2500
R1,N2Vp1q0_5,N2V,1.0,0.5,D2,1,13,8483,8483,1117,2500
R1,N2Vp1q0_5,N2V,1.0,0.5,D2,1,14,8489,8489,1249,2500
R1,N2Vp1q0_5,N2V,1.0,0.5,D2,1,15,8485,8485,1276,2500
R1,N2Vp1q0_5,N2V,1.0,0.5,D2,1,16,8573,8573,1481,2499
R1,N2Vp1q0_5,N2V,1.0,0.5,D2,1,17,8596,8596,1597,2500
R1,N2Vp1q0_5,N2V,1.0,0.5,D2,1,18,8660,8660,1764,2500
R1,N2Vp1q0_5,N2V,1.0,0.5,D2,1,19,8690,8690,1928,2500
R1,N2Vp1q0_5,N2V,1.0,0.5,D2,1,20,8730,8730,2021,2500
R1,N2Vp1q0_5,N2V,1.0,0.5,D2,1,21,8783,8783,2162,2500
R1,N2Vp1q0_5,N2V,1.0,0.5,D2,1,22,8829,8829,2255,2500
R1,N2Vp1q0_5,N2V,1.0,0.5,D2,1,23,8864,8864,2359,2498
R1,N2Vp1q0_5,N2V,1.0,0.5,D2,1,24,8911,8911,2506,2499
R1,N2Vp1q0_5,N2V,1.0,0.5,D2,1,25,8963,8963,2608,2500
R1,N2Vp1q0_5,N2V,1.0,0.5,D2,1,26,9000,9000,2679,2500
R1,N2Vp1q0_5,N2V,1.0,0.5,D2,1,27,9049,9049,2862,2500
R1,N2Vp1q0_5,N2V,1.0,0.5,D2,1,28,9072,9072,2910,2500
R1,N2Vp1q0_5,N2V,1.0,0.5,D2,1,29,9102,9102,2999,2500
R1,N2Vp1q0_5,N2V,1.0,0.5,D2,1,30,9178,9178,3140,2500
R1,N2Vp1q0_5,N2V,1.0,0.5,D2,2,0,0,0,0,0
R1,N2Vp1q0_5,N2V,1.0,0.5,D2,2,1,7421,7421,419,2500
R1,N2Vp1q0_5,N2V,1.0,0.5,D2,2,2,8291,8291,515,2500
R1,N2Vp1q0_5,N2V,1.0,0.5,D2,2,3,8294,8294,562,2500
R1,N2Vp1q0_5,N2V,1.0,0.5,D2,2,4,8301,8301,580,2500
R1,N2Vp1q0_5,N2V,1.0,0.5,D2,2,5,8294,8294,621,2500
R1,N2Vp1q0_5,N2V,1.0,0.5,D2,2,6,8274,8274,678,2500
R1,N2Vp1q0_5,N2V,1.0,0.5,D2,2,7,8249,8249,720,2499
R1,N2Vp1q0_5,N2V,1.0,0.5,D2,2,8,8299,8299,793,2499
R1,N2Vp1q0_5,N2V,1.0,0.5,D2,2,9,8312,8312,865,2498
R1,N2Vp1q0_5,N2V,1.0,0.5,D2,2,10,8323,8323,940,2499
R1,N2Vp1q0_5,N2V,1.0,0.5,D2,2,11,8368,8368,1015,2499
R1,N2Vp1q0_5,N2V,1.0,0.5,D2,2,12,8433,8433,1199,2499
R1,N2Vp1q0_5,N2V,1.0,0.5,D2,2,13,8478,8478,1235,2499
R1,N2Vp1q0_5,N2V,1.0,0.5,D2,2,14,8546,8546,1376,2500
R1,N2Vp1q0_5,N2V,1.0,0.5,D2,2,15,8523,8523,1404,2498
R1,N2Vp1q0_5,N2V,1.0,0.5,D2,2,16,8547,8547,1479,2499
R1,N2Vp1q0_5,N2V,1.0,0.5,D2,2,17,8591,8591,1647,2500
R1,N2Vp1q0_5,N2V,1.0,0.5,D2,2,18,8614,8614,1776,2500
R1,N2Vp1q0_5,N2V,1.0,0.5,D2,2,19,8612,8612,1852,2500
R1,N2Vp1q0_5,N2V,1.0,0.5,D2,2,20,8647,8647,1997,2500
R1,N2Vp1q0_5,N2V,1.0,0.5,D2,2,21,8704,8704,2081,2499
R1,N2Vp1q0_5,N2V,1.0,0.5,D2,2,22,8757,8757,2178,2500
R1,N2Vp1q0_5,N2V,1.0,0.5,D2,2,23,8822,8822,2330,2500
R1,N2Vp1q0_5,N2V,1.0,0.5,D2,2,24,8863,8863,2477,2500
R1,N2Vp1q0_5,N2V,1.0,0.5,D2,2,25,8894,8894,2562,2500
R1,N2Vp1q0_5,N2V,1.0,0.5,D2,2,26,8936,8936,2653,2500
R1,N2Vp1q0_5,N2V,1.0,0.5,D2,2,27,8932,8932,2729,2500
R1,N2Vp1q0_5,N2V,1.0,0.5,D2,2,28,9019,9019,2895,2500
R1,N2Vp1q0_5,N2V,1.0,0.5,D2,2,29,9078,9078,3008,2500
R1,N2Vp1q0_5,N2V,1.0,0.5,D2,2,30,9140,9140,3114,2500
R1,N2Vp1q0_5,N2V,1.0,0.5,D2,3,0,0,0,0,0
R1,N2Vp1q0_5,N2V,1.0,0.5,D2,3,1,7530,7530,399,2500
R1,N2Vp1q0_5,N2V,1.0,0.5,D2,3,2,8371,8371,495,2500
R1,N2Vp1q0_5,N2V,1.0,0.5,D2,3,3,8334,8334,518,2500
R1,N2Vp1q0_5,N2V,1.0,0.5,D2,3,4,8326,8326,520,2500
R1,N2Vp1q0_5,N2V,1.0,0.5,D2,3,5,8378,8378,602,2500
R1,N2Vp1q0_5,N2V,1.0,0.5,D2,3,6,8395,8395,622,2500
R1,N2Vp1q0_5,N2V,1.0,0.5,D2,3,7,8411,8411,690,2500
R1,N2Vp1q0_5,N2V,1.0,0.5,D2,3,8,8466,8466,823,2500
R1,N2Vp1q0_5,N2V,1.0,0.5,D2,3,9,8469,8469,885,2500
R1,N2Vp1q0_5,N2V,1.0,0.5,D2,3,10,8487,8487,961,2500
R1,N2Vp1q0_5,N2V,1.0,0.5,D2,3,11,8518,8518,1054,2499
R1,N2Vp1q0_5,N2V,1.0,0.5,D2,3,12,8581,8581,1146,2500
R1,N2Vp1q0_5,N2V,1.0,0.5,D2,3,13,8620,8620,1205,2500
R1,N2Vp1q0_5,N2V,1.0,0.5,D2,3,14,8651,8651,1319,2500
R1,N2Vp1q0_5,N2V,1.0,0.5,D2,3,15,8657,8657,1371,2500
R1,N2Vp1q0_5,N2V,1.0,0.5,D2,3,16,8722,8722,1493,2500
R1,N2Vp1q0_5,N2V,1.0,0.5,D2,3,17,8743,8743,1601,2500
R1,N2Vp1q0_5,N2V,1.0,0.5,D2,3,18,8765,8765,1688,2500
R1,N2Vp1q0_5,N2V,1.0,0.5,D2,3,19,8729,8729,1750,2499
R1,N2Vp1q0_5,N2V,1.0,0.5,D2,3,20,8775,8775,1857,2499
R1,N2Vp1q0_5,N2V,1.0,0.5,D2,3,21,8805,8805,1987,2500
R1,N2Vp1q0_5,N2V,1.0,0.5,D2,3,22,8831,8831,2156,2500
R1,N2Vp1q0_5,N2V,1.0,0.5,D2,3,23,8886,8886,2320,2500
R1,N2Vp1q0_5,N2V,1.0,0.5,D2,3,24,8944,8944,2452,2500
R1,N2Vp1q0_5,N2V,1.0,0.5,D2,3,25,9012,9012,2565,2500
R1,N2Vp1q0_5,N2V,1.0,0.5,D2,3,26,8987,8987,2627,2500
R1,N2Vp1q0_5,N2V,1.0,0.5,D2,3,27,9054,9054,2756,2500
R1,N2Vp1q0_5,N2V,1.0,0.5,D2,3,28,9064,9064,2875,2500
R1,N2Vp1q0_5,N2V,1.0,0.5,D2,3,29,9102,9102,2982,2500
R1,N2Vp1q0_5,N2V,1.0,0.5,D2,3,30,9138,9138,3099,2500
R1,N2Vp1q0_5,N2V,1.0,0.5,D2,4,0,0,0,0,0
R1,N2Vp1q0_5,N2V,1.0,0.5,D2,4,1,7417,7417,414,2500
R1,N2Vp1q0_5,N2V,1.0,0.5,D2,4,2,8267,8267,526,2500
R1,N2Vp1q0_5,N2V,1.0,0.5,D2,4,3,8312,8312,551,2500
R1,N2Vp1q0_5,N2V,1.0,0.5,D2,4,4,8327,8327,550,2500
R1,N2Vp1q0_5,N2V,1.0,0.5,D2,4,5,8322,8322,601,2500
R1,N2Vp1q0_5,N2V,1.0,0.5,D2,4,6,8311,8311,692,2500
R1,N2Vp1q0_5,N2V,1.0,0.5,D2,4,7,8321,8321,682,2500
R1,N2Vp1q0_5,N2V,1.0,0.5,D2,4,8,8316,8316,726,2500
R1,N2Vp1q0_5,N2V,1.0,0.5,D2,4,9,8299,8299,782,2500
R1,N2Vp1q0_5,N2V,1.0,0.5,D2,4,10,8296,8296,791,2500
R1,N2Vp1q0_5,N2V,1.0,0.5,D2,4,11,8310,8310,791,2500
R1,N2Vp1q0_5,N2V,1.0,0.5,D2,4,12,8333,8333,918,2500
R1,N2Vp1q0_5,N2V,1.0,0.5,D2,4,13,8352,8352,1039,2500
R1,N2Vp1q0_5,N2V,1.0,0.5,D2,4,14,8435,8435,1193,2500
R1,N2Vp1q0_5,N2V,1.0,0.5,D2,4,15,8470,8470,1335,2500
R1,N2Vp1q0_5,N2V,1.0,0.5,D2,4,16,8542,8542,1523,2500
R1,N2Vp1q0_5,N2V,1.0,0.5,D2,4,17,8579,8579,1598,2500
R1,N2Vp1q0_5,N2V,1.0,0.5,D2,4,18,8644,8644,1739,2500
R1,N2Vp1q0_5,N2V,1.0,0.5,D2,4,19,8644,8644,1791,2500
R1,N2Vp1q0_5,N2V,1.0,0.5,D2,4,20,8667,8667,1890,2500
R1,N2Vp1q0_5,N2V,1.0,0.5,D2,4,21,8680,8680,2005,2500
R1,N2Vp1q0_5,N2V,1.0,0.5,D2,4,22,8703,8703,2095,2500
R1,N2Vp1q0_5,N2V,1.0,0.5,D2,4,23,8776,8776,2290,2499
R1,N2Vp1q0_5,N2V,1.0,0.5,D2,4,24,8825,8825,2422,2499
R1,N2Vp1q0_5,N2V,1.0,0.5,D2,4,25,8893,8893,2587,2499
R1,N2Vp1q0_5,N2V,1.0,0.5,D2,4,26,8926,8926,2686,2500
R1,N2Vp1q0_5,N2V,1.0,0.5,D2,4,27,8988,8988,2805,2500
R1,N2Vp1q0_5,N2V,1.0,0.5,D2,4,28,8976,8976,2882,2500
R1,N2Vp1q0_5,N2V,1.0,0.5,D2,4,29,9026,9026,3035,2500
R1,N2Vp1q0_5,N2V,1.0,0.5,D2,4,30,9066,9066,3133,2500
R1,N2Vp1q0_5,N2V,1.0,0.5,D2,5,0,0,0,0,0
R1,N2Vp1q0_5,N2V,1.0,0.5,D2,5,1,7483,7483,407,2500
R1,N2Vp1q0_5,N2V,1.0,0.5,D2,5,2,8288,8288,488,2500
R1,N2Vp1q0_5,N2V,1.0,0.5,D2,5,3,8295,8295,504,2500
R1,N2Vp1q0_5,N2V,1.0,0.5,D2,5,4,8300,8300,566,2500
R1,N2Vp1q0_5,N2V,1.0,0.5,D2,5,5,8314,8314,623,2500
R1,N2Vp1q0_5,N2V,1.0,0.5,D2,5,6,8294,8294,634,2500
R1,N2Vp1q0_5,N2V,1.0,0.5,D2,5,7,8313,8313,700,2499
R1,N2Vp1q0_5,N2V,1.0,0.5,D2,5,8,8380,8380,792,2499
R1,N2Vp1q0_5,N2V,1.0,0.5,D2,5,9,8388,8388,856,2500
R1,N2Vp1q0_5,N2V,1.0,0.5,D2,5,10,8412,8412,936,2500
R1,N2Vp1q0_5,N2V,1.0,0.5,D2,5,11,8413,8413,995,2500
R1,N2Vp1q0_5,N2V,1.0,0.5,D2,5,12,8452,8452,1060,2500
R1,N2Vp1q0_5,N2V,1.0,0.5,D2,5,13,8469,8469,1149,2500
R1,N2Vp1q0_5,N2V,1.0,0.5,D2,5,14,8494,8494,1202,2499
R1,N2Vp1q0_5,N2V,1.0,0.5,D2,5,15,8500,8500,1262,2497
R1,N2Vp1q0_5,N2V,1.0,0.5,D2,5,16,8517,8517,1309,2498
R1,N2Vp1q0_5,N2V,1.0,0.5,D2,5,17,8537,8537,1452,2498
R1,N2Vp1q0_5,N2V,1.0,0.5,D2,5,18,8547,8547,1493,2499
R1,N2Vp1q0_5,N2V,1.0,0.5,D2,5,19,8562,8562,1567,2500
R1,N2Vp1q0_5,N2V,1.0,0.5,D2,5,20,8593,8593,1651,2499
R1,N2Vp1q0_5,N2V,1.0,0.5,D2,5,21,8633,8633,1743,2498
R1,N2Vp1q0_5,N2V,1.0,0.5,D2,5,22,8712,8712,1866,2500
R1,N2Vp1q0_5,N2V,1.0,0.5,D2,5,23,8676,8676,1945,2500
R1,N2Vp1q0_5,N2V,1.0,0.5,D2,5,24,8662,8662,2035,2500
R1,N2Vp1q0_5,N2V,1.0,0.5,D2,5,25,8702,8702,2186,2499
R1,N2Vp1q0_5,N2V,1.0,0.5,D2,5,26,8698,8698,2289,2499
R1,N2Vp1q0_5,N2V,1.0,0.5,D2,5,27,8742,8742,2405,2500
R1,N2Vp1q0_5,N2V,1.0,0.5,D2,5,28,8782,8782,2510,2500
R1,N2Vp1q0_5,N2V,1.0,0.5,D2,5,29,8798,8798,2607,2500
R1,N2Vp1q0_5,N2V,1.0,0.5,D2,5,30,8859,8859,2746,2500
R1,N2Vp1q0_5,N2V,1.0,0.5,D2,6,0,0,0,0,0
R1,N2Vp1q0_5,N2V,1.0,0.5,D2,6,1,7477,7477,393,2500
R1,N2Vp1q0_5,N2V,1.0,0.5,D2,6,2,8367,8367,508,2500
R1,N2Vp1q0_5,N2V,1.0,0.5,D2,6,3,8310,8310,526,2500
R1,N2Vp1q0_5,N2V,1.0,0.5,D2,6,4,8309,8309,555,2500
R1,N2Vp1q0_5,N2V,1.0,0.5,D2,6,5,8289,8289,637,2500
R1,N2Vp1q0_5,N2V,1.0,0.5,D2,6,6,8337,8337,686,2500
R1,N2Vp1q0_5,N2V,1.0,0.5,D2,6,7,8354,8354,763,2499
R1,N2Vp1q0_5,N2V,1.0,0.5,D2,6,8,8384,8384,831,2500
R1,N2Vp1q0_5,N2V,1.0,0.5,D2,6,9,8437,8437,918,2500
R1,N2Vp1q0_5,N2V,1.0,0.5,D2,6,10,8438,8438,1024,2499
R1,N2Vp1q0_5,N2V,1.0,0.5,D2,6,11,8458,8458,1104,2500
R1,N2Vp1q0_5,N2V,1.0,0.5,D2,6,12,8437,8437,1140,2500
R1,N2Vp1q0_5,N2V,1.0,0.5,D2,6,13,8520,8520,1269,2500
R1,N2Vp1q0_5,N2V,1.0,0.5,D2,6,14,8567,8567,1446,2500
R1,N2Vp1q0_5,N2V,1.0,0.5,D2,6,15,8608,8608,1551,2499
R1,N2Vp1q0_5,N2V,1.0,0.5,D2,6,16,8668,8668,1704,2499
R1,N2Vp1q0_5,N2V,1.0,0.5,D2,6,17,8731,8731,1802,2500
R1,N2Vp1q0_5,N2V,1.0,0.5,D2,6,18,8769,8769,1959,2500
R1,N2Vp1q0_5,N2V,1.0,0.5,D2,6,19,8854,8854,2100,2499
R1,N2Vp1q0_5,N2V,1.0,0.5,D2,6,20,8890,8890,2195,2500
R1,N2Vp1q0_5,N2V,1.0,0.5,D2,6,21,8950,8950,2343,2500
R1,N2Vp1q0_5,N2V,1.0,0.5,D2,6,22,9045,9045,2529,2500
R1,N2Vp1q0_5,N2V,1.0,0.5,D2,6,23,9017,9017,2570,2499
R1,N2Vp1q0_5,N2V,1.0,0.5,D2,6,24,9087,9087,2709,2500
R1,N2Vp1q0_5,N2V,1.0,0.5,D2,6,25,9091,9091,2799,2500
R1,N2Vp1q0_5,N2V,1.0,0.5,D2,6,26,9133,9133,2995,2500
R1,N2Vp1q0_5,N2V,1.0,0.5,D2,6,27,9236,9236,3187,2500
R1,N2Vp1q0_5,N2V,1.0,0.5,D2,6,28,9265,9265,3308,2500
R1,N2Vp1q0_5,N2V,1.0,0.5,D2,6,29,9307,9307,3404,2500
R1,N2Vp1q0_5,N2V,1.0,0.5,D2,6,30,9342,9342,3516,2499
R1,N2Vp1q0_5,N2V,1.0,0.5,D2,7,0,0,0,0,0
R1,N2Vp1q0_5,N2V,1.0,0.5,D2,7,1,7464,7464,423,2500
R1,N2Vp1q0_5,N2V,1.0,0.5,D2,7,2,8321,8321,501,2500
R1,N2Vp1q0_5,N2V,1.0,0.5,D2,7,3,8337,8337,523,2500
R1,N2Vp1q0_5,N2V,1.0,0.5,D2,7,4,8336,8336,560,2500
R1,N2Vp1q0_5,N2V,1.0,0.5,D2,7,5,8342,8342,567,2500
R1,N2Vp1q0_5,N2V,1.0,0.5,D2,7,6,8374,8374,646,2499
R1,N2Vp1q0_5,N2V,1.0,0.5,D2,7,7,8366,8366,686,2500
R1,N2Vp1q0_5,N2V,1.0,0.5,D2,7,8,8381,8381,736,2500
R1,N2Vp1q0_5,N2V,1.0,0.5,D2,7,9,8392,8392,799,2499
R1,N2Vp1q0_5,N2V,1.0,0.5,D2,7,10,8413,8413,902,2499
R1,N2Vp1q0_5,N2V,1.0,0.5,D2,7,11,8432,8432,908,2499
R1,N2Vp1q0_5,N2V,1.0,0.5,D2,7,12,8484,8484,1005,2500
R1,N2Vp1q0_5,N2V,1.0,0.5,D2,7,13,8481,8481,1070,2500
R1,N2Vp1q0_5,N2V,1.0,0.5,D2,7,14,8525,8525,1188,2500
R1,N2Vp1q0_5,N2V,1.0,0.5,D2,7,15,8568,8568,1287,2500
R1,N2Vp1q0_5,N2V,1.0,0.5,D2,7,16,8599,8599,1410,2500
R1,N2Vp1q0_5,N2V,1.0,0.5,D2,7,17,8640,8640,1571,2500
R1,N2Vp1q0_5,N2V,1.0,0.5,D2,7,18,8644,8644,1668,2500
R1,N2Vp1q0_5,N2V,1.0,0.5,D2,7,19,8672,8672,1823,2500
R1,N2Vp1q0_5,N2V,1.0,0.5,D2,7,20,8731,8731,1985,2500
R1,N2Vp1q0_5,N2V,1.0,0.5,D2,7,21,8815,8815,2160,2500
R1,N2Vp1q0_5,N2V,1.0,0.5,D2,7,22,8804,8804,2216,2500
R1,N2Vp1q0_5,N2V,1.0,0.5,D2,7,23,8851,8851,2382,2500
R1,N2Vp1q0_5,N2V,1.0,0.5,D2,7,24,8910,8910,2485,2500
R1,N2Vp1q0_5,N2V,1.0,0.5,D2,7,25,8978,8978,2669,2500
R1,N2Vp1q0_5,N2V,1.0,0.5,D2,7,26,9029,9029,2810,2500
R1,N2Vp1q0_5,N2V,1.0,0.5,D2,7,27,9045,9045,2903,2500
R1,N2Vp1q0_5,N2V,1.0,0.5,D2,7,28,9109,9109,3004,2500
R1,N2Vp1q0_5,N2V,1.0,0.5,D2,7,29,9142,9142,3074,2500
R1,N2Vp1q0_5,N2V,1.0,0.5,D2,7,30,9186,9186,3195,2500
R1,N2Vp1q0_5,N2V,1.0,0.5,D2,8,0,0,0,0,0
R1,N2Vp1q0_5,N2V,1.0,0.5,D2,8,1,7458,7458,405,2500
R1,N2Vp1q0_5,N2V,1.0,0.5,D2,8,2,8287,8287,458,2500
R1,N2Vp1q0_5,N2V,1.0,0.5,D2,8,3,8313,8313,506,2500
R1,N2Vp1q0_5,N2V,1.0,0.5,D2,8,4,8326,8326,568,2500
R1,N2Vp1q0_5,N2V,1.0,0.5,D2,8,5,8334,8334,592,2499
R1,N2Vp1q0_5,N2V,1.0,0.5,D2,8,6,8339,8339,671,2500
R1,N2Vp1q0_5,N2V,1.0,0.5,D2,8,7,8320,8320,737,2500
R1,N2Vp1q0_5,N2V,1.0,0.5,D2,8,8,8359,8359,844,2500
R1,N2Vp1q0_5,N2V,1.0,0.5,D2,8,9,8378,8378,929,2498
R1,N2Vp1q0_5,N2V,1.0,0.5,D2,8,10,8429,8429,1026,2499
R1,N2Vp1q0_5,N2V,1.0,0.5,D2,8,11,8448,8448,1086,2499
R1,N2Vp1q0_5,N2V,1.0,0.5,D2,8,12,8460,8460,1168,2499
R1,N2Vp1q0_5,N2V,1.0,0.5,D2,8,13,8574,8574,1350,2499
R1,N2Vp1q0_5,N2V,1.0,0.5,D2,8,14,8598,8598,1444,2499
R1,N2Vp1q0_5,N2V,1.0,0.5,D2,8,15,8604,8604,1478,2499
R1,N2Vp1q0_5,N2V,1.0,0.5,D2,8,16,8596,8596,1580,2499
R1,N2Vp1q0_5,N2V,1.0,0.5,D2,8,17,8617,8617,1737,2498
R1,N2Vp1q0_5,N2V,1.0,0.5,D2,8,18,8658,8658,1868,2499
R1,N2Vp1q0_5,N2V,1.0,0.5,D2,8,19,8711,8711,2051,2500
R1,N2Vp1q0_5,N2V,1.0,0.5,D2,8,20,8758,8758,2162,2500
R1,N2Vp1q0_5,N2V,1.0,0.5,D2,8,21,8837,8837,2309,2500
R1,N2Vp1q0_5,N2V,1.0,0.5,D2,8,22,8837,8837,2401,2500
R1,N2Vp1q0_5,N2V,1.0,0.5,D2,8,23,8909,8909,2513,2500
R1,N2Vp1q0_5,N2V,1.0,0.5,D2,8,24,8918,8918,2598,2500
R1,N2Vp1q0_5,N2V,1.0,0.5,D2,8,25,8973,8973,2710,2500
R1,N2Vp1q0_5,N2V,1.0,0.5,D2,8,26,9000,9000,2789,2499
R1,N2Vp1q0_5,N2V,1.0,0.5,D2,8,27,9052,9052,2905,2500
R1,N2Vp1q0_5,N2V,1.0,0.5,D2,8,28,9103,9103,3004,2500
R1,N2Vp1q0_5,N2V,1.0,0.5,D2,8,29,9145,9145,3107,2500
R1,N2Vp1q0_5,N2V,1.0,0.5,D2,8,30,9158,9158,3217,2500
R1,N2Vp1q0_5,N2V,1.0,0.5,D2,10,0,0,0,0,0
R1,N2Vp1q0_5,N2V,1.0,0.5,D2,10,1,7494,7494,440,2500
R1,N2Vp1q0_5,N2V,1.0,0.5,D2,10,2,8343,8343,523,2500
R1,N2Vp1q0_5,N2V,1.0,0.5,D2,10,3,8338,8338,546,2500
R1,N2Vp1q0_5,N2V,1.0,0.5,D2,10,4,8327,8327,598,2500
R1,N2Vp1q0_5,N2V,1.0,0.5,D2,10,5,8300,8300,594,2499
R1,N2Vp1q0_5,N2V,1.0,0.5,D2,10,6,8321,8321,616,2500
R1,N2Vp1q0_5,N2V,1.0,0.5,D2,10,7,8320,8320,696,2500
R1,N2Vp1q0_5,N2V,1.0,0.5,D2,10,8,8323,8323,729,2500
R1,N2Vp1q0_5,N2V,1.0,0.5,D2,10,9,8380,8380,828,2500
R1,N2Vp1q0_5,N2V,1.0,0.5,D2,10,10,8403,8403,899,2500
R1,N2Vp1q0_5,N2V,1.0,0.5,D2,10,11,8391,8391,921,2500
R1,N2Vp1q0_5,N2V,1.0,0.5,D2,10,12,8367,8367,922,2500
R1,N2Vp1q0_5,N2V,1.0,0.5,D2,10,13,8414,8414,979,2499
R1,N2Vp1q0_5,N2V,1.0,0.5,D2,10,14,8432,8432,1095,2498
R1,N2Vp1q0_5,N2V,1.0,0.5,D2,10,15,8435,8435,1205,2500
R1,N2Vp1q0_5,N2V,1.0,0.5,D2,10,16,8462,8462,1316,2500
R1,N2Vp1q0_5,N2V,1.0,0.5,D2,10,17,8521,8521,1364,2500
R1,N2Vp1q0_5,N2V,1.0,0.5,D2,10,18,8559,8559,1492,2500
R1,N2Vp1q0_5,N2V,1.0,0.5,D2,10,19,8585,8585,1603,2500
R1,N2Vp1q0_5,N2V,1.0,0.5,D2,10,20,8643,8643,1696,2500
R1,N2Vp1q0_5,N2V,1.0,0.5,D2,10,21,8624,8624,1724,2500
R1,N2Vp1q0_5,N2V,1.0,0.5,D2,10,22,8720,8720,1861,2500
R1,N2Vp1q0_5,N2V,1.0,0.5,D2,10,23,8772,8772,2024,2500
R1,N2Vp1q0_5,N2V,1.0,0.5,D2,10,24,8814,8814,2118,2499
R1,N2Vp1q0_5,N2V,1.0,0.5,D2,10,25,8897,8897,2328,2500
R1,N2Vp1q0_5,N2V,1.0,0.5,D2,10,26,8979,8979,2471,2500
R1,N2Vp1q0_5,N2V,1.0,0.5,D2,10,27,9064,9064,2636,2500
R1,N2Vp1q0_5,N2V,1.0,0.5,D2,10,28,9090,9090,2783,2500
R1,N2Vp1q0_5,N2V,1.0,0.5,D2,10,29,9113,9113,2860,2500
R1,N2Vp1q0_5,N2V,1.0,0.5,D2,10,30,9138,9138,2966,2500
R1,N2Vp1q0_5,N2V,1.0,0.5,D2,9,0,0,0,0,0
R1,N2Vp1q0_5,N2V,1.0,0.5,D2,9,1,7472,7472,391,2499
R1,N2Vp1q0_5,N2V,1.0,0.5,D2,9,2,8394,8394,480,2500
R1,N2Vp1q0_5,N2V,1.0,0.5,D2,9,3,8392,8392,518,2500
R1,N2Vp1q0_5,N2V,1.0,0.5,D2,9,4,8378,8378,577,2500
R1,N2Vp1q0_5,N2V,1.0,0.5,D2,9,5,8399,8399,604,2500
R1,N2Vp1q0_5,N2V,1.0,0.5,D2,9,6,8420,8420,725,2500
R1,N2Vp1q0_5,N2V,1.0,0.5,D2,9,7,8391,8391,748,2500
R1,N2Vp1q0_5,N2V,1.0,0.5,D2,9,8,8365,8365,799,2500
R1,N2Vp1q0_5,N2V,1.0,0.5,D2,9,9,8395,8395,926,2499
R1,N2Vp1q0_5,N2V,1.0,0.5,D2,9,10,8396,8396,977,2499
R1,N2Vp1q0_5,N2V,1.0,0.5,D2,9,11,8418,8418,1093,2500
R1,N2Vp1q0_5,N2V,1.0,0.5,D2,9,12,8456,8456,1188,2500
R1,N2Vp1q0_5,N2V,1.0,0.5,D2,9,13,8463,8463,1241,2500
R1,N2Vp1q0_5,N2V,1.0,0.5,D2,9,14,8494,8494,1364,2500
R1,N2Vp1q0_5,N2V,1.0,0.5,D2,9,15,8577,8577,1494,2500
R1,N2Vp1q0_5,N2V,1.0,0.5,D2,9,16,8629,8629,1615,2500
R1,N2Vp1q0_5,N2V,1.0,0.5,D2,9,17,8691,8691,1666,2500
R1,N2Vp1q0_5,N2V,1.0,0.5,D2,9,18,8688,8688,1785,2500
R1,N2Vp1q0_5,N2V,1.0,0.5,D2,9,19,8738,8738,1912,2500
R1,N2Vp1q0_5,N2V,1.0,0.5,D2,9,20,8752,8752,2038,2500
R1,N2Vp1q0_5,N2V,1.0,0.5,D2,9,21,8783,8783,2152,2500
R1,N2Vp1q0_5,N2V,1.0,0.5,D2,9,22,8842,8842,2255,2500
R1,N2Vp1q0_5,N2V,1.0,0.5,D2,9,23,8838,8838,2295,2500
R1,N2Vp1q0_5,N2V,1.0,0.5,D2,9,24,8850,8850,2396,2500
R1,N2Vp1q0_5,N2V,1.0,0.5,D2,9,25,8847,8847,2457,2500
R1,N2Vp1q0_5,N2V,1.0,0.5,D2,9,26,8854,8854,2514,2500
R1,N2Vp1q0_5,N2V,1.0,0.5,D2,9,27,8922,8922,2672,2500
R1,N2Vp1q0_5,N2V,1.0,0.5,D2,9,28,8920,8920,2723,2500
R1,N2Vp1q0_5,N2V,1.0,0.5,D2,9,29,9023,9023,2900,2500
R1,N2Vp1q0_5,N2V,1.0,0.5,D2,9,30,9054,9054,2950,2500
R1,N2Vp1q1,N2V,1.0,1.0,D2,1,0,0,0,0,0
R1,N2Vp1q1,N2V,1.0,1.0,D2,1,1,7452,7452,395,2500
R1,N2Vp1q1,N2V,1.0,1.0,D2,1,2,8439,8439,508,2500
R1,N2Vp1q1,N2V,1.0,1.0,D2,1,3,8389,8389,536,2500
R1,N2Vp1q1,N2V,1.0,1.0,D2,1,4,8380,8380,626,2500
R1,N2Vp1q1,N2V,1.0,1.0,D2,1,5,8387,8387,657,2500
R1,N2Vp1q1,N2V,1.0,1.0,D2,1,6,8415,8415,775,2498
R1,N2Vp1q1,N2V,1.0,1.0,D2,1,7,8417,8417,853,2499
R1,N2Vp1q1,N2V,1.0,1.0,D2,1,8,8542,8542,1037,2498
R1,N2Vp1q1,N2V,1.0,1.0,D2,1,9,8487,8487,1113,2498
R1,N2Vp1q1,N2V,1.0,1.0,D2,1,10,8550,8550,1285,2500
R1,N2Vp1q1,N2V,1.0,1.0,D2,1,11,8555,8555,1359,2499
R1,N2Vp1q1,N2V,1.0,1.0,D2,1,12,8588,8588,1562,2500
R1,N2Vp1q1,N2V,1.0,1.0,D2,1,13,8645,8645,1709,2499
R1,N2Vp1q1,N2V,1.0,1.0,D2,1,14,8728,8728,1829,2499
R1,N2Vp1q1,N2V,1.0,1.0,D2,1,15,8791,8791,2050,2500
R1,N2Vp1q1,N2V,1.0,1.0,D2,1,16,8829,8829,2175,2500
R1,N2Vp1q1,N2V,1.0,1.0,D2,1,17,8948,8948,2364,2500
R1,N2Vp1q1,N2V,1.0,1.0,D2,1,18,9003,9003,2465,2500
R1,N2Vp1q1,N2V,1.0,1.0,D2,1,19,9070,9070,2709,2500
R1,N2Vp1q1,N2V,1.0,1.0,D2,1,20,9124,9124,2779,2499
R1,N2Vp1q1,N2V,1.0,1.0,D2,1,21,9165,9165,2889,2498
R1,N2Vp1q1,N2V,1.0,1.0,D2,1,22,9189,9189,2955,2500
R1,N2Vp1q1,N2V,1.0,1.0,D2,1,23,9243,9243,3084,2500
R1,N2Vp1q1,N2V,1.0,1.0,D2,1,24,9304,9304,3186,2500
R1,N2Vp1q1,N2V,1.0,1.0,D2,1,25,9302,9302,3346,2500
R1,N2Vp1q1,N2V,1.0,1.0,D2,1,26,9372,9372,3514,2500
R1,N2Vp1q1,N2V,1.0,1.0,D2,1,27,9406,9406,3644,2500
R1,N2Vp1q1,N2V,1.0,1.0,D2,1,28,9484,9484,3808,2500
R1,N2Vp1q1,N2V,1.0,1.0,D2,1,29,9514,9514,3920,2500
R1,N2Vp1q1,N2V,1.0,1.0,D2,1,30,9561,9561,4079,2500
R1,N2Vp1q1,N2V,1.0,1.0,D2,2,0,0,0,0,0
R1,N2Vp1q1,N2V,1.0,1.0,D2,2,1,7416,7416,397,2500
R1,N2Vp1q1,N2V,1.0,1.0,D2,2,2,8336,8336,510,2500
R1,N2Vp1q1,N2V,1.0,1.0,D2,2,3,8355,8355,549,2500
R1,N2Vp1q1,N2V,1.0,1.0,D2,2,4,8334,8334,627,2500
R1,N2Vp1q1,N2V,1.0,1.0,D2,2,5,8333,8333,695,2498
R1,N2Vp1q1,N2V,1.0,1.0,D2,2,6,8364,8364,749,2499
R1,N2Vp1q1,N2V,1.0,1.0,D2,2,7,8338,8338,784,2500
R1,N2Vp1q1,N2V,1.0,1.0,D2,2,8,8384,8384,921,2500
R1,N2Vp1q1,N2V,1.0,1.0,D2,2,9,8353,8353,969,2499
R1,N2Vp1q1,N2V,1.0,1.0,D2,2,10,8382,8382,1042,2499
R1,N2Vp1q1,N2V,1.0,1.0,D2,2,11,8394,8394,1223,2498
R1,N2Vp1q1,N2V,1.0,1.0,D2,2,12,8432,8432,1386,2496
R1,N2Vp1q1,N2V,1.0,1.0,D2,2,13,8493,8493,1565,2500
R1,N2Vp1q1,N2V,1.0,1.0,D2,2,14,8524,8524,1672,2498
R1,N2Vp1q1,N2V,1.0,1.0,D2,2,15,8575,8575,1875,2499
R1,N2Vp1q1,N2V,1.0,1.0,D2,2,16,8675,8675,2088,2500
R1,N2Vp1q1,N2V,1.0,1.0,D2,2,17,8773,8773,2222,2499
R1,N2Vp1q1,N2V,1.0,1.0,D2,2,18,8867,8867,2425,2500
R1,N2Vp1q1,N2V,1.0,1.0,D2,2,19,8925,8925,2524,2500
R1,N2Vp1q1,N2V,1.0,1.0,D2,2,20,8970,8970,2601,2500
R1,N2Vp1q1,N2V,1.0,1.0,D2,2,21,9049,9049,2802,2500
R1,N2Vp1q1,N2V,1.0,1.0,D2,2,22,9131,9131,2941,2500
R1,N2Vp1q1,N2V,1.0,1.0,D2,2,23,9152,9152,3059,2500
R1,N2Vp1q1,N2V,1.0,1.0,D2,2,24,9134,9134,3120,2500
R1,N2Vp1q1,N2V,1.0,1.0,D2,2,25,9185,9185,3205,2500
R1,N2Vp1q1,N2V,1.0,1.0,D2,2,26,9203,9203,3295,2499
R1,N2Vp1q1,N2V,1.0,1.0,D2,2,27,9304,9304,3369,2500
R1,N2Vp1q1,N2V,1.0,1.0,D2,2,28,9341,9341,3505,2500
R1,N2Vp1q1,N2V,1.0,1.0,D2,2,29,9387,9387,3619,2500
R1,N2Vp1q1,N2V,1.0,1.0,D2,2,30,9451,9451,3730,2500
R1,N2Vp1q1,N2V,1.0,1.0,D2,4,0,0,0,0,0
R1,N2Vp1q1,N2V,1.0,1.0,D2,4,1,7553,7553,383,2500
R1,N2Vp1q1,N2V,1.0,1.0,D2,4,2,8425,8425,521,2500
R1,N2Vp1q1,N2V,1.0,1.0,D2,4,3,8417,8417,599,2500
R1,N2Vp1q1,N2V,1.0,1.0,D2,4,4,8383,8383,614,2500
R1,N2Vp1q1,N2V,1.0,1.0,D2,4,5,8425,8425,664,2500
R1,N2Vp1q1,N2V,1.0,1.0,D2,4,6,8458,8458,773,2500
R1,N2Vp1q1,N2V,1.0,1.0,D2,4,7,8436,8436,835,2500
R1,N2Vp1q1,N2V,1.0,1.0,D2,4,8,8458,8458,953,2500
R1,N2Vp1q1,N2V,1.0,1.0,D2,4,9,8474,8474,1159,2500
R1,N2Vp1q1,N2V,1.0,1.0,D2,4,10,8504,8504,1284,2500
R1,N2Vp1q1,N2V,1.0,1.0,D2,4,11,8598,8598,1482,2500
R1,N2Vp1q1,N2V,1.0,1.0,D2,4,12,8706,8706,1638,2500
R1,N2Vp1q1,N2V,1.0,1.0,D2,4,13,8777,8777,1872,2500
R1,N2Vp1q1,N2V,1.0,1.0,D2,4,14,8854,8854,2087,2500
R1,N2Vp1q1,N2V,1.0,1.0,D2,4,15,8899,8899,2265,2499
R1,N2Vp1q1,N2V,1.0,1.0,D2,4,16,8902,8902,2349,2500
R1,N2Vp1q1,N2V,1.0,1.0,D2,4,17,8935,8935,2480,2500
R1,N2Vp1q1,N2V,1.0,1.0,D2,4,18,8968,8968,2608,2500
R1,N2Vp1q1,N2V,1.0,1.0,D2,4,19,8982,8982,2703,2500
R1,N2Vp1q1,N2V,1.0,1.0,D2,4,20,8991,8991,2869,2499
R1,N2Vp1q1,N2V,1.0,1.0,D2,4,21,9067,9067,3017,2500
R1,N2Vp1q1,N2V,1.0,1.0,D2,4,22,9132,9132,3145,2500
R1,N2Vp1q1,N2V,1.0,1.0,D2,4,23,9145,9145,3256,2500
R1,N2Vp1q1,N2V,1.0,1.0,D2,4,24,9227,9227,3450,2500
R1,N2Vp1q1,N2V,1.0,1.0,D2,4,25,9282,9282,3598,2500
R1,N2Vp1q1,N2V,1.0,1.0,D2,4,26,9271,9271,3679,2500
R1,N2Vp1q1,N2V,1.0,1.0,D2,4,27,9326,9326,3821,2499
R1,N2Vp1q1,N2V,1.0,1.0,D2,4,28,9377,9377,3922,2499
R1,N2Vp1q1,N2V,1.0,1.0,D2,4,29,9389,9389,4025,2500
R1,N2Vp1q1,N2V,1.0,1.0,D2,4,30,9472,9472,4184,2499
R1,N2Vp1q1,N2V,1.0,1.0,D2,3,0,0,0,0,0
R1,N2Vp1q1,N2V,1.0,1.0,D2,3,1,7517,7517,419,2500
R1,N2Vp1q1,N2V,1.0,1.0,D2,3,2,8418,8418,577,2500
R1,N2Vp1q1,N2V,1.0,1.0,D2,3,3,8425,8425,623,2500
R1,N2Vp1q1,N2V,1.0,1.0,D2,3,4,8427,8427,701,2499
R1,N2Vp1q1,N2V,1.0,1.0,D2,3,5,8501,8501,768,2500
R1,N2Vp1q1,N2V,1.0,1.0,D2,3,6,8506,8506,851,2500
R1,N2Vp1q1,N2V,1.0,1.0,D2,3,7,8539,8539,931,2500
R1,N2Vp1q1,N2V,1.0,1.0,D2,3,8,8586,8586,1052,2500
R1,N2Vp1q1,N2V,1.0,1.0,D2,3,9,8592,8592,1180,2500
R1,N2Vp1q1,N2V,1.0,1.0,D2,3,10,8671,8671,1301,2500
R1,N2Vp1q1,N2V,1.0,1.0,D2,3,11,8715,8715,1491,2500
R1,N2Vp1q1,N2V,1.0,1.0,D2,3,12,8732,8732,1620,2500
R1,N2Vp1q1,N2V,1.0,1.0,D2,3,13,8799,8799,1778,2500
R1,N2Vp1q1,N2V,1.0,1.0,D2,3,14,8851,8851,1949,2499
R1,N2Vp1q1,N2V,1.0,1.0,D2,3,15,8919,8919,2145,2500
R1,N2Vp1q1,N2V,1.0,1.0,D2,3,16,8952,8952,2310,2499
R1,N2Vp1q1,N2V,1.0,1.0,D2,3,17,9013,9013,2510,2500
R1,N2Vp1q1,N2V,1.0,1.0,D2,3,18,9050,9050,2685,2500
R1,N2Vp1q1,N2V,1.0,1.0,D2,3,19,9101,9101,2859,2500
R1,N2Vp1q1,N2V,1.0,1.0,D2,3,20,9120,9120,3026,2499
R1,N2Vp1q1,N2V,1.0,1.0,D2,3,21,9181,9181,3196,2498
R1,N2Vp1q1,N2V,1.0,1.0,D2,3,22,9274,9274,3429,2499
R1,N2Vp1q1,N2V,1.0,1.0,D2,3,23,9325,9325,3539,2500
R1,N2Vp1q1,N2V,1.0,1.0,D2,3,24,9393,9393,3611,2500
R1,N2Vp1q1,N2V,1.0,1.0,D2,3,25,9418,9418,3727,2500
R1,N2Vp1q1,N2V,1.0,1.0,D2,3,26,9462,9462,3816,2500
R1,N2Vp1q1,N2V,1.0,1.0,D2,3,27,9513,9513,3972,2500
R1,N2Vp1q1,N2V,1.0,1.0,D2,3,28,9558,9558,4096,2499
R1,N2Vp1q1,N2V,1.0,1.0,D2,3,29,9638,9638,4245,2500
R1,N2Vp1q1,N2V,1.0,1.0,D2,3,30,9680,9680,4348,2500
R1,N2Vp1q1,N2V,1.0,1.0,D2,5,0,0,0,0,0
R1,N2Vp1q1,N2V,1.0,1.0,D2,5,1,7641,7641,417,2500
R1,N2Vp1q1,N2V,1.0,1.0,D2,5,2,8487,8487,537,2500
R1,N2Vp1q1,N2V,1.0,1.0,D2,5,3,8436,8436,574,2499
R1,N2Vp1q1,N2V,1.0,1.0,D2,5,4,8473,8473,665,2500
R1,N2Vp1q1,N2V,1.0,1.0,D2,5,5,8473,8473,752,2500
R1,N2Vp1q1,N2V,1.0,1.0,D2,5,6,8466,8466,817,2499
R1,N2Vp1q1,N2V,1.0,1.0,D2,5,7,8508,8508,959,2500
R1,N2Vp1q1,N2V,1.0,1.0,D2,5,8,8507,8507,1042,2499
R1,N2Vp1q1,N2V,1.0,1.0,D2,5,9,8623,8623,1090,2500
R1,N2Vp1q1,N2V,1.0,1.0,D2,5,10,8592,8592,1210,2500
R1,N2Vp1q1,N2V,1.0,1.0,D2,5,11,8655,8655,1354,2498
R1,N2Vp1q1,N2V,1.0,1.0,D2,5,12,8680,8680,1543,2499
R1,N2Vp1q1,N2V,1.0,1.0,D2,5,13,8773,8773,1676,2500
R1,N2Vp1q1,N2V,1.0,1.0,D2,5,14,8811,8811,1874,2499
R1,N2Vp1q1,N2V,1.0,1.0,D2,5,15,8892,8892,2078,2500
R1,N2Vp1q1,N2V,1.0,1.0,D2,5,16,8928,8928,2241,2498
R1,N2Vp1q1,N2V,1.0,1.0,D2,5,17,8995,8995,2443,2500
R1,N2Vp1q1,N2V,1.0,1.0,D2,5,18,9038,9038,2559,2500
R1,N2Vp1q1,N2V,1.0,1.0,D2,5,19,9187,9187,2819,2499
R1,N2Vp1q1,N2V,1.0,1.0,D2,5,20,9214,9214,2838,2500
R1,N2Vp1q1,N2V,1.0,1.0,D2,5,21,9263,9263,2979,2500
R1,N2Vp1q1,N2V,1.0,1.0,D2,5,22,9301,9301,3051,2500
R1,N2Vp1q1,N2V,1.0,1.0,D2,5,23,9360,9360,3145,2499
R1,N2Vp1q1,N2V,1.0,1.0,D2,5,24,9406,9406,3234,2499
R1,N2Vp1q1,N2V,1.0,1.0,D2,5,25,9471,9471,3374,2499
R1,N2Vp1q1,N2V,1.0,1.0,D2,5,26,9494,9494,3445,2499
R1,N2Vp1q1,N2V,1.0,1.0,D2,5,27,9531,9531,3506,2498
R1,N2Vp1q1,N2V,1.0,1.0,D2,5,28,9584,9584,3608,2500
R1,N2Vp1q1,N2V,1.0,1.0,D2,5,29,9608,9608,3692,2499
R1,N2Vp1q1,N2V,1.0,1.0,D2,5,30,9658,9658,3802,2500
R1,N2Vp1q1,N2V,1.0,1.0,D2,6,0,0,0,0,0
R1,N2Vp1q1,N2V,1.0,1.0,D2,6,1,7442,7442,423,2500
R1,N2Vp1q1,N2V,1.0,1.0,D2,6,2,8336,8336,533,2500
R1,N2Vp1q1,N2V,1.0,1.0,D2,6,3,8356,8356,608,2499
R1,N2Vp1q1,N2V,1.0,1.0,D2,6,4,8382,8382,658,2499
R1,N2Vp1q1,N2V,1.0,1.0,D2,6,5,8360,8360,692,2499
R1,N2Vp1q1,N2V,1.0,1.0,D2,6,6,8383,8383,805,2499
R1,N2Vp1q1,N2V,1.0,1.0,D2,6,7,8441,8441,850,2499
R1,N2Vp1q1,N2V,1.0,1.0,D2,6,8,8423,8423,830,2500
R1,N2Vp1q1,N2V,1.0,1.0,D2,6,9,8490,8490,968,2500
R1,N2Vp1q1,N2V,1.0,1.0,D2,6,10,8500,8500,1066,2499
R1,N2Vp1q1,N2V,1.0,1.0,D2,6,11,8520,8520,1147,2500
R1,N2Vp1q1,N2V,1.0,1.0,D2,6,12,8557,8557,1303,2498
R1,N2Vp1q1,N2V,1.0,1.0,D2,6,13,8623,8623,1437,2499
R1,N2Vp1q1,N2V,1.0,1.0,D2,6,14,8681,8681,1548,2500
R1,N2Vp1q1,N2V,1.0,1.0,D2,6,15,8655,8655,1687,2499
R1,N2Vp1q1,N2V,1.0,1.0,D2,6,16,8759,8759,1897,2500
R1,N2Vp1q1,N2V,1.0,1.0,D2,6,17,8757,8757,2036,2499
R1,N2Vp1q1,N2V,1.0,1.0,D2,6,18,8786,8786,2184,2500
R1,N2Vp1q1,N2V,1.0,1.0,D2,6,19,8852,8852,2432,2500
R1,N2Vp1q1,N2V,1.0,1.0,D2,6,20,8934,8934,2619,2500
R1,N2Vp1q1,N2V,1.0,1.0,D2,6,21,8993,8993,2813,2500
R1,N2Vp1q1,N2V,1.0,1.0,D2,6,22,9089,9089,3063,2500
R1,N2Vp1q1,N2V,1.0,1.0,D2,6,23,9133,9133,3248,2500
R1,N2Vp1q1,N2V,1.0,1.0,D2,6,24,9234,9234,3405,2500
R1,N2Vp1q1,N2V,1.0,1.0,D2,6,25,9326,9326,3577,2500
R1,N2Vp1q1,N2V,1.0,1.0,D2,6,26,9392,9392,3722,2500
R1,N2Vp1q1,N2V,1.0,1.0,D2,6,27,9447,9447,3816,2500
R1,N2Vp1q1,N2V,1.0,1.0,D2,6,28,9467,9467,3933,2500
R1,N2Vp1q1,N2V,1.0,1.0,D2,6,29,9505,9505,4013,2500
R1,N2Vp1q1,N2V,1.0,1.0,D2,6,30,9483,9483,4054,2500
R1,N2Vp1q1,N2V,1.0,1.0,D2,7,0,0,0,0,0
R1,N2Vp1q1,N2V,1.0,1.0,D2,7,1,7499,7499,446,2500
R1,N2Vp1q1,N2V,1.0,1.0,D2,7,2,8411,8411,541,2500
R1,N2Vp1q1,N2V,1.0,1.0,D2,7,3,8384,8384,558,2499
R1,N2Vp1q1,N2V,1.0,1.0,D2,7,4,8399,8399,611,2500
R1,N2Vp1q1,N2V,1.0,1.0,D2,7,5,8388,8388,684,2500
R1,N2Vp1q1,N2V,1.0,1.0,D2,7,6,8443,8443,842,2500
R1,N2Vp1q1,N2V,1.0,1.0,D2,7,7,8491,8491,968,2500
R1,N2Vp1q1,N2V,1.0,1.0,D2,7,8,8481,8481,983,2500
R1,N2Vp1q1,N2V,1.0,1.0,D2,7,9,8525,8525,1088,2500
R1,N2Vp1q1,N2V,1.0,1.0,D2,7,10,8588,8588,1192,2500
R1,N2Vp1q1,N2V,1.0,1.0,D2,7,11,8658,8658,1356,2499
R1,N2Vp1q1,N2V,1.0,1.0,D2,7,12,8705,8705,1489,2500
R1,N2Vp1q1,N2V,1.0,1.0,D2,7,13,8722,8722,1616,2500
R1,N2Vp1q1,N2V,1.0,1.0,D2,7,14,8743,8743,1730,2500
R1,N2Vp1q1,N2V,1.0,1.0,D2,7,15,8764,8764,1879,2500
R1,N2Vp1q1,N2V,1.0,1.0,D2,7,16,8812,8812,2085,2500
R1,N2Vp1q1,N2V,1.0,1.0,D2,7,17,8843,8843,2254,2500
R1,N2Vp1q1,N2V,1.0,1.0,D2,7,18,8883,8883,2458,2499
R1,N2Vp1q1,N2V,1.0,1.0,D2,7,19,8939,8939,2643,2499
R1,N2Vp1q1,N2V,1.0,1.0,D2,7,20,9047,9047,2900,2499
R1,N2Vp1q1,N2V,1.0,1.0,D2,7,21,9129,9129,3100,2499
R1,N2Vp1q1,N2V,1.0,1.0,D2,7,22,9191,9191,3240,2499
R1,N2Vp1q1,N2V,1.0,1.0,D2,7,23,9247,9247,3414,2499
R1,N2Vp1q1,N2V,1.0,1.0,D2,7,24,9284,9284,3605,2499
R1,N2Vp1q1,N2V,1.0,1.0,D2,7,25,9347,9347,3722,2498
R1,N2Vp1q1,N2V,1.0,1.0,D2,7,26,9405,9405,3862,2498
R1,N2Vp1q1,N2V,1.0,1.0,D2,7,27,9475,9475,4012,2498
R1,N2Vp1q1,N2V,1.0,1.0,D2,7,28,9576,9576,4132,2498
R1,N2Vp1q1,N2V,1.0,1.0,D2,7,29,9616,9616,4254,2497
R1,N2Vp1q1,N2V,1.0,1.0,D2,7,30,9650,9650,4338,2498
R1,N2Vp1q1,N2V,1.0,1.0,D2,8,0,0,0,0,0
R1,N2Vp1q1,N2V,1.0,1.0,D2,8,1,7417,7417,380,2500
R1,N2Vp1q1,N2V,1.0,1.0,D2,8,2,8277,8277,503,2500
R1,N2Vp1q1,N2V,1.0,1.0,D2,8,3,8323,8323,544,2500
R1,N2Vp1q1,N2V,1.0,1.0,D2,8,4,8335,8335,565,2500
R1,N2Vp1q1,N2V,1.0,1.0,D2,8,5,8311,8311,598,2500
R1,N2Vp1q1,N2V,1.0,1.0,D2,8,6,8333,8333,705,2500
R1,N2Vp1q1,N2V,1.0,1.0,D2,8,7,8374,8374,763,2500
R1,N2Vp1q1,N2V,1.0,1.0,D2,8,8,8385,8385,827,2499
R1,N2Vp1q1,N2V,1.0,1.0,D2,8,9,8434,8434,943,2499
R1,N2Vp1q1,N2V,1.0,1.0,D2,8,10,8468,8468,1037,2499
R1,N2Vp1q1,N2V,1.0,1.0,D2,8,11,8496,8496,1104,2499
R1,N2Vp1q1,N2V,1.0,1.0,D2,8,12,8551,8551,1272,2498
R1,N2Vp1q1,N2V,1.0,1.0,D2,8,13,8607,8607,1400,2498
R1,N2Vp1q1,N2V,1.0,1.0,D2,8,14,8644,8644,1562,2499
R1,N2Vp1q1,N2V,1.0,1.0,D2,8,15,8642,8642,1672,2500
R1,N2Vp1q1,N2V,1.0,1.0,D2,8,16,8727,8727,1842,2499
R1,N2Vp1q1,N2V,1.0,1.0,D2,8,17,8777,8777,2060,2500
R1,N2Vp1q1,N2V,1.0,1.0,D2,8,18,8917,8917,2335,2500
R1,N2Vp1q1,N2V,1.0,1.0,D2,8,19,8952,8952,2438,2500
R1,N2Vp1q1,N2V,1.0,1.0,D2,8,20,9044,9044,2666,2500
R1,N2Vp1q1,N2V,1.0,1.0,D2,8,21,9128,9128,2831,2500
R1,N2Vp1q1,N2V,1.0,1.0,D2,8,22,9206,9206,2954,2500
R1,N2Vp1q1,N2V,1.0,1.0,D2,8,23,9253,9253,3109,2500
R1,N2Vp1q1,N2V,1.0,1.0,D2,8,24,9329,9329,3297,2500
R1,N2Vp1q1,N2V,1.0,1.0,D2,8,25,9377,9377,3389,2500
R1,N2Vp1q1,N2V,1.0,1.0,D2,8,26,9393,9393,3517,2500
R1,N2Vp1q1,N2V,1.0,1.0,D2,8,27,9449,9449,3642,2499
R1,N2Vp1q1,N2V,1.0,1.0,D2,8,28,9527,9527,3826,2498
R1,N2Vp1q1,N2V,1.0,1.0,D2,8,29,9567,9567,3940,2499
R1,N2Vp1q1,N2V,1.0,1.0,D2,8,30,9616,9616,4031,2499
R1,N2Vp1q1,N2V,1.0,1.0,D2,9,0,0,0,0,0
R1,N2Vp1q1,N2V,1.0,1.0,D2,9,1,7430,7430,397,2500
R1,N2Vp1q1,N2V,1.0,1.0,D2,9,2,8351,8351,544,2500
R1,N2Vp1q1,N2V,1.0,1.0,D2,9,3,8376,8376,572,2500
R1,N2Vp1q1,N2V,1.0,1.0,D2,9,4,8398,8398,621,2500
R1,N2Vp1q1,N2V,1.0,1.0,D2,9,5,8441,8441,702,2500
R1,N2Vp1q1,N2V,1.0,1.0,D2,9,6,8454,8454,776,2499
R1,N2Vp1q1,N2V,1.0,1.0,D2,9,7,8494,8494,856,2499
R1,N2Vp1q1,N2V,1.0,1.0,D2,9,8,8509,8509,993,2499
R1,N2Vp1q1,N2V,1.0,1.0,D2,9,9,8522,8522,1115,2500
R1,N2Vp1q1,N2V,1.0,1.0,D2,9,10,8495,8495,1184,2499
R1,N2Vp1q1,N2V,1.0,1.0,D2,9,11,8495,8495,1299,2499
R1,N2Vp1q1,N2V,1.0,1.0,D2,9,12,8562,8562,1413,2500
R1,N2Vp1q1,N2V,1.0,1.0,D2,9,13,8610,8610,1558,2500
R1,N2Vp1q1,N2V,1.0,1.0,D2,9,14,8728,8728,1806,2499
R1,N2Vp1q1,N2V,1.0,1.0,D2,9,15,8776,8776,1958,2500
R1,N2Vp1q1,N2V,1.0,1.0,D2,9,16,8852,8852,2139,2499
R1,N2Vp1q1,N2V,1.0,1.0,D2,9,17,8982,8982,2360,2499
R1,N2Vp1q1,N2V,1.0,1.0,D2,9,18,9062,9062,2545,2500
R1,N2Vp1q1,N2V,1.0,1.0,D2,9,19,9095,9095,2694,2500
R1,N2Vp1q1,N2V,1.0,1.0,D2,9,20,9151,9151,2836,2500
R1,N2Vp1q1,N2V,1.0,1.0,D2,9,21,9149,9149,2978,2500
R1,N2Vp1q1,N2V,1.0,1.0,D2,9,22,9171,9171,3102,2500
R1,N2Vp1q1,N2V,1.0,1.0,D2,9,23,9237,9237,3265,2499
R1,N2Vp1q1,N2V,1.0,1.0,D2,9,24,9280,9280,3440,2500
R1,N2Vp1q1,N2V,1.0,1.0,D2,9,25,9351,9351,3621,2500
R1,N2Vp1q1,N2V,1.0,1.0,D2,9,26,9443,9443,3780,2500
R1,N2Vp1q1,N2V,1.0,1.0,D2,9,27,9468,9468,3866,2500
R1,N2Vp1q1,N2V,1.0,1.0,D2,9,28,9507,9507,3971,2500
R1,N2Vp1q1,N2V,1.0,1.0,D2,9,29,9547,9547,4072,2500
R1,N2Vp1q1,N2V,1.0,1.0,D2,9,30,9557,9557,4215,2500
R1,N2Vp1q1,N2V,1.0,1.0,D2,10,0,0,0,0,0
R1,N2Vp1q1,N2V,1.0,1.0,D2,10,1,7518,7518,417,2500
R1,N2Vp1q1,N2V,1.0,1.0,D2,10,2,8401,8401,531,2500
R1,N2Vp1q1,N2V,1.0,1.0,D2,10,3,8387,8387,547,2500
R1,N2Vp1q1,N2V,1.0,1.0,D2,10,4,8417,8417,622,2500
R1,N2Vp1q1,N2V,1.0,1.0,D2,10,5,8443,8443,624,2500
R1,N2Vp1q1,N2V,1.0,1.0,D2,10,6,8483,8483,705,2500
R1,N2Vp1q1,N2V,1.0,1.0,D2,10,7,8478,8478,855,2499
R1,N2Vp1q1,N2V,1.0,1.0,D2,10,8,8467,8467,910,2500
R1,N2Vp1q1,N2V,1.0,1.0,D2,10,9,8552,8552,1010,2499
R1,N2Vp1q1,N2V,1.0,1.0,D2,10,10,8591,8591,1180,2500
R1,N2Vp1q1,N2V,1.0,1.0,D2,10,11,8618,8618,1341,2498
R1,N2Vp1q1,N2V,1.0,1.0,D2,10,12,8662,8662,1509,2500
R1,N2Vp1q1,N2V,1.0,1.0,D2,10,13,8677,8677,1648,2498
R1,N2Vp1q1,N2V,1.0,1.0,D2,10,14,8773,8773,1880,2500
R1,N2Vp1q1,N2V,1.0,1.0,D2,10,15,8873,8873,2107,2500
R1,N2Vp1q1,N2V,1.0,1.0,D2,10,16,8956,8956,2329,2500
R1,N2Vp1q1,N2V,1.0,1.0,D2,10,17,8995,8995,2504,2500
R1,N2Vp1q1,N2V,1.0,1.0,D2,10,18,8982,8982,2684,2500
R1,N2Vp1q1,N2V,1.0,1.0,D2,10,19,9077,9077,2916,2500
R1,N2Vp1q1,N2V,1.0,1.0,D2,10,20,9190,9190,3125,2500
R1,N2Vp1q1,N2V,1.0,1.0,D2,10,21,9274,9274,3273,2500
R1,N2Vp1q1,N2V,1.0,1.0,D2,10,22,9347,9347,3472,2499
R1,N2Vp1q1,N2V,1.0,1.0,D2,10,23,9398,9398,3682,2499
R1,N2Vp1q1,N2V,1.0,1.0,D2,10,24,9504,9504,3896,2499
R1,N2Vp1q1,N2V,1.0,1.0,D2,10,25,9560,9560,4048,2499
R1,N2Vp1q1,N2V,1.0,1.0,D2,10,26,9638,9638,4280,2499
R1,N2Vp1q1,N2V,1.0,1.0,D2,10,27,9718,9718,4479,2499
R1,N2Vp1q1,N2V,1.0,1.0,D2,10,28,9777,9777,4607,2499
R1,N2Vp1q1,N2V,1.0,1.0,D2,10,29,9807,9807,4719,2499
R1,N2Vp1q1,N2V,1.0,1.0,D2,10,30,9885,9885,4865,2498
R1,N2Vp1q2,N2V,1.0,2.0,D2,1,0,0,0,0,0
R1,N2Vp1q2,N2V,1.0,2.0,D2,1,1,7487,7487,406,2500
R1,N2Vp1q2,N2V,1.0,2.0,D2,1,2,8437,8437,543,2500
R1,N2Vp1q2,N2V,1.0,2.0,D2,1,3,8449,8449,630,2500
R1,N2Vp1q2,N2V,1.0,2.0,D2,1,4,8480,8480,696,2500
R1,N2Vp1q2,N2V,1.0,2.0,D2,1,5,8530,8530,815,2500
R1,N2Vp1q2,N2V,1.0,2.0,D2,1,6,8546,8546,928,2500
R1,N2Vp1q2,N2V,1.0,2.0,D2,1,7,8610,8610,1078,2499
R1,N2Vp1q2,N2V,1.0,2.0,D2,1,8,8658,8658,1174,2499
R1,N2Vp1q2,N2V,1.0,2.0,D2,1,9,8693,8693,1253,2500
R1,N2Vp1q2,N2V,1.0,2.0,D2,1,10,8755,8755,1467,2500
R1,N2Vp1q2,N2V,1.0,2.0,D2,1,11,8808,8808,1609,2500
R1,N2Vp1q2,N2V,1.0,2.0,D2,1,12,8865,8865,1761,2499
R1,N2Vp1q2,N2V,1.0,2.0,D2,1,13,8929,8929,1953,2498
R1,N2Vp1q2,N2V,1.0,2.0,D2,1,14,9036,9036,2192,2498
R1,N2Vp1q2,N2V,1.0,2.0,D2,1,15,9110,9110,2341,2499
R1,N2Vp1q2,N2V,1.0,2.0,D2,1,16,9185,9185,2419,2499
R1,N2Vp1q2,N2V,1.0,2.0,D2,1,17,9172,9172,2468,2498
R1,N2Vp1q2,N2V,1.0,2.0,D2,1,18,9233,9233,2695,2498
R1,N2Vp1q2,N2V,1.0,2.0,D2,1,19,9240,9240,2706,2497
R1,N2Vp1q2,N2V,1.0,2.0,D2,1,20,9300,9300,2879,2498
R1,N2Vp1q2,N2V,1.0,2.0,D2,1,21,9376,9376,2949,2500
R1,N2Vp1q2,N2V,1.0,2.0,D2,1,22,9404,9404,3096,2499
R1,N2Vp1q2,N2V,1.0,2.0,D2,1,23,9464,9464,3183,2500
R1,N2Vp1q2,N2V,1.0,2.0,D2,1,24,9564,9564,3328,2500
R1,N2Vp1q2,N2V,1.0,2.0,D2,1,25,9620,9620,3477,2499
R1,N2Vp1q2,N2V,1.0,2.0,D2,1,26,9612,9612,3577,2498
R1,N2Vp1q2,N2V,1.0,2.0,D2,1,27,9678,9678,3666,2496
R1,N2Vp1q2,N2V,1.0,2.0,D2,1,28,9776,9776,3784,2500
R1,N2Vp1q2,N2V,1.0,2.0,D2,1,29,9826,9826,3962,2498
R1,N2Vp1q2,N2V,1.0,2.0,D2,1,30,9949,9949,4151,2499
R1,N2Vp1q2,N2V,1.0,2.0,D2,2,0,0,0,0,0
R1,N2Vp1q2,N2V,1.0,2.0,D2,2,1,7465,7465,424,2500
R1,N2Vp1q2,N2V,1.0,2.0,D2,2,2,8402,8402,566,2500
R1,N2Vp1q2,N2V,1.0,2.0,D2,2,3,8385,8385,615,2500
R1,N2Vp1q2,N2V,1.0,2.0,D2,2,4,8389,8389,692,2500
R1,N2Vp1q2,N2V,1.0,2.0,D2,2,5,8338,8338,794,2500
R1,N2Vp1q2,N2V,1.0,2.0,D2,2,6,8406,8406,890,2500
R1,N2Vp1q2,N2V,1.0,2.0,D2,2,7,8487,8487,1014,2500
R1,N2Vp1q2,N2V,1.0,2.0,D2,2,8,8572,8572,1206,2500
R1,N2Vp1q2,N2V,1.0,2.0,D2,2,9,8654,8654,1401,2499
R1,N2Vp1q2,N2V,1.0,2.0,D2,2,10,8672,8672,1573,2500
R1,N2Vp1q2,N2V,1.0,2.0,D2,2,11,8768,8768,1814,2499
R1,N2Vp1q2,N2V,1.0,2.0,D2,2,12,8802,8802,2014,2499
R1,N2Vp1q2,N2V,1.0,2.0,D2,2,13,8862,8862,2282,2499
R1,N2Vp1q2,N2V,1.0,2.0,D2,2,14,8945,8945,2599,2498
R1,N2Vp1q2,N2V,1.0,2.0,D2,2,15,9104,9104,2907,2498
R1,N2Vp1q2,N2V,1.0,2.0,D2,2,16,9213,9213,3177,2498
R1,N2Vp1q2,N2V,1.0,2.0,D2,2,17,9320,9320,3410,2499
R1,N2Vp1q2,N2V,1.0,2.0,D2,2,18,9403,9403,3629,2499
R1,N2Vp1q2,N2V,1.0,2.0,D2,2,19,9490,9490,3905,2499
R1,N2Vp1q2,N2V,1.0,2.0,D2,2,20,9626,9626,4218,2497
R1,N2Vp1q2,N2V,1.0,2.0,D2,2,21,9701,9701,4399,2496
R1,N2Vp1q2,N2V,1.0,2.0,D2,2,22,9819,9819,4574,2498
R1,N2Vp1q2,N2V,1.0,2.0,D2,2,23,9897,9897,4703,2497
R1,N2Vp1q2,N2V,1.0,2.0,D2,2,24,9974,9974,4874,2499
R1,N2Vp1q2,N2V,1.0,2.0,D2,2,25,10083,10083,5029,2499
R1,N2Vp1q2,N2V,1.0,2.0,D2,2,26,10196,10196,5122,2499
R1,N2Vp1q2,N2V,1.0,2.0,D2,2,27,10224,10224,5196,2499
R1,N2Vp1q2,N2V,1.0,2.0,D2,2,28,10262,10262,5310,2499
R1,N2Vp1q2,N2V,1.0,2.0,D2,2,29,10313,10313,5343,2499
R1,N2Vp1q2,N2V,1.0,2.0,D2,2,30,10319,10319,5461,2499
R1,N2Vp1q2,N2V,1.0,2.0,D2,3,0,0,0,0,0
R1,N2Vp1q2,N2V,1.0,2.0,D2,3,1,7565,7565,414,2500
R1,N2Vp1q2,N2V,1.0,2.0,D2,3,2,8496,8496,549,2500
R1,N2Vp1q2,N2V,1.0,2.0,D2,3,3,8550,8550,685,2500
R1,N2Vp1q2,N2V,1.0,2.0,D2,3,4,8517,8517,703,2500
R1,N2Vp1q2,N2V,1.0,2.0,D2,3,5,8560,8560,817,2500
R1,N2Vp1q2,N2V,1.0,2.0,D2,3,6,8591,8591,935,2500
R1,N2Vp1q2,N2V,1.0,2.0,D2,3,7,8657,8657,1092,2498
R1,N2Vp1q2,N2V,1.0,2.0,D2,3,8,8675,8675,1283,2498
R1,N2Vp1q2,N2V,1.0,2.0,D2,3,9,8722,8722,1484,2498
R1,N2Vp1q2,N2V,1.0,2.0,D2,3,10,8824,8824,1648,2498
R1,N2Vp1q2,N2V,1.0,2.0,D2,3,11,8905,8905,1770,2498
R1,N2Vp1q2,N2V,1.0,2.0,D2,3,12,9029,9029,1987,2498
R1,N2Vp1q2,N2V,1.0,2.0,D2,3,13,9102,9102,2155,2499
R1,N2Vp1q2,N2V,1.0,2.0,D2,3,14,9202,9202,2342,2499
R1,N2Vp1q2,N2V,1.0,2.0,D2,3,15,9330,9330,2543,2499
R1,N2Vp1q2,N2V,1.0,2.0,D2,3,16,9432,9432,2717,2499
R1,N2Vp1q2,N2V,1.0,2.0,D2,3,17,9439,9439,2893,2500
R1,N2Vp1q2,N2V,1.0,2.0,D2,3,18,9517,9517,3021,2500
R1,N2Vp1q2,N2V,1.0,2.0,D2,3,19,9550,9550,3217,2500
R1,N2Vp1q2,N2V,1.0,2.0,D2,3,20,9592,9592,3358,2500
R1,N2Vp1q2,N2V,1.0,2.0,D2,3,21,9587,9587,3422,2500
R1,N2Vp1q2,N2V,1.0,2.0,D2,3,22,9678,9678,3508,2500
R1,N2Vp1q2,N2V,1.0,2.0,D2,3,23,9678,9678,3688,2499
R1,N2Vp1q2,N2V,1.0,2.0,D2,3,24,9781,9781,3880,2499
R1,N2Vp1q2,N2V,1.0,2.0,D2,3,25,9855,9855,4074,2500
R1,N2Vp1q2,N2V,1.0,2.0,D2,3,26,9901,9901,4203,2500
R1,N2Vp1q2,N2V,1.0,2.0,D2,3,27,9961,9961,4351,2500
R1,N2Vp1q2,N2V,1.0,2.0,D2,3,28,10022,10022,4507,2499
R1,N2Vp1q2,N2V,1.0,2.0,D2,3,29,10055,10055,4650,2499
R1,N2Vp1q2,N2V,1.0,2.0,D2,3,30,10042,10042,4705,2499
R1,N2Vp1q2,N2V,1.0,2.0,D2,4,0,0,0,0,0
R1,N2Vp1q2,N2V,1.0,2.0,D2,4,1,7430,7430,421,2500
R1,N2Vp1q2,N2V,1.0,2.0,D2,4,2,8339,8339,547,2500
R1,N2Vp1q2,N2V,1.0,2.0,D2,4,3,8386,8386,590,2500
R1,N2Vp1q2,N2V,1.0,2.0,D2,4,4,8420,8420,687,2499
R1,N2Vp1q2,N2V,1.0,2.0,D2,4,5,8373,8373,768,2499
R1,N2Vp1q2,N2V,1.0,2.0,D2,4,6,8383,8383,886,2500
R1,N2Vp1q2,N2V,1.0,2.0,D2,4,7,8507,8507,1019,2500
R1,N2Vp1q2,N2V,1.0,2.0,D2,4,8,8574,8574,1175,2499
R1,N2Vp1q2,N2V,1.0,2.0,D2,4,9,8642,8642,1424,2500
R1,N2Vp1q2,N2V,1.0,2.0,D2,4,10,8719,8719,1552,2500
R1,N2Vp1q2,N2V,1.0,2.0,D2,4,11,8782,8782,1739,2500
R1,N2Vp1q2,N2V,1.0,2.0,D2,4,12,8855,8855,1920,2499
R1,N2Vp1q2,N2V,1.0,2.0,D2,4,13,9061,9061,2190,2499
R1,N2Vp1q2,N2V,1.0,2.0,D2,4,14,9125,9125,2346,2500
R1,N2Vp1q2,N2V,1.0,2.0,D2,4,15,9198,9198,2462,2500
R1,N2Vp1q2,N2V,1.0,2.0,D2,4,16,9232,9232,2584,2500
R1,N2Vp1q2,N2V,1.0,2.0,D2,4,17,9367,9367,2791,2500
R1,N2Vp1q2,N2V,1.0,2.0,D2,4,18,9427,9427,2902,2500
R1,N2Vp1q2,N2V,1.0,2.0,D2,4,19,9528,9528,3094,2500
R1,N2Vp1q2,N2V,1.0,2.0,D2,4,20,9602,9602,3264,2499
R1,N2Vp1q2,N2V,1.0,2.0,D2,4,21,9648,9648,3326,2499
R1,N2Vp1q2,N2V,1.0,2.0,D2,4,22,9680,9680,3444,2500
R1,N2Vp1q2,N2V,1.0,2.0,D2,4,23,9702,9702,3518,2500
R1,N2Vp1q2,N2V,1.0,2.0,D2,4,24,9720,9720,3582,2500
R1,N2Vp1q2,N2V,1.0,2.0,D2,4,25,9704,9704,3633,2500
R1,N2Vp1q2,N2V,1.0,2.0,D2,4,26,9668,9668,3703,2500
R1,N2Vp1q2,N2V,1.0,2.0,D2,4,27,9744,9744,3802,2500
R1,N2Vp1q2,N2V,1.0,2.0,D2,4,28,9790,9790,4005,2499
R1,N2Vp1q2,N2V,1.0,2.0,D2,4,29,9827,9827,4028,2500
R1,N2Vp1q2,N2V,1.0,2.0,D2,4,30,9892,9892,4166,2500
R1,N2Vp1q2,N2V,1.0,2.0,D2,5,0,0,0,0,0
R1,N2Vp1q2,N2V,1.0,2.0,D2,5,1,7454,7454,413,2500
R1,N2Vp1q2,N2V,1.0,2.0,D2,5,2,8411,8411,541,2500
R1,N2Vp1q2,N2V,1.0,2.0,D2,5,3,8488,8488,627,2500
R1,N2Vp1q2,N2V,1.0,2.0,D2,5,4,8456,8456,692,2500
R1,N2Vp1q2,N2V,1.0,2.0,D2,5,5,8527,8527,800,2499
R1,N2Vp1q2,N2V,1.0,2.0,D2,5,6,8589,8589,966,2499
R1,N2Vp1q2,N2V,1.0,2.0,D2,5,7,8579,8579,1113,2500
R1,N2Vp1q2,N2V,1.0,2.0,D2,5,8,8636,8636,1231,2500
R1,N2Vp1q2,N2V,1.0,2.0,D2,5,9,8707,8707,1443,2499
R1,N2Vp1q2,N2V,1.0,2.0,D2,5,10,8740,8740,1602,2499
R1,N2Vp1q2,N2V,1.0,2.0,D2,5,11,8823,8823,1893,2499
R1,N2Vp1q2,N2V,1.0,2.0,D2,5,12,8899,8899,2058,2498
R1,N2Vp1q2,N2V,1.0,2.0,D2,5,13,8956,8956,2293,2499
R1,N2Vp1q2,N2V,1.0,2.0,D2,5,14,9058,9058,2481,2499
R1,N2Vp1q2,N2V,1.0,2.0,D2,5,15,9154,9154,2686,2498
R1,N2Vp1q2,N2V,1.0,2.0,D2,5,16,9188,9188,2791,2499
R1,N2Vp1q2,N2V,1.0,2.0,D2,5,17,9266,9266,2914,2499
R1,N2Vp1q2,N2V,1.0,2.0,D2,5,18,9348,9348,3034,2499
R1,N2Vp1q2,N2V,1.0,2.0,D2,5,19,9380,9380,3254,2498
R1,N2Vp1q2,N2V,1.0,2.0,D2,5,20,9445,9445,3380,2498
R1,N2Vp1q2,N2V,1.0,2.0,D2,5,21,9539,9539,3560,2499
R1,N2Vp1q2,N2V,1.0,2.0,D2,5,22,9698,9698,3825,2498
R1,N2Vp1q2,N2V,1.0,2.0,D2,5,23,9765,9765,3927,2498
R1,N2Vp1q2,N2V,1.0,2.0,D2,5,24,9826,9826,4029,2499
R1,N2Vp1q2,N2V,1.0,2.0,D2,5,25,9856,9856,4094,2498
R1,N2Vp1q2,N2V,1.0,2.0,D2,5,26,9921,9921,4186,2499
R1,N2Vp1q2,N2V,1.0,2.0,D2,5,27,9929,9929,4338,2499
R1,N2Vp1q2,N2V,1.0,2.0,D2,5,28,9973,9973,4451,2499
R1,N2Vp1q2,N2V,1.0,2.0,D2,5,29,10020,10020,4553,2499
R1,N2Vp1q2,N2V,1.0,2.0,D2,5,30,10071,10071,4576,2499
R1,N2Vp1q2,N2V,1.0,2.0,D2,6,0,0,0,0,0
R1,N2Vp1q2,N2V,1.0,2.0,D2,6,1,7485,7485,411,2500
R1,N2Vp1q2,N2V,1.0,2.0,D2,6,2,8414,8414,548,2500
R1,N2Vp1q2,N2V,1.0,2.0,D2,6,3,8432,8432,615,2500
R1,N2Vp1q2,N2V,1.0,2.0,D2,6,4,8427,8427,719,2500
R1,N2Vp1q2,N2V,1.0,2.0,D2,6,5,8447,8447,816,2500
R1,N2Vp1q2,N2V,1.0,2.0,D2,6,6,8472,8472,857,2500
R1,N2Vp1q2,N2V,1.0,2.0,D2,6,7,8610,8610,1038,2500
R1,N2Vp1q2,N2V,1.0,2.0,D2,6,8,8703,8703,1197,2499
R1,N2Vp1q2,N2V,1.0,2.0,D2,6,9,8722,8722,1337,2499
R1,N2Vp1q2,N2V,1.0,2.0,D2,6,10,8761,8761,1434,2499
R1,N2Vp1q2,N2V,1.0,2.0,D2,6,11,8878,8878,1629,2499
R1,N2Vp1q2,N2V,1.0,2.0,D2,6,12,8949,8949,1829,2500
R1,N2Vp1q2,N2V,1.0,2.0,D2,6,13,9028,9028,2048,2500
R1,N2Vp1q2,N2V,1.0,2.0,D2,6,14,9074,9074,2174,2498
R1,N2Vp1q2,N2V,1.0,2.0,D2,6,15,9086,9086,2310,2499
R1,N2Vp1q2,N2V,1.0,2.0,D2,6,16,9076,9076,2349,2499
R1,N2Vp1q2,N2V,1.0,2.0,D2,6,17,9226,9226,2570,2500
R1,N2Vp1q2,N2V,1.0,2.0,D2,6,18,9320,9320,2687,2500
R1,N2Vp1q2,N2V,1.0,2.0,D2,6,19,9347,9347,2869,2500
R1,N2Vp1q2,N2V,1.0,2.0,D2,6,20,9400,9400,2910,2500
R1,N2Vp1q2,N2V,1.0,2.0,D2,6,21,9419,9419,2919,2499
R1,N2Vp1q2,N2V,1.0,2.0,D2,6,22,9523,9523,3066,2499
R1,N2Vp1q2,N2V,1.0,2.0,D2,6,23,9558,9558,3182,2500
R1,N2Vp1q2,N2V,1.0,2.0,D2,6,24,9548,9548,3215,2500
R1,N2Vp1q2,N2V,1.0,2.0,D2,6,25,9600,9600,3351,2499
R1,N2Vp1q2,N2V,1.0,2.0,D2,6,26,9655,9655,3402,2500
R1,N2Vp1q2,N2V,1.0,2.0,D2,6,27,9685,9685,3508,2500
R1,N2Vp1q2,N2V,1.0,2.0,D2,6,28,9742,9742,3654,2500
R1,N2Vp1q2,N2V,1.0,2.0,D2,6,29,9825,9825,3774,2500
R1,N2Vp1q2,N2V,1.0,2.0,D2,6,30,9872,9872,3831,2499
R1,N2Vp1q2,N2V,1.0,2.0,D2,7,0,0,0,0,0
R1,N2Vp1q2,N2V,1.0,2.0,D2,7,1,7455,7455,442,2500
R1,N2Vp1q2,N2V,1.0,2.0,D2,7,2,8395,8395,583,2500
R1,N2Vp1q2,N2V,1.0,2.0,D2,7,3,8485,8485,665,2500
R1,N2Vp1q2,N2V,1.0,2.0,D2,7,4,8499,8499,705,2500
R1,N2Vp1q2,N2V,1.0,2.0,D2,7,5,8537,8537,838,2500
R1,N2Vp1q2,N2V,1.0,2.0,D2,7,6,8600,8600,971,2497
R1,N2Vp1q2,N2V,1.0,2.0,D2,7,7,8610,8610,1085,2497
R1,N2Vp1q2,N2V,1.0,2.0,D2,7,8,8623,8623,1175,2498
R1,N2Vp1q2,N2V,1.0,2.0,D2,7,9,8715,8715,1359,2495
R1,N2Vp1q2,N2V,1.0,2.0,D2,7,10,8781,8781,1535,2497
R1,N2Vp1q2,N2V,1.0,2.0,D2,7,11,8889,8889,1668,2497
R1,N2Vp1q2,N2V,1.0,2.0,D2,7,12,8909,8909,1812,2498
R1,N2Vp1q2,N2V,1.0,2.0,D2,7,13,8980,8980,2007,2497
R1,N2Vp1q2,N2V,1.0,2.0,D2,7,14,9133,9133,2251,2497
R1,N2Vp1q2,N2V,1.0,2.0,D2,7,15,9200,9200,2376,2498
R1,N2Vp1q2,N2V,1.0,2.0,D2,7,16,9280,9280,2541,2497
R1,N2Vp1q2,N2V,1.0,2.0,D2,7,17,9309,9309,2666,2498
R1,N2Vp1q2,N2V,1.0,2.0,D2,7,18,9395,9395,2912,2500
R1,N2Vp1q2,N2V,1.0,2.0,D2,7,19,9453,9453,2973,2500
R1,N2Vp1q2,N2V,1.0,2.0,D2,7,20,9507,9507,3068,2500
R1,N2Vp1q2,N2V,1.0,2.0,D2,7,21,9502,9502,3226,2500
R1,N2Vp1q2,N2V,1.0,2.0,D2,7,22,9524,9524,3264,2500
R1,N2Vp1q2,N2V,1.0,2.0,D2,7,23,9595,9595,3468,2499
R1,N2Vp1q2,N2V,1.0,2.0,D2,7,24,9637,9637,3583,2499
R1,N2Vp1q2,N2V,1.0,2.0,D2,7,25,9690,9690,3766,2498
R1,N2Vp1q2,N2V,1.0,2.0,D2,7,26,9734,9734,3873,2499
R1,N2Vp1q2,N2V,1.0,2.0,D2,7,27,9764,9764,3909,2500
R1,N2Vp1q2,N2V,1.0,2.0,D2,7,28,9811,9811,4031,2499
R1,N2Vp1q2,N2V,1.0,2.0,D2,7,29,9864,9864,4072,2498
R1,N2Vp1q2,N2V,1.0,2.0,D2,7,30,9874,9874,4194,2498
R1,N2Vp1q2,N2V,1.0,2.0,D2,8,0,0,0,0,0
R1,N2Vp1q2,N2V,1.0,2.0,D2,8,1,7284,7284,393,2500
R1,N2Vp1q2,N2V,1.0,2.0,D2,8,2,8375,8375,555,2500
R1,N2Vp1q2,N2V,1.0,2.0,D2,8,3,8399,8399,601,2499
R1,N2Vp1q2,N2V,1.0,2.0,D2,8,4,8419,8419,741,2500
R1,N2Vp1q2,N2V,1.0,2.0,D2,8,5,8451,8451,848,2500
R1,N2Vp1q2,N2V,1.0,2.0,D2,8,6,8543,8543,984,2498
R1,N2Vp1q2,N2V,1.0,2.0,D2,8,7,8567,8567,1113,2500
R1,N2Vp1q2,N2V,1.0,2.0,D2,8,8,8592,8592,1187,2500
R1,N2Vp1q2,N2V,1.0,2.0,D2,8,9,8621,8621,1349,2499
R1,N2Vp1q2,N2V,1.0,2.0,D2,8,10,8683,8683,1581,2499
R1,N2Vp1q2,N2V,1.0,2.0,D2,8,11,8780,8780,1693,2498
R1,N2Vp1q2,N2V,1.0,2.0,D2,8,12,8818,8818,1869,2500
R1,N2Vp1q2,N2V,1.0,2.0,D2,8,13,8949,8949,2098,2499
R1,N2Vp1q2,N2V,1.0,2.0,D2,8,14,9089,9089,2284,2498
R1,N2Vp1q2,N2V,1.0,2.0,D2,8,15,9242,9242,2561,2500
R1,N2Vp1q2,N2V,1.0,2.0,D2,8,16,9291,9291,2637,2498
R1,N2Vp1q2,N2V,1.0,2.0,D2,8,17,9352,9352,2787,2500
R1,N2Vp1q2,N2V,1.0,2.0,D2,8,18,9441,9441,2985,2500
R1,N2Vp1q2,N2V,1.0,2.0,D2,8,19,9516,9516,3095,2500
R1,N2Vp1q2,N2V,1.0,2.0,D2,8,20,9576,9576,3274,2500
R1,N2Vp1q2,N2V,1.0,2.0,D2,8,21,9636,9636,3427,2500
R1,N2Vp1q2,N2V,1.0,2.0,D2,8,22,9624,9624,3597,2500
R1,N2Vp1q2,N2V,1.0,2.0,D2,8,23,9657,9657,3893,2499
R1,N2Vp1q2,N2V,1.0,2.0,D2,8,24,9711,9711,4041,2498
R1,N2Vp1q2,N2V,1.0,2.0,D2,8,25,9775,9775,4243,2500
R1,N2Vp1q2,N2V,1.0,2.0,D2,8,26,9820,9820,4344,2500
R1,N2Vp1q2,N2V,1.0,2.0,D2,8,27,9916,9916,4590,2499
R1,N2Vp1q2,N2V,1.0,2.0,D2,8,28,10022,10022,4820,2500
R1,N2Vp1q2,N2V,1.0,2.0,D2,8,29,10072,10072,4869,2499
R1,N2Vp1q2,N2V,1.0,2.0,D2,8,30,10141,10141,5146,2500
R1,N2Vp1q2,N2V,1.0,2.0,D2,9,0,0,0,0,0
R1,N2Vp1q2,N2V,1.0,2.0,D2,9,1,7504,7504,401,2499
R1,N2Vp1q2,N2V,1.0,2.0,D2,9,2,8398,8398,552,2499
R1,N2Vp1q2,N2V,1.0,2.0,D2,9,3,8440,8440,623,2499
R1,N2Vp1q2,N2V,1.0,2.0,D2,9,4,8465,8465,689,2499
R1,N2Vp1q2,N2V,1.0,2.0,D2,9,5,8460,8460,758,2500
R1,N2Vp1q2,N2V,1.0,2.0,D2,9,6,8535,8535,871,2500
R1,N2Vp1q2,N2V,1.0,2.0,D2,9,7,8574,8574,1002,2500
R1,N2Vp1q2,N2V,1.0,2.0,D2,9,8,8602,8602,1126,2500
R1,N2Vp1q2,N2V,1.0,2.0,D2,9,9,8616,8616,1168,2500
R1,N2Vp1q2,N2V,1.0,2.0,D2,9,10,8727,8727,1332,2500
R1,N2Vp1q2,N2V,1.0,2.0,D2,9,11,8794,8794,1523,2499
R1,N2Vp1q2,N2V,1.0,2.0,D2,9,12,8894,8894,1763,2499
R1,N2Vp1q2,N2V,1.0,2.0,D2,9,13,8866,8866,1839,2499
R1,N2Vp1q2,N2V,1.0,2.0,D2,9,14,8968,8968,2014,2500
R1,N2Vp1q2,N2V,1.0,2.0,D2,9,15,9025,9025,2095,2497
R1,N2Vp1q2,N2V,1.0,2.0,D2,9,16,9156,9156,2353,2499
R1,N2Vp1q2,N2V,1.0,2.0,D2,9,17,9219,9219,2518,2497
R1,N2Vp1q2,N2V,1.0,2.0,D2,9,18,9341,9341,2744,2499
R1,N2Vp1q2,N2V,1.0,2.0,D2,9,19,9383,9383,2904,2499
R1,N2Vp1q2,N2V,1.0,2.0,D2,9,20,9481,9481,2987,2499
R1,N2Vp1q2,N2V,1.0,2.0,D2,9,21,9517,9517,3158,2500
R1,N2Vp1q2,N2V,1.0,2.0,D2,9,22,9536,9536,3289,2500
R1,N2Vp1q2,N2V,1.0,2.0,D2,9,23,9639,9639,3420,2500
R1,N2Vp1q2,N2V,1.0,2.0,D2,9,24,9691,9691,3550,2500
R1,N2Vp1q2,N2V,1.0,2.0,D2,9,25,9819,9819,3655,2499
R1,N2Vp1q2,N2V,1.0,2.0,D2,9,26,9738,9738,3741,2499
R1,N2Vp1q2,N2V,1.0,2.0,D2,9,27,9885,9885,3931,2499
R1,N2Vp1q2,N2V,1.0,2.0,D2,9,28,9959,9959,4026,2499
R1,N2Vp1q2,N2V,1.0,2.0,D2,9,29,10025,10025,4172,2499
R1,N2Vp1q2,N2V,1.0,2.0,D2,9,30,10037,10037,4274,2498
R1,N2Vp1q2,N2V,1.0,2.0,D2,10,0,0,0,0,0
R1,N2Vp1q2,N2V,1.0,2.0,D2,10,1,7535,7535,403,2500
R1,N2Vp1q2,N2V,1.0,2.0,D2,10,2,8458,8458,566,2500
R1,N2Vp1q2,N2V,1.0,2.0,D2,10,3,8429,8429,658,2500
R1,N2Vp1q2,N2V,1.0,2.0,D2,10,4,8555,8555,795,2500
R1,N2Vp1q2,N2V,1.0,2.0,D2,10,5,8537,8537,904,2499
R1,N2Vp1q2,N2V,1.0,2.0,D2,10,6,8565,8565,1020,2500
R1,N2Vp1q2,N2V,1.0,2.0,D2,10,7,8653,8653,1195,2500
R1,N2Vp1q2,N2V,1.0,2.0,D2,10,8,8759,8759,1401,2500
R1,N2Vp1q2,N2V,1.0,2.0,D2,10,9,8792,8792,1518,2499
R1,N2Vp1q2,N2V,1.0,2.0,D2,10,10,8873,8873,1695,2500
R1,N2Vp1q2,N2V,1.0,2.0,D2,10,11,8923,8923,1890,2499
R1,N2Vp1q2,N2V,1.0,2.0,D2,10,12,8925,8925,1966,2500
R1,N2Vp1q2,N2V,1.0,2.0,D2,10,13,9051,9051,2244,2500
R1,N2Vp1q2,N2V,1.0,2.0,D2,10,14,9116,9116,2425,2500
R1,N2Vp1q2,N2V,1.0,2.0,D2,10,15,9109,9109,2592,2500
R1,N2Vp1q2,N2V,1.0,2.0,D2,10,16,9269,9269,2879,2499
R1,N2Vp1q2,N2V,1.0,2.0,D2,10,17,9343,9343,3018,2500
R1,N2Vp1q2,N2V,1.0,2.0,D2,10,18,9409,9409,3225,2500
R1,N2Vp1q2,N2V,1.0,2.0,D2,10,19,9516,9516,3409,2500
R1,N2Vp1q2,N2V,1.0,2.0,D2,10,20,9566,9566,3619,2500
R1,N2Vp1q2,N2V,1.0,2.0,D2,10,21,9612,9612,3787,2499
R1,N2Vp1q2,N2V,1.0,2.0,D2,10,22,9738,9738,4003,2498
R1,N2Vp1q2,N2V,1.0,2.0,D2,10,23,9712,9712,4147,2499
R1,N2Vp1q2,N2V,1.0,2.0,D2,10,24,9752,9752,4274,2498
R1,N2Vp1q2,N2V,1.0,2.0,D2,10,25,9805,9805,4441,2499
R1,N2Vp1q2,N2V,1.0,2.0,D2,10,26,9885,9885,4558,2498
R1,N2Vp1q2,N2V,1.0,2.0,D2,10,27,9942,9942,4673,2499
R1,N2Vp1q2,N2V,1.0,2.0,D2,10,28,9938,9938,4712,2499
R1,N2Vp1q2,N2V,1.0,2.0,D2,10,29,9997,9997,4854,2499
R1,N2Vp1q2,N2V,1.0,2.0,D2,10,30,10005,10005,4968,2499
R1,RW,RW,,,D2,1,0,0,0,0,0
R1,RW,RW,,,D2,1,1,7511,7511,419,2500
R1,RW,RW,,,D2,1,2,8385,8385,517,2500
R1,RW,RW,,,D2,1,3,8406,8406,625,2499
R1,RW,RW,,,D2,1,4,8393,8393,666,2500
R1,RW,RW,,,D2,1,5,8397,8397,751,2500
R1,RW,RW,,,D2,1,6,8448,8448,868,2500
R1,RW,RW,,,D2,1,7,8447,8447,864,2500
R1,RW,RW,,,D2,1,8,8496,8496,993,2499
R1,RW,RW,,,D2,1,9,8546,8546,1095,2500
R1,RW,RW,,,D2,1,10,8597,8597,1248,2499
R1,RW,RW,,,D2,1,11,8589,8589,1360,2499
R1,RW,RW,,,D2,1,12,8659,8659,1483,2499
R1,RW,RW,,,D2,1,13,8652,8652,1624,2498
R1,RW,RW,,,D2,1,14,8687,8687,1776,2499
R1,RW,RW,,,D2,1,15,8750,8750,1885,2499
R1,RW,RW,,,D2,1,16,8828,8828,2090,2500
R1,RW,RW,,,D2,1,17,8918,8918,2195,2500
R1,RW,RW,,,D2,1,18,8949,8949,2368,2500
R1,RW,RW,,,D2,1,19,8967,8967,2474,2499
R1,RW,RW,,,D2,1,20,9016,9016,2661,2500
R1,RW,RW,,,D2,1,21,9033,9033,2708,2500
R1,RW,RW,,,D2,1,22,9053,9053,2863,2498
R1,RW,RW,,,D2,1,23,9094,9094,2991,2499
R1,RW,RW,,,D2,1,24,9126,9126,3113,2500
R1,RW,RW,,,D2,1,25,9183,9183,3351,2500
R1,RW,RW,,,D2,1,26,9260,9260,3533,2500
R1,RW,RW,,,D2,1,27,9348,9348,3723,2500
R1,RW,RW,,,D2,1,28,9405,9405,3877,2499
R1,RW,RW,,,D2,1,29,9453,9453,3991,2500
R1,RW,RW,,,D2,1,30,9500,9500,4149,2499
R1,RW,RW,,,D2,2,0,0,0,0,0
R1,RW,RW,,,D2,2,1,7480,7480,381,2500
R1,RW,RW,,,D2,2,2,8360,8360,524,2500
R1,RW,RW,,,D2,2,3,8336,8336,569,2498
R1,RW,RW,,,D2,2,4,8346,8346,625,2500
R1,RW,RW,,,D2,2,5,8372,8372,667,2499
R1,RW,RW,,,D2,2,6,8382,8382,742,2500
R1,RW,RW,,,D2,2,7,8419,8419,873,2500
R1,RW,RW,,,D2,2,8,8495,8495,1035,2500
R1,RW,RW,,,D2,2,9,8476,8476,1118,2499
R1,RW,RW,,,D2,2,10,8478,8478,1259,2500
R1,RW,RW,,,D2,2,11,8488,8488,1357,2499
R1,RW,RW,,,D2,2,12,8572,8572,1558,2500
R1,RW,RW,,,D2,2,13,8677,8677,1746,2500
R1,RW,RW,,,D2,2,14,8741,8741,1894,2500
R1,RW,RW,,,D2,2,15,8837,8837,2059,2500
R1,RW,RW,,,D2,2,16,8846,8846,2217,2500
R1,RW,RW,,,D2,2,17,8907,8907,2341,2500
R1,RW,RW,,,D2,2,18,8985,8985,2518,2500
R1,RW,RW,,,D2,2,19,8984,8984,2565,2500
R1,RW,RW,,,D2,2,20,9101,9101,2796,2500
R1,RW,RW,,,D2,2,21,9191,9191,2951,2500
R1,RW,RW,,,D2,2,22,9264,9264,3144,2500
R1,RW,RW,,,D2,2,23,9273,9273,3262,2500
R1,RW,RW,,,D2,2,24,9357,9357,3426,2500
R1,RW,RW,,,D2,2,25,9389,9389,3512,2500
R1,RW,RW,,,D2,2,26,9440,9440,3653,2500
R1,RW,RW,,,D2,2,27,9461,9461,3766,2500
R1,RW,RW,,,D2,2,28,9507,9507,3940,2500
R1,RW,RW,,,D2,2,29,9540,9540,4033,2500
R1,RW,RW,,,D2,2,30,9579,9579,4146,2499
R1,RW,RW,,,D2,3,0,0,0,0,0
R1,RW,RW,,,D2,3,1,7479,7479,411,2500
R1,RW,RW,,,D2,3,2,8341,8341,554,2500
R1,RW,RW,,,D2,3,3,8338,8338,611,2499
R1,RW,RW,,,D2,3,4,8352,8352,671,2500
R1,RW,RW,,,D2,3,5,8378,8378,740,2500
R1,RW,RW,,,D2,3,6,8420,8420,863,2500
R1,RW,RW,,,D2,3,7,8408,8408,868,2500
R1,RW,RW,,,D2,3,8,8451,8451,990,2500
R1,RW,RW,,,D2,3,9,8463,8463,1088,2500
R1,RW,RW,,,D2,3,10,8485,8485,1206,2500
R1,RW,RW,,,D2,3,11,8484,8484,1335,2500
R1,RW,RW,,,D2,3,12,8476,8476,1424,2500
R1,RW,RW,,,D2,3,13,8560,8560,1558,2500
R1,RW,RW,,,D2,3,14,8581,8581,1754,2500
R1,RW,RW,,,D2,3,15,8669,8669,1900,2499
R1,RW,RW,,,D2,3,16,8694,8694,1985,2499
R1,RW,RW,,,D2,3,17,8783,8783,2181,2500
R1,RW,RW,,,D2,3,18,8795,8795,2298,2500
R1,RW,RW,,,D2,3,19,8875,8875,2454,2500
R1,RW,RW,,,D2,3,20,8925,8925,2646,2500
R1,RW,RW,,,D2,3,21,8988,8988,2764,2499
R1,RW,RW,,,D2,3,22,9070,9070,2938,2500
R1,RW,RW,,,D2,3,23,9136,9136,3072,2500
R1,RW,RW,,,D2,3,24,9180,9180,3193,2500
R1,RW,RW,,,D2,3,25,9202,9202,3228,2500
R1,RW,RW,,,D2,3,26,9241,9241,3347,2500
R1,RW,RW,,,D2,3,27,9360,9360,3449,2499
R1,RW,RW,,,D2,3,28,9393,9393,3478,2499
R1,RW,RW,,,D2,3,29,9413,9413,3566,2499
R1,RW,RW,,,D2,3,30,9423,9423,3582,2499
R1,RW,RW,,,D2,4,0,0,0,0,0
R1,RW,RW,,,D2,4,1,7469,7469,421,2500
R1,RW,RW,,,D2,4,2,8433,8433,538,2500
R1,RW,RW,,,D2,4,3,8427,8427,584,2500
R1,RW,RW,,,D2,4,4,8446,8446,644,2500
R1,RW,RW,,,D2,4,5,8467,8467,687,2500
R1,RW,RW,,,D2,4,6,8461,8461,772,2500
R1,RW,RW,,,D2,4,7,8515,8515,937,2500
R1,RW,RW,,,D2,4,8,8537,8537,998,2500
R1,RW,RW,,,D2,4,9,8522,8522,1081,2500
R1,RW,RW,,,D2,4,10,8557,8557,1206,2500
R1,RW,RW,,,D2,4,11,8630,8630,1362,2500
R1,RW,RW,,,D2,4,12,8692,8692,1529,2500
R1,RW,RW,,,D2,4,13,8722,8722,1723,2500
R1,RW,RW,,,D2,4,14,8777,8777,1873,2500
R1,RW,RW,,,D2,4,15,8789,8789,2032,2500
R1,RW,RW,,,D2,4,16,8802,8802,2175,2500
R1,RW,RW,,,D2,4,17,8882,8882,2438,2498
R1,RW,RW,,,D2,4,18,8952,8952,2607,2499
R1,RW,RW,,,D2,4,19,9029,9029,2847,2499
R1,RW,RW,,,D2,4,20,9060,9060,2951,2500
R1,RW,RW,,,D2,4,21,9156,9156,3150,2500
R1,RW,RW,,,D2,4,22,9224,9224,3278,2500
R1,RW,RW,,,D2,4,23,9281,9281,3405,2500
R1,RW,RW,,,D2,4,24,9355,9355,3548,2500
R1,RW,RW,,,D2,4,25,9398,9398,3667,2500
R1,RW,RW,,,D2,4,26,9390,9390,3720,2500
R1,RW,RW,,,D2,4,27,9408,9408,3815,2500
R1,RW,RW,,,D2,4,28,9482,9482,3958,2500
R1,RW,RW,,,D2,4,29,9515,9515,4101,2500
R1,RW,RW,,,D2,4,30,9562,9562,4155,2500
R1,RW,RW,,,D2,5,0,0,0,0,0
R1,RW,RW,,,D2,5,1,7452,7452,416,2500
R1,RW,RW,,,D2,5,2,8336,8336,516,2500
R1,RW,RW,,,D2,5,3,8347,8347,533,2500
R1,RW,RW,,,D2,5,4,8354,8354,570,2500
R1,RW,RW,,,D2,5,5,8356,8356,681,2500
R1,RW,RW,,,D2,5,6,8355,8355,727,2500
R1,RW,RW,,,D2,5,7,8396,8396,774,2500
R1,RW,RW,,,D2,5,8,8435,8435,829,2500
R1,RW,RW,,,D2,5,9,8468,8468,881,2500
R1,RW,RW,,,D2,5,10,8503,8503,1025,2500
R1,RW,RW,,,D2,5,11,8418,8418,1023,2500
R1,RW,RW,,,D2,5,12,8487,8487,1162,2499
R1,RW,RW,,,D2,5,13,8509,8509,1298,2500
R1,RW,RW,,,D2,5,14,8613,8613,1501,2500
R1,RW,RW,,,D2,5,15,8650,8650,1565,2500
R1,RW,RW,,,D2,5,16,8714,8714,1716,2500
R1,RW,RW,,,D2,5,17,8755,8755,1854,2498
R1,RW,RW,,,D2,5,18,8776,8776,2002,2500
R1,RW,RW,,,D2,5,19,8830,8830,2132,2500
R1,RW,RW,,,D2,5,20,8855,8855,2219,2500
R1,RW,RW,,,D2,5,21,8921,8921,2367,2500
R1,RW,RW,,,D2,5,22,8956,8956,2508,2500
R1,RW,RW,,,D2,5,23,9022,9022,2653,2500
R1,RW,RW,,,D2,5,24,9076,9076,2873,2500
R1,RW,RW,,,D2,5,25,9119,9119,3043,2500
R1,RW,RW,,,D2,5,26,9228,9228,3216,2500
R1,RW,RW,,,D2,5,27,9285,9285,3364,2500
R1,RW,RW,,,D2,5,28,9303,9303,3481,2498
R1,RW,RW,,,D2,5,29,9319,9319,3550,2499
R1,RW,RW,,,D2,5,30,9391,9391,3735,2499
R1,RW,RW,,,D2,6,0,0,0,0,0
R1,RW,RW,,,D2,6,1,7435,7435,420,2500
R1,RW,RW,,,D2,6,2,8367,8367,519,2500
R1,RW,RW,,,D2,6,3,8396,8396,587,2500
R1,RW,RW,,,D2,6,4,8396,8396,641,2500
R1,RW,RW,,,D2,6,5,8390,8390,756,2500
R1,RW,RW,,,D2,6,6,8443,8443,843,2500
R1,RW,RW,,,D2,6,7,8473,8473,969,2500
R1,RW,RW,,,D2,6,8,8501,8501,1149,2500
R1,RW,RW,,,D2,6,9,8539,8539,1312,2500
R1,RW,RW,,,D2,6,10,8572,8572,1471,2500
R1,RW,RW,,,D2,6,11,8638,8638,1618,2500
R1,RW,RW,,,D2,6,12,8685,8685,1759,2500
R1,RW,RW,,,D2,6,13,8686,8686,1913,2500
R1,RW,RW,,,D2,6,14,8773,8773,2132,2500
R1,RW,RW,,,D2,6,15,8822,8822,2289,2499
R1,RW,RW,,,D2,6,16,8878,8878,2473,2500
R1,RW,RW,,,D2,6,17,8956,8956,2667,2500
R1,RW,RW,,,D2,6,18,9006,9006,2794,2500
R1,RW,RW,,,D2,6,19,9054,9054,2890,2500
R1,RW,RW,,,D2,6,20,9077,9077,3037,2499
R1,RW,RW,,,D2,6,21,9146,9146,3225,2500
R1,RW,RW,,,D2,6,22,9179,9179,3341,2500
R1,RW,RW,,,D2,6,23,9198,9198,3508,2500
R1,RW,RW,,,D2,6,24,9246,9246,3657,2500
R1,RW,RW,,,D2,6,25,9273,9273,3802,2500
R1,RW,RW,,,D2,6,26,9309,9309,3929,2500
R1,RW,RW,,,D2,6,27,9343,9343,4071,2500
R1,RW,RW,,,D2,6,28,9383,9383,4232,2500
R1,RW,RW,,,D2,6,29,9426,9426,4353,2500
R1,RW,RW,,,D2,6,30,9483,9483,4533,2499
R1,RW,RW,,,D2,7,0,0,0,0,0
R1,RW,RW,,,D2,7,1,7379,7379,407,2500
R1,RW,RW,,,D2,7,2,8384,8384,535,2499
R1,RW,RW,,,D2,7,3,8392,8392,576,2499
R1,RW,RW,,,D2,7,4,8373,8373,617,2498
R1,RW,RW,,,D2,7,5,8375,8375,657,2498
R1,RW,RW,,,D2,7,6,8367,8367,725,2499
R1,RW,RW,,,D2,7,7,8390,8390,809,2500
R1,RW,RW,,,D2,7,8,8409,8409,904,2500
R1,RW,RW,,,D2,7,9,8497,8497,1044,2500
R1,RW,RW,,,D2,7,10,8549,8549,1126,2499
R1,RW,RW,,,D2,7,11,8564,8564,1224,2499
R1,RW,RW,,,D2,7,12,8576,8576,1269,2498
R1,RW,RW,,,D2,7,13,8589,8589,1419,2497
R1,RW,RW,,,D2,7,14,8626,8626,1567,2498
R1,RW,RW,,,D2,7,15,8656,8656,1765,2498
R1,RW,RW,,,D2,7,16,8730,8730,1943,2500
R1,RW,RW,,,D2,7,17,8848,8848,2113,2499
R1,RW,RW,,,D2,7,18,8854,8854,2264,2499
R1,RW,RW,,,D2,7,19,8913,8913,2443,2500
R1,RW,RW,,,D2,7,20,8915,8915,2515,2500
R1,RW,RW,,,D2,7,21,8940,8940,2603,2500
R1,RW,RW,,,D2,7,22,8990,8990,2675,2500
R1,RW,RW,,,D2,7,23,9031,9031,2743,2500
R1,RW,RW,,,D2,7,24,9075,9075,2849,2500
R1,RW,RW,,,D2,7,25,9111,9111,2984,2500
R1,RW,RW,,,D2,7,26,9129,9129,3140,2500
R1,RW,RW,,,D2,7,27,9150,9150,3244,2500
R1,RW,RW,,,D2,7,28,9221,9221,3406,2500
R1,RW,RW,,,D2,7,29,9285,9285,3583,2500
R1,RW,RW,,,D2,7,30,9347,9347,3703,2499
R1,RW,RW,,,D2,8,0,0,0,0,0
R1,RW,RW,,,D2,8,1,7530,7530,400,2500
R1,RW,RW,,,D2,8,2,8473,8473,507,2500
R1,RW,RW,,,D2,8,3,8488,8488,595,2500
R1,RW,RW,,,D2,8,4,8499,8499,638,2500
R1,RW,RW,,,D2,8,5,8537,8537,766,2500
R1,RW,RW,,,D2,8,6,8537,8537,845,2500
R1,RW,RW,,,D2,8,7,8555,8555,933,2500
R1,RW,RW,,,D2,8,8,8596,8596,1049,2500
R1,RW,RW,,,D2,8,9,8598,8598,1218,2500
R1,RW,RW,,,D2,8,10,8717,8717,1344,2500
R1,RW,RW,,,D2,8,11,8738,8738,1466,2500
R1,RW,RW,,,D2,8,12,8745,8745,1510,2500
R1,RW,RW,,,D2,8,13,8784,8784,1632,2500
R1,RW,RW,,,D2,8,14,8833,8833,1736,2500
R1,RW,RW,,,D2,8,15,8831,8831,1885,2499
R1,RW,RW,,,D2,8,16,8903,8903,2068,2499
R1,RW,RW,,,D2,8,17,8935,8935,2182,2499
R1,RW,RW,,,D2,8,18,8989,8989,2379,2499
R1,RW,RW,,,D2,8,19,9027,9027,2474,2499
R1,RW,RW,,,D2,8,20,9131,9131,2697,2500
R1,RW,RW,,,D2,8,21,9143,9143,2863,2499
R1,RW,RW,,,D2,8,22,9204,9204,3012,2500
R1,RW,RW,,,D2,8,23,9231,9231,3093,2499
R1,RW,RW,,,D2,8,24,9271,9271,3232,2499
R1,RW,RW,,,D2,8,25,9327,9327,3369,2500
R1,RW,RW,,,D2,8,26,9386,9386,3565,2500
R1,RW,RW,,,D2,8,27,9466,9466,3701,2500
R1,RW,RW,,,D2,8,28,9501,9501,3790,2500
R1,RW,RW,,,D2,8,29,9521,9521,3903,2500
R1,RW,RW,,,D2,8,30,9525,9525,4026,2500
R1,RW,RW,,,D2,9,0,0,0,0,0
R1,RW,RW,,,D2,9,1,7531,7531,412,2500
R1,RW,RW,,,D2,9,2,8390,8390,503,2500
R1,RW,RW,,,D2,9,3,8379,8379,560,2500
R1,RW,RW,,,D2,9,4,8394,8394,626,2499
R1,RW,RW,,,D2,9,5,8374,8374,662,2499
R1,RW,RW,,,D2,9,6,8434,8434,771,2500
R1,RW,RW,,,D2,9,7,8436,8436,859,2499
R1,RW,RW,,,D2,9,8,8488,8488,1019,2500
R1,RW,RW,,,D2,9,9,8494,8494,1144,2496
R1,RW,RW,,,D2,9,10,8505,8505,1254,2499
R1,RW,RW,,,D2,9,11,8537,8537,1383,2500
R1,RW,RW,,,D2,9,12,8680,8680,1665,2499
R1,RW,RW,,,D2,9,13,8742,8742,1822,2499
R1,RW,RW,,,D2,9,14,8801,8801,1948,2500
R1,RW,RW,,,D2,9,15,8836,8836,2080,2500
R1,RW,RW,,,D2,9,16,8858,8858,2216,2500
R1,RW,RW,,,D2,9,17,8915,8915,2358,2500
R1,RW,RW,,,D2,9,18,8956,8956,2562,2499
R1,RW,RW,,,D2,9,19,9005,9005,2676,2500
R1,RW,RW,,,D2,9,20,9061,9061,2822,2500
R1,RW,RW,,,D2,9,21,9134,9134,2991,2500
R1,RW,RW,,,D2,9,22,9170,9170,3119,2500
R1,RW,RW,,,D2,9,23,9201,9201,3301,2499
R1,RW,RW,,,D2,9,24,9252,9252,3504,2499
R1,RW,RW,,,D2,9,25,9352,9352,3709,2499
R1,RW,RW,,,D2,9,26,9430,9430,3830,2500
R1,RW,RW,,,D2,9,27,9492,9492,3962,2500
R1,RW,RW,,,D2,9,28,9545,9545,4077,2500
R1,RW,RW,,,D2,9,29,9574,9574,4233,2499
R1,RW,RW,,,D2,9,30,9646,9646,4370,2499
R1,RW,RW,,,D2,10,0,0,0,0,0
R1,RW,RW,,,D2,10,1,7541,7541,438,2500
R1,RW,RW,,,D2,10,2,8474,8474,569,2500
R1,RW,RW,,,D2,10,3,8475,8475,603,2500
R1,RW,RW,,,D2,10,4,8495,8495,674,2500
R1,RW,RW,,,D2,10,5,8496,8496,706,2499
R1,RW,RW,,,D2,10,6,8513,8513,768,2500
R1,RW,RW,,,D2,10,7,8542,8542,840,2500
R1,RW,RW,,,D2,10,8,8527,8527,896,2498
R1,RW,RW,,,D2,10,9,8547,8547,978,2498
R1,RW,RW,,,D2,10,10,8568,8568,1109,2499
R1,RW,RW,,,D2,10,11,8615,8615,1207,2499
R1,RW,RW,,,D2,10,12,8620,8620,1326,2498
R1,RW,RW,,,D2,10,13,8730,8730,1494,2499
R1,RW,RW,,,D2,10,14,8778,8778,1601,2499
R1,RW,RW,,,D2,10,15,8780,8780,1703,2499
R1,RW,RW,,,D2,10,16,8889,8889,1902,2499
R1,RW,RW,,,D2,10,17,8905,8905,2091,2499
R1,RW,RW,,,D2,10,18,8914,8914,2272,2499
R1,RW,RW,,,D2,10,19,9020,9020,2459,2500
R1,RW,RW,,,D2,10,20,9050,9050,2634,2499
R1,RW,RW,,,D2,10,21,9129,9129,2854,2500
R1,RW,RW,,,D2,10,22,9196,9196,2988,2499
R1,RW,RW,,,D2,10,23,9244,9244,3147,2500
R1,RW,RW,,,D2,10,24,9291,9291,3365,2500
R1,RW,RW,,,D2,10,25,9368,9368,3546,2500
R1,RW,RW,,,D2,10,26,9382,9382,3720,2500
R1,RW,RW,,,D2,10,27,9450,9450,3941,2499
R1,RW,RW,,,D2,10,28,9509,9509,4076,2500
R1,RW,RW,,,D2,10,29,9616,9616,4287,2499
R1,RW,RW,,,D2,10,30,9673,9673,4493,2497
R1,RWD,RWD,,,D2,1,0,0,0,0,0
R1,RWD,RWD,,,D2,1,1,7643,7643,427,2500
R1,RWD,RWD,,,D2,1,2,8451,8451,674,2499
R1,RWD,RWD,,,D2,1,3,8503,8503,957,2500
R1,RWD,RWD,,,D2,1,4,8668,8668,1545,2500
R1,RWD,RWD,,,D2,1,5,8792,8792,2175,2499
R1,RWD,RWD,,,D2,1,6,8950,8950,3043,2499
R1,RWD,RWD,,,D2,1,7,9366,9366,4148,2500
R1,RWD,RWD,,,D2,1,8,9696,9696,5108,2499
R1,RWD,RWD,,,D2,1,9,9889,9889,5845,2499
R1,RWD,RWD,,,D2,1,10,9948,9948,6281,2500
R1,RWD,RWD,,,D2,1,11,10012,10012,6381,2500
R1,RWD,RWD,,,D2,1,12,10096,10096,6786,2500
R1,RWD,RWD,,,D2,1,13,10232,10232,7185,2500
R1,RWD,RWD,,,D2,1,14,10317,10317,7557,2500
R1,RWD,RWD,,,D2,1,15,10494,10494,7819,2500
R1,RWD,RWD,,,D2,1,16,10517,10517,7881,2500
R1,RWD,RWD,,,D2,1,17,10509,10509,7928,2500
R1,RWD,RWD,,,D2,1,18,10481,10481,7941,2500
R1,RWD,RWD,,,D2,1,19,10472,10472,8032,2500
R1,RWD,RWD,,,D2,1,20,10540,10540,8144,2500
R1,RWD,RWD,,,D2,1,21,10495,10495,8188,2500
R1,RWD,RWD,,,D2,1,22,10538,10538,8285,2500
R1,RWD,RWD,,,D2,1,23,10613,10613,8359,2500
R1,RWD,RWD,,,D2,1,24,10594,10594,8340,2500
R1,RWD,RWD,,,D2,1,25,10592,10592,8340,2500
R1,RWD,RWD,,,D2,1,26,10587,10587,8347,2500
R1,RWD,RWD,,,D2,1,27,10578,10578,8344,2500
R1,RWD,RWD,,,D2,1,28,10610,10610,8381,2500
R1,RWD,RWD,,,D2,1,29,10600,10600,8366,2500
R1,RWD,RWD,,,D2,1,30,10611,10611,8381,2500
R1,RWD,RWD,,,D2,2,0,0,0,0,0
R1,RWD,RWD,,,D2,2,1,7635,7635,446,2500
R1,RWD,RWD,,,D2,2,2,8457,8457,653,2500
R1,RWD,RWD,,,D2,2,3,8524,8524,993,2499
R1,RWD,RWD,,,D2,2,4,8692,8692,1729,2499
R1,RWD,RWD,,,D2,2,5,8797,8797,2578,2498
R1,RWD,RWD,,,D2,2,6,9170,9170,3588,2499
R1,RWD,RWD,,,D2,2,7,9492,9492,4514,2499
R1,RWD,RWD,,,D2,2,8,9643,9643,5043,2499
R1,RWD,RWD,,,D2,2,9,9844,9844,6092,2500
R1,RWD,RWD,,,D2,2,10,10082,10082,6880,2500
R1,RWD,RWD,,,D2,2,11,10233,10233,7326,2500
R1,RWD,RWD,,,D2,2,12,10245,10245,7593,2500
R1,RWD,RWD,,,D2,2,13,10312,10312,7754,2500
R1,RWD,RWD,,,D2,2,14,10375,10375,7923,2499
R1,RWD,RWD,,,D2,2,15,10447,10447,8007,2500
R1,RWD,RWD,,,D2,2,16,10419,10419,8190,2499
R1,RWD,RWD,,,D2,2,17,10422,10422,8106,2499
R1,RWD,RWD,,,D2,2,18,10469,10469,8389,2500
R1,RWD,RWD,,,D2,2,19,10533,10533,8492,2500
R1,RWD,RWD,,,D2,2,20,10519,10519,8552,2500
R1,RWD,RWD,,,D2,2,21,10498,10498,8540,2500
R1,RWD,RWD,,,D2,2,22,10506,10506,8498,2500
R1,RWD,RWD,,,D2,2,23,10478,10478,8551,2500
R1,RWD,RWD,,,D2,2,24,10451,10451,8478,2500
R1,RWD,RWD,,,D2,2,25,10459,10459,8582,2500
R1,RWD,RWD,,,D2,2,26,10448,10448,8564,2500
R1,RWD,RWD,,,D2,2,27,10489,10489,8553,2500
R1,RWD,RWD,,,D2,2,28,10620,10620,8836,2500
R1,RWD,RWD,,,D2,2,29,10609,10609,8767,2500
R1,RWD,RWD,,,D2,2,30,10588,10588,8756,2500
R1,RWD,RWD,,,D2,3,0,0,0,0,0
R1,RWD,RWD,,,D2,3,1,7458,7458,448,2500
R1,RWD,RWD,,,D2,3,2,8251,8251,636,2500
R1,RWD,RWD,,,D2,3,3,8331,8331,980,2499
R1,RWD,RWD,,,D2,3,4,8518,8518,1517,2500
R1,RWD,RWD,,,D2,3,5,8647,8647,2077,2500
R1,RWD,RWD,,,D2,3,6,8881,8881,2886,2500
R1,RWD,RWD,,,D2,3,7,9176,9176,3647,2498
R1,RWD,RWD,,,D2,3,8,9337,9337,4212,2499
R1,RWD,RWD,,,D2,3,9,9558,9558,4911,2499
R1,RWD,RWD,,,D2,3,10,9702,9702,5723,2500
R1,RWD,RWD,,,D2,3,11,9874,9874,6394,2500
R1,RWD,RWD,,,D2,3,12,10191,10191,7018,2500
R1,RWD,RWD,,,D2,3,13,10250,10250,7415,2500
R1,RWD,RWD,,,D2,3,14,10378,10378,7866,2500
R1,RWD,RWD,,,D2,3,15,10486,10486,8148,2500
R1,RWD,RWD,,,D2,3,16,10569,10569,8243,2500
R1,RWD,RWD,,,D2,3,17,10571,10571,8277,2500
R1,RWD,RWD,,,D2,3,18,10555,10555,8165,2500
R1,RWD,RWD,,,D2,3,19,10573,10573,8161,2500
R1,RWD,RWD,,,D2,3,20,10551,10551,8159,2500
R1,RWD,RWD,,,D2,3,21,10576,10576,8169,2500
R1,RWD,RWD,,,D2,3,22,10550,10550,8169,2500
R1,RWD,RWD,,,D2,3,23,10543,10543,8316,2500
R1,RWD,RWD,,,D2,3,24,10529,10529,8319,2500
R1,RWD,RWD,,,D2,3,25,10553,10553,8277,2500
R1,RWD,RWD,,,D2,3,26,10550,10550,8334,2500
R1,RWD,RWD,,,D2,3,27,10508,10508,8333,2500
R1,RWD,RWD,,,D2,3,28,10485,10485,8373,2500
R1,RWD,RWD,,,D2,3,29,10562,10562,8527,2500
R1,RWD,RWD,,,D2,3,30,10614,10614,8595,2500
R1,RWD,RWD,,,D2,4,0,0,0,0,0
R1,RWD,RWD,,,D2,4,1,7430,7430,441,2499
R1,RWD,RWD,,,D2,4,2,8315,8315,648,2499
R1,RWD,RWD,,,D2,4,3,8363,8363,1041,2499
R1,RWD,RWD,,,D2,4,4,8510,8510,1747,2498
R1,RWD,RWD,,,D2,4,5,8813,8813,2642,2500
R1,RWD,RWD,,,D2,4,6,8938,8938,3362,2500
R1,RWD,RWD,,,D2,4,7,9345,9345,4536,2500
R1,RWD,RWD,,,D2,4,8,9634,9634,5613,2498
R1,RWD,RWD,,,D2,4,9,9748,9748,6458,2499
R1,RWD,RWD,,,D2,4,10,9900,9900,7145,2499
R1,RWD,RWD,,,D2,4,11,9986,9986,7559,2500
R1,RWD,RWD,,,D2,4,12,10072,10072,7901,2500
R1,RWD,RWD,,,D2,4,13,10303,10303,8389,2500
R1,RWD,RWD,,,D2,4,14,10368,10368,8591,2500
R1,RWD,RWD,,,D2,4,15,10417,10417,8715,2500
R1,RWD,RWD,,,D2,4,16,10447,10447,8819,2500
R1,RWD,RWD,,,D2,4,17,10493,10493,8848,2500
R1,RWD,RWD,,,D2,4,18,10507,10507,8883,2499
R1,RWD,RWD,,,D2,4,19,10520,10520,8908,2499
R1,RWD,RWD,,,D2,4,20,10528,10528,9011,2499
R1,RWD,RWD,,,D2,4,21,10524,10524,9040,2499
R1,RWD,RWD,,,D2,4,22,10567,10567,9105,2499
R1,RWD,RWD,,,D2,4,23,10584,10584,9079,2500
R1,RWD,RWD,,,D2,4,24,10574,10574,9090,2500
R1,RWD,RWD,,,D2,4,25,10572,10572,9106,2500
R1,RWD,RWD,,,D2,4,26,10598,10598,9192,2500
R1,RWD,RWD,,,D2,4,27,10624,10624,9219,2500
R1,RWD,RWD,,,D2,4,28,10581,10581,9176,2500
R1,RWD,RWD,,,D2,4,29,10587,10587,9182,2500
R1,RWD,RWD,,,D2,4,30,10620,10620,9156,2500
R1,RWD,RWD,,,D2,5,0,0,0,0,0
R1,RWD,RWD,,,D2,5,1,7460,7460,427,2500
R1,RWD,RWD,,,D2,5,2,8340,8340,617,2500
R1,RWD,RWD,,,D2,5,3,8418,8418,879,2500
R1,RWD,RWD,,,D2,5,4,8507,8507,1386,2500
R1,RWD,RWD,,,D2,5,5,8644,8644,2123,2500
R1,RWD,RWD,,,D2,5,6,8990,8990,3186,2500
R1,RWD,RWD,,,D2,5,7,9150,9150,3886,2500
R1,RWD,RWD,,,D2,5,8,9428,9428,4675,2500
R1,RWD,RWD,,,D2,5,9,9705,9705,5517,2499
R1,RWD,RWD,,,D2,5,10,9979,9979,6422,2500
R1,RWD,RWD,,,D2,5,11,10233,10233,6847,2500
R1,RWD,RWD,,,D2,5,12,10356,10356,7102,2500
R1,RWD,RWD,,,D2,5,13,10376,10376,7228,2500
R1,RWD,RWD,,,D2,5,14,10390,10390,7370,2500
R1,RWD,RWD,,,D2,5,15,10415,10415,7439,2500
R1,RWD,RWD,,,D2,5,16,10437,10437,7477,2500
R1,RWD,RWD,,,D2,5,17,10454,10454,7394,2500
R1,RWD,RWD,,,D2,5,18,10564,10564,7573,2500
R1,RWD,RWD,,,D2,5,19,10574,10574,7585,2500
R1,RWD,RWD,,,D2,5,20,10562,10562,7585,2500
R1,RWD,RWD,,,D2,5,21,10563,10563,7584,2500
R1,RWD,RWD,,,D2,5,22,10581,10581,7609,2500
R1,RWD,RWD,,,D2,5,23,10591,10591,7612,2500
R1,RWD,RWD,,,D2,5,24,10569,10569,7601,2500
R1,RWD,RWD,,,D2,5,25,10614,10614,7625,2500
R1,RWD,RWD,,,D2,5,26,10593,10593,7610,2500
R1,RWD,RWD,,,D2,5,27,10598,10598,7618,2500
R1,RWD,RWD,,,D2,5,28,10617,10617,7621,2500
R1,RWD,RWD,,,D2,5,29,10588,10588,7600,2500
R1,RWD,RWD,,,D2,5,30,10586,10586,7603,2500
R1,RWD,RWD,,,D2,6,0,0,0,0,0
R1,RWD,RWD,,,D2,6,1,7502,7502,422,2500
R1,RWD,RWD,,,D2,6,2,8420,8420,662,2500
R1,RWD,RWD,,,D2,6,3,8455,8455,953,2499
R1,RWD,RWD,,,D2,6,4,8601,8601,1550,2500
R1,RWD,RWD,,,D2,6,5,8875,8875,2346,2500
R1,RWD,RWD,,,D2,6,6,9096,9096,3196,2500
R1,RWD,RWD,,,D2,6,7,9322,9322,4220,2500
R1,RWD,RWD,,,D2,6,8,9620,9620,5023,2500
R1,RWD,RWD,,,D2,6,9,9624,9624,5419,2499
R1,RWD,RWD,,,D2,6,10,9862,9862,5955,2499
R1,RWD,RWD,,,D2,6,11,9887,9887,6203,2499
R1,RWD,RWD,,,D2,6,12,9950,9950,6356,2500
R1,RWD,RWD,,,D2,6,13,9942,9942,6730,2500
R1,RWD,RWD,,,D2,6,14,10066,10066,7025,2500
R1,RWD,RWD,,,D2,6,15,10078,10078,7112,2500
R1,RWD,RWD,,,D2,6,16,10094,10094,7209,2500
R1,RWD,RWD,,,D2,6,17,10108,10108,7282,2500
R1,RWD,RWD,,,D2,6,18,10103,10103,7349,2500
R1,RWD,RWD,,,D2,6,19,10068,10068,7432,2500
R1,RWD,RWD,,,D2,6,20,10026,10026,7695,2500
R1,RWD,RWD,,,D2,6,21,10091,10091,8013,2500
R1,RWD,RWD,,,D2,6,22,10091,10091,8059,2500
R1,RWD,RWD,,,D2,6,23,10125,10125,8209,2500
R1,RWD,RWD,,,D2,6,24,10116,10116,8242,2500
R1,RWD,RWD,,,D2,6,25,10115,10115,8250,2500
R1,RWD,RWD,,,D2,6,26,10080,10080,8224,2500
R1,RWD,RWD,,,D2,6,27,10095,10095,8281,2500
R1,RWD,RWD,,,D2,6,28,10085,10085,8347,2500
R1,RWD,RWD,,,D2,6,29,10129,10129,8454,2500
R1,RWD,RWD,,,D2,6,30,10190,10190,8555,2500
R1,RWD,RWD,,,D2,7,0,0,0,0,0
R1,RWD,RWD,,,D2,7,1,7491,7491,439,2500
R1,RWD,RWD,,,D2,7,2,8400,8400,644,2500
R1,RWD,RWD,,,D2,7,3,8433,8433,970,2500
R1,RWD,RWD,,,D2,7,4,8506,8506,1654,2500
R1,RWD,RWD,,,D2,7,5,8755,8755,2556,2499
R1,RWD,RWD,,,D2,7,6,9035,9035,3629,2500
R1,RWD,RWD,,,D2,7,7,9377,9377,4571,2499
R1,RWD,RWD,,,D2,7,8,9661,9661,5506,2499
R1,RWD,RWD,,,D2,7,9,9915,9915,6223,2500
R1,RWD,RWD,,,D2,7,10,10039,10039,6739,2500
R1,RWD,RWD,,,D2,7,11,10119,10119,7070,2500
R1,RWD,RWD,,,D2,7,12,10261,10261,7549,2499
R1,RWD,RWD,,,D2,7,13,10291,10291,7906,2500
R1,RWD,RWD,,,D2,7,14,10334,10334,8129,2500
R1,RWD,RWD,,,D2,7,15,10353,10353,8394,2500
R1,RWD,RWD,,,D2,7,16,10430,10430,8798,2500
R1,RWD,RWD,,,D2,7,17,10698,10698,9310,2500
R1,RWD,RWD,,,D2,7,18,10701,10701,9280,2500
R1,RWD,RWD,,,D2,7,19,10710,10710,9298,2500
R1,RWD,RWD,,,D2,7,20,10703,10703,9290,2500
R1,RWD,RWD,,,D2,7,21,10688,10688,9302,2500
R1,RWD,RWD,,,D2,7,22,10708,10708,9285,2500
R1,RWD,RWD,,,D2,7,23,10658,10658,9243,2500
R1,RWD,RWD,,,D2,7,24,10654,10654,9261,2500
R1,RWD,RWD,,,D2,7,25,10616,10616,9206,2500
R1,RWD,RWD,,,D2,7,26,10624,10624,9222,2500
R1,RWD,RWD,,,D2,7,27,10657,10657,9271,2500
R1,RWD,RWD,,,D2,7,28,10676,10676,9258,2500
R1,RWD,RWD,,,D2,7,29,10619,10619,9206,2500
R1,RWD,RWD,,,D2,7,30,10614,10614,9210,2500
R1,RWD,RWD,,,D2,8,0,0,0,0,0
R1,RWD,RWD,,,D2,8,1,7498,7498,392,2500
R1,RWD,RWD,,,D2,8,2,8383,8383,615,2500
R1,RWD,RWD,,,D2,8,3,8393,8393,816,2500
R1,RWD,RWD,,,D2,8,4,8518,8518,1256,2499
R1,RWD,RWD,,,D2,8,5,8652,8652,1806,2500
R1,RWD,RWD,,,D2,8,6,8850,8850,2635,2500
R1,RWD,RWD,,,D2,8,7,9150,9150,3549,2499
R1,RWD,RWD,,,D2,8,8,9547,9547,4564,2499
R1,RWD,RWD,,,D2,8,9,9793,9793,5195,2498
R1,RWD,RWD,,,D2,8,10,10008,10008,5944,2498
R1,RWD,RWD,,,D2,8,11,10262,10262,6602,2499
R1,RWD,RWD,,,D2,8,12,10419,10419,7054,2499
R1,RWD,RWD,,,D2,8,13,10535,10535,7330,2500
R1,RWD,RWD,,,D2,8,14,10542,10542,7462,2500
R1,RWD,RWD,,,D2,8,15,10588,10588,7553,2500
R1,RWD,RWD,,,D2,8,16,10578,10578,7603,2500
R1,RWD,RWD,,,D2,8,17,10574,10574,7689,2500
R1,RWD,RWD,,,D2,8,18,10592,10592,7714,2500
R1,RWD,RWD,,,D2,8,19,10580,10580,7770,2500
R1,RWD,RWD,,,D2,8,20,10582,10582,7819,2500
R1,RWD,RWD,,,D2,8,21,10598,10598,7842,2500
R1,RWD,RWD,,,D2,8,22,10584,10584,7846,2500
R1,RWD,RWD,,,D2,8,23,10544,10544,7833,2500
R1,RWD,RWD,,,D2,8,24,10611,10611,7978,2500
R1,RWD,RWD,,,D2,8,25,10673,10673,8189,2500
R1,RWD,RWD,,,D2,8,26,10717,10717,8209,2500
R1,RWD,RWD,,,D2,8,27,10699,10699,8225,2500
R1,RWD,RWD,,,D2,8,28,10703,10703,8213,2500
R1,RWD,RWD,,,D2,8,29,10723,10723,8224,2500
R1,RWD,RWD,,,D2,8,30,10724,10724,8241,2500
R1,RWD,RWD,,,D2,10,0,0,0,0,0
R1,RWD,RWD,,,D2,10,1,7410,7410,461,2500
R1,RWD,RWD,,,D2,10,2,8274,8274,701,2499
R1,RWD,RWD,,,D2,10,3,8366,8366,1037,2499
R1,RWD,RWD,,,D2,10,4,8534,8534,1672,2500
R1,RWD,RWD,,,D2,10,5,8754,8754,2462,2499
R1,RWD,RWD,,,D2,10,6,9064,9064,3238,2498
R1,RWD,RWD,,,D2,10,7,9297,9297,3932,2498
R1,RWD,RWD,,,D2,10,8,9590,9590,4712,2498
R1,RWD,RWD,,,D2,10,9,9742,9742,5223,2499
R1,RWD,RWD,,,D2,10,10,9768,9768,5458,2499
R1,RWD,RWD,,,D2,10,11,9842,9842,5664,2500
R1,RWD,RWD,,,D2,10,12,9913,9913,5918,2500
R1,RWD,RWD,,,D2,10,13,9958,9958,6062,2500
R1,RWD,RWD,,,D2,10,14,9956,9956,6126,2500
R1,RWD,RWD,,,D2,10,15,10003,10003,6199,2500
R1,RWD,RWD,,,D2,10,16,9984,9984,6241,2500
R1,RWD,RWD,,,D2,10,17,10059,10059,6519,2500
R1,RWD,RWD,,,D2,10,18,10061,10061,6546,2500
R1,RWD,RWD,,,D2,10,19,10118,10118,6646,2500
R1,RWD,RWD,,,D2,10,20,10123,10123,6649,2500
R1,RWD,RWD,,,D2,10,21,10118,10118,6638,2500
R1,RWD,RWD,,,D2,10,22,10056,10056,6517,2500
R1,RWD,RWD,,,D2,10,23,10048,10048,6535,2500
R1,RWD,RWD,,,D2,10,24,10219,10219,6914,2500
R1,RWD,RWD,,,D2,10,25,10284,10284,7052,2499
R1,RWD,RWD,,,D2,10,26,10220,10220,7000,2500
R1,RWD,RWD,,,D2,10,27,10187,10187,7080,2499
R1,RWD,RWD,,,D2,10,28,10221,10221,7245,2500
R1,RWD,RWD,,,D2,10,29,10279,10279,7245,2500
R1,RWD,RWD,,,D2,10,30,10315,10315,7382,2500
R1,RWD,RWD,,,D2,9,0,0,0,0,0
R1,RWD,RWD,,,D2,9,1,7475,7475,459,2500
R1,RWD,RWD,,,D2,9,2,8270,8270,605,2500
R1,RWD,RWD,,,D2,9,3,8365,8365,974,2499
R1,RWD,RWD,,,D2,9,4,8430,8430,1513,2499
R1,RWD,RWD,,,D2,9,5,8663,8663,2244,2500
R1,RWD,RWD,,,D2,9,6,8999,8999,3247,2500
R1,RWD,RWD,,,D2,9,7,9274,9274,4213,2499
R1,RWD,RWD,,,D2,9,8,9546,9546,4900,2499
R1,RWD,RWD,,,D2,9,9,9818,9818,5442,2500
R1,RWD,RWD,,,D2,9,10,9920,9920,5738,2500
R1,RWD,RWD,,,D2,9,11,10002,10002,6004,2500
R1,RWD,RWD,,,D2,9,12,10077,10077,6260,2500
R1,RWD,RWD,,,D2,9,13,10209,10209,6631,2500
R1,RWD,RWD,,,D2,9,14,10320,10320,7081,2499
R1,RWD,RWD,,,D2,9,15,10394,10394,7186,2499
R1,RWD,RWD,,,D2,9,16,10410,10410,7206,2499
R1,RWD,RWD,,,D2,9,17,10423,10423,7280,2500
R1,RWD,RWD,,,D2,9,18,10505,10505,7483,2500
R1,RWD,RWD,,,D2,9,19,10484,10484,7479,2500
R1,RWD,RWD,,,D2,9,20,10536,10536,7524,2500
R1,RWD,RWD,,,D2,9,21,10661,10661,7765,2500
R1,RWD,RWD,,,D2,9,22,10679,10679,7830,2500
R1,RWD,RWD,,,D2,9,23,10710,10710,7870,2500
R1,RWD,RWD,,,D2,9,24,10678,10678,7833,2500
R1,RWD,RWD,,,D2,9,25,10678,10678,7856,2500
R1,RWD,RWD,,,D2,9,26,10688,10688,7835,2500
R1,RWD,RWD,,,D2,9,27,10707,10707,7851,2500
R1,RWD,RWD,,,D2,9,28,10699,10699,7848,2500
R1,RWD,RWD,,,D2,9,29,10720,10720,7870,2500
R1,RWD,RWD,,,D2,9,30,10700,10700,7835,2500
R1,RWI,RWI,,,D2,1,0,0,0,0,0
R1,RWI,RWI,,,D2,1,1,7515,7515,401,2500
R1,RWI,RWI,,,D2,1,2,8370,8370,466,2500
R1,RWI,RWI,,,D2,1,3,8372,8372,459,2500
R1,RWI,RWI,,,D2,1,4,8351,8351,483,2500
R1,RWI,RWI,,,D2,1,5,8349,8349,487,2500
R1,RWI,RWI,,,D2,1,6,8352,8352,471,2500
R1,RWI,RWI,,,D2,1,7,8356,8356,483,2500
R1,RWI,RWI,,,D2,1,8,8341,8341,442,2500
R1,RWI,RWI,,,D2,1,9,8332,8332,437,2500
R1,RWI,RWI,,,D2,1,10,8330,8330,440,2500
R1,RWI,RWI,,,D2,1,11,8347,8347,449,2500
R1,RWI,RWI,,,D2,1,12,8363,8363,451,2500
R1,RWI,RWI,,,D2,1,13,8315,8315,441,2500
R1,RWI,RWI,,,D2,1,14,8330,8330,454,2500
R1,RWI,RWI,,,D2,1,15,8333,8333,450,2500
R1,RWI,RWI,,,D2,1,16,8379,8379,477,2500
R1,RWI,RWI,,,D2,1,17,8402,8402,469,2500
R1,RWI,RWI,,,D2,1,18,8406,8406,466,2500
R1,RWI,RWI,,,D2,1,19,8360,8360,459,2500
R1,RWI,RWI,,,D2,1,20,8392,8392,468,2500
R1,RWI,RWI,,,D2,1,21,8377,8377,450,2500
R1,RWI,RWI,,,D2,1,22,8382,8382,426,2500
R1,RWI,RWI,,,D2,1,23,8362,8362,455,2500
R1,RWI,RWI,,,D2,1,24,8365,8365,448,2500
R1,RWI,RWI,,,D2,1,25,8372,8372,464,2500
R1,RWI,RWI,,,D2,1,26,8387,8387,484,2500
R1,RWI,RWI,,,D2,1,27,8366,8366,448,2499
R1,RWI,RWI,,,D2,1,28,8339,8339,474,2500
R1,RWI,RWI,,,D2,1,29,8337,8337,485,2500
R1,RWI,RWI,,,D2,1,30,8335,8335,465,2500
R1,RWI,RWI,,,D2,2,0,0,0,0,0
R1,RWI,RWI,,,D2,2,1,7441,7441,400,2500
R1,RWI,RWI,,,D2,2,2,8260,8260,465,2500
R1,RWI,RWI,,,D2,2,3,8265,8265,440,2500
R1,RWI,RWI,,,D2,2,4,8293,8293,469,2500
R1,RWI,RWI,,,D2,2,5,8285,8285,453,2500
R1,RWI,RWI,,,D2,2,6,8261,8261,464,2500
R1,RWI,RWI,,,D2,2,7,8240,8240,466,2500
R1,RWI,RWI,,,D2,2,8,8251,8251,469,2500
R1,RWI,RWI,,,D2,2,9,8288,8288,469,2500
R1,RWI,RWI,,,D2,2,10,8308,8308,433,2499
R1,RWI,RWI,,,D2,2,11,8292,8292,439,2500
R1,RWI,RWI,,,D2,2,12,8314,8314,428,2500
R1,RWI,RWI,,,D2,2,13,8333,8333,423,2500
R1,RWI,RWI,,,D2,2,14,8344,8344,429,2500
R1,RWI,RWI,,,D2,2,15,8341,8341,418,2500
R1,RWI,RWI,,,D2,2,16,8355,8355,419,2500
R1,RWI,RWI,,,D2,2,17,8359,8359,443,2500
R1,RWI,RWI,,,D2,2,18,8354,8354,432,2500
R1,RWI,RWI,,,D2,2,19,8338,8338,429,2499
R1,RWI,RWI,,,D2,2,20,8331,8331,460,2500
R1,RWI,RWI,,,D2,2,21,8328,8328,450,2500
R1,RWI,RWI,,,D2,2,22,8277,8277,443,2500
R1,RWI,RWI,,,D2,2,23,8283,8283,425,2500
R1,RWI,RWI,,,D2,2,24,8289,8289,441,2500
R1,RWI,RWI,,,D2,2,25,8302,8302,422,2500
R1,RWI,RWI,,,D2,2,26,8253,8253,422,2500
R1,RWI,RWI,,,D2,2,27,8290,8290,453,2500
R1,RWI,RWI,,,D2,2,28,8283,8283,476,2500
R1,RWI,RWI,,,D2,2,29,8317,8317,455,2500
R1,RWI,RWI,,,D2,2,30,8328,8328,470,2500
R1,RWI,RWI,,,D2,3,0,0,0,0,0
R1,RWI,RWI,,,D2,3,1,7412,7412,388,2499
R1,RWI,RWI,,,D2,3,2,8249,8249,448,2499
R1,RWI,RWI,,,D2,3,3,8252,8252,456,2499
R1,RWI,RWI,,,D2,3,4,8257,8257,451,2499
R1,RWI,RWI,,,D2,3,5,8307,8307,466,2499
R1,RWI,RWI,,,D2,3,6,8346,8346,479,2500
R1,RWI,RWI,,,D2,3,7,8349,8349,471,2500
R1,RWI,RWI,,,D2,3,8,8333,8333,469,2500
R1,RWI,RWI,,,D2,3,9,8314,8314,457,2500
R1,RWI,RWI,,,D2,3,10,8318,8318,446,2500
R1,RWI,RWI,,,D2,3,11,8280,8280,441,2500
R1,RWI,RWI,,,D2,3,12,8286,8286,453,2500
R1,RWI,RWI,,,D2,3,13,8260,8260,443,2500
R1,RWI,RWI,,,D2,3,14,8253,8253,442,2500
R1,RWI,RWI,,,D2,3,15,8236,8236,468,2500
R1,RWI,RWI,,,D2,3,16,8251,8251,455,2499
R1,RWI,RWI,,,D2,3,17,8304,8304,431,2500
R1,RWI,RWI,,,D2,3,18,8327,8327,443,2500
R1,RWI,RWI,,,D2,3,19,8340,8340,467,2500
R1,RWI,RWI,,,D2,3,20,8324,8324,480,2500
R1,RWI,RWI,,,D2,3,21,8327,8327,481,2500
R1,RWI,RWI,,,D2,3,22,8335,8335,454,2499
R1,RWI,RWI,,,D2,3,23,8369,8369,486,2500
R1,RWI,RWI,,,D2,3,24,8367,8367,484,2500
R1,RWI,RWI,,,D2,3,25,8352,8352,496,2500
R1,RWI,RWI,,,D2,3,26,8363,8363,489,2500
R1,RWI,RWI,,,D2,3,27,8378,8378,477,2500
R1,RWI,RWI,,,D2,3,28,8341,8341,497,2499
R1,RWI,RWI,,,D2,3,29,8337,8337,493,2500
R1,RWI,RWI,,,D2,3,30,8367,8367,492,2500
R1,RWI,RWI,,,D2,4,0,0,0,0,0
R1,RWI,RWI,,,D2,4,1,7574,7574,386,2500
R1,RWI,RWI,,,D2,4,2,8381,8381,441,2500
R1,RWI,RWI,,,D2,4,3,8389,8389,434,2500
R1,RWI,RWI,,,D2,4,4,8387,8387,456,2500
R1,RWI,RWI,,,D2,4,5,8388,8388,464,2500
R1,RWI,RWI,,,D2,4,6,8405,8405,472,2500
R1,RWI,RWI,,,D2,4,7,8473,8473,484,2500
R1,RWI,RWI,,,D2,4,8,8432,8432,467,2500
R1,RWI,RWI,,,D2,4,9,8462,8462,463,2500
R1,RWI,RWI,,,D2,4,10,8459,8459,479,2500
R1,RWI,RWI,,,D2,4,11,8455,8455,420,2500
R1,RWI,RWI,,,D2,4,12,8462,8462,427,2500
R1,RWI,RWI,,,D2,4,13,8473,8473,449,2500
R1,RWI,RWI,,,D2,4,14,8479,8479,448,2499
R1,RWI,RWI,,,D2,4,15,8475,8475,443,2500
R1,RWI,RWI,,,D2,4,16,8413,8413,456,2500
R1,RWI,RWI,,,D2,4,17,8449,8449,458,2500
R1,RWI,RWI,,,D2,4,18,8396,8396,458,2499
R1,RWI,RWI,,,D2,4,19,8401,8401,429,2500
R1,RWI,RWI,,,D2,4,20,8406,8406,446,2499
R1,RWI,RWI,,,D2,4,21,8362,8362,431,2499
R1,RWI,RWI,,,D2,4,22,8315,8315,432,2500
R1,RWI,RWI,,,D2,4,23,8297,8297,438,2500
R1,RWI,RWI,,,D2,4,24,8235,8235,429,2500
R1,RWI,RWI,,,D2,4,25,8273,8273,444,2500
R1,RWI,RWI,,,D2,4,26,8240,8240,406,2500
R1,RWI,RWI,,,D2,4,27,8268,8268,406,2499
R1,RWI,RWI,,,D2,4,28,8290,8290,430,2499
R1,RWI,RWI,,,D2,4,29,8284,8284,421,2500
R1,RWI,RWI,,,D2,4,30,8292,8292,426,2500
R1,RWI,RWI,,,D2,5,0,0,0,0,0
R1,RWI,RWI,,,D2,5,1,7560,7560,421,2500
R1,RWI,RWI,,,D2,5,2,8486,8486,439,2500
R1,RWI,RWI,,,D2,5,3,8465,8465,449,2500
R1,RWI,RWI,,,D2,5,4,8396,8396,445,2500
R1,RWI,RWI,,,D2,5,5,8394,8394,458,2499
R1,RWI,RWI,,,D2,5,6,8380,8380,457,2499
R1,RWI,RWI,,,D2,5,7,8417,8417,485,2499
R1,RWI,RWI,,,D2,5,8,8435,8435,471,2500
R1,RWI,RWI,,,D2,5,9,8484,8484,462,2500
R1,RWI,RWI,,,D2,5,10,8458,8458,457,2500
R1,RWI,RWI,,,D2,5,11,8401,8401,469,2500
R1,RWI,RWI,,,D2,5,12,8397,8397,468,2500
R1,RWI,RWI,,,D2,5,13,8364,8364,455,2500
R1,RWI,RWI,,,D2,5,14,8346,8346,448,2500
R1,RWI,RWI,,,D2,5,15,8368,8368,453,2500
R1,RWI,RWI,,,D2,5,16,8352,8352,465,2500
R1,RWI,RWI,,,D2,5,17,8362,8362,460,2500
R1,RWI,RWI,,,D2,5,18,8357,8357,496,2500
R1,RWI,RWI,,,D2,5,19,8342,8342,468,2499
R1,RWI,RWI,,,D2,5,20,8362,8362,476,2499
R1,RWI,RWI,,,D2,5,21,8341,8341,452,2500
R1,RWI,RWI,,,D2,5,22,8391,8391,448,2499
R1,RWI,RWI,,,D2,5,23,8416,8416,471,2500
R1,RWI,RWI,,,D2,5,24,8420,8420,479,2500
R1,RWI,RWI,,,D2,5,25,8436,8436,477,2500
R1,RWI,RWI,,,D2,5,26,8420,8420,498,2500
R1,RWI,RWI,,,D2,5,27,8458,8458,462,2499
R1,RWI,RWI,,,D2,5,28,8419,8419,469,2499
R1,RWI,RWI,,,D2,5,29,8425,8425,468,2500
R1,RWI,RWI,,,D2,5,30,8361,8361,428,2499
R1,RWI,RWI,,,D2,6,0,0,0,0,0
R1,RWI,RWI,,,D2,6,1,7463,7463,393,2500
R1,RWI,RWI,,,D2,6,2,8279,8279,441,2500
R1,RWI,RWI,,,D2,6,3,8276,8276,462,2500
R1,RWI,RWI,,,D2,6,4,8271,8271,460,2500
R1,RWI,RWI,,,D2,6,5,8257,8257,461,2500
R1,RWI,RWI,,,D2,6,6,8219,8219,476,2500
R1,RWI,RWI,,,D2,6,7,8202,8202,433,2500
R1,RWI,RWI,,,D2,6,8,8190,8190,442,2500
R1,RWI,RWI,,,D2,6,9,8205,8205,444,2500
R1,RWI,RWI,,,D2,6,10,8217,8217,434,2500
R1,RWI,RWI,,,D2,6,11,8197,8197,414,2500
R1,RWI,RWI,,,D2,6,12,8180,8180,444,2500
R1,RWI,RWI,,,D2,6,13,8199,8199,439,2500
R1,RWI,RWI,,,D2,6,14,8202,8202,429,2499
R1,RWI,RWI,,,D2,6,15,8168,8168,420,2500
R1,RWI,RWI,,,D2,6,16,8155,8155,434,2500
R1,RWI,RWI,,,D2,6,17,8119,8119,425,2499
R1,RWI,RWI,,,D2,6,18,8124,8124,432,2499
R1,RWI,RWI,,,D2,6,19,8157,8157,423,2500
R1,RWI,RWI,,,D2,6,20,8195,8195,432,2500
R1,RWI,RWI,,,D2,6,21,8171,8171,442,2500
R1,RWI,RWI,,,D2,6,22,8110,8110,422,2499
R1,RWI,RWI,,,D2,6,23,8099,8099,447,2500
R1,RWI,RWI,,,D2,6,24,8105,8105,464,2500
R1,RWI,RWI,,,D2,6,25,8078,8078,445,2499
R1,RWI,RWI,,,D2,6,26,8109,8109,472,2500
R1,RWI,RWI,,,D2,6,27,8121,8121,447,2500
R1,RWI,RWI,,,D2,6,28,8142,8142,447,2500
R1,RWI,RWI,,,D2,6,29,8141,8141,464,2500
R1,RWI,RWI,,,D2,6,30,8141,8141,440,2498
R1,RWI,RWI,,,D2,7,0,0,0,0,0
R1,RWI,RWI,,,D2,7,1,7373,7373,395,2500
R1,RWI,RWI,,,D2,7,2,8315,8315,479,2500
R1,RWI,RWI,,,D2,7,3,8255,8255,475,2500
R1,RWI,RWI,,,D2,7,4,8281,8281,474,2500
R1,RWI,RWI,,,D2,7,5,8306,8306,473,2500
R1,RWI,RWI,,,D2,7,6,8293,8293,474,2500
R1,RWI,RWI,,,D2,7,7,8293,8293,471,2500
R1,RWI,RWI,,,D2,7,8,8264,8264,471,2499
R1,RWI,RWI,,,D2,7,9,8255,8255,480,2500
R1,RWI,RWI,,,D2,7,10,8288,8288,466,2500
R1,RWI,RWI,,,D2,7,11,8290,8290,478,2500
R1,RWI,RWI,,,D2,7,12,8284,8284,474,2500
R1,RWI,RWI,,,D2,7,13,8308,8308,478,2500
R1,RWI,RWI,,,D2,7,14,8337,8337,483,2500
R1,RWI,RWI,,,D2,7,15,8311,8311,475,2500
R1,RWI,RWI,,,D2,7,16,8341,8341,474,2500
R1,RWI,RWI,,,D2,7,17,8296,8296,467,2500
R1,RWI,RWI,,,D2,7,18,8322,8322,455,2500
R1,RWI,RWI,,,D2,7,19,8300,8300,490,2500
R1,RWI,RWI,,,D2,7,20,8289,8289,467,2500
R1,RWI,RWI,,,D2,7,21,8292,8292,471,2500
R1,RWI,RWI,,,D2,7,22,8268,8268,466,2500
R1,RWI,RWI,,,D2,7,23,8263,8263,472,2500
R1,RWI,RWI,,,D2,7,24,8286,8286,476,2500
R1,RWI,RWI,,,D2,7,25,8302,8302,489,2500
R1,RWI,RWI,,,D2,7,26,8304,8304,458,2500
R1,RWI,RWI,,,D2,7,27,8315,8315,456,2500
R1,RWI,RWI,,,D2,7,28,8311,8311,462,2500
R1,RWI,RWI,,,D2,7,29,8321,8321,454,2500
R1,RWI,RWI,,,D2,7,30,8303,8303,462,2500
R1,RWI,RWI,,,D2,8,0,0,0,0,0
R1,RWI,RWI,,,D2,8,1,7439,7439,431,2500
R1,RWI,RWI,,,D2,8,2,8360,8360,475,2500
R1,RWI,RWI,,,D2,8,3,8346,8346,488,2500
R1,RWI,RWI,,,D2,8,4,8314,8314,461,2500
R1,RWI,RWI,,,D2,8,5,8304,8304,480,2500
R1,RWI,RWI,,,D2,8,6,8277,8277,496,2500
R1,RWI,RWI,,,D2,8,7,8303,8303,467,2499
R1,RWI,RWI,,,D2,8,8,8316,8316,481,2499
R1,RWI,RWI,,,D2,8,9,8305,8305,508,2499
R1,RWI,RWI,,,D2,8,10,8314,8314,506,2499
R1,RWI,RWI,,,D2,8,11,8339,8339,500,2499
R1,RWI,RWI,,,D2,8,12,8365,8365,499,2500
R1,RWI,RWI,,,D2,8,13,8349,8349,496,2500
R1,RWI,RWI,,,D2,8,14,8321,8321,489,2500
R1,RWI,RWI,,,D2,8,15,8337,8337,471,2500
R1,RWI,RWI,,,D2,8,16,8327,8327,458,2500
R1,RWI,RWI,,,D2,8,17,8301,8301,482,2500
R1,RWI,RWI,,,D2,8,18,8295,8295,479,2500
R1,RWI,RWI,,,D2,8,19,8306,8306,467,2499
R1,RWI,RWI,,,D2,8,20,8317,8317,476,2499
R1,RWI,RWI,,,D2,8,21,8319,8319,451,2500
R1,RWI,RWI,,,D2,8,22,8328,8328,457,2500
R1,RWI,RWI,,,D2,8,23,8304,8304,468,2499
R1,RWI,RWI,,,D2,8,24,8260,8260,491,2498
R1,RWI,RWI,,,D2,8,25,8295,8295,471,2499
R1,RWI,RWI,,,D2,8,26,8370,8370,482,2499
R1,RWI,RWI,,,D2,8,27,8357,8357,474,2499
R1,RWI,RWI,,,D2,8,28,8358,8358,479,2499
R1,RWI,RWI,,,D2,8,29,8355,8355,456,2500
R1,RWI,RWI,,,D2,8,30,8364,8364,468,2500
R1,RWI,RWI,,,D2,9,0,0,0,0,0
R1,RWI,RWI,,,D2,9,1,7405,7405,373,2500
R1,RWI,RWI,,,D2,9,2,8272,8272,477,2500
R1,RWI,RWI,,,D2,9,3,8331,8331,462,2500
R1,RWI,RWI,,,D2,9,4,8321,8321,471,2500
R1,RWI,RWI,,,D2,9,5,8273,8273,477,2500
R1,RWI,RWI,,,D2,9,6,8247,8247,449,2500
R1,RWI,RWI,,,D2,9,7,8267,8267,441,2500
R1,RWI,RWI,,,D2,9,8,8260,8260,429,2500
R1,RWI,RWI,,,D2,9,9,8235,8235,466,2500
R1,RWI,RWI,,,D2,9,10,8243,8243,483,2500
R1,RWI,RWI,,,D2,9,11,8231,8231,463,2499
R1,RWI,RWI,,,D2,9,12,8218,8218,468,2500
R1,RWI,RWI,,,D2,9,13,8260,8260,451,2500
R1,RWI,RWI,,,D2,9,14,8291,8291,461,2500
R1,RWI,RWI,,,D2,9,15,8300,8300,448,2500
R1,RWI,RWI,,,D2,9,16,8293,8293,460,2499
R1,RWI,RWI,,,D2,9,17,8247,8247,453,2500
R1,RWI,RWI,,,D2,9,18,8319,8319,477,2500
R1,RWI,RWI,,,D2,9,19,8306,8306,457,2500
R1,RWI,RWI,,,D2,9,20,8349,8349,448,2500
R1,RWI,RWI,,,D2,9,21,8350,8350,426,2500
R1,RWI,RWI,,,D2,9,22,8342,8342,456,2500
R1,RWI,RWI,,,D2,9,23,8313,8313,453,2500
R1,RWI,RWI,,,D2,9,24,8281,8281,467,2499
R1,RWI,RWI,,,D2,9,25,8280,8280,463,2498
R1,RWI,RWI,,,D2,9,26,8275,8275,464,2499
R1,RWI,RWI,,,D2,9,27,8311,8311,431,2499
R1,RWI,RWI,,,D2,9,28,8334,8334,428,2499
R1,RWI,RWI,,,D2,9,29,8283,8283,464,2499
R1,RWI,RWI,,,D2,9,30,8314,8314,464,2500
R1,RWI,RWI,,,D2,10,0,0,0,0,0
R1,RWI,RWI,,,D2,10,1,7411,7411,387,2500
R1,RWI,RWI,,,D2,10,2,8299,8299,432,2500
R1,RWI,RWI,,,D2,10,3,8315,8315,451,2500
R1,RWI,RWI,,,D2,10,4,8226,8226,450,2500
R1,RWI,RWI,,,D2,10,5,8224,8224,453,2500
R1,RWI,RWI,,,D2,10,6,8226,8226,442,2500
R1,RWI,RWI,,,D2,10,7,8228,8228,443,2500
R1,RWI,RWI,,,D2,10,8,8226,8226,430,2500
R1,RWI,RWI,,,D2,10,9,8201,8201,408,2500
R1,RWI,RWI,,,D2,10,10,8203,8203,434,2500
R1,RWI,RWI,,,D2,10,11,8210,8210,453,2500
R1,RWI,RWI,,,D2,10,12,8229,8229,467,2500
R1,RWI,RWI,,,D2,10,13,8183,8183,474,2500
R1,RWI,RWI,,,D2,10,14,8137,8137,425,2500
R1,RWI,RWI,,,D2,10,15,8139,8139,419,2500
R1,RWI,RWI,,,D2,10,16,8187,8187,425,2500
R1,RWI,RWI,,,D2,10,17,8201,8201,430,2500
R1,RWI,RWI,,,D2,10,18,8232,8232,453,2500
R1,RWI,RWI,,,D2,10,19,8261,8261,458,2500
R1,RWI,RWI,,,D2,10,20,8283,8283,469,2500
R1,RWI,RWI,,,D2,10,21,8311,8311,460,2500
R1,RWI,RWI,,,D2,10,22,8223,8223,447,2500
R1,RWI,RWI,,,D2,10,23,8232,8232,465,2500
R1,RWI,RWI,,,D2,10,24,8253,8253,451,2500
R1,RWI,RWI,,,D2,10,25,8264,8264,437,2500
R1,RWI,RWI,,,D2,10,26,8309,8309,431,2500
R1,RWI,RWI,,,D2,10,27,8306,8306,454,2499
R1,RWI,RWI,,,D2,10,28,8340,8340,459,2500
R1,RWI,RWI,,,D2,10,29,8320,8320,465,2499
R1,RWI,RWI,,,D2,10,30,8301,8301,461,2500
R2,N2Vp1q0_25,N2V,1.0,0.25,D2,1,0,0,0,0,0
R2,N2Vp1q0_25,N2V,1.0,0.25,D2,1,1,3868,3868,237,2500
R2,N2Vp1q0_25,N2V,1.0,0.25,D2,1,2,8442,8442,512,2500
R2,N2Vp1q0_25,N2V,1.0,0.25,D2,1,3,7053,7053,417,2500
R2,N2Vp1q0_25,N2V,1.0,0.25,D2,1,4,6299,6299,380,2500
R2,N2Vp1q0_25,N2V,1.0,0.25,D2,1,5,5929,5929,380,2497
R2,N2Vp1q0_25,N2V,1.0,0.25,D2,1,6,5556,5556,318,2492
R2,N2Vp1q0_25,N2V,1.0,0.25,D2,1,7,5368,5368,317,2486
R2,N2Vp1q0_25,N2V,1.0,0.25,D2,1,8,5202,5202,333,2489
R2,N2Vp1q0_25,N2V,1.0,0.25,D2,1,9,4964,4964,311,2480
R2,N2Vp1q0_25,N2V,1.0,0.25,D2,1,10,4943,4943,334,2481
R2,N2Vp1q0_25,N2V,1.0,0.25,D2,1,11,4769,4769,297,2482
R2,N2Vp1q0_25,N2V,1.0,0.25,D2,1,12,4751,4751,291,2481
R2,N2Vp1q0_25,N2V,1.0,0.25,D2,1,13,4723,4723,285,2480
R2,N2Vp1q0_25,N2V,1.0,0.25,D2,1,14,4680,4680,304,2490
R2,N2Vp1q0_25,N2V,1.0,0.25,D2,1,15,4557,4557,311,2475
R2,N2Vp1q0_25,N2V,1.0,0.25,D2,1,16,4461,4461,284,2466
R2,N2Vp1q0_25,N2V,1.0,0.25,D2,1,17,4462,4462,268,2475
R2,N2Vp1q0_25,N2V,1.0,0.25,D2,1,18,4422,4422,301,2483
R2,N2Vp1q0_25,N2V,1.0,0.25,D2,1,19,4326,4326,280,2479
R2,N2Vp1q0_25,N2V,1.0,0.25,D2,1,20,4253,4253,279,2482
R2,N2Vp1q0_25,N2V,1.0,0.25,D2,1,21,4226,4226,250,2478
R2,N2Vp1q0_25,N2V,1.0,0.25,D2,1,22,4404,4404,269,2471
R2,N2Vp1q0_25,N2V,1.0,0.25,D2,1,23,4307,4307,283,2478
R2,N2Vp1q0_25,N2V,1.0,0.25,D2,1,24,4308,4308,261,2471
R2,N2Vp1q0_25,N2V,1.0,0.25,D2,1,25,4302,4302,261,2473
R2,N2Vp1q0_25,N2V,1.0,0.25,D2,1,26,4317,4317,260,2469
R2,N2Vp1q0_25,N2V,1.0,0.25,D2,1,27,4285,4285,239,2468
R2,N2Vp1q0_25,N2V,1.0,0.25,D2,1,28,4320,4320,272,2479
R2,N2Vp1q0_25,N2V,1.0,0.25,D2,1,29,4249,4249,264,2472
R2,N2Vp1q0_25,N2V,1.0,0.25,D2,1,30,4190,4190,269,2463
R2,N2Vp1q0_25,N2V,1.0,0.25,D2,2,0,0,0,0,0
R2,N2Vp1q0_25,N2V,1.0,0.25,D2,2,1,3866,3866,229,2500
R2,N2Vp1q0_25,N2V,1.0,0.25,D2,2,2,8439,8439,491,2500
R2,N2Vp1q0_25,N2V,1.0,0.25,D2,2,3,7050,7050,478,2500
R2,N2Vp1q0_25,N2V,1.0,0.25,D2,2,4,6275,6275,401,2497
R2,N2Vp1q0_25,N2V,1.0,0.25,D2,2,5,5785,5785,333,2495
R2,N2Vp1q0_25,N2V,1.0,0.25,D2,2,6,5424,5424,330,2489
R2,N2Vp1q0_25,N2V,1.0,0.25,D2,2,7,5179,5179,324,2491
R2,N2Vp1q0_25,N2V,1.0,0.25,D2,2,8,5030,5030,317,2492
R2,N2Vp1q0_25,N2V,1.0,0.25,D2,2,9,4877,4877,299,2486
R2,N2Vp1q0_25,N2V,1.0,0.25,D2,2,10,4734,4734,298,2487
R2,N2Vp1q0_25,N2V,1.0,0.25,D2,2,11,4642,4642,284,2486
R2,N2Vp1q0_25,N2V,1.0,0.25,D2,2,12,4723,4723,294,2484
R2,N2Vp1q0_25,N2V,1.0,0.25,D2,2,13,4690,4690,271,2484
R2,N2Vp1q0_25,N2V,1.0,0.25,D2,2,14,4621,4621,292,2475
R2,N2Vp1q0_25,N2V,1.0,0.25,D2,2,15,4471,4471,295,2481
R2,N2Vp1q0_25,N2V,1.0,0.25,D2,2,16,4504,4504,267,2475
R2,N2Vp1q0_25,N2V,1.0,0.25,D2,2,17,4460,4460,289,2470
R2,N2Vp1q0_25,N2V,1.0,0.25,D2,2,18,4453,4453,296,2488
R2,N2Vp1q0_25,N2V,1.0,0.25,D2,2,19,4298,4298,289,2467
R2,N2Vp1q0_25,N2V,1.0,0.25,D2,2,20,4363,4363,264,2474
R2,N2Vp1q0_25,N2V,1.0,0.25,D2,2,21,4387,4387,304,2485
R2,N2Vp1q0_25,N2V,1.0,0.25,D2,2,22,4366,4366,238,2478
R2,N2Vp1q0_25,N2V,1.0,0.25,D2,2,23,4353,4353,290,2475
R2,N2Vp1q0_25,N2V,1.0,0.25,D2,2,24,4287,4287,276,2470
R2,N2Vp1q0_25,N2V,1.0,0.25,D2,2,25,4340,4340,277,2468
R2,N2Vp1q0_25,N2V,1.0,0.25,D2,2,26,4233,4233,292,2472
R2,N2Vp1q0_25,N2V,1.0,0.25,D2,2,27,4182,4182,249,2476
R2,N2Vp1q0_25,N2V,1.0,0.25,D2,2,28,4181,4181,221,2467
R2,N2Vp1q0_25,N2V,1.0,0.25,D2,2,29,4284,4284,263,2472
R2,N2Vp1q0_25,N2V,1.0,0.25,D2,2,30,4258,4258,244,2469
R2,N2Vp1q0_25,N2V,1.0,0.25,D2,3,0,0,0,0,0
R2,N2Vp1q0_25,N2V,1.0,0.25,D2,3,1,3891,3891,234,2500
R2,N2Vp1q0_25,N2V,1.0,0.25,D2,3,2,8465,8465,496,2500
R2,N2Vp1q0_25,N2V,1.0,0.25,D2,3,3,7095,7095,390,2500
R2,N2Vp1q0_25,N2V,1.0,0.25,D2,3,4,6226,6226,368,2495
R2,N2Vp1q0_25,N2V,1.0,0.25,D2,3,5,5761,5761,371,2495
R2,N2Vp1q0_25,N2V,1.0,0.25,D2,3,6,5395,5395,333,2484
R2,N2Vp1q0_25,N2V,1.0,0.25,D2,3,7,5146,5146,335,2487
R2,N2Vp1q0_25,N2V,1.0,0.25,D2,3,8,5067,5067,321,2488
R2,N2Vp1q0_25,N2V,1.0,0.25,D2,3,9,4904,4904,292,2486
R2,N2Vp1q0_25,N2V,1.0,0.25,D2,3,10,4788,4788,302,2486
R2,N2Vp1q0_25,N2V,1.0,0.25,D2,3,11,4733,4733,302,2483
R2,N2Vp1q0_25,N2V,1.0,0.25,D2,3,12,4602,4602,292,2476
R2,N2Vp1q0_25,N2V,1.0,0.25,D2,3,13,4614,4614,288,2477
R2,N2Vp1q0_25,N2V,1.0,0.25,D2,3,14,4609,4609,294,2478
R2,N2Vp1q0_25,N2V,1.0,0.25,D2,3,15,4560,4560,279,2485
R2,N2Vp1q0_25,N2V,1.0,0.25,D2,3,16,4666,4666,306,2474
R2,N2Vp1q0_25,N2V,1.0,0.25,D2,3,17,4601,4601,290,2480
R2,N2Vp1q0_25,N2V,1.0,0.25,D2,3,18,4544,4544,294,2479
R2,N2Vp1q0_25,N2V,1.0,0.25,D2,3,19,4435,4435,276,2480
R2,N2Vp1q0_25,N2V,1.0,0.25,D2,3,20,4491,4491,281,2487
R2,N2Vp1q0_25,N2V,1.0,0.25,D2,3,21,4427,4427,267,2462
R2,N2Vp1q0_25,N2V,1.0,0.25,D2,3,22,4373,4373,254,2475
R2,N2Vp1q0_25,N2V,1.0,0.25,D2,3,23,4446,4446,304,2476
R2,N2Vp1q0_25,N2V,1.0,0.25,D2,3,24,4350,4350,250,2471
R2,N2Vp1q0_25,N2V,1.0,0.25,D2,3,25,4413,4413,284,2475
R2,N2Vp1q0_25,N2V,1.0,0.25,D2,3,26,4353,4353,288,2465
R2,N2Vp1q0_25,N2V,1.0,0.25,D2,3,27,4425,4425,281,2477
R2,N2Vp1q0_25,N2V,1.0,0.25,D2,3,28,4413,4413,303,2476
R2,N2Vp1q0_25,N2V,1.0,0.25,D2,3,29,4427,4427,278,2473
R2,N2Vp1q0_25,N2V,1.0,0.25,D2,3,30,4334,4334,259,2478
R2,N2Vp1q0_25,N2V,1.0,0.25,D2,4,0,0,0,0,0
R2,N2Vp1q0_25,N2V,1.0,0.25,D2,4,1,3884,3884,204,2500
R2,N2Vp1q0_25,N2V,1.0,0.25,D2,4,2,8461,8461,491,2500
R2,N2Vp1q0_25,N2V,1.0,0.25,D2,4,3,7072,7072,439,2499
R2,N2Vp1q0_25,N2V,1.0,0.25,D2,4,4,6339,6339,370,2497
R2,N2Vp1q0_25,N2V,1.0,0.25,D2,4,5,5890,5890,358,2495
R2,N2Vp1q0_25,N2V,1.0,0.25,D2,4,6,5446,5446,338,2492
R2,N2Vp1q0_25,N2V,1.0,0.25,D2,4,7,5268,5268,350,2490
R2,N2Vp1q0_25,N2V,1.0,0.25,D2,4,8,5272,5272,326,2481
R2,N2Vp1q0_25,N2V,1.0,0.25,D2,4,9,5028,5028,293,2486
R2,N2Vp1q0_25,N2V,1.0,0.25,D2,4,10,4951,4951,333,2487
R2,N2Vp1q0_25,N2V,1.0,0.25,D2,4,11,4889,4889,298,2489
R2,N2Vp1q0_25,N2V,1.0,0.25,D2,4,12,4780,4780,284,2479
R2,N2Vp1q0_25,N2V,1.0,0.25,D2,4,13,4745,4745,317,2481
R2,N2Vp1q0_25,N2V,1.0,0.25,D2,4,14,4611,4611,301,2473
R2,N2Vp1q0_25,N2V,1.0,0.25,D2,4,15,4529,4529,299,2478
R2,N2Vp1q0_25,N2V,1.0,0.25,D2,4,16,4504,4504,259,2482
R2,N2Vp1q0_25,N2V,1.0,0.25,D2,4,17,4477,4477,268,2480
R2,N2Vp1q0_25,N2V,1.0,0.25,D2,4,18,4391,4391,294,2477
R2,N2Vp1q0_25,N2V,1.0,0.25,D2,4,19,4377,4377,294,2473
R2,N2Vp1q0_25,N2V,1.0,0.25,D2,4,20,4435,4435,257,2465
R2,N2Vp1q0_25,N2V,1.0,0.25,D2,4,21,4455,4455,276,2477
R2,N2Vp1q0_25,N2V,1.0,0.25,D2,4,22,4346,4346,271,2476
R2,N2Vp1q0_25,N2V,1.0,0.25,D2,4,23,4363,4363,273,2474
R2,N2Vp1q0_25,N2V,1.0,0.25,D2,4,24,4419,4419,291,2482
R2,N2Vp1q0_25,N2V,1.0,0.25,D2,4,25,4472,4472,274,2480
R2,N2Vp1q0_25,N2V,1.0,0.25,D2,4,26,4305,4305,281,2482
R2,N2Vp1q0_25,N2V,1.0,0.25,D2,4,27,4283,4283,278,2468
R2,N2Vp1q0_25,N2V,1.0,0.25,D2,4,28,4292,4292,259,2468
R2,N2Vp1q0_25,N2V,1.0,0.25,D2,4,29,4367,4367,266,2473
R2,N2Vp1q0_25,N2V,1.0,0.25,D2,4,30,4335,4335,269,2476
R2,N2Vp1q0_25,N2V,1.0,0.25,D2,5,0,0,0,0,0
R2,N2Vp1q0_25,N2V,1.0,0.25,D2,5,1,3832,3832,204,2500
R2,N2Vp1q0_25,N2V,1.0,0.25,D2,5,2,8353,8353,449,2500
R2,N2Vp1q0_25,N2V,1.0,0.25,D2,5,3,7032,7032,397,2500
R2,N2Vp1q0_25,N2V,1.0,0.25,D2,5,4,6294,6294,377,2497
R2,N2Vp1q0_25,N2V,1.0,0.25,D2,5,5,5709,5709,370,2493
R2,N2Vp1q0_25,N2V,1.0,0.25,D2,5,6,5549,5549,366,2490
R2,N2Vp1q0_25,N2V,1.0,0.25,D2,5,7,5346,5346,348,2486
R2,N2Vp1q0_25,N2V,1.0,0.25,D2,5,8,5123,5123,335,2489
R2,N2Vp1q0_25,N2V,1.0,0.25,D2,5,9,4980,4980,323,2485
R2,N2Vp1q0_25,N2V,1.0,0.25,D2,5,10,4883,4883,303,2479
R2,N2Vp1q0_25,N2V,1.0,0.25,D2,5,11,4763,4763,300,2483
R2,N2Vp1q0_25,N2V,1.0,0.25,D2,5,12,4660,4660,245,2482
R2,N2Vp1q0_25,N2V,1.0,0.25,D2,5,13,4665,4665,282,2488
R2,N2Vp1q0_25,N2V,1.0,0.25,D2,5,14,4583,4583,315,2475
R2,N2Vp1q0_25,N2V,1.0,0.25,D2,5,15,4554,4554,272,2479
R2,N2Vp1q0_25,N2V,1.0,0.25,D2,5,16,4487,4487,290,2479
R2,N2Vp1q0_25,N2V,1.0,0.25,D2,5,17,4528,4528,339,2480
R2,N2Vp1q0_25,N2V,1.0,0.25,D2,5,18,4357,4357,296,2478
R2,N2Vp1q0_25,N2V,1.0,0.25,D2,5,19,4395,4395,288,2482
R2,N2Vp1q0_25,N2V,1.0,0.25,D2,5,20,4393,4393,248,2476
R2,N2Vp1q0_25,N2V,1.0,0.25,D2,5,21,4270,4270,289,2471
R2,N2Vp1q0_25,N2V,1.0,0.25,D2,5,22,4330,4330,260,2474
R2,N2Vp1q0_25,N2V,1.0,0.25,D2,5,23,4278,4278,256,2461
R2,N2Vp1q0_25,N2V,1.0,0.25,D2,5,24,4322,4322,251,2475
R2,N2Vp1q0_25,N2V,1.0,0.25,D2,5,25,4431,4431,303,2474
R2,N2Vp1q0_25,N2V,1.0,0.25,D2,5,26,4398,4398,253,2483
R2,N2Vp1q0_25,N2V,1.0,0.25,D2,5,27,4379,4379,300,2479
R2,N2Vp1q0_25,N2V,1.0,0.25,D2,5,28,4379,4379,273,2473
R2,N2Vp1q0_25,N2V,1.0,0.25,D2,5,29,4282,4282,273,2468
R2,N2Vp1q0_25,N2V,1.0,0.25,D2,5,30,4313,4313,255,2478
R2,N2Vp1q0_25,N2V,1.0,0.25,D2,6,0,0,0,0,0
R2,N2Vp1q0_25,N2V,1.0,0.25,D2,6,1,3917,3917,227,2500
R2,N2Vp1q0_25,N2V,1.0,0.25,D2,6,2,8432,8432,500,2500
R2,N2Vp1q0_25,N2V,1.0,0.25,D2,6,3,7012,7012,452,2500
R2,N2Vp1q0_25,N2V,1.0,0.25,D2,6,4,6375,6375,411,2499
R2,N2Vp1q0_25,N2V,1.0,0.25,D2,6,5,5912,5912,371,2496
R2,N2Vp1q0_25,N2V,1.0,0.25,D2,6,6,5403,5403,316,2480
R2,N2Vp1q0_25,N2V,1.0,0.25,D2,6,7,5208,5208,325,2483
R2,N2Vp1q0_25,N2V,1.0,0.25,D2,6,8,4982,4982,333,2486
R2,N2Vp1q0_25,N2V,1.0,0.25,D2,6,9,4839,4839,307,2478
R2,N2Vp1q0_25,N2V,1.0,0.25,D2,6,10,4876,4876,325,2485
R2,N2Vp1q0_25,N2V,1.0,0.25,D2,6,11,4714,4714,272,2484
R2,N2Vp1q0_25,N2V,1.0,0.25,D2,6,12,4703,4703,260,2482
R2,N2Vp1q0_25,N2V,1.0,0.25,D2,6,13,4716,4716,289,2483
R2,N2Vp1q0_25,N2V,1.0,0.25,D2,6,14,4665,4665,302,2485
R2,N2Vp1q0_25,N2V,1.0,0.25,D2,6,15,4618,4618,287,2476
R2,N2Vp1q0_25,N2V,1.0,0.25,D2,6,16,4499,4499,302,2477
R2,N2Vp1q0_25,N2V,1.0,0.25,D2,6,17,4466,4466,293,2475
R2,N2Vp1q0_25,N2V,1.0,0.25,D2,6,18,4512,4512,288,2486
R2,N2Vp1q0_25,N2V,1.0,0.25,D2,6,19,4415,4415,259,2477
R2,N2Vp1q0_25,N2V,1.0,0.25,D2,6,20,4297,4297,258,2474
R2,N2Vp1q0_25,N2V,1.0,0.25,D2,6,21,4304,4304,268,2474
R2,N2Vp1q0_25,N2V,1.0,0.25,D2,6,22,4330,4330,266,2471
R2,N2Vp1q0_25,N2V,1.0,0.25,D2,6,23,4240,4240,258,2479
R2,N2Vp1q0_25,N2V,1.0,0.25,D2,6,24,4261,4261,266,2465
R2,N2Vp1q0_25,N2V,1.0,0.25,D2,6,25,4395,4395,274,2474
R2,N2Vp1q0_25,N2V,1.0,0.25,D2,6,26,4367,4367,312,2483
R2,N2Vp1q0_25,N2V,1.0,0.25,D2,6,27,4444,4444,299,2471
R2,N2Vp1q0_25,N2V,1.0,0.25,D2,6,28,4273,4273,280,2471
R2,N2Vp1q0_25,N2V,1.0,0.25,D2,6,29,4379,4379,261,2467
R2,N2Vp1q0_25,N2V,1.0,0.25,D2,6,30,4313,4313,272,2469
R2,N2Vp1q0_25,N2V,1.0,0.25,D2,7,0,0,0,0,0
R2,N2Vp1q0_25,N2V,1.0,0.25,D2,7,1,3891,3891,221,2500
R2,N2Vp1q0_25,N2V,1.0,0.25,D2,7,2,8394,8394,463,2500
R2,N2Vp1q0_25,N2V,1.0,0.25,D2,7,3,7195,7195,408,2499
R2,N2Vp1q0_25,N2V,1.0,0.25,D2,7,4,6429,6429,379,2496
R2,N2Vp1q0_25,N2V,1.0,0.25,D2,7,5,5946,5946,355,2498
R2,N2Vp1q0_25,N2V,1.0,0.25,D2,7,6,5479,5479,338,2489
R2,N2Vp1q0_25,N2V,1.0,0.25,D2,7,7,5233,5233,304,2485
R2,N2Vp1q0_25,N2V,1.0,0.25,D2,7,8,5153,5153,310,2487
R2,N2Vp1q0_25,N2V,1.0,0.25,D2,7,9,4985,4985,294,2481
R2,N2Vp1q0_25,N2V,1.0,0.25,D2,7,10,4796,4796,277,2485
R2,N2Vp1q0_25,N2V,1.0,0.25,D2,7,11,4770,4770,317,2481
R2,N2Vp1q0_25,N2V,1.0,0.25,D2,7,12,4551,4551,276,2474
R2,N2Vp1q0_25,N2V,1.0,0.25,D2,7,13,4566,4566,308,2472
R2,N2Vp1q0_25,N2V,1.0,0.25,D2,7,14,4597,4597,292,2482
R2,N2Vp1q0_25,N2V,1.0,0.25,D2,7,15,4484,4484,299,2477
R2,N2Vp1q0_25,N2V,1.0,0.25,D2,7,16,4425,4425,292,2482
R2,N2Vp1q0_25,N2V,1.0,0.25,D2,7,17,4444,4444,267,2478
R2,N2Vp1q0_25,N2V,1.0,0.25,D2,7,18,4433,4433,308,2475
R2,N2Vp1q0_25,N2V,1.0,0.25,D2,7,19,4396,4396,285,2479
R2,N2Vp1q0_25,N2V,1.0,0.25,D2,7,20,4341,4341,272,2478
R2,N2Vp1q0_25,N2V,1.0,0.25,D2,7,21,4353,4353,264,2468
R2,N2Vp1q0_25,N2V,1.0,0.25,D2,7,22,4291,4291,285,2469
R2,N2Vp1q0_25,N2V,1.0,0.25,D2,7,23,4244,4244,245,2469
R2,N2Vp1q0_25,N2V,1.0,0.25,D2,7,24,4300,4300,228,2473
R2,N2Vp1q0_25,N2V,1.0,0.25,D2,7,25,4274,4274,277,2468
R2,N2Vp1q0_25,N2V,1.0,0.25,D2,7,26,4263,4263,260,2475
R2,N2Vp1q0_25,N2V,1.0,0.25,D2,7,27,4351,4351,285,2478
R2,N2Vp1q0_25,N2V,1.0,0.25,D2,7,28,4294,4294,245,2468
R2,N2Vp1q0_25,N2V,1.0,0.25,D2,7,29,4344,4344,281,2468
R2,N2Vp1q0_25,N2V,1.0,0.25,D2,7,30,4203,4203,299,2467
R2,N2Vp1q0_25,N2V,1.0,0.25,D2,8,0,0,0,0,0
R2,N2Vp1q0_25,N2V,1.0,0.25,D2,8,1,3846,3846,229,2500
R2,N2Vp1q0_25,N2V,1.0,0.25,D2,8,2,8373,8373,480,2500
R2,N2Vp1q0_25,N2V,1.0,0.25,D2,8,3,7017,7017,411,2499
R2,N2Vp1q0_25,N2V,1.0,0.25,D2,8,4,6221,6221,375,2497
R2,N2Vp1q0_25,N2V,1.0,0.25,D2,8,5,5951,5951,382,2494
R2,N2Vp1q0_25,N2V,1.0,0.25,D2,8,6,5609,5609,364,2496
R2,N2Vp1q0_25,N2V,1.0,0.25,D2,8,7,5305,5305,298,2489
R2,N2Vp1q0_25,N2V,1.0,0.25,D2,8,8,5179,5179,351,2481
R2,N2Vp1q0_25,N2V,1.0,0.25,D2,8,9,4950,4950,352,2484
R2,N2Vp1q0_25,N2V,1.0,0.25,D2,8,10,4894,4894,297,2485
R2,N2Vp1q0_25,N2V,1.0,0.25,D2,8,11,4827,4827,283,2477
R2,N2Vp1q0_25,N2V,1.0,0.25,D2,8,12,4814,4814,309,2482
R2,N2Vp1q0_25,N2V,1.0,0.25,D2,8,13,4707,4707,291,2482
R2,N2Vp1q0_25,N2V,1.0,0.25,D2,8,14,4651,4651,326,2483
R2,N2Vp1q0_25,N2V,1.0,0.25,D2,8,15,4639,4639,283,2485
R2,N2Vp1q0_25,N2V,1.0,0.25,D2,8,16,4620,4620,283,2481
R2,N2Vp1q0_25,N2V,1.0,0.25,D2,8,17,4584,4584,280,2489
R2,N2Vp1q0_25,N2V,1.0,0.25,D2,8,18,4529,4529,278,2483
R2,N2Vp1q0_25,N2V,1.0,0.25,D2,8,19,4565,4565,294,2487
R2,N2Vp1q0_25,N2V,1.0,0.25,D2,8,20,4432,4432,269,2473
R2,N2Vp1q0_25,N2V,1.0,0.25,D2,8,21,4376,4376,269,2477
R2,N2Vp1q0_25,N2V,1.0,0.25,D2,8,22,4453,4453,318,2483
R2,N2Vp1q0_25,N2V,1.0,0.25,D2,8,23,4347,4347,232,2473
R2,N2Vp1q0_25,N2V,1.0,0.25,D2,8,24,4440,4440,262,2473
R2,N2Vp1q0_25,N2V,1.0,0.25,D2,8,25,4327,4327,270,2473
R2,N2Vp1q0_25,N2V,1.0,0.25,D2,8,26,4376,4376,287,2477
R2,N2Vp1q0_25,N2V,1.0,0.25,D2,8,27,4396,4396,294,2478
R2,N2Vp1q0_25,N2V,1.0,0.25,D2,8,28,4354,4354,258,2474
R2,N2Vp1q0_25,N2V,1.0,0.25,D2,8,29,4357,4357,248,2471
R2,N2Vp1q0_25,N2V,1.0,0.25,D2,8,30,4379,4379,280,2478
R2,N2Vp1q0_25,N2V,1.0,0.25,D2,9,0,0,0,0,0
R2,N2Vp1q0_25,N2V,1.0,0.25,D2,9,1,3894,3894,230,2500
R2,N2Vp1q0_25,N2V,1.0,0.25,D2,9,2,8370,8370,476,2500
R2,N2Vp1q0_25,N2V,1.0,0.25,D2,9,3,7112,7112,445,2499
R2,N2Vp1q0_25,N2V,1.0,0.25,D2,9,4,6224,6224,386,2496
R2,N2Vp1q0_25,N2V,1.0,0.25,D2,9,5,5794,5794,372,2491
R2,N2Vp1q0_25,N2V,1.0,0.25,D2,9,6,5495,5495,355,2487
R2,N2Vp1q0_25,N2V,1.0,0.25,D2,9,7,5299,5299,355,2489
R2,N2Vp1q0_25,N2V,1.0,0.25,D2,9,8,5043,5043,323,2491
R2,N2Vp1q0_25,N2V,1.0,0.25,D2,9,9,5027,5027,317,2488
R2,N2Vp1q0_25,N2V,1.0,0.25,D2,9,10,4871,4871,289,2481
R2,N2Vp1q0_25,N2V,1.0,0.25,D2,9,11,4831,4831,290,2482
R2,N2Vp1q0_25,N2V,1.0,0.25,D2,9,12,4778,4778,281,2484
R2,N2Vp1q0_25,N2V,1.0,0.25,D2,9,13,4709,4709,294,2486
R2,N2Vp1q0_25,N2V,1.0,0.25,D2,9,14,4646,4646,279,2481
R2,N2Vp1q0_25,N2V,1.0,0.25,D2,9,15,4531,4531,288,2467
R2,N2Vp1q0_25,N2V,1.0,0.25,D2,9,16,4587,4587,278,2479
R2,N2Vp1q0_25,N2V,1.0,0.25,D2,9,17,4553,4553,263,2470
R2,N2Vp1q0_25,N2V,1.0,0.25,D2,9,18,4539,4539,282,2475
R2,N2Vp1q0_25,N2V,1.0,0.25,D2,9,19,4408,4408,253,2480
R2,N2Vp1q0_25,N2V,1.0,0.25,D2,9,20,4312,4312,283,2468
R2,N2Vp1q0_25,N2V,1.0,0.25,D2,9,21,4405,4405,293,2471
R2,N2Vp1q0_25,N2V,1.0,0.25,D2,9,22,4272,4272,280,2468
R2,N2Vp1q0_25,N2V,1.0,0.25,D2,9,23,4283,4283,271,2473
R2,N2Vp1q0_25,N2V,1.0,0.25,D2,9,24,4302,4302,266,2475
R2,N2Vp1q0_25,N2V,1.0,0.25,D2,9,25,4342,4342,258,2477
R2,N2Vp1q0_25,N2V,1.0,0.25,D2,9,26,4353,4353,281,2471
R2,N2Vp1q0_25,N2V,1.0,0.25,D2,9,27,4354,4354,260,2476
R2,N2Vp1q0_25,N2V,1.0,0.25,D2,9,28,4395,4395,294,2469
R2,N2Vp1q0_25,N2V,1.0,0.25,D2,9,29,4298,4298,244,2468
R2,N2Vp1q0_25,N2V,1.0,0.25,D2,9,30,4271,4271,248,2474
R2,N2Vp1q0_25,N2V,1.0,0.25,D2,10,0,0,0,0,0
R2,N2Vp1q0_25,N2V,1.0,0.25,D2,10,1,3917,3917,226,2500
R2,N2Vp1q0_25,N2V,1.0,0.25,D2,10,2,8438,8438,447,2500
R2,N2Vp1q0_25,N2V,1.0,0.25,D2,10,3,7088,7088,417,2500
R2,N2Vp1q0_25,N2V,1.0,0.25,D2,10,4,6384,6384,390,2498
R2,N2Vp1q0_25,N2V,1.0,0.25,D2,10,5,5914,5914,345,2495
R2,N2Vp1q0_25,N2V,1.0,0.25,D2,10,6,5635,5635,372,2493
R2,N2Vp1q0_25,N2V,1.0,0.25,D2,10,7,5350,5350,338,2491
R2,N2Vp1q0_25,N2V,1.0,0.25,D2,10,8,5108,5108,298,2495
R2,N2Vp1q0_25,N2V,1.0,0.25,D2,10,9,4932,4932,352,2482
R2,N2Vp1q0_25,N2V,1.0,0.25,D2,10,10,4806,4806,329,2493
R2,N2Vp1q0_25,N2V,1.0,0.25,D2,10,11,4756,4756,321,2483
R2,N2Vp1q0_25,N2V,1.0,0.25,D2,10,12,4625,4625,264,2475
R2,N2Vp1q0_25,N2V,1.0,0.25,D2,10,13,4498,4498,278,2474
R2,N2Vp1q0_25,N2V,1.0,0.25,D2,10,14,4470,4470,276,2474
R2,N2Vp1q0_25,N2V,1.0,0.25,D2,10,15,4464,4464,339,2477
R2,N2Vp1q0_25,N2V,1.0,0.25,D2,10,16,4483,4483,276,2483
R2,N2Vp1q0_25,N2V,1.0,0.25,D2,10,17,4367,4367,280,2479
R2,N2Vp1q0_25,N2V,1.0,0.25,D2,10,18,4371,4371,299,2478
R2,N2Vp1q0_25,N2V,1.0,0.25,D2,10,19,4432,4432,297,2476
R2,N2Vp1q0_25,N2V,1.0,0.25,D2,10,20,4398,4398,265,2474
R2,N2Vp1q0_25,N2V,1.0,0.25,D2,10,21,4371,4371,283,2469
R2,N2Vp1q0_25,N2V,1.0,0.25,D2,10,22,4417,4417,261,2469
R2,N2Vp1q0_25,N2V,1.0,0.25,D2,10,23,4340,4340,271,2482
R2,N2Vp1q0_25,N2V,1.0,0.25,D2,10,24,4351,4351,273,2470
R2,N2Vp1q0_25,N2V,1.0,0.25,D2,10,25,4369,4369,276,2470
R2,N2Vp1q0_25,N2V,1.0,0.25,D2,10,26,4398,4398,271,2476
R2,N2Vp1q0_25,N2V,1.0,0.25,D2,10,27,4387,4387,262,2481
R2,N2Vp1q0_25,N2V,1.0,0.25,D2,10,28,4313,4313,271,2473
R2,N2Vp1q0_25,N2V,1.0,0.25,D2,10,29,4316,4316,267,2478
R2,N2Vp1q0_25,N2V,1.0,0.25,D2,10,30,4354,4354,257,2472
R2,N2Vp1q0_5,N2V,1.0,0.5,D2,1,0,0,0,0,0
R2,N2Vp1q0_5,N2V,1.0,0.5,D2,1,1,3871,3871,212,2500
R2,N2Vp1q0_5,N2V,1.0,0.5,D2,1,2,8380,8380,429,2500
R2,N2Vp1q0_5,N2V,1.0,0.5,D2,1,3,7092,7092,421,2500
R2,N2Vp1q0_5,N2V,1.0,0.5,D2,1,4,6324,6324,384,2499
R2,N2Vp1q0_5,N2V,1.0,0.5,D2,1,5,5866,5866,351,2495
R2,N2Vp1q0_5,N2V,1.0,0.5,D2,1,6,5403,5403,322,2493
R2,N2Vp1q0_5,N2V,1.0,0.5,D2,1,7,5277,5277,318,2492
R2,N2Vp1q0_5,N2V,1.0,0.5,D2,1,8,4958,4958,309,2494
R2,N2Vp1q0_5,N2V,1.0,0.5,D2,1,9,4850,4850,314,2487
R2,N2Vp1q0_5,N2V,1.0,0.5,D2,1,10,4714,4714,294,2486
R2,N2Vp1q0_5,N2V,1.0,0.5,D2,1,11,4639,4639,343,2480
R2,N2Vp1q0_5,N2V,1.0,0.5,D2,1,12,4686,4686,295,2480
R2,N2Vp1q0_5,N2V,1.0,0.5,D2,1,13,4645,4645,303,2482
R2,N2Vp1q0_5,N2V,1.0,0.5,D2,1,14,4643,4643,307,2477
R2,N2Vp1q0_5,N2V,1.0,0.5,D2,1,15,4450,4450,294,2475
R2,N2Vp1q0_5,N2V,1.0,0.5,D2,1,16,4501,4501,290,2481
R2,N2Vp1q0_5,N2V,1.0,0.5,D2,1,17,4536,4536,281,2481
R2,N2Vp1q0_5,N2V,1.0,0.5,D2,1,18,4526,4526,284,2485
R2,N2Vp1q0_5,N2V,1.0,0.5,D2,1,19,4487,4487,309,2477
R2,N2Vp1q0_5,N2V,1.0,0.5,D2,1,20,4432,4432,284,2475
R2,N2Vp1q0_5,N2V,1.0,0.5,D2,1,21,4314,4314,264,2474
R2,N2Vp1q0_5,N2V,1.0,0.5,D2,1,22,4332,4332,273,2475
R2,N2Vp1q0_5,N2V,1.0,0.5,D2,1,23,4294,4294,227,2471
R2,N2Vp1q0_5,N2V,1.0,0.5,D2,1,24,4372,4372,272,2459
R2,N2Vp1q0_5,N2V,1.0,0.5,D2,1,25,4386,4386,263,2481
R2,N2Vp1q0_5,N2V,1.0,0.5,D2,1,26,4265,4265,233,2471
R2,N2Vp1q0_5,N2V,1.0,0.5,D2,1,27,4356,4356,297,2474
R2,N2Vp1q0_5,N2V,1.0,0.5,D2,1,28,4311,4311,264,2478
R2,N2Vp1q0_5,N2V,1.0,0.5,D2,1,29,4351,4351,256,2474
R2,N2Vp1q0_5,N2V,1.0,0.5,D2,1,30,4394,4394,259,2471
R2,N2Vp1q0_5,N2V,1.0,0.5,D2,2,0,0,0,0,0
R2,N2Vp1q0_5,N2V,1.0,0.5,D2,2,1,3852,3852,248,2500
R2,N2Vp1q0_5,N2V,1.0,0.5,D2,2,2,8296,8296,492,2500
R2,N2Vp1q0_5,N2V,1.0,0.5,D2,2,3,7000,7000,427,2499
R2,N2Vp1q0_5,N2V,1.0,0.5,D2,2,4,6224,6224,381,2498
R2,N2Vp1q0_5,N2V,1.0,0.5,D2,2,5,5867,5867,379,2495
R2,N2Vp1q0_5,N2V,1.0,0.5,D2,2,6,5424,5424,388,2486
R2,N2Vp1q0_5,N2V,1.0,0.5,D2,2,7,5236,5236,344,2493
R2,N2Vp1q0_5,N2V,1.0,0.5,D2,2,8,5012,5012,307,2490
R2,N2Vp1q0_5,N2V,1.0,0.5,D2,2,9,4961,4961,288,2494
R2,N2Vp1q0_5,N2V,1.0,0.5,D2,2,10,4795,4795,275,2478
R2,N2Vp1q0_5,N2V,1.0,0.5,D2,2,11,4707,4707,317,2482
R2,N2Vp1q0_5,N2V,1.0,0.5,D2,2,12,4638,4638,293,2484
R2,N2Vp1q0_5,N2V,1.0,0.5,D2,2,13,4523,4523,310,2486
R2,N2Vp1q0_5,N2V,1.0,0.5,D2,2,14,4585,4585,276,2482
R2,N2Vp1q0_5,N2V,1.0,0.5,D2,2,15,4434,4434,261,2470
R2,N2Vp1q0_5,N2V,1.0,0.5,D2,2,16,4354,4354,299,2481
R2,N2Vp1q0_5,N2V,1.0,0.5,D2,2,17,4330,4330,288,2469
R2,N2Vp1q0_5,N2V,1.0,0.5,D2,2,18,4305,4305,294,2465
R2,N2Vp1q0_5,N2V,1.0,0.5,D2,2,19,4462,4462,236,2476
R2,N2Vp1q0_5,N2V,1.0,0.5,D2,2,20,4487,4487,264,2483
R2,N2Vp1q0_5,N2V,1.0,0.5,D2,2,21,4362,4362,292,2469
R2,N2Vp1q0_5,N2V,1.0,0.5,D2,2,22,4316,4316,290,2475
R2,N2Vp1q0_5,N2V,1.0,0.5,D2,2,23,4412,4412,298,2467
R2,N2Vp1q0_5,N2V,1.0,0.5,D2,2,24,4307,4307,260,2471
R2,N2Vp1q0_5,N2V,1.0,0.5,D2,2,25,4185,4185,276,2460
R2,N2Vp1q0_5,N2V,1.0,0.5,D2,2,26,4248,4248,275,2469
R2,N2Vp1q0_5,N2V,1.0,0.5,D2,2,27,4280,4280,261,2471
R2,N2Vp1q0_5,N2V,1.0,0.5,D2,2,28,4316,4316,278,2481
R2,N2Vp1q0_5,N2V,1.0,0.5,D2,2,29,4342,4342,288,2484
R2,N2Vp1q0_5,N2V,1.0,0.5,D2,2,30,4193,4193,288,2468
R2,N2Vp1q0_5,N2V,1.0,0.5,D2,3,0,0,0,0,0
R2,N2Vp1q0_5,N2V,1.0,0.5,D2,3,1,3847,3847,207,2500
R2,N2Vp1q0_5,N2V,1.0,0.5,D2,3,2,8359,8359,433,2500
R2,N2Vp1q0_5,N2V,1.0,0.5,D2,3,3,7045,7045,420,2500
R2,N2Vp1q0_5,N2V,1.0,0.5,D2,3,4,6298,6298,399,2498
R2,N2Vp1q0_5,N2V,1.0,0.5,D2,3,5,5827,5827,387,2495
R2,N2Vp1q0_5,N2V,1.0,0.5,D2,3,6,5466,5466,335,2490
R2,N2Vp1q0_5,N2V,1.0,0.5,D2,3,7,5168,5168,298,2486
R2,N2Vp1q0_5,N2V,1.0,0.5,D2,3,8,5025,5025,303,2487
R2,N2Vp1q0_5,N2V,1.0,0.5,D2,3,9,4811,4811,327,2483
R2,N2Vp1q0_5,N2V,1.0,0.5,D2,3,10,4671,4671,306,2480
R2,N2Vp1q0_5,N2V,1.0,0.5,D2,3,11,4667,4667,300,2476
R2,N2Vp1q0_5,N2V,1.0,0.5,D2,3,12,4665,4665,295,2482
R2,N2Vp1q0_5,N2V,1.0,0.5,D2,3,13,4589,4589,269,2478
R2,N2Vp1q0_5,N2V,1.0,0.5,D2,3,14,4556,4556,290,2478
R2,N2Vp1q0_5,N2V,1.0,0.5,D2,3,15,4578,4578,278,2478
R2,N2Vp1q0_5,N2V,1.0,0.5,D2,3,16,4594,4594,290,2478
R2,N2Vp1q0_5,N2V,1.0,0.5,D2,3,17,4519,4519,294,2467
R2,N2Vp1q0_5,N2V,1.0,0.5,D2,3,18,4567,4567,272,2475
R2,N2Vp1q0_5,N2V,1.0,0.5,D2,3,19,4565,4565,256,2469
R2,N2Vp1q0_5,N2V,1.0,0.5,D2,3,20,4472,4472,295,2475
R2,N2Vp1q0_5,N2V,1.0,0.5,D2,3,21,4315,4315,270,2469
R2,N2Vp1q0_5,N2V,1.0,0.5,D2,3,22,4304,4304,264,2469
R2,N2Vp1q0_5,N2V,1.0,0.5,D2,3,23,4234,4234,259,2474
R2,N2Vp1q0_5,N2V,1.0,0.5,D2,3,24,4226,4226,265,2460
R2,N2Vp1q0_5,N2V,1.0,0.5,D2,3,25,4278,4278,278,2472
R2,N2Vp1q0_5,N2V,1.0,0.5,D2,3,26,4345,4345,259,2479
R2,N2Vp1q0_5,N2V,1.0,0.5,D2,3,27,4267,4267,250,2475
R2,N2Vp1q0_5,N2V,1.0,0.5,D2,3,28,4264,4264,261,2464
R2,N2Vp1q0_5,N2V,1.0,0.5,D2,3,29,4346,4346,292,2472
R2,N2Vp1q0_5,N2V,1.0,0.5,D2,3,30,4387,4387,258,2475
R2,N2Vp1q0_5,N2V,1.0,0.5,D2,4,0,0,0,0,0
R2,N2Vp1q0_5,N2V,1.0,0.5,D2,4,1,3890,3890,225,2500
R2,N2Vp1q0_5,N2V,1.0,0.5,D2,4,2,8504,8504,501,2500
R2,N2Vp1q0_5,N2V,1.0,0.5,D2,4,3,6936,6936,399,2500
R2,N2Vp1q0_5,N2V,1.0,0.5,D2,4,4,6270,6270,384,2499
R2,N2Vp1q0_5,N2V,1.0,0.5,D2,4,5,5834,5834,380,2492
R2,N2Vp1q0_5,N2V,1.0,0.5,D2,4,6,5433,5433,363,2492
R2,N2Vp1q0_5,N2V,1.0,0.5,D2,4,7,5211,5211,371,2488
R2,N2Vp1q0_5,N2V,1.0,0.5,D2,4,8,5111,5111,357,2487
R2,N2Vp1q0_5,N2V,1.0,0.5,D2,4,9,4907,4907,320,2483
R2,N2Vp1q0_5,N2V,1.0,0.5,D2,4,10,4811,4811,338,2481
R2,N2Vp1q0_5,N2V,1.0,0.5,D2,4,11,4776,4776,312,2484
R2,N2Vp1q0_5,N2V,1.0,0.5,D2,4,12,4608,4608,269,2477
R2,N2Vp1q0_5,N2V,1.0,0.5,D2,4,13,4562,4562,302,2481
R2,N2Vp1q0_5,N2V,1.0,0.5,D2,4,14,4622,4622,313,2487
R2,N2Vp1q0_5,N2V,1.0,0.5,D2,4,15,4612,4612,303,2482
R2,N2Vp1q0_5,N2V,1.0,0.5,D2,4,16,4481,4481,262,2478
R2,N2Vp1q0_5,N2V,1.0,0.5,D2,4,17,4433,4433,306,2473
R2,N2Vp1q0_5,N2V,1.0,0.5,D2,4,18,4451,4451,263,2483
R2,N2Vp1q0_5,N2V,1.0,0.5,D2,4,19,4470,4470,274,2477
R2,N2Vp1q0_5,N2V,1.0,0.5,D2,4,20,4402,4402,276,2474
R2,N2Vp1q0_5,N2V,1.0,0.5,D2,4,21,4407,4407,255,2479
R2,N2Vp1q0_5,N2V,1.0,0.5,D2,4,22,4378,4378,276,2472
R2,N2Vp1q0_5,N2V,1.0,0.5,D2,4,23,4255,4255,277,2465
R2,N2Vp1q0_5,N2V,1.0,0.5,D2,4,24,4225,4225,232,2471
R2,N2Vp1q0_5,N2V,1.0,0.5,D2,4,25,4240,4240,266,2471
R2,N2Vp1q0_5,N2V,1.0,0.5,D2,4,26,4226,4226,233,2475
R2,N2Vp1q0_5,N2V,1.0,0.5,D2,4,27,4326,4326,251,2479
R2,N2Vp1q0_5,N2V,1.0,0.5,D2,4,28,4242,4242,265,2473
R2,N2Vp1q0_5,N2V,1.0,0.5,D2,4,29,4245,4245,256,2476
R2,N2Vp1q0_5,N2V,1.0,0.5,D2,4,30,4197,4197,299,2463
R2,N2Vp1q0_5,N2V,1.0,0.5,D2,5,0,0,0,0,0
R2,N2Vp1q0_5,N2V,1.0,0.5,D2,5,1,3927,3927,225,2500
R2,N2Vp1q0_5,N2V,1.0,0.5,D2,5,2,8479,8479,434,2500
R2,N2Vp1q0_5,N2V,1.0,0.5,D2,5,3,6979,6979,428,2499
R2,N2Vp1q0_5,N2V,1.0,0.5,D2,5,4,6184,6184,360,2497
R2,N2Vp1q0_5,N2V,1.0,0.5,D2,5,5,5754,5754,356,2490
R2,N2Vp1q0_5,N2V,1.0,0.5,D2,5,6,5518,5518,377,2495
R2,N2Vp1q0_5,N2V,1.0,0.5,D2,5,7,5172,5172,336,2495
R2,N2Vp1q0_5,N2V,1.0,0.5,D2,5,8,5024,5024,322,2483
R2,N2Vp1q0_5,N2V,1.0,0.5,D2,5,9,4934,4934,327,2487
R2,N2Vp1q0_5,N2V,1.0,0.5,D2,5,10,4857,4857,311,2486
R2,N2Vp1q0_5,N2V,1.0,0.5,D2,5,11,4806,4806,331,2473
R2,N2Vp1q0_5,N2V,1.0,0.5,D2,5,12,4831,4831,309,2494
R2,N2Vp1q0_5,N2V,1.0,0.5,D2,5,13,4712,4712,254,2478
R2,N2Vp1q0_5,N2V,1.0,0.5,D2,5,14,4676,4676,281,2479
R2,N2Vp1q0_5,N2V,1.0,0.5,D2,5,15,4605,4605,299,2482
R2,N2Vp1q0_5,N2V,1.0,0.5,D2,5,16,4470,4470,275,2478
R2,N2Vp1q0_5,N2V,1.0,0.5,D2,5,17,4454,4454,276,2480
R2,N2Vp1q0_5,N2V,1.0,0.5,D2,5,18,4437,4437,260,2476
R2,N2Vp1q0_5,N2V,1.0,0.5,D2,5,19,4438,4438,273,2480
R2,N2Vp1q0_5,N2V,1.0,0.5,D2,5,20,4306,4306,282,2478
R2,N2Vp1q0_5,N2V,1.0,0.5,D2,5,21,4238,4238,275,2463
R2,N2Vp1q0_5,N2V,1.0,0.5,D2,5,22,4275,4275,277,2476
R2,N2Vp1q0_5,N2V,1.0,0.5,D2,5,23,4311,4311,263,2465
R2,N2Vp1q0_5,N2V,1.0,0.5,D2,5,24,4271,4271,253,2467
R2,N2Vp1q0_5,N2V,1.0,0.5,D2,5,25,4313,4313,293,2471
R2,N2Vp1q0_5,N2V,1.0,0.5,D2,5,26,4181,4181,277,2460
R2,N2Vp1q0_5,N2V,1.0,0.5,D2,5,27,4220,4220,248,2475
R2,N2Vp1q0_5,N2V,1.0,0.5,D2,5,28,4287,4287,263,2485
R2,N2Vp1q0_5,N2V,1.0,0.5,D2,5,29,4308,4308,254,2478
R2,N2Vp1q0_5,N2V,1.0,0.5,D2,5,30,4425,4425,259,2470
R2,N2Vp1q0_5,N2V,1.0,0.5,D2,6,0,0,0,0,0
R2,N2Vp1q0_5,N2V,1.0,0.5,D2,6,1,3825,3825,211,2500
R2,N2Vp1q0_5,N2V,1.0,0.5,D2,6,2,8365,8365,468,2500
R2,N2Vp1q0_5,N2V,1.0,0.5,D2,6,3,7028,7028,437,2499
R2,N2Vp1q0_5,N2V,1.0,0.5,D2,6,4,6288,6288,371,2498
R2,N2Vp1q0_5,N2V,1.0,0.5,D2,6,5,5793,5793,340,2496
R2,N2Vp1q0_5,N2V,1.0,0.5,D2,6,6,5427,5427,349,2493
R2,N2Vp1q0_5,N2V,1.0,0.5,D2,6,7,5208,5208,329,2489
R2,N2Vp1q0_5,N2V,1.0,0.5,D2,6,8,5088,5088,345,2489
R2,N2Vp1q0_5,N2V,1.0,0.5,D2,6,9,4879,4879,334,2482
R2,N2Vp1q0_5,N2V,1.0,0.5,D2,6,10,4791,4791,295,2483
R2,N2Vp1q0_5,N2V,1.0,0.5,D2,6,11,4780,4780,311,2482
R2,N2Vp1q0_5,N2V,1.0,0.5,D2,6,12,4567,4567,300,2478
R2,N2Vp1q0_5,N2V,1.0,0.5,D2,6,13,4535,4535,267,2472
R2,N2Vp1q0_5,N2V,1.0,0.5,D2,6,14,4454,4454,265,2477
R2,N2Vp1q0_5,N2V,1.0,0.5,D2,6,15,4400,4400,260,2482
R2,N2Vp1q0_5,N2V,1.0,0.5,D2,6,16,4429,4429,282,2482
R2,N2Vp1q0_5,N2V,1.0,0.5,D2,6,17,4414,4414,268,2482
R2,N2Vp1q0_5,N2V,1.0,0.5,D2,6,18,4473,4473,279,2479
R2,N2Vp1q0_5,N2V,1.0,0.5,D2,6,19,4461,4461,274,2471
R2,N2Vp1q0_5,N2V,1.0,0.5,D2,6,20,4458,4458,282,2478
R2,N2Vp1q0_5,N2V,1.0,0.5,D2,6,21,4377,4377,276,2479
R2,N2Vp1q0_5,N2V,1.0,0.5,D2,6,22,4361,4361,273,2475
R2,N2Vp1q0_5,N2V,1.0,0.5,D2,6,23,4393,4393,279,2473
R2,N2Vp1q0_5,N2V,1.0,0.5,D2,6,24,4438,4438,271,2472
R2,N2Vp1q0_5,N2V,1.0,0.5,D2,6,25,4460,4460,276,2479
R2,N2Vp1q0_5,N2V,1.0,0.5,D2,6,26,4386,4386,247,2475
R2,N2Vp1q0_5,N2V,1.0,0.5,D2,6,27,4415,4415,288,2475
R2,N2Vp1q0_5,N2V,1.0,0.5,D2,6,28,4346,4346,274,2474
R2,N2Vp1q0_5,N2V,1.0,0.5,D2,6,29,4357,4357,271,2470
R2,N2Vp1q0_5,N2V,1.0,0.5,D2,6,30,4337,4337,257,2460
R2,N2Vp1q0_5,N2V,1.0,0.5,D2,7,0,0,0,0,0
R2,N2Vp1q0_5,N2V,1.0,0.5,D2,7,1,3910,3910,234,2500
R2,N2Vp1q0_5,N2V,1.0,0.5,D2,7,2,8492,8492,493,2500
R2,N2Vp1q0_5,N2V,1.0,0.5,D2,7,3,7095,7095,454,2500
R2,N2Vp1q0_5,N2V,1.0,0.5,D2,7,4,6326,6326,390,2498
R2,N2Vp1q0_5,N2V,1.0,0.5,D2,7,5,5771,5771,362,2497
R2,N2Vp1q0_5,N2V,1.0,0.5,D2,7,6,5420,5420,342,2493
R2,N2Vp1q0_5,N2V,1.0,0.5,D2,7,7,5178,5178,328,2491
R2,N2Vp1q0_5,N2V,1.0,0.5,D2,7,8,5085,5085,299,2479
R2,N2Vp1q0_5,N2V,1.0,0.5,D2,7,9,4968,4968,338,2481
R2,N2Vp1q0_5,N2V,1.0,0.5,D2,7,10,4901,4901,312,2482
R2,N2Vp1q0_5,N2V,1.0,0.5,D2,7,11,4796,4796,314,2486
R2,N2Vp1q0_5,N2V,1.0,0.5,D2,7,12,4725,4725,302,2482
R2,N2Vp1q0_5,N2V,1.0,0.5,D2,7,13,4693,4693,309,2482
R2,N2Vp1q0_5,N2V,1.0,0.5,D2,7,14,4490,4490,271,2484
R2,N2Vp1q0_5,N2V,1.0,0.5,D2,7,15,4453,4453,279,2472
R2,N2Vp1q0_5,N2V,1.0,0.5,D2,7,16,4452,4452,251,2485
R2,N2Vp1q0_5,N2V,1.0,0.5,D2,7,17,4503,4503,303,2474
R2,N2Vp1q0_5,N2V,1.0,0.5,D2,7,18,4429,4429,260,2477
R2,N2Vp1q0_5,N2V,1.0,0.5,D2,7,19,4449,4449,282,2471
R2,N2Vp1q0_5,N2V,1.0,0.5,D2,7,20,4398,4398,275,2479
R2,N2Vp1q0_5,N2V,1.0,0.5,D2,7,21,4369,4369,240,2469
R2,N2Vp1q0_5,N2V,1.0,0.5,D2,7,22,4397,4397,276,2470
R2,N2Vp1q0_5,N2V,1.0,0.5,D2,7,23,4425,4425,236,2482
R2,N2Vp1q0_5,N2V,1.0,0.5,D2,7,24,4302,4302,250,2468
R2,N2Vp1q0_5,N2V,1.0,0.5,D2,7,25,4278,4278,274,2482
R2,N2Vp1q0_5,N2V,1.0,0.5,D2,7,26,4256,4256,249,2472
R2,N2Vp1q0_5,N2V,1.0,0.5,D2,7,27,4236,4236,280,2480
R2,N2Vp1q0_5,N2V,1.0,0.5,D2,7,28,4201,4201,241,2471
R2,N2Vp1q0_5,N2V,1.0,0.5,D2,7,29,4266,4266,258,2470
R2,N2Vp1q0_5,N2V,1.0,0.5,D2,7,30,4251,4251,242,2481
R2,N2Vp1q0_5,N2V,1.0,0.5,D2,8,0,0,0,0,0
R2,N2Vp1q0_5,N2V,1.0,0.5,D2,8,1,3891,3891,228,2500
R2,N2Vp1q0_5,N2V,1.0,0.5,D2,8,2,8525,8525,489,2500
R2,N2Vp1q0_5,N2V,1.0,0.5,D2,8,3,7059,7059,406,2500
R2,N2Vp1q0_5,N2V,1.0,0.5,D2,8,4,6332,6332,380,2498
R2,N2Vp1q0_5,N2V,1.0,0.5,D2,8,5,5862,5862,346,2494
R2,N2Vp1q0_5,N2V,1.0,0.5,D2,8,6,5492,5492,335,2493
R2,N2Vp1q0_5,N2V,1.0,0.5,D2,8,7,5272,5272,317,2492
R2,N2Vp1q0_5,N2V,1.0,0.5,D2,8,8,5026,5026,292,2489
R2,N2Vp1q0_5,N2V,1.0,0.5,D2,8,9,4830,4830,302,2481
R2,N2Vp1q0_5,N2V,1.0,0.5,D2,8,10,4810,4810,336,2481
R2,N2Vp1q0_5,N2V,1.0,0.5,D2,8,11,4659,4659,273,2472
R2,N2Vp1q0_5,N2V,1.0,0.5,D2,8,12,4665,4665,269,2485
R2,N2Vp1q0_5,N2V,1.0,0.5,D2,8,13,4602,4602,299,2481
R2,N2Vp1q0_5,N2V,1.0,0.5,D2,8,14,4582,4582,297,2474
R2,N2Vp1q0_5,N2V,1.0,0.5,D2,8,15,4623,4623,294,2475
R2,N2Vp1q0_5,N2V,1.0,0.5,D2,8,16,4573,4573,286,2485
R2,N2Vp1q0_5,N2V,1.0,0.5,D2,8,17,4508,4508,291,2471
R2,N2Vp1q0_5,N2V,1.0,0.5,D2,8,18,4425,4425,294,2478
R2,N2Vp1q0_5,N2V,1.0,0.5,D2,8,19,4431,4431,274,2482
R2,N2Vp1q0_5,N2V,1.0,0.5,D2,8,20,4284,4284,264,2476
R2,N2Vp1q0_5,N2V,1.0,0.5,D2,8,21,4378,4378,305,2485
R2,N2Vp1q0_5,N2V,1.0,0.5,D2,8,22,4354,4354,309,2475
R2,N2Vp1q0_5,N2V,1.0,0.5,D2,8,23,4356,4356,276,2471
R2,N2Vp1q0_5,N2V,1.0,0.5,D2,8,24,4344,4344,258,2484
R2,N2Vp1q0_5,N2V,1.0,0.5,D2,8,25,4267,4267,273,2479
R2,N2Vp1q0_5,N2V,1.0,0.5,D2,8,26,4171,4171,228,2472
R2,N2Vp1q0_5,N2V,1.0,0.5,D2,8,27,4247,4247,259,2479
R2,N2Vp1q0_5,N2V,1.0,0.5,D2,8,28,4333,4333,225,2473
R2,N2Vp1q0_5,N2V,1.0,0.5,D2,8,29,4314,4314,275,2470
R2,N2Vp1q0_5,N2V,1.0,0.5,D2,8,30,4237,4237,256,2466
R2,N2Vp1q0_5,N2V,1.0,0.5,D2,9,0,0,0,0,0
R2,N2Vp1q0_5,N2V,1.0,0.5,D2,9,1,3877,3877,241,2500
R2,N2Vp1q0_5,N2V,1.0,0.5,D2,9,2,8320,8320,442,2500
R2,N2Vp1q0_5,N2V,1.0,0.5,D2,9,3,7030,7030,420,2500
R2,N2Vp1q0_5,N2V,1.0,0.5,D2,9,4,6268,6268,378,2498
R2,N2Vp1q0_5,N2V,1.0,0.5,D2,9,5,5759,5759,322,2492
R2,N2Vp1q0_5,N2V,1.0,0.5,D2,9,6,5491,5491,356,2488
R2,N2Vp1q0_5,N2V,1.0,0.5,D2,9,7,5188,5188,308,2482
R2,N2Vp1q0_5,N2V,1.0,0.5,D2,9,8,4953,4953,320,2485
R2,N2Vp1q0_5,N2V,1.0,0.5,D2,9,9,4894,4894,315,2482
R2,N2Vp1q0_5,N2V,1.0,0.5,D2,9,10,4849,4849,333,2483
R2,N2Vp1q0_5,N2V,1.0,0.5,D2,9,11,4723,4723,303,2485
R2,N2Vp1q0_5,N2V,1.0,0.5,D2,9,12,4639,4639,285,2474
R2,N2Vp1q0_5,N2V,1.0,0.5,D2,9,13,4600,4600,287,2475
R2,N2Vp1q0_5,N2V,1.0,0.5,D2,9,14,4494,4494,280,2488
R2,N2Vp1q0_5,N2V,1.0,0.5,D2,9,15,4487,4487,288,2475
R2,N2Vp1q0_5,N2V,1.0,0.5,D2,9,16,4480,4480,292,2472
R2,N2Vp1q0_5,N2V,1.0,0.5,D2,9,17,4490,4490,305,2476
R2,N2Vp1q0_5,N2V,1.0,0.5,D2,9,18,4364,4364,286,2478
R2,N2Vp1q0_5,N2V,1.0,0.5,D2,9,19,4361,4361,272,2473
R2,N2Vp1q0_5,N2V,1.0,0.5,D2,9,20,4369,4369,270,2476
R2,N2Vp1q0_5,N2V,1.0,0.5,D2,9,21,4348,4348,257,2478
R2,N2Vp1q0_5,N2V,1.0,0.5,D2,9,22,4307,4307,264,2476
R2,N2Vp1q0_5,N2V,1.0,0.5,D2,9,23,4218,4218,221,2474
R2,N2Vp1q0_5,N2V,1.0,0.5,D2,9,24,4245,4245,235,2475
R2,N2Vp1q0_5,N2V,1.0,0.5,D2,9,25,4214,4214,248,2477
R2,N2Vp1q0_5,N2V,1.0,0.5,D2,9,26,4240,4240,265,2469
R2,N2Vp1q0_5,N2V,1.0,0.5,D2,9,27,4257,4257,265,2471
R2,N2Vp1q0_5,N2V,1.0,0.5,D2,9,28,4218,4218,272,2464
R2,N2Vp1q0_5,N2V,1.0,0.5,D2,9,29,4268,4268,277,2467
R2,N2Vp1q0_5,N2V,1.0,0.5,D2,9,30,4219,4219,298,2474
R2,N2Vp1q0_5,N2V,1.0,0.5,D2,10,0,0,0,0,0
R2,N2Vp1q0_5,N2V,1.0,0.5,D2,10,1,3918,3918,228,2500
R2,N2Vp1q0_5,N2V,1.0,0.5,D2,10,2,8536,8536,499,2500
R2,N2Vp1q0_5,N2V,1.0,0.5,D2,10,3,7039,7039,449,2500
R2,N2Vp1q0_5,N2V,1.0,0.5,D2,10,4,6236,6236,401,2500
R2,N2Vp1q0_5,N2V,1.0,0.5,D2,10,5,5919,5919,388,2493
R2,N2Vp1q0_5,N2V,1.0,0.5,D2,10,6,5480,5480,366,2498
R2,N2Vp1q0_5,N2V,1.0,0.5,D2,10,7,5313,5313,376,2493
R2,N2Vp1q0_5,N2V,1.0,0.5,D2,10,8,5059,5059,329,2481
R2,N2Vp1q0_5,N2V,1.0,0.5,D2,10,9,4805,4805,282,2478
R2,N2Vp1q0_5,N2V,1.0,0.5,D2,10,10,4759,4759,300,2479
R2,N2Vp1q0_5,N2V,1.0,0.5,D2,10,11,4786,4786,313,2474
R2,N2Vp1q0_5,N2V,1.0,0.5,D2,10,12,4630,4630,320,2479
R2,N2Vp1q0_5,N2V,1.0,0.5,D2,10,13,4648,4648,291,2481
R2,N2Vp1q0_5,N2V,1.0,0.5,D2,10,14,4534,4534,288,2474
R2,N2Vp1q0_5,N2V,1.0,0.5,D2,10,15,4528,4528,259,2476
R2,N2Vp1q0_5,N2V,1.0,0.5,D2,10,16,4474,4474,296,2483
R2,N2Vp1q0_5,N2V,1.0,0.5,D2,10,17,4371,4371,262,2469
R2,N2Vp1q0_5,N2V,1.0,0.5,D2,10,18,4353,4353,272,2480
R2,N2Vp1q0_5,N2V,1.0,0.5,D2,10,19,4373,4373,281,2478
R2,N2Vp1q0_5,N2V,1.0,0.5,D2,10,20,4340,4340,275,2486
R2,N2Vp1q0_5,N2V,1.0,0.5,D2,10,21,4307,4307,265,2469
R2,N2Vp1q0_5,N2V,1.0,0.5,D2,10,22,4332,4332,267,2477
R2,N2Vp1q0_5,N2V,1.0,0.5,D2,10,23,4196,4196,236,2473
R2,N2Vp1q0_5,N2V,1.0,0.5,D2,10,24,4313,4313,283,2475
R2,N2Vp1q0_5,N2V,1.0,0.5,D2,10,25,4262,4262,276,2472
R2,N2Vp1q0_5,N2V,1.0,0.5,D2,10,26,4296,4296,259,2474
R2,N2Vp1q0_5,N2V,1.0,0.5,D2,10,27,4366,4366,278,2475
R2,N2Vp1q0_5,N2V,1.0,0.5,D2,10,28,4294,4294,272,2475
R2,N2Vp1q0_5,N2V,1.0,0.5,D2,10,29,4261,4261,282,2475
R2,N2Vp1q0_5,N2V,1.0,0.5,D2,10,30,4309,4309,293,2475
R2,N2Vp1q1,N2V,1.0,1.0,D2,1,0,0,0,0,0
R2,N2Vp1q1,N2V,1.0,1.0,D2,1,1,3865,3865,212,2500
R2,N2Vp1q1,N2V,1.0,1.0,D2,1,2,8426,8426,478,2500
R2,N2Vp1q1,N2V,1.0,1.0,D2,1,3,7150,7150,431,2499
R2,N2Vp1q1,N2V,1.0,1.0,D2,1,4,6448,6448,403,2497
R2,N2Vp1q1,N2V,1.0,1.0,D2,1,5,5982,5982,353,2497
R2,N2Vp1q1,N2V,1.0,1.0,D2,1,6,5612,5612,348,2488
R2,N2Vp1q1,N2V,1.0,1.0,D2,1,7,5385,5385,338,2492
R2,N2Vp1q1,N2V,1.0,1.0,D2,1,8,5123,5123,297,2486
R2,N2Vp1q1,N2V,1.0,1.0,D2,1,9,5036,5036,320,2490
R2,N2Vp1q1,N2V,1.0,1.0,D2,1,10,4805,4805,268,2483
R2,N2Vp1q1,N2V,1.0,1.0,D2,1,11,4826,4826,281,2481
R2,N2Vp1q1,N2V,1.0,1.0,D2,1,12,4676,4676,301,2480
R2,N2Vp1q1,N2V,1.0,1.0,D2,1,13,4597,4597,294,2482
R2,N2Vp1q1,N2V,1.0,1.0,D2,1,14,4610,4610,277,2480
R2,N2Vp1q1,N2V,1.0,1.0,D2,1,15,4661,4661,293,2471
R2,N2Vp1q1,N2V,1.0,1.0,D2,1,16,4523,4523,258,2483
R2,N2Vp1q1,N2V,1.0,1.0,D2,1,17,4593,4593,295,2476
R2,N2Vp1q1,N2V,1.0,1.0,D2,1,18,4439,4439,312,2477
R2,N2Vp1q1,N2V,1.0,1.0,D2,1,19,4360,4360,293,2469
R2,N2Vp1q1,N2V,1.0,1.0,D2,1,20,4366,4366,276,2466
R2,N2Vp1q1,N2V,1.0,1.0,D2,1,21,4431,4431,256,2469
R2,N2Vp1q1,N2V,1.0,1.0,D2,1,22,4376,4376,291,2464
R2,N2Vp1q1,N2V,1.0,1.0,D2,1,23,4292,4292,230,2468
R2,N2Vp1q1,N2V,1.0,1.0,D2,1,24,4440,4440,260,2480
R2,N2Vp1q1,N2V,1.0,1.0,D2,1,25,4316,4316,256,2468
R2,N2Vp1q1,N2V,1.0,1.0,D2,1,26,4318,4318,250,2465
R2,N2Vp1q1,N2V,1.0,1.0,D2,1,27,4377,4377,272,2479
R2,N2Vp1q1,N2V,1.0,1.0,D2,1,28,4344,4344,287,2473
R2,N2Vp1q1,N2V,1.0,1.0,D2,1,29,4193,4193,264,2470
R2,N2Vp1q1,N2V,1.0,1.0,D2,1,30,4238,4238,269,2472
R2,N2Vp1q1,N2V,1.0,1.0,D2,2,0,0,0,0,0
R2,N2Vp1q1,N2V,1.0,1.0,D2,2,1,3888,3888,225,2500
R2,N2Vp1q1,N2V,1.0,1.0,D2,2,2,8448,8448,482,2500
R2,N2Vp1q1,N2V,1.0,1.0,D2,2,3,7153,7153,426,2499
R2,N2Vp1q1,N2V,1.0,1.0,D2,2,4,6299,6299,401,2497
R2,N2Vp1q1,N2V,1.0,1.0,D2,2,5,5807,5807,368,2494
R2,N2Vp1q1,N2V,1.0,1.0,D2,2,6,5520,5520,359,2492
R2,N2Vp1q1,N2V,1.0,1.0,D2,2,7,5239,5239,322,2497
R2,N2Vp1q1,N2V,1.0,1.0,D2,2,8,5080,5080,326,2492
R2,N2Vp1q1,N2V,1.0,1.0,D2,2,9,4887,4887,310,2483
R2,N2Vp1q1,N2V,1.0,1.0,D2,2,10,4919,4919,299,2482
R2,N2Vp1q1,N2V,1.0,1.0,D2,2,11,4828,4828,291,2489
R2,N2Vp1q1,N2V,1.0,1.0,D2,2,12,4757,4757,267,2481
R2,N2Vp1q1,N2V,1.0,1.0,D2,2,13,4665,4665,316,2483
R2,N2Vp1q1,N2V,1.0,1.0,D2,2,14,4616,4616,305,2486
R2,N2Vp1q1,N2V,1.0,1.0,D2,2,15,4603,4603,316,2480
R2,N2Vp1q1,N2V,1.0,1.0,D2,2,16,4419,4419,301,2471
R2,N2Vp1q1,N2V,1.0,1.0,D2,2,17,4494,4494,307,2471
R2,N2Vp1q1,N2V,1.0,1.0,D2,2,18,4423,4423,258,2472
R2,N2Vp1q1,N2V,1.0,1.0,D2,2,19,4394,4394,276,2480
R2,N2Vp1q1,N2V,1.0,1.0,D2,2,20,4472,4472,261,2471
R2,N2Vp1q1,N2V,1.0,1.0,D2,2,21,4412,4412,249,2474
R2,N2Vp1q1,N2V,1.0,1.0,D2,2,22,4415,4415,295,2482
R2,N2Vp1q1,N2V,1.0,1.0,D2,2,23,4233,4233,254,2472
R2,N2Vp1q1,N2V,1.0,1.0,D2,2,24,4216,4216,242,2475
R2,N2Vp1q1,N2V,1.0,1.0,D2,2,25,4289,4289,271,2472
R2,N2Vp1q1,N2V,1.0,1.0,D2,2,26,4248,4248,265,2472
R2,N2Vp1q1,N2V,1.0,1.0,D2,2,27,4255,4255,285,2468
R2,N2Vp1q1,N2V,1.0,1.0,D2,2,28,4336,4336,258,2468
R2,N2Vp1q1,N2V,1.0,1.0,D2,2,29,4401,4401,270,2484
R2,N2Vp1q1,N2V,1.0,1.0,D2,2,30,4361,4361,272,2464
R2,N2Vp1q1,N2V,1.0,1.0,D2,4,0,0,0,0,0
R2,N2Vp1q1,N2V,1.0,1.0,D2,4,1,3881,3881,218,2500
R2,N2Vp1q1,N2V,1.0,1.0,D2,4,2,8448,8448,449,2500
R2,N2Vp1q1,N2V,1.0,1.0,D2,4,3,7135,7135,458,2500
R2,N2Vp1q1,N2V,1.0,1.0,D2,4,4,6289,6289,385,2497
R2,N2Vp1q1,N2V,1.0,1.0,D2,4,5,5833,5833,355,2492
R2,N2Vp1q1,N2V,1.0,1.0,D2,4,6,5500,5500,329,2490
R2,N2Vp1q1,N2V,1.0,1.0,D2,4,7,5237,5237,327,2491
R2,N2Vp1q1,N2V,1.0,1.0,D2,4,8,5065,5065,378,2481
R2,N2Vp1q1,N2V,1.0,1.0,D2,4,9,4940,4940,323,2486
R2,N2Vp1q1,N2V,1.0,1.0,D2,4,10,4878,4878,310,2489
R2,N2Vp1q1,N2V,1.0,1.0,D2,4,11,4827,4827,342,2485
R2,N2Vp1q1,N2V,1.0,1.0,D2,4,12,4717,4717,305,2485
R2,N2Vp1q1,N2V,1.0,1.0,D2,4,13,4640,4640,323,2484
R2,N2Vp1q1,N2V,1.0,1.0,D2,4,14,4528,4528,291,2466
R2,N2Vp1q1,N2V,1.0,1.0,D2,4,15,4387,4387,291,2475
R2,N2Vp1q1,N2V,1.0,1.0,D2,4,16,4359,4359,259,2469
R2,N2Vp1q1,N2V,1.0,1.0,D2,4,17,4390,4390,286,2482
R2,N2Vp1q1,N2V,1.0,1.0,D2,4,18,4357,4357,275,2471
R2,N2Vp1q1,N2V,1.0,1.0,D2,4,19,4392,4392,287,2476
R2,N2Vp1q1,N2V,1.0,1.0,D2,4,20,4440,4440,252,2480
R2,N2Vp1q1,N2V,1.0,1.0,D2,4,21,4395,4395,238,2475
R2,N2Vp1q1,N2V,1.0,1.0,D2,4,22,4415,4415,267,2479
R2,N2Vp1q1,N2V,1.0,1.0,D2,4,23,4357,4357,270,2473
R2,N2Vp1q1,N2V,1.0,1.0,D2,4,24,4339,4339,258,2476
R2,N2Vp1q1,N2V,1.0,1.0,D2,4,25,4282,4282,285,2474
R2,N2Vp1q1,N2V,1.0,1.0,D2,4,26,4350,4350,276,2472
R2,N2Vp1q1,N2V,1.0,1.0,D2,4,27,4258,4258,274,2477
R2,N2Vp1q1,N2V,1.0,1.0,D2,4,28,4270,4270,286,2479
R2,N2Vp1q1,N2V,1.0,1.0,D2,4,29,4232,4232,283,2474
R2,N2Vp1q1,N2V,1.0,1.0,D2,4,30,4349,4349,264,2476
R2,N2Vp1q1,N2V,1.0,1.0,D2,3,0,0,0,0,0
R2,N2Vp1q1,N2V,1.0,1.0,D2,3,1,3909,3909,211,2500
R2,N2Vp1q1,N2V,1.0,1.0,D2,3,2,8474,8474,458,2500
R2,N2Vp1q1,N2V,1.0,1.0,D2,3,3,7225,7225,425,2500
R2,N2Vp1q1,N2V,1.0,1.0,D2,3,4,6402,6402,404,2499
R2,N2Vp1q1,N2V,1.0,1.0,D2,3,5,5882,5882,324,2490
R2,N2Vp1q1,N2V,1.0,1.0,D2,3,6,5681,5681,368,2491
R2,N2Vp1q1,N2V,1.0,1.0,D2,3,7,5300,5300,355,2484
R2,N2Vp1q1,N2V,1.0,1.0,D2,3,8,5221,5221,311,2488
R2,N2Vp1q1,N2V,1.0,1.0,D2,3,9,5005,5005,307,2485
R2,N2Vp1q1,N2V,1.0,1.0,D2,3,10,4862,4862,303,2482
R2,N2Vp1q1,N2V,1.0,1.0,D2,3,11,4706,4706,323,2475
R2,N2Vp1q1,N2V,1.0,1.0,D2,3,12,4709,4709,318,2477
R2,N2Vp1q1,N2V,1.0,1.0,D2,3,13,4665,4665,275,2479
R2,N2Vp1q1,N2V,1.0,1.0,D2,3,14,4660,4660,259,2483
R2,N2Vp1q1,N2V,1.0,1.0,D2,3,15,4613,4613,277,2480
R2,N2Vp1q1,N2V,1.0,1.0,D2,3,16,4514,4514,280,2475
R2,N2Vp1q1,N2V,1.0,1.0,D2,3,17,4535,4535,287,2488
R2,N2Vp1q1,N2V,1.0,1.0,D2,3,18,4379,4379,267,2470
R2,N2Vp1q1,N2V,1.0,1.0,D2,3,19,4412,4412,303,2481
R2,N2Vp1q1,N2V,1.0,1.0,D2,3,20,4243,4243,269,2481
R2,N2Vp1q1,N2V,1.0,1.0,D2,3,21,4405,4405,291,2475
R2,N2Vp1q1,N2V,1.0,1.0,D2,3,22,4373,4373,299,2471
R2,N2Vp1q1,N2V,1.0,1.0,D2,3,23,4458,4458,299,2480
R2,N2Vp1q1,N2V,1.0,1.0,D2,3,24,4348,4348,265,2482
R2,N2Vp1q1,N2V,1.0,1.0,D2,3,25,4343,4343,277,2470
R2,N2Vp1q1,N2V,1.0,1.0,D2,3,26,4432,4432,295,2473
R2,N2Vp1q1,N2V,1.0,1.0,D2,3,27,4433,4433,262,2480
R2,N2Vp1q1,N2V,1.0,1.0,D2,3,28,4202,4202,240,2474
R2,N2Vp1q1,N2V,1.0,1.0,D2,3,29,4298,4298,256,2473
R2,N2Vp1q1,N2V,1.0,1.0,D2,3,30,4248,4248,251,2484
R2,N2Vp1q1,N2V,1.0,1.0,D2,5,0,0,0,0,0
R2,N2Vp1q1,N2V,1.0,1.0,D2,5,1,3900,3900,225,2500
R2,N2Vp1q1,N2V,1.0,1.0,D2,5,2,8432,8432,485,2500
R2,N2Vp1q1,N2V,1.0,1.0,D2,5,3,7066,7066,430,2500
R2,N2Vp1q1,N2V,1.0,1.0,D2,5,4,6353,6353,440,2495
R2,N2Vp1q1,N2V,1.0,1.0,D2,5,5,5918,5918,387,2497
R2,N2Vp1q1,N2V,1.0,1.0,D2,5,6,5494,5494,373,2488
R2,N2Vp1q1,N2V,1.0,1.0,D2,5,7,5350,5350,349,2492
R2,N2Vp1q1,N2V,1.0,1.0,D2,5,8,5079,5079,348,2487
R2,N2Vp1q1,N2V,1.0,1.0,D2,5,9,4958,4958,331,2485
R2,N2Vp1q1,N2V,1.0,1.0,D2,5,10,4901,4901,333,2488
R2,N2Vp1q1,N2V,1.0,1.0,D2,5,11,4723,4723,306,2470
R2,N2Vp1q1,N2V,1.0,1.0,D2,5,12,4746,4746,281,2486
R2,N2Vp1q1,N2V,1.0,1.0,D2,5,13,4619,4619,297,2490
R2,N2Vp1q1,N2V,1.0,1.0,D2,5,14,4545,4545,315,2482
R2,N2Vp1q1,N2V,1.0,1.0,D2,5,15,4548,4548,301,2479
R2,N2Vp1q1,N2V,1.0,1.0,D2,5,16,4639,4639,288,2483
R2,N2Vp1q1,N2V,1.0,1.0,D2,5,17,4462,4462,283,2478
R2,N2Vp1q1,N2V,1.0,1.0,D2,5,18,4438,4438,266,2484
R2,N2Vp1q1,N2V,1.0,1.0,D2,5,19,4414,4414,278,2478
R2,N2Vp1q1,N2V,1.0,1.0,D2,5,20,4394,4394,269,2479
R2,N2Vp1q1,N2V,1.0,1.0,D2,5,21,4339,4339,277,2476
R2,N2Vp1q1,N2V,1.0,1.0,D2,5,22,4358,4358,263,2468
R2,N2Vp1q1,N2V,1.0,1.0,D2,5,23,4358,4358,252,2480
R2,N2Vp1q1,N2V,1.0,1.0,D2,5,24,4446,4446,266,2472
R2,N2Vp1q1,N2V,1.0,1.0,D2,5,25,4480,4480,287,2482
R2,N2Vp1q1,N2V,1.0,1.0,D2,5,26,4432,4432,286,2478
R2,N2Vp1q1,N2V,1.0,1.0,D2,5,27,4323,4323,265,2472
R2,N2Vp1q1,N2V,1.0,1.0,D2,5,28,4304,4304,266,2463
R2,N2Vp1q1,N2V,1.0,1.0,D2,5,29,4261,4261,272,2461
R2,N2Vp1q1,N2V,1.0,1.0,D2,5,30,4328,4328,277,2471
R2,N2Vp1q1,N2V,1.0,1.0,D2,6,0,0,0,0,0
R2,N2Vp1q1,N2V,1.0,1.0,D2,6,1,3893,3893,204,2500
R2,N2Vp1q1,N2V,1.0,1.0,D2,6,2,8410,8410,492,2500
R2,N2Vp1q1,N2V,1.0,1.0,D2,6,3,7031,7031,460,2500
R2,N2Vp1q1,N2V,1.0,1.0,D2,6,4,6384,6384,411,2500
R2,N2Vp1q1,N2V,1.0,1.0,D2,6,5,5806,5806,354,2494
R2,N2Vp1q1,N2V,1.0,1.0,D2,6,6,5552,5552,333,2490
R2,N2Vp1q1,N2V,1.0,1.0,D2,6,7,5292,5292,323,2493
R2,N2Vp1q1,N2V,1.0,1.0,D2,6,8,5161,5161,316,2486
R2,N2Vp1q1,N2V,1.0,1.0,D2,6,9,5098,5098,330,2487
R2,N2Vp1q1,N2V,1.0,1.0,D2,6,10,4846,4846,284,2492
R2,N2Vp1q1,N2V,1.0,1.0,D2,6,11,4837,4837,298,2484
R2,N2Vp1q1,N2V,1.0,1.0,D2,6,12,4775,4775,313,2484
R2,N2Vp1q1,N2V,1.0,1.0,D2,6,13,4672,4672,288,2472
R2,N2Vp1q1,N2V,1.0,1.0,D2,6,14,4622,4622,271,2480
R2,N2Vp1q1,N2V,1.0,1.0,D2,6,15,4600,4600,270,2487
R2,N2Vp1q1,N2V,1.0,1.0,D2,6,16,4563,4563,302,2484
R2,N2Vp1q1,N2V,1.0,1.0,D2,6,17,4515,4515,301,2472
R2,N2Vp1q1,N2V,1.0,1.0,D2,6,18,4508,4508,310,2476
R2,N2Vp1q1,N2V,1.0,1.0,D2,6,19,4536,4536,284,2478
R2,N2Vp1q1,N2V,1.0,1.0,D2,6,20,4387,4387,266,2477
R2,N2Vp1q1,N2V,1.0,1.0,D2,6,21,4467,4467,272,2478
R2,N2Vp1q1,N2V,1.0,1.0,D2,6,22,4448,4448,277,2479
R2,N2Vp1q1,N2V,1.0,1.0,D2,6,23,4458,4458,264,2478
R2,N2Vp1q1,N2V,1.0,1.0,D2,6,24,4379,4379,294,2474
R2,N2Vp1q1,N2V,1.0,1.0,D2,6,25,4330,4330,263,2470
R2,N2Vp1q1,N2V,1.0,1.0,D2,6,26,4296,4296,266,2480
R2,N2Vp1q1,N2V,1.0,1.0,D2,6,27,4377,4377,277,2468
R2,N2Vp1q1,N2V,1.0,1.0,D2,6,28,4325,4325,280,2477
R2,N2Vp1q1,N2V,1.0,1.0,D2,6,29,4315,4315,264,2481
R2,N2Vp1q1,N2V,1.0,1.0,D2,6,30,4304,4304,273,2474
R2,N2Vp1q1,N2V,1.0,1.0,D2,7,0,0,0,0,0
R2,N2Vp1q1,N2V,1.0,1.0,D2,7,1,3897,3897,222,2500
R2,N2Vp1q1,N2V,1.0,1.0,D2,7,2,8465,8465,469,2500
R2,N2Vp1q1,N2V,1.0,1.0,D2,7,3,7035,7035,412,2499
R2,N2Vp1q1,N2V,1.0,1.0,D2,7,4,6373,6373,386,2495
R2,N2Vp1q1,N2V,1.0,1.0,D2,7,5,5960,5960,384,2494
R2,N2Vp1q1,N2V,1.0,1.0,D2,7,6,5476,5476,362,2488
R2,N2Vp1q1,N2V,1.0,1.0,D2,7,7,5242,5242,334,2492
R2,N2Vp1q1,N2V,1.0,1.0,D2,7,8,5040,5040,317,2494
R2,N2Vp1q1,N2V,1.0,1.0,D2,7,9,4948,4948,322,2490
R2,N2Vp1q1,N2V,1.0,1.0,D2,7,10,4822,4822,319,2484
R2,N2Vp1q1,N2V,1.0,1.0,D2,7,11,4755,4755,293,2484
R2,N2Vp1q1,N2V,1.0,1.0,D2,7,12,4632,4632,283,2478
R2,N2Vp1q1,N2V,1.0,1.0,D2,7,13,4453,4453,272,2482
R2,N2Vp1q1,N2V,1.0,1.0,D2,7,14,4563,4563,286,2477
R2,N2Vp1q1,N2V,1.0,1.0,D2,7,15,4538,4538,259,2490
R2,N2Vp1q1,N2V,1.0,1.0,D2,7,16,4469,4469,283,2469
R2,N2Vp1q1,N2V,1.0,1.0,D2,7,17,4472,4472,296,2479
R2,N2Vp1q1,N2V,1.0,1.0,D2,7,18,4471,4471,285,2483
R2,N2Vp1q1,N2V,1.0,1.0,D2,7,19,4446,4446,302,2479
R2,N2Vp1q1,N2V,1.0,1.0,D2,7,20,4403,4403,256,2472
R2,N2Vp1q1,N2V,1.0,1.0,D2,7,21,4407,4407,257,2470
R2,N2Vp1q1,N2V,1.0,1.0,D2,7,22,4360,4360,260,2471
R2,N2Vp1q1,N2V,1.0,1.0,D2,7,23,4340,4340,273,2475
R2,N2Vp1q1,N2V,1.0,1.0,D2,7,24,4299,4299,270,2480
R2,N2Vp1q1,N2V,1.0,1.0,D2,7,25,4273,4273,279,2470
R2,N2Vp1q1,N2V,1.0,1.0,D2,7,26,4297,4297,256,2477
R2,N2Vp1q1,N2V,1.0,1.0,D2,7,27,4277,4277,283,2468
R2,N2Vp1q1,N2V,1.0,1.0,D2,7,28,4274,4274,280,2475
R2,N2Vp1q1,N2V,1.0,1.0,D2,7,29,4294,4294,241,2478
R2,N2Vp1q1,N2V,1.0,1.0,D2,7,30,4198,4198,227,2466
R2,N2Vp1q1,N2V,1.0,1.0,D2,8,0,0,0,0,0
R2,N2Vp1q1,N2V,1.0,1.0,D2,8,1,3891,3891,198,2500
R2,N2Vp1q1,N2V,1.0,1.0,D2,8,2,8397,8397,449,2500
R2,N2Vp1q1,N2V,1.0,1.0,D2,8,3,7189,7189,430,2499
R2,N2Vp1q1,N2V,1.0,1.0,D2,8,4,6462,6462,441,2494
R2,N2Vp1q1,N2V,1.0,1.0,D2,8,5,5861,5861,366,2496
R2,N2Vp1q1,N2V,1.0,1.0,D2,8,6,5461,5461,365,2491
R2,N2Vp1q1,N2V,1.0,1.0,D2,8,7,5221,5221,354,2491
R2,N2Vp1q1,N2V,1.0,1.0,D2,8,8,4888,4888,339,2484
R2,N2Vp1q1,N2V,1.0,1.0,D2,8,9,4770,4770,306,2484
R2,N2Vp1q1,N2V,1.0,1.0,D2,8,10,4754,4754,293,2493
R2,N2Vp1q1,N2V,1.0,1.0,D2,8,11,4688,4688,316,2482
R2,N2Vp1q1,N2V,1.0,1.0,D2,8,12,4586,4586,309,2479
R2,N2Vp1q1,N2V,1.0,1.0,D2,8,13,4539,4539,324,2478
R2,N2Vp1q1,N2V,1.0,1.0,D2,8,14,4402,4402,282,2475
R2,N2Vp1q1,N2V,1.0,1.0,D2,8,15,4482,4482,307,2473
R2,N2Vp1q1,N2V,1.0,1.0,D2,8,16,4484,4484,287,2484
R2,N2Vp1q1,N2V,1.0,1.0,D2,8,17,4400,4400,297,2482
R2,N2Vp1q1,N2V,1.0,1.0,D2,8,18,4326,4326,294,2476
R2,N2Vp1q1,N2V,1.0,1.0,D2,8,19,4393,4393,270,2479
R2,N2Vp1q1,N2V,1.0,1.0,D2,8,20,4457,4457,298,2479
R2,N2Vp1q1,N2V,1.0,1.0,D2,8,21,4363,4363,277,2478
R2,N2Vp1q1,N2V,1.0,1.0,D2,8,22,4437,4437,249,2475
R2,N2Vp1q1,N2V,1.0,1.0,D2,8,23,4338,4338,250,2480
R2,N2Vp1q1,N2V,1.0,1.0,D2,8,24,4344,4344,250,2467
R2,N2Vp1q1,N2V,1.0,1.0,D2,8,25,4354,4354,245,2467
R2,N2Vp1q1,N2V,1.0,1.0,D2,8,26,4368,4368,268,2479
R2,N2Vp1q1,N2V,1.0,1.0,D2,8,27,4311,4311,246,2477
R2,N2Vp1q1,N2V,1.0,1.0,D2,8,28,4341,4341,249,2469
R2,N2Vp1q1,N2V,1.0,1.0,D2,8,29,4332,4332,287,2470
R2,N2Vp1q1,N2V,1.0,1.0,D2,8,30,4361,4361,291,2468
R2,N2Vp1q1,N2V,1.0,1.0,D2,9,0,0,0,0,0
R2,N2Vp1q1,N2V,1.0,1.0,D2,9,1,3891,3891,219,2500
R2,N2Vp1q1,N2V,1.0,1.0,D2,9,2,8398,8398,498,2500
R2,N2Vp1q1,N2V,1.0,1.0,D2,9,3,7052,7052,428,2499
R2,N2Vp1q1,N2V,1.0,1.0,D2,9,4,6464,6464,402,2497
R2,N2Vp1q1,N2V,1.0,1.0,D2,9,5,5897,5897,366,2497
R2,N2Vp1q1,N2V,1.0,1.0,D2,9,6,5515,5515,353,2492
R2,N2Vp1q1,N2V,1.0,1.0,D2,9,7,5333,5333,334,2491
R2,N2Vp1q1,N2V,1.0,1.0,D2,9,8,5159,5159,313,2490
R2,N2Vp1q1,N2V,1.0,1.0,D2,9,9,4937,4937,336,2480
R2,N2Vp1q1,N2V,1.0,1.0,D2,9,10,4862,4862,335,2480
R2,N2Vp1q1,N2V,1.0,1.0,D2,9,11,4839,4839,308,2485
R2,N2Vp1q1,N2V,1.0,1.0,D2,9,12,4621,4621,331,2473
R2,N2Vp1q1,N2V,1.0,1.0,D2,9,13,4620,4620,317,2475
R2,N2Vp1q1,N2V,1.0,1.0,D2,9,14,4545,4545,296,2469
R2,N2Vp1q1,N2V,1.0,1.0,D2,9,15,4401,4401,297,2478
R2,N2Vp1q1,N2V,1.0,1.0,D2,9,16,4328,4328,254,2474
R2,N2Vp1q1,N2V,1.0,1.0,D2,9,17,4334,4334,278,2473
R2,N2Vp1q1,N2V,1.0,1.0,D2,9,18,4376,4376,295,2475
R2,N2Vp1q1,N2V,1.0,1.0,D2,9,19,4413,4413,262,2480
R2,N2Vp1q1,N2V,1.0,1.0,D2,9,20,4432,4432,298,2476
R2,N2Vp1q1,N2V,1.0,1.0,D2,9,21,4366,4366,242,2474
R2,N2Vp1q1,N2V,1.0,1.0,D2,9,22,4379,4379,268,2474
R2,N2Vp1q1,N2V,1.0,1.0,D2,9,23,4310,4310,252,2474
R2,N2Vp1q1,N2V,1.0,1.0,D2,9,24,4333,4333,287,2476
R2,N2Vp1q1,N2V,1.0,1.0,D2,9,25,4341,4341,263,2474
R2,N2Vp1q1,N2V,1.0,1.0,D2,9,26,4412,4412,263,2479
R2,N2Vp1q1,N2V,1.0,1.0,D2,9,27,4304,4304,265,2469
R2,N2Vp1q1,N2V,1.0,1.0,D2,9,28,4173,4173,255,2470
R2,N2Vp1q1,N2V,1.0,1.0,D2,9,29,4226,4226,257,2478
R2,N2Vp1q1,N2V,1.0,1.0,D2,9,30,4191,4191,263,2475
R2,N2Vp1q1,N2V,1.0,1.0,D2,10,0,0,0,0,0
R2,N2Vp1q1,N2V,1.0,1.0,D2,10,1,3905,3905,237,2500
R2,N2Vp1q1,N2V,1.0,1.0,D2,10,2,8467,8467,502,2500
R2,N2Vp1q1,N2V,1.0,1.0,D2,10,3,7068,7068,406,2500
R2,N2Vp1q1,N2V,1.0,1.0,D2,10,4,6279,6279,396,2497
R2,N2Vp1q1,N2V,1.0,1.0,D2,10,5,5758,5758,329,2499
R2,N2Vp1q1,N2V,1.0,1.0,D2,10,6,5514,5514,385,2492
R2,N2Vp1q1,N2V,1.0,1.0,D2,10,7,5351,5351,328,2491
R2,N2Vp1q1,N2V,1.0,1.0,D2,10,8,5114,5114,300,2491
R2,N2Vp1q1,N2V,1.0,1.0,D2,10,9,4944,4944,322,2478
R2,N2Vp1q1,N2V,1.0,1.0,D2,10,10,4768,4768,315,2485
R2,N2Vp1q1,N2V,1.0,1.0,D2,10,11,4721,4721,302,2482
R2,N2Vp1q1,N2V,1.0,1.0,D2,10,12,4629,4629,283,2476
R2,N2Vp1q1,N2V,1.0,1.0,D2,10,13,4625,4625,318,2475
R2,N2Vp1q1,N2V,1.0,1.0,D2,10,14,4573,4573,298,2479
R2,N2Vp1q1,N2V,1.0,1.0,D2,10,15,4563,4563,283,2481
R2,N2Vp1q1,N2V,1.0,1.0,D2,10,16,4636,4636,272,2478
R2,N2Vp1q1,N2V,1.0,1.0,D2,10,17,4591,4591,240,2478
R2,N2Vp1q1,N2V,1.0,1.0,D2,10,18,4461,4461,294,2485
R2,N2Vp1q1,N2V,1.0,1.0,D2,10,19,4372,4372,287,2469
R2,N2Vp1q1,N2V,1.0,1.0,D2,10,20,4393,4393,309,2476
R2,N2Vp1q1,N2V,1.0,1.0,D2,10,21,4316,4316,301,2468
R2,N2Vp1q1,N2V,1.0,1.0,D2,10,22,4339,4339,263,2476
R2,N2Vp1q1,N2V,1.0,1.0,D2,10,23,4321,4321,254,2473
R2,N2Vp1q1,N2V,1.0,1.0,D2,10,24,4300,4300,274,2475
R2,N2Vp1q1,N2V,1.0,1.0,D2,10,25,4292,4292,295,2473
R2,N2Vp1q1,N2V,1.0,1.0,D2,10,26,4322,4322,288,2484
R2,N2Vp1q1,N2V,1.0,1.0,D2,10,27,4292,4292,285,2475
R2,N2Vp1q1,N2V,1.0,1.0,D2,10,28,4259,4259,263,2467
R2,N2Vp1q1,N2V,1.0,1.0,D2,10,29,4349,4349,255,2481
R2,N2Vp1q1,N2V,1.0,1.0,D2,10,30,4207,4207,222,2462
R2,N2Vp1q2,N2V,1.0,2.0,D2,1,0,0,0,0,0
R2,N2Vp1q2,N2V,1.0,2.0,D2,1,1,3862,3862,236,2500
R2,N2Vp1q2,N2V,1.0,2.0,D2,1,2,8539,8539,485,2500
R2,N2Vp1q2,N2V,1.0,2.0,D2,1,3,7265,7265,473,2498
R2,N2Vp1q2,N2V,1.0,2.0,D2,1,4,6448,6448,389,2494
R2,N2Vp1q2,N2V,1.0,2.0,D2,1,5,6027,6027,385,2493
R2,N2Vp1q2,N2V,1.0,2.0,D2,1,6,5622,5622,355,2493
R2,N2Vp1q2,N2V,1.0,2.0,D2,1,7,5440,5440,333,2489
R2,N2Vp1q2,N2V,1.0,2.0,D2,1,8,5242,5242,325,2493
R2,N2Vp1q2,N2V,1.0,2.0,D2,1,9,4960,4960,317,2486
R2,N2Vp1q2,N2V,1.0,2.0,D2,1,10,4850,4850,312,2482
R2,N2Vp1q2,N2V,1.0,2.0,D2,1,11,4850,4850,295,2479
R2,N2Vp1q2,N2V,1.0,2.0,D2,1,12,4807,4807,302,2483
R2,N2Vp1q2,N2V,1.0,2.0,D2,1,13,4689,4689,267,2478
R2,N2Vp1q2,N2V,1.0,2.0,D2,1,14,4739,4739,280,2481
R2,N2Vp1q2,N2V,1.0,2.0,D2,1,15,4610,4610,300,2476
R2,N2Vp1q2,N2V,1.0,2.0,D2,1,16,4627,4627,301,2470
R2,N2Vp1q2,N2V,1.0,2.0,D2,1,17,4641,4641,287,2469
R2,N2Vp1q2,N2V,1.0,2.0,D2,1,18,4550,4550,291,2484
R2,N2Vp1q2,N2V,1.0,2.0,D2,1,19,4473,4473,282,2477
R2,N2Vp1q2,N2V,1.0,2.0,D2,1,20,4496,4496,314,2474
R2,N2Vp1q2,N2V,1.0,2.0,D2,1,21,4420,4420,254,2474
R2,N2Vp1q2,N2V,1.0,2.0,D2,1,22,4486,4486,284,2478
R2,N2Vp1q2,N2V,1.0,2.0,D2,1,23,4422,4422,247,2480
R2,N2Vp1q2,N2V,1.0,2.0,D2,1,24,4464,4464,304,2473
R2,N2Vp1q2,N2V,1.0,2.0,D2,1,25,4404,4404,254,2475
R2,N2Vp1q2,N2V,1.0,2.0,D2,1,26,4487,4487,308,2469
R2,N2Vp1q2,N2V,1.0,2.0,D2,1,27,4480,4480,290,2477
R2,N2Vp1q2,N2V,1.0,2.0,D2,1,28,4464,4464,235,2483
R2,N2Vp1q2,N2V,1.0,2.0,D2,1,29,4392,4392,256,2479
R2,N2Vp1q2,N2V,1.0,2.0,D2,1,30,4267,4267,268,2464
R2,N2Vp1q2,N2V,1.0,2.0,D2,2,0,0,0,0,0
R2,N2Vp1q2,N2V,1.0,2.0,D2,2,1,3828,3828,221,2500
R2,N2Vp1q2,N2V,1.0,2.0,D2,2,2,8522,8522,490,2500
R2,N2Vp1q2,N2V,1.0,2.0,D2,2,3,7080,7080,408,2498
R2,N2Vp1q2,N2V,1.0,2.0,D2,2,4,6483,6483,436,2500
R2,N2Vp1q2,N2V,1.0,2.0,D2,2,5,5855,5855,364,2497
R2,N2Vp1q2,N2V,1.0,2.0,D2,2,6,5600,5600,321,2491
R2,N2Vp1q2,N2V,1.0,2.0,D2,2,7,5448,5448,376,2492
R2,N2Vp1q2,N2V,1.0,2.0,D2,2,8,5201,5201,346,2492
R2,N2Vp1q2,N2V,1.0,2.0,D2,2,9,5007,5007,339,2482
R2,N2Vp1q2,N2V,1.0,2.0,D2,2,10,4890,4890,307,2491
R2,N2Vp1q2,N2V,1.0,2.0,D2,2,11,4765,4765,293,2479
R2,N2Vp1q2,N2V,1.0,2.0,D2,2,12,4689,4689,296,2484
R2,N2Vp1q2,N2V,1.0,2.0,D2,2,13,4693,4693,331,2476
R2,N2Vp1q2,N2V,1.0,2.0,D2,2,14,4580,4580,287,2479
R2,N2Vp1q2,N2V,1.0,2.0,D2,2,15,4557,4557,285,2479
R2,N2Vp1q2,N2V,1.0,2.0,D2,2,16,4622,4622,279,2472
R2,N2Vp1q2,N2V,1.0,2.0,D2,2,17,4637,4637,272,2481
R2,N2Vp1q2,N2V,1.0,2.0,D2,2,18,4585,4585,322,2474
R2,N2Vp1q2,N2V,1.0,2.0,D2,2,19,4487,4487,256,2479
R2,N2Vp1q2,N2V,1.0,2.0,D2,2,20,4493,4493,275,2482
R2,N2Vp1q2,N2V,1.0,2.0,D2,2,21,4552,4552,273,2478
R2,N2Vp1q2,N2V,1.0,2.0,D2,2,22,4573,4573,301,2479
R2,N2Vp1q2,N2V,1.0,2.0,D2,2,23,4551,4551,261,2469
R2,N2Vp1q2,N2V,1.0,2.0,D2,2,24,4503,4503,293,2473
R2,N2Vp1q2,N2V,1.0,2.0,D2,2,25,4535,4535,265,2473
R2,N2Vp1q2,N2V,1.0,2.0,D2,2,26,4450,4450,244,2479
R2,N2Vp1q2,N2V,1.0,2.0,D2,2,27,4486,4486,284,2468
R2,N2Vp1q2,N2V,1.0,2.0,D2,2,28,4313,4313,304,2468
R2,N2Vp1q2,N2V,1.0,2.0,D2,2,29,4303,4303,309,2475
R2,N2Vp1q2,N2V,1.0,2.0,D2,2,30,4307,4307,273,2469
R2,N2Vp1q2,N2V,1.0,2.0,D2,3,0,0,0,0,0
R2,N2Vp1q2,N2V,1.0,2.0,D2,3,1,3893,3893,217,2500
R2,N2Vp1q2,N2V,1.0,2.0,D2,3,2,8560,8560,488,2500
R2,N2Vp1q2,N2V,1.0,2.0,D2,3,3,7303,7303,381,2500
R2,N2Vp1q2,N2V,1.0,2.0,D2,3,4,6633,6633,437,2496
R2,N2Vp1q2,N2V,1.0,2.0,D2,3,5,6040,6040,383,2497
R2,N2Vp1q2,N2V,1.0,2.0,D2,3,6,5673,5673,353,2491
R2,N2Vp1q2,N2V,1.0,2.0,D2,3,7,5409,5409,332,2489
R2,N2Vp1q2,N2V,1.0,2.0,D2,3,8,5339,5339,313,2491
R2,N2Vp1q2,N2V,1.0,2.0,D2,3,9,5103,5103,333,2490
R2,N2Vp1q2,N2V,1.0,2.0,D2,3,10,4988,4988,299,2481
R2,N2Vp1q2,N2V,1.0,2.0,D2,3,11,4931,4931,305,2482
R2,N2Vp1q2,N2V,1.0,2.0,D2,3,12,4843,4843,304,2487
R2,N2Vp1q2,N2V,1.0,2.0,D2,3,13,4814,4814,320,2473
R2,N2Vp1q2,N2V,1.0,2.0,D2,3,14,4753,4753,304,2477
R2,N2Vp1q2,N2V,1.0,2.0,D2,3,15,4732,4732,281,2480
R2,N2Vp1q2,N2V,1.0,2.0,D2,3,16,4660,4660,249,2473
R2,N2Vp1q2,N2V,1.0,2.0,D2,3,17,4653,4653,279,2479
R2,N2Vp1q2,N2V,1.0,2.0,D2,3,18,4578,4578,307,2473
R2,N2Vp1q2,N2V,1.0,2.0,D2,3,19,4551,4551,304,2481
R2,N2Vp1q2,N2V,1.0,2.0,D2,3,20,4544,4544,287,2473
R2,N2Vp1q2,N2V,1.0,2.0,D2,3,21,4585,4585,294,2466
R2,N2Vp1q2,N2V,1.0,2.0,D2,3,22,4523,4523,280,2478
R2,N2Vp1q2,N2V,1.0,2.0,D2,3,23,4578,4578,257,2482
R2,N2Vp1q2,N2V,1.0,2.0,D2,3,24,4510,4510,290,2478
R2,N2Vp1q2,N2V,1.0,2.0,D2,3,25,4530,4530,262,2478
R2,N2Vp1q2,N2V,1.0,2.0,D2,3,26,4497,4497,292,2476
R2,N2Vp1q2,N2V,1.0,2.0,D2,3,27,4622,4622,282,2476
R2,N2Vp1q2,N2V,1.0,2.0,D2,3,28,4492,4492,260,2480
R2,N2Vp1q2,N2V,1.0,2.0,D2,3,29,4481,4481,280,2472
R2,N2Vp1q2,N2V,1.0,2.0,D2,3,30,4382,4382,276,2470
R2,N2Vp1q2,N2V,1.0,2.0,D2,4,0,0,0,0,0
R2,N2Vp1q2,N2V,1.0,2.0,D2,4,1,3907,3907,219,2500
R2,N2Vp1q2,N2V,1.0,2.0,D2,4,2,8585,8585,466,2500
R2,N2Vp1q2,N2V,1.0,2.0,D2,4,3,7241,7241,462,2500
R2,N2Vp1q2,N2V,1.0,2.0,D2,4,4,6430,6430,429,2499
R2,N2Vp1q2,N2V,1.0,2.0,D2,4,5,5979,5979,412,2492
R2,N2Vp1q2,N2V,1.0,2.0,D2,4,6,5603,5603,351,2488
R2,N2Vp1q2,N2V,1.0,2.0,D2,4,7,5506,5506,367,2487
R2,N2Vp1q2,N2V,1.0,2.0,D2,4,8,5277,5277,338,2488
R2,N2Vp1q2,N2V,1.0,2.0,D2,4,9,5064,5064,353,2487
R2,N2Vp1q2,N2V,1.0,2.0,D2,4,10,4911,4911,323,2481
R2,N2Vp1q2,N2V,1.0,2.0,D2,4,11,4750,4750,289,2485
R2,N2Vp1q2,N2V,1.0,2.0,D2,4,12,4732,4732,279,2489
R2,N2Vp1q2,N2V,1.0,2.0,D2,4,13,4682,4682,303,2477
R2,N2Vp1q2,N2V,1.0,2.0,D2,4,14,4649,4649,300,2484
R2,N2Vp1q2,N2V,1.0,2.0,D2,4,15,4614,4614,294,2481
R2,N2Vp1q2,N2V,1.0,2.0,D2,4,16,4645,4645,299,2473
R2,N2Vp1q2,N2V,1.0,2.0,D2,4,17,4694,4694,279,2487
R2,N2Vp1q2,N2V,1.0,2.0,D2,4,18,4612,4612,295,2481
R2,N2Vp1q2,N2V,1.0,2.0,D2,4,19,4525,4525,292,2480
R2,N2Vp1q2,N2V,1.0,2.0,D2,4,20,4502,4502,285,2478
R2,N2Vp1q2,N2V,1.0,2.0,D2,4,21,4497,4497,264,2472
R2,N2Vp1q2,N2V,1.0,2.0,D2,4,22,4544,4544,276,2480
R2,N2Vp1q2,N2V,1.0,2.0,D2,4,23,4519,4519,280,2470
R2,N2Vp1q2,N2V,1.0,2.0,D2,4,24,4450,4450,270,2467
R2,N2Vp1q2,N2V,1.0,2.0,D2,4,25,4365,4365,269,2469
R2,N2Vp1q2,N2V,1.0,2.0,D2,4,26,4383,4383,306,2471
R2,N2Vp1q2,N2V,1.0,2.0,D2,4,27,4408,4408,275,2479
R2,N2Vp1q2,N2V,1.0,2.0,D2,4,28,4442,4442,291,2473
R2,N2Vp1q2,N2V,1.0,2.0,D2,4,29,4394,4394,288,2482
R2,N2Vp1q2,N2V,1.0,2.0,D2,4,30,4354,4354,276,2466
R2,N2Vp1q2,N2V,1.0,2.0,D2,5,0,0,0,0,0
R2,N2Vp1q2,N2V,1.0,2.0,D2,5,1,3934,3934,223,2500
R2,N2Vp1q2,N2V,1.0,2.0,D2,5,2,8494,8494,522,2500
R2,N2Vp1q2,N2V,1.0,2.0,D2,5,3,7232,7232,421,2500
R2,N2Vp1q2,N2V,1.0,2.0,D2,5,4,6506,6506,398,2498
R2,N2Vp1q2,N2V,1.0,2.0,D2,5,5,5907,5907,373,2496
R2,N2Vp1q2,N2V,1.0,2.0,D2,5,6,5604,5604,346,2489
R2,N2Vp1q2,N2V,1.0,2.0,D2,5,7,5423,5423,317,2493
R2,N2Vp1q2,N2V,1.0,2.0,D2,5,8,5127,5127,350,2491
R2,N2Vp1q2,N2V,1.0,2.0,D2,5,9,5015,5015,312,2488
R2,N2Vp1q2,N2V,1.0,2.0,D2,5,10,4908,4908,301,2484
R2,N2Vp1q2,N2V,1.0,2.0,D2,5,11,4875,4875,327,2480
R2,N2Vp1q2,N2V,1.0,2.0,D2,5,12,4807,4807,274,2487
R2,N2Vp1q2,N2V,1.0,2.0,D2,5,13,4676,4676,285,2472
R2,N2Vp1q2,N2V,1.0,2.0,D2,5,14,4665,4665,301,2481
R2,N2Vp1q2,N2V,1.0,2.0,D2,5,15,4572,4572,284,2484
R2,N2Vp1q2,N2V,1.0,2.0,D2,5,16,4545,4545,271,2474
R2,N2Vp1q2,N2V,1.0,2.0,D2,5,17,4565,4565,271,2485
R2,N2Vp1q2,N2V,1.0,2.0,D2,5,18,4489,4489,267,2476
R2,N2Vp1q2,N2V,1.0,2.0,D2,5,19,4480,4480,281,2473
R2,N2Vp1q2,N2V,1.0,2.0,D2,5,20,4441,4441,260,2481
R2,N2Vp1q2,N2V,1.0,2.0,D2,5,21,4516,4516,301,2477
R2,N2Vp1q2,N2V,1.0,2.0,D2,5,22,4458,4458,268,2479
R2,N2Vp1q2,N2V,1.0,2.0,D2,5,23,4429,4429,253,2479
R2,N2Vp1q2,N2V,1.0,2.0,D2,5,24,4425,4425,271,2472
R2,N2Vp1q2,N2V,1.0,2.0,D2,5,25,4370,4370,284,2475
R2,N2Vp1q2,N2V,1.0,2.0,D2,5,26,4421,4421,259,2480
R2,N2Vp1q2,N2V,1.0,2.0,D2,5,27,4411,4411,249,2462
R2,N2Vp1q2,N2V,1.0,2.0,D2,5,28,4350,4350,250,2480
R2,N2Vp1q2,N2V,1.0,2.0,D2,5,29,4399,4399,270,2472
R2,N2Vp1q2,N2V,1.0,2.0,D2,5,30,4410,4410,246,2479
R2,N2Vp1q2,N2V,1.0,2.0,D2,6,0,0,0,0,0
R2,N2Vp1q2,N2V,1.0,2.0,D2,6,1,3858,3858,225,2500
R2,N2Vp1q2,N2V,1.0,2.0,D2,6,2,8481,8481,479,2500
R2,N2Vp1q2,N2V,1.0,2.0,D2,6,3,7247,7247,437,2498
R2,N2Vp1q2,N2V,1.0,2.0,D2,6,4,6580,6580,385,2498
R2,N2Vp1q2,N2V,1.0,2.0,D2,6,5,6070,6070,391,2496
R2,N2Vp1q2,N2V,1.0,2.0,D2,6,6,5693,5693,344,2494
R2,N2Vp1q2,N2V,1.0,2.0,D2,6,7,5336,5336,347,2488
R2,N2Vp1q2,N2V,1.0,2.0,D2,6,8,5115,5115,327,2491
R2,N2Vp1q2,N2V,1.0,2.0,D2,6,9,5153,5153,353,2489
R2,N2Vp1q2,N2V,1.0,2.0,D2,6,10,4988,4988,324,2486
R2,N2Vp1q2,N2V,1.0,2.0,D2,6,11,4866,4866,331,2484
R2,N2Vp1q2,N2V,1.0,2.0,D2,6,12,4799,4799,308,2477
R2,N2Vp1q2,N2V,1.0,2.0,D2,6,13,4638,4638,289,2473
R2,N2Vp1q2,N2V,1.0,2.0,D2,6,14,4679,4679,316,2479
R2,N2Vp1q2,N2V,1.0,2.0,D2,6,15,4692,4692,299,2476
R2,N2Vp1q2,N2V,1.0,2.0,D2,6,16,4529,4529,310,2486
R2,N2Vp1q2,N2V,1.0,2.0,D2,6,17,4635,4635,337,2485
R2,N2Vp1q2,N2V,1.0,2.0,D2,6,18,4520,4520,276,2482
R2,N2Vp1q2,N2V,1.0,2.0,D2,6,19,4538,4538,303,2484
R2,N2Vp1q2,N2V,1.0,2.0,D2,6,20,4641,4641,293,2473
R2,N2Vp1q2,N2V,1.0,2.0,D2,6,21,4572,4572,273,2480
R2,N2Vp1q2,N2V,1.0,2.0,D2,6,22,4487,4487,284,2470
R2,N2Vp1q2,N2V,1.0,2.0,D2,6,23,4427,4427,277,2479
R2,N2Vp1q2,N2V,1.0,2.0,D2,6,24,4469,4469,247,2481
R2,N2Vp1q2,N2V,1.0,2.0,D2,6,25,4433,4433,258,2483
R2,N2Vp1q2,N2V,1.0,2.0,D2,6,26,4509,4509,272,2470
R2,N2Vp1q2,N2V,1.0,2.0,D2,6,27,4409,4409,286,2473
R2,N2Vp1q2,N2V,1.0,2.0,D2,6,28,4459,4459,267,2465
R2,N2Vp1q2,N2V,1.0,2.0,D2,6,29,4413,4413,306,2475
R2,N2Vp1q2,N2V,1.0,2.0,D2,6,30,4476,4476,295,2474
R2,N2Vp1q2,N2V,1.0,2.0,D2,7,0,0,0,0,0
R2,N2Vp1q2,N2V,1.0,2.0,D2,7,1,3910,3910,227,2500
R2,N2Vp1q2,N2V,1.0,2.0,D2,7,2,8527,8527,516,2500
R2,N2Vp1q2,N2V,1.0,2.0,D2,7,3,7236,7236,466,2499
R2,N2Vp1q2,N2V,1.0,2.0,D2,7,4,6549,6549,398,2499
R2,N2Vp1q2,N2V,1.0,2.0,D2,7,5,5928,5928,381,2499
R2,N2Vp1q2,N2V,1.0,2.0,D2,7,6,5584,5584,315,2496
R2,N2Vp1q2,N2V,1.0,2.0,D2,7,7,5435,5435,324,2489
R2,N2Vp1q2,N2V,1.0,2.0,D2,7,8,5230,5230,313,2491
R2,N2Vp1q2,N2V,1.0,2.0,D2,7,9,5108,5108,337,2487
R2,N2Vp1q2,N2V,1.0,2.0,D2,7,10,5017,5017,323,2489
R2,N2Vp1q2,N2V,1.0,2.0,D2,7,11,4901,4901,300,2484
R2,N2Vp1q2,N2V,1.0,2.0,D2,7,12,4783,4783,292,2488
R2,N2Vp1q2,N2V,1.0,2.0,D2,7,13,4756,4756,277,2487
R2,N2Vp1q2,N2V,1.0,2.0,D2,7,14,4718,4718,310,2476
R2,N2Vp1q2,N2V,1.0,2.0,D2,7,15,4665,4665,261,2483
R2,N2Vp1q2,N2V,1.0,2.0,D2,7,16,4623,4623,306,2485
R2,N2Vp1q2,N2V,1.0,2.0,D2,7,17,4545,4545,271,2480
R2,N2Vp1q2,N2V,1.0,2.0,D2,7,18,4536,4536,288,2481
R2,N2Vp1q2,N2V,1.0,2.0,D2,7,19,4507,4507,282,2463
R2,N2Vp1q2,N2V,1.0,2.0,D2,7,20,4493,4493,271,2479
R2,N2Vp1q2,N2V,1.0,2.0,D2,7,21,4536,4536,285,2489
R2,N2Vp1q2,N2V,1.0,2.0,D2,7,22,4405,4405,281,2475
R2,N2Vp1q2,N2V,1.0,2.0,D2,7,23,4320,4320,291,2457
R2,N2Vp1q2,N2V,1.0,2.0,D2,7,24,4287,4287,260,2477
R2,N2Vp1q2,N2V,1.0,2.0,D2,7,25,4323,4323,284,2477
R2,N2Vp1q2,N2V,1.0,2.0,D2,7,26,4396,4396,273,2471
R2,N2Vp1q2,N2V,1.0,2.0,D2,7,27,4348,4348,253,2461
R2,N2Vp1q2,N2V,1.0,2.0,D2,7,28,4474,4474,293,2471
R2,N2Vp1q2,N2V,1.0,2.0,D2,7,29,4309,4309,259,2472
R2,N2Vp1q2,N2V,1.0,2.0,D2,7,30,4321,4321,270,2469
R2,N2Vp1q2,N2V,1.0,2.0,D2,8,0,0,0,0,0
R2,N2Vp1q2,N2V,1.0,2.0,D2,8,1,3899,3899,232,2500
R2,N2Vp1q2,N2V,1.0,2.0,D2,8,2,8597,8597,460,2500
R2,N2Vp1q2,N2V,1.0,2.0,D2,8,3,7133,7133,405,2500
R2,N2Vp1q2,N2V,1.0,2.0,D2,8,4,6334,6334,417,2499
R2,N2Vp1q2,N2V,1.0,2.0,D2,8,5,5867,5867,369,2493
R2,N2Vp1q2,N2V,1.0,2.0,D2,8,6,5586,5586,348,2492
R2,N2Vp1q2,N2V,1.0,2.0,D2,8,7,5416,5416,324,2490
R2,N2Vp1q2,N2V,1.0,2.0,D2,8,8,5216,5216,317,2486
R2,N2Vp1q2,N2V,1.0,2.0,D2,8,9,5033,5033,317,2481
R2,N2Vp1q2,N2V,1.0,2.0,D2,8,10,4929,4929,354,2484
R2,N2Vp1q2,N2V,1.0,2.0,D2,8,11,4870,4870,335,2484
R2,N2Vp1q2,N2V,1.0,2.0,D2,8,12,4860,4860,316,2485
R2,N2Vp1q2,N2V,1.0,2.0,D2,8,13,4730,4730,279,2490
R2,N2Vp1q2,N2V,1.0,2.0,D2,8,14,4588,4588,294,2479
R2,N2Vp1q2,N2V,1.0,2.0,D2,8,15,4773,4773,318,2491
R2,N2Vp1q2,N2V,1.0,2.0,D2,8,16,4593,4593,294,2471
R2,N2Vp1q2,N2V,1.0,2.0,D2,8,17,4589,4589,312,2466
R2,N2Vp1q2,N2V,1.0,2.0,D2,8,18,4565,4565,276,2480
R2,N2Vp1q2,N2V,1.0,2.0,D2,8,19,4583,4583,281,2475
R2,N2Vp1q2,N2V,1.0,2.0,D2,8,20,4492,4492,254,2476
R2,N2Vp1q2,N2V,1.0,2.0,D2,8,21,4427,4427,273,2479
R2,N2Vp1q2,N2V,1.0,2.0,D2,8,22,4432,4432,269,2473
R2,N2Vp1q2,N2V,1.0,2.0,D2,8,23,4439,4439,288,2471
R2,N2Vp1q2,N2V,1.0,2.0,D2,8,24,4419,4419,271,2471
R2,N2Vp1q2,N2V,1.0,2.0,D2,8,25,4340,4340,271,2475
R2,N2Vp1q2,N2V,1.0,2.0,D2,8,26,4346,4346,273,2471
R2,N2Vp1q2,N2V,1.0,2.0,D2,8,27,4425,4425,311,2478
R2,N2Vp1q2,N2V,1.0,2.0,D2,8,28,4485,4485,310,2479
R2,N2Vp1q2,N2V,1.0,2.0,D2,8,29,4370,4370,278,2474
R2,N2Vp1q2,N2V,1.0,2.0,D2,8,30,4351,4351,265,2473
R2,N2Vp1q2,N2V,1.0,2.0,D2,9,0,0,0,0,0
R2,N2Vp1q2,N2V,1.0,2.0,D2,9,1,3911,3911,233,2500
R2,N2Vp1q2,N2V,1.0,2.0,D2,9,2,8526,8526,505,2500
R2,N2Vp1q2,N2V,1.0,2.0,D2,9,3,7205,7205,456,2500
R2,N2Vp1q2,N2V,1.0,2.0,D2,9,4,6547,6547,398,2496
R2,N2Vp1q2,N2V,1.0,2.0,D2,9,5,6033,6033,382,2497
R2,N2Vp1q2,N2V,1.0,2.0,D2,9,6,5661,5661,335,2494
R2,N2Vp1q2,N2V,1.0,2.0,D2,9,7,5517,5517,344,2493
R2,N2Vp1q2,N2V,1.0,2.0,D2,9,8,5171,5171,323,2483
R2,N2Vp1q2,N2V,1.0,2.0,D2,9,9,5048,5048,290,2484
R2,N2Vp1q2,N2V,1.0,2.0,D2,9,10,4866,4866,308,2484
R2,N2Vp1q2,N2V,1.0,2.0,D2,9,11,4808,4808,278,2478
R2,N2Vp1q2,N2V,1.0,2.0,D2,9,12,4794,4794,295,2489
R2,N2Vp1q2,N2V,1.0,2.0,D2,9,13,4695,4695,324,2472
R2,N2Vp1q2,N2V,1.0,2.0,D2,9,14,4623,4623,315,2478
R2,N2Vp1q2,N2V,1.0,2.0,D2,9,15,4565,4565,287,2483
R2,N2Vp1q2,N2V,1.0,2.0,D2,9,16,4513,4513,285,2476
R2,N2Vp1q2,N2V,1.0,2.0,D2,9,17,4463,4463,288,2479
R2,N2Vp1q2,N2V,1.0,2.0,D2,9,18,4429,4429,282,2481
R2,N2Vp1q2,N2V,1.0,2.0,D2,9,19,4416,4416,293,2476
R2,N2Vp1q2,N2V,1.0,2.0,D2,9,20,4320,4320,307,2459
R2,N2Vp1q2,N2V,1.0,2.0,D2,9,21,4432,4432,288,2478
R2,N2Vp1q2,N2V,1.0,2.0,D2,9,22,4462,4462,295,2472
R2,N2Vp1q2,N2V,1.0,2.0,D2,9,23,4487,4487,290,2473
R2,N2Vp1q2,N2V,1.0,2.0,D2,9,24,4418,4418,270,2471
R2,N2Vp1q2,N2V,1.0,2.0,D2,9,25,4385,4385,261,2477
R2,N2Vp1q2,N2V,1.0,2.0,D2,9,26,4398,4398,288,2469
R2,N2Vp1q2,N2V,1.0,2.0,D2,9,27,4386,4386,283,2469
R2,N2Vp1q2,N2V,1.0,2.0,D2,9,28,4479,4479,280,2468
R2,N2Vp1q2,N2V,1.0,2.0,D2,9,29,4450,4450,236,2470
R2,N2Vp1q2,N2V,1.0,2.0,D2,9,30,4488,4488,267,2473
R2,N2Vp1q2,N2V,1.0,2.0,D2,10,0,0,0,0,0
R2,N2Vp1q2,N2V,1.0,2.0,D2,10,1,3836,3836,228,2500
R2,N2Vp1q2,N2V,1.0,2.0,D2,10,2,8416,8416,499,2500
R2,N2Vp1q2,N2V,1.0,2.0,D2,10,3,7256,7256,451,2500
R2,N2Vp1q2,N2V,1.0,2.0,D2,10,4,6444,6444,400,2497
R2,N2Vp1q2,N2V,1.0,2.0,D2,10,5,5931,5931,379,2497
R2,N2Vp1q2,N2V,1.0,2.0,D2,10,6,5696,5696,400,2494
R2,N2Vp1q2,N2V,1.0,2.0,D2,10,7,5364,5364,333,2485
R2,N2Vp1q2,N2V,1.0,2.0,D2,10,8,5222,5222,335,2491
R2,N2Vp1q2,N2V,1.0,2.0,D2,10,9,5028,5028,264,2477
R2,N2Vp1q2,N2V,1.0,2.0,D2,10,10,4967,4967,341,2485
R2,N2Vp1q2,N2V,1.0,2.0,D2,10,11,4947,4947,321,2488
R2,N2Vp1q2,N2V,1.0,2.0,D2,10,12,4803,4803,299,2482
R2,N2Vp1q2,N2V,1.0,2.0,D2,10,13,4658,4658,279,2486
R2,N2Vp1q2,N2V,1.0,2.0,D2,10,14,4657,4657,290,2481
R2,N2Vp1q2,N2V,1.0,2.0,D2,10,15,4578,4578,285,2478
R2,N2Vp1q2,N2V,1.0,2.0,D2,10,16,4513,4513,295,2467
R2,N2Vp1q2,N2V,1.0,2.0,D2,10,17,4482,4482,263,2475
R2,N2Vp1q2,N2V,1.0,2.0,D2,10,18,4464,4464,273,2469
R2,N2Vp1q2,N2V,1.0,2.0,D2,10,19,4402,4402,276,2470
R2,N2Vp1q2,N2V,1.0,2.0,D2,10,20,4588,4588,277,2480
R2,N2Vp1q2,N2V,1.0,2.0,D2,10,21,4516,4516,284,2469
R2,N2Vp1q2,N2V,1.0,2.0,D2,10,22,4465,4465,282,2475
R2,N2Vp1q2,N2V,1.0,2.0,D2,10,23,4351,4351,278,2467
R2,N2Vp1q2,N2V,1.0,2.0,D2,10,24,4448,4448,252,2476
R2,N2Vp1q2,N2V,1.0,2.0,D2,10,25,4441,4441,239,2477
R2,N2Vp1q2,N2V,1.0,2.0,D2,10,26,4389,4389,267,2468
R2,N2Vp1q2,N2V,1.0,2.0,D2,10,27,4405,4405,290,2482
R2,N2Vp1q2,N2V,1.0,2.0,D2,10,28,4403,4403,289,2477
R2,N2Vp1q2,N2V,1.0,2.0,D2,10,29,4413,4413,278,2470
R2,N2Vp1q2,N2V,1.0,2.0,D2,10,30,4414,4414,272,2467
R2,RW,RW,,,D2,1,0,0,0,0,0
R2,RW,RW,,,D2,1,1,3826,3826,221,2500
R2,RW,RW,,,D2,1,2,8344,8344,493,2500
R2,RW,RW,,,D2,1,3,7166,7166,420,2500
R2,RW,RW,,,D2,1,4,6313,6313,366,2499
R2,RW,RW,,,D2,1,5,5815,5815,348,2491
R2,RW,RW,,,D2,1,6,5568,5568,334,2490
R2,RW,RW,,,D2,1,7,5290,5290,333,2496
R2,RW,RW,,,D2,1,8,5013,5013,303,2492
R2,RW,RW,,,D2,1,9,4912,4912,314,2484
R2,RW,RW,,,D2,1,10,4911,4911,314,2490
R2,RW,RW,,,D2,1,11,4946,4946,289,2481
R2,RW,RW,,,D2,1,12,4735,4735,298,2479
R2,RW,RW,,,D2,1,13,4701,4701,282,2483
R2,RW,RW,,,D2,1,14,4611,4611,302,2472
R2,RW,RW,,,D2,1,15,4708,4708,296,2481
R2,RW,RW,,,D2,1,16,4532,4532,273,2481
R2,RW,RW,,,D2,1,17,4457,4457,280,2486
R2,RW,RW,,,D2,1,18,4463,4463,284,2474
R2,RW,RW,,,D2,1,19,4393,4393,245,2477
R2,RW,RW,,,D2,1,20,4445,4445,257,2476
R2,RW,RW,,,D2,1,21,4374,4374,255,2487
R2,RW,RW,,,D2,1,22,4369,4369,274,2480
R2,RW,RW,,,D2,1,23,4355,4355,273,2479
R2,RW,RW,,,D2,1,24,4372,4372,293,2475
R2,RW,RW,,,D2,1,25,4321,4321,270,2473
R2,RW,RW,,,D2,1,26,4318,4318,267,2474
R2,RW,RW,,,D2,1,27,4323,4323,298,2467
R2,RW,RW,,,D2,1,28,4349,4349,273,2480
R2,RW,RW,,,D2,1,29,4346,4346,274,2468
R2,RW,RW,,,D2,1,30,4266,4266,266,2469
R2,RW,RW,,,D2,2,0,0,0,0,0
R2,RW,RW,,,D2,2,1,3896,3896,221,2500
R2,RW,RW,,,D2,2,2,8448,8448,479,2500
R2,RW,RW,,,D2,2,3,7219,7219,431,2499
R2,RW,RW,,,D2,2,4,6398,6398,399,2500
R2,RW,RW,,,D2,2,5,5814,5814,367,2497
R2,RW,RW,,,D2,2,6,5548,5548,331,2494
R2,RW,RW,,,D2,2,7,5396,5396,324,2494
R2,RW,RW,,,D2,2,8,5144,5144,353,2481
R2,RW,RW,,,D2,2,9,5056,5056,311,2492
R2,RW,RW,,,D2,2,10,4936,4936,307,2485
R2,RW,RW,,,D2,2,11,4798,4798,314,2485
R2,RW,RW,,,D2,2,12,4744,4744,300,2483
R2,RW,RW,,,D2,2,13,4660,4660,281,2481
R2,RW,RW,,,D2,2,14,4601,4601,282,2480
R2,RW,RW,,,D2,2,15,4584,4584,282,2481
R2,RW,RW,,,D2,2,16,4481,4481,289,2483
R2,RW,RW,,,D2,2,17,4415,4415,289,2465
R2,RW,RW,,,D2,2,18,4475,4475,293,2475
R2,RW,RW,,,D2,2,19,4283,4283,291,2473
R2,RW,RW,,,D2,2,20,4378,4378,266,2473
R2,RW,RW,,,D2,2,21,4415,4415,271,2466
R2,RW,RW,,,D2,2,22,4355,4355,282,2473
R2,RW,RW,,,D2,2,23,4362,4362,257,2476
R2,RW,RW,,,D2,2,24,4348,4348,260,2479
R2,RW,RW,,,D2,2,25,4440,4440,259,2473
R2,RW,RW,,,D2,2,26,4271,4271,257,2475
R2,RW,RW,,,D2,2,27,4346,4346,281,2467
R2,RW,RW,,,D2,2,28,4277,4277,244,2471
R2,RW,RW,,,D2,2,29,4222,4222,233,2468
R2,RW,RW,,,D2,2,30,4210,4210,228,2457
R2,RW,RW,,,D2,3,0,0,0,0,0
R2,RW,RW,,,D2,3,1,3888,3888,234,2500
R2,RW,RW,,,D2,3,2,8464,8464,494,2500
R2,RW,RW,,,D2,3,3,7188,7188,474,2500
R2,RW,RW,,,D2,3,4,6346,6346,386,2499
R2,RW,RW,,,D2,3,5,5854,5854,400,2492
R2,RW,RW,,,D2,3,6,5414,5414,357,2489
R2,RW,RW,,,D2,3,7,5265,5265,344,2487
R2,RW,RW,,,D2,3,8,5117,5117,335,2488
R2,RW,RW,,,D2,3,9,4951,4951,296,2488
R2,RW,RW,,,D2,3,10,4933,4933,291,2487
R2,RW,RW,,,D2,3,11,4787,4787,296,2488
R2,RW,RW,,,D2,3,12,4735,4735,335,2482
R2,RW,RW,,,D2,3,13,4714,4714,295,2481
R2,RW,RW,,,D2,3,14,4668,4668,295,2483
R2,RW,RW,,,D2,3,15,4517,4517,269,2481
R2,RW,RW,,,D2,3,16,4526,4526,302,2483
R2,RW,RW,,,D2,3,17,4493,4493,285,2479
R2,RW,RW,,,D2,3,18,4573,4573,304,2482
R2,RW,RW,,,D2,3,19,4437,4437,305,2476
R2,RW,RW,,,D2,3,20,4460,4460,289,2474
R2,RW,RW,,,D2,3,21,4470,4470,311,2476
R2,RW,RW,,,D2,3,22,4361,4361,257,2468
R2,RW,RW,,,D2,3,23,4364,4364,256,2473
R2,RW,RW,,,D2,3,24,4440,4440,248,2475
R2,RW,RW,,,D2,3,25,4427,4427,244,2476
R2,RW,RW,,,D2,3,26,4411,4411,287,2484
R2,RW,RW,,,D2,3,27,4380,4380,309,2483
R2,RW,RW,,,D2,3,28,4407,4407,269,2469
R2,RW,RW,,,D2,3,29,4331,4331,257,2463
R2,RW,RW,,,D2,3,30,4287,4287,275,2483
R2,RW,RW,,,D2,4,0,0,0,0,0
R2,RW,RW,,,D2,4,1,3907,3907,230,2500
R2,RW,RW,,,D2,4,2,8432,8432,456,2500
R2,RW,RW,,,D2,4,3,7131,7131,399,2500
R2,RW,RW,,,D2,4,4,6328,6328,365,2496
R2,RW,RW,,,D2,4,5,5938,5938,356,2495
R2,RW,RW,,,D2,4,6,5547,5547,324,2488
R2,RW,RW,,,D2,4,7,5342,5342,323,2489
R2,RW,RW,,,D2,4,8,5189,5189,310,2490
R2,RW,RW,,,D2,4,9,5037,5037,317,2486
R2,RW,RW,,,D2,4,10,4907,4907,308,2482
R2,RW,RW,,,D2,4,11,4860,4860,295,2486
R2,RW,RW,,,D2,4,12,4737,4737,304,2486
R2,RW,RW,,,D2,4,13,4628,4628,294,2479
R2,RW,RW,,,D2,4,14,4475,4475,274,2475
R2,RW,RW,,,D2,4,15,4552,4552,306,2480
R2,RW,RW,,,D2,4,16,4611,4611,281,2486
R2,RW,RW,,,D2,4,17,4461,4461,251,2472
R2,RW,RW,,,D2,4,18,4504,4504,251,2477
R2,RW,RW,,,D2,4,19,4422,4422,259,2479
R2,RW,RW,,,D2,4,20,4393,4393,305,2478
R2,RW,RW,,,D2,4,21,4382,4382,254,2475
R2,RW,RW,,,D2,4,22,4365,4365,253,2471
R2,RW,RW,,,D2,4,23,4247,4247,260,2467
R2,RW,RW,,,D2,4,24,4243,4243,266,2465
R2,RW,RW,,,D2,4,25,4371,4371,256,2466
R2,RW,RW,,,D2,4,26,4376,4376,255,2477
R2,RW,RW,,,D2,4,27,4450,4450,281,2477
R2,RW,RW,,,D2,4,28,4356,4356,288,2478
R2,RW,RW,,,D2,4,29,4307,4307,265,2477
R2,RW,RW,,,D2,4,30,4192,4192,284,2467
R2,RW,RW,,,D2,5,0,0,0,0,0
R2,RW,RW,,,D2,5,1,3865,3865,219,2500
R2,RW,RW,,,D2,5,2,8363,8363,470,2500
R2,RW,RW,,,D2,5,3,7012,7012,432,2500
R2,RW,RW,,,D2,5,4,6232,6232,379,2496
R2,RW,RW,,,D2,5,5,5751,5751,363,2496
R2,RW,RW,,,D2,5,6,5431,5431,304,2491
R2,RW,RW,,,D2,5,7,5109,5109,314,2489
R2,RW,RW,,,D2,5,8,5113,5113,366,2482
R2,RW,RW,,,D2,5,9,4945,4945,337,2483
R2,RW,RW,,,D2,5,10,4831,4831,300,2487
R2,RW,RW,,,D2,5,11,4821,4821,318,2475
R2,RW,RW,,,D2,5,12,4790,4790,308,2483
R2,RW,RW,,,D2,5,13,4663,4663,314,2488
R2,RW,RW,,,D2,5,14,4578,4578,314,2471
R2,RW,RW,,,D2,5,15,4566,4566,309,2476
R2,RW,RW,,,D2,5,16,4495,4495,296,2479
R2,RW,RW,,,D2,5,17,4475,4475,298,2482
R2,RW,RW,,,D2,5,18,4485,4485,292,2476
R2,RW,RW,,,D2,5,19,4477,4477,279,2473
R2,RW,RW,,,D2,5,20,4504,4504,308,2466
R2,RW,RW,,,D2,5,21,4423,4423,265,2471
R2,RW,RW,,,D2,5,22,4311,4311,282,2479
R2,RW,RW,,,D2,5,23,4402,4402,311,2471
R2,RW,RW,,,D2,5,24,4269,4269,270,2470
R2,RW,RW,,,D2,5,25,4223,4223,249,2472
R2,RW,RW,,,D2,5,26,4277,4277,267,2468
R2,RW,RW,,,D2,5,27,4248,4248,263,2471
R2,RW,RW,,,D2,5,28,4218,4218,236,2478
R2,RW,RW,,,D2,5,29,4287,4287,268,2472
R2,RW,RW,,,D2,5,30,4252,4252,253,2457
R2,RW,RW,,,D2,6,0,0,0,0,0
R2,RW,RW,,,D2,6,1,3869,3869,209,2500
R2,RW,RW,,,D2,6,2,8441,8441,478,2500
R2,RW,RW,,,D2,6,3,7054,7054,447,2498
R2,RW,RW,,,D2,6,4,6402,6402,441,2497
R2,RW,RW,,,D2,6,5,5970,5970,355,2499
R2,RW,RW,,,D2,6,6,5597,5597,353,2489
R2,RW,RW,,,D2,6,7,5295,5295,323,2493
R2,RW,RW,,,D2,6,8,4989,4989,322,2481
R2,RW,RW,,,D2,6,9,4798,4798,336,2482
R2,RW,RW,,,D2,6,10,4827,4827,303,2482
R2,RW,RW,,,D2,6,11,4737,4737,280,2484
R2,RW,RW,,,D2,6,12,4626,4626,279,2481
R2,RW,RW,,,D2,6,13,4684,4684,271,2478
R2,RW,RW,,,D2,6,14,4536,4536,277,2483
R2,RW,RW,,,D2,6,15,4548,4548,329,2475
R2,RW,RW,,,D2,6,16,4410,4410,267,2479
R2,RW,RW,,,D2,6,17,4331,4331,249,2479
R2,RW,RW,,,D2,6,18,4322,4322,257,2467
R2,RW,RW,,,D2,6,19,4461,4461,282,2469
R2,RW,RW,,,D2,6,20,4369,4369,276,2473
R2,RW,RW,,,D2,6,21,4374,4374,265,2469
R2,RW,RW,,,D2,6,22,4371,4371,280,2480
R2,RW,RW,,,D2,6,23,4371,4371,288,2482
R2,RW,RW,,,D2,6,24,4317,4317,272,2474
R2,RW,RW,,,D2,6,25,4340,4340,296,2477
R2,RW,RW,,,D2,6,26,4257,4257,265,2470
R2,RW,RW,,,D2,6,27,4152,4152,267,2468
R2,RW,RW,,,D2,6,28,4229,4229,286,2476
R2,RW,RW,,,D2,6,29,4191,4191,255,2467
R2,RW,RW,,,D2,6,30,4340,4340,286,2470
R2,RW,RW,,,D2,7,0,0,0,0,0
R2,RW,RW,,,D2,7,1,3880,3880,221,2500
R2,RW,RW,,,D2,7,2,8370,8370,452,2500
R2,RW,RW,,,D2,7,3,6969,6969,427,2499
R2,RW,RW,,,D2,7,4,6220,6220,377,2499
R2,RW,RW,,,D2,7,5,5789,5789,388,2494
R2,RW,RW,,,D2,7,6,5399,5399,370,2493
R2,RW,RW,,,D2,7,7,5138,5138,315,2482
R2,RW,RW,,,D2,7,8,4996,4996,314,2488
R2,RW,RW,,,D2,7,9,4889,4889,313,2483
R2,RW,RW,,,D2,7,10,4819,4819,309,2484
R2,RW,RW,,,D2,7,11,4795,4795,306,2483
R2,RW,RW,,,D2,7,12,4735,4735,287,2481
R2,RW,RW,,,D2,7,13,4626,4626,297,2481
R2,RW,RW,,,D2,7,14,4647,4647,268,2486
R2,RW,RW,,,D2,7,15,4560,4560,277,2480
R2,RW,RW,,,D2,7,16,4475,4475,261,2480
R2,RW,RW,,,D2,7,17,4477,4477,299,2481
R2,RW,RW,,,D2,7,18,4438,4438,282,2474
R2,RW,RW,,,D2,7,19,4448,4448,305,2485
R2,RW,RW,,,D2,7,20,4420,4420,280,2477
R2,RW,RW,,,D2,7,21,4289,4289,274,2475
R2,RW,RW,,,D2,7,22,4363,4363,259,2474
R2,RW,RW,,,D2,7,23,4429,4429,300,2475
R2,RW,RW,,,D2,7,24,4360,4360,247,2470
R2,RW,RW,,,D2,7,25,4323,4323,269,2469
R2,RW,RW,,,D2,7,26,4354,4354,264,2478
R2,RW,RW,,,D2,7,27,4293,4293,273,2472
R2,RW,RW,,,D2,7,28,4264,4264,266,2460
R2,RW,RW,,,D2,7,29,4241,4241,266,2479
R2,RW,RW,,,D2,7,30,4287,4287,297,2467
R2,RW,RW,,,D2,8,0,0,0,0,0
R2,RW,RW,,,D2,8,1,3884,3884,239,2500
R2,RW,RW,,,D2,8,2,8457,8457,512,2500
R2,RW,RW,,,D2,8,3,7143,7143,455,2500
R2,RW,RW,,,D2,8,4,6439,6439,423,2497
R2,RW,RW,,,D2,8,5,5828,5828,381,2492
R2,RW,RW,,,D2,8,6,5425,5425,343,2490
R2,RW,RW,,,D2,8,7,5160,5160,307,2490
R2,RW,RW,,,D2,8,8,5017,5017,326,2483
R2,RW,RW,,,D2,8,9,4890,4890,308,2488
R2,RW,RW,,,D2,8,10,4745,4745,322,2477
R2,RW,RW,,,D2,8,11,4722,4722,337,2477
R2,RW,RW,,,D2,8,12,4712,4712,309,2487
R2,RW,RW,,,D2,8,13,4663,4663,271,2487
R2,RW,RW,,,D2,8,14,4663,4663,273,2484
R2,RW,RW,,,D2,8,15,4754,4754,297,2481
R2,RW,RW,,,D2,8,16,4710,4710,311,2488
R2,RW,RW,,,D2,8,17,4587,4587,300,2479
R2,RW,RW,,,D2,8,18,4597,4597,313,2481
R2,RW,RW,,,D2,8,19,4529,4529,309,2484
R2,RW,RW,,,D2,8,20,4509,4509,333,2478
R2,RW,RW,,,D2,8,21,4485,4485,302,2476
R2,RW,RW,,,D2,8,22,4447,4447,293,2485
R2,RW,RW,,,D2,8,23,4385,4385,293,2472
R2,RW,RW,,,D2,8,24,4358,4358,256,2473
R2,RW,RW,,,D2,8,25,4324,4324,274,2480
R2,RW,RW,,,D2,8,26,4175,4175,273,2478
R2,RW,RW,,,D2,8,27,4285,4285,313,2466
R2,RW,RW,,,D2,8,28,4218,4218,279,2461
R2,RW,RW,,,D2,8,29,4249,4249,265,2467
R2,RW,RW,,,D2,8,30,4303,4303,284,2477
R2,RW,RW,,,D2,9,0,0,0,0,0
R2,RW,RW,,,D2,9,1,3931,3931,234,2500
R2,RW,RW,,,D2,9,2,8564,8564,481,2500
R2,RW,RW,,,D2,9,3,7188,7188,425,2499
R2,RW,RW,,,D2,9,4,6362,6362,399,2499
R2,RW,RW,,,D2,9,5,5913,5913,372,2497
R2,RW,RW,,,D2,9,6,5655,5655,408,2493
R2,RW,RW,,,D2,9,7,5378,5378,329,2488
R2,RW,RW,,,D2,9,8,5138,5138,331,2485
R2,RW,RW,,,D2,9,9,5012,5012,312,2481
R2,RW,RW,,,D2,9,10,4953,4953,331,2494
R2,RW,RW,,,D2,9,11,4786,4786,290,2486
R2,RW,RW,,,D2,9,12,4770,4770,291,2487
R2,RW,RW,,,D2,9,13,4699,4699,320,2478
R2,RW,RW,,,D2,9,14,4666,4666,275,2478
R2,RW,RW,,,D2,9,15,4571,4571,311,2474
R2,RW,RW,,,D2,9,16,4553,4553,269,2485
R2,RW,RW,,,D2,9,17,4543,4543,289,2486
R2,RW,RW,,,D2,9,18,4499,4499,305,2475
R2,RW,RW,,,D2,9,19,4446,4446,286,2467
R2,RW,RW,,,D2,9,20,4505,4505,281,2475
R2,RW,RW,,,D2,9,21,4481,4481,268,2479
R2,RW,RW,,,D2,9,22,4281,4281,297,2473
R2,RW,RW,,,D2,9,23,4325,4325,282,2472
R2,RW,RW,,,D2,9,24,4224,4224,305,2471
R2,RW,RW,,,D2,9,25,4310,4310,287,2469
R2,RW,RW,,,D2,9,26,4257,4257,238,2474
R2,RW,RW,,,D2,9,27,4257,4257,254,2459
R2,RW,RW,,,D2,9,28,4250,4250,268,2470
R2,RW,RW,,,D2,9,29,4287,4287,266,2471
R2,RW,RW,,,D2,9,30,4268,4268,288,2475
R2,RW,RW,,,D2,10,0,0,0,0,0
R2,RW,RW,,,D2,10,1,3862,3862,224,2500
R2,RW,RW,,,D2,10,2,8427,8427,484,2500
R2,RW,RW,,,D2,10,3,7096,7096,435,2500
R2,RW,RW,,,D2,10,4,6301,6301,379,2497
R2,RW,RW,,,D2,10,5,5841,5841,390,2491
R2,RW,RW,,,D2,10,6,5599,5599,345,2496
R2,RW,RW,,,D2,10,7,5254,5254,341,2495
R2,RW,RW,,,D2,10,8,5014,5014,325,2490
R2,RW,RW,,,D2,10,9,5065,5065,327,2481
R2,RW,RW,,,D2,10,10,4793,4793,301,2485
R2,RW,RW,,,D2,10,11,4821,4821,297,2478
R2,RW,RW,,,D2,10,12,4671,4671,282,2485
R2,RW,RW,,,D2,10,13,4603,4603,323,2475
R2,RW,RW,,,D2,10,14,4475,4475,292,2482
R2,RW,RW,,,D2,10,15,4534,4534,288,2485
R2,RW,RW,,,D2,10,16,4536,4536,326,2470
R2,RW,RW,,,D2,10,17,4449,4449,277,2475
R2,RW,RW,,,D2,10,18,4348,4348,284,2481
R2,RW,RW,,,D2,10,19,4356,4356,282,2470
R2,RW,RW,,,D2,10,20,4382,4382,276,2478
R2,RW,RW,,,D2,10,21,4334,4334,288,2479
R2,RW,RW,,,D2,10,22,4377,4377,223,2477
R2,RW,RW,,,D2,10,23,4248,4248,278,2481
R2,RW,RW,,,D2,10,24,4351,4351,254,2471
R2,RW,RW,,,D2,10,25,4311,4311,237,2472
R2,RW,RW,,,D2,10,26,4292,4292,271,2469
R2,RW,RW,,,D2,10,27,4350,4350,244,2477
R2,RW,RW,,,D2,10,28,4262,4262,260,2476
R2,RW,RW,,,D2,10,29,4296,4296,280,2479
R2,RW,RW,,,D2,10,30,4313,4313,238,2476
R2,RWD,RWD,,,D2,1,0,0,0,0,0
R2,RWD,RWD,,,D2,1,1,3906,3906,227,2500
R2,RWD,RWD,,,D2,1,2,8538,8538,553,2500
R2,RWD,RWD,,,D2,1,3,7007,7007,490,2497
R2,RWD,RWD,,,D2,1,4,6280,6280,544,2496
R2,RWD,RWD,,,D2,1,5,5818,5818,562,2497
R2,RWD,RWD,,,D2,1,6,5496,5496,602,2488
R2,RWD,RWD,,,D2,1,7,5103,5103,671,2484
R2,RWD,RWD,,,D2,1,8,5010,5010,756,2476
R2,RWD,RWD,,,D2,1,9,4825,4825,907,2474
R2,RWD,RWD,,,D2,1,10,4863,4863,1190,2465
R2,RWD,RWD,,,D2,1,11,4917,4917,1434,2461
R2,RWD,RWD,,,D2,1,12,5008,5008,1788,2463
R2,RWD,RWD,,,D2,1,13,5201,5201,2254,2481
R2,RWD,RWD,,,D2,1,14,5206,5206,2635,2468
R2,RWD,RWD,,,D2,1,15,5466,5466,3154,2464
R2,RWD,RWD,,,D2,1,16,5622,5622,3661,2472
R2,RWD,RWD,,,D2,1,17,5705,5705,4047,2475
R2,RWD,RWD,,,D2,1,18,5671,5671,4395,2473
R2,RWD,RWD,,,D2,1,19,5747,5747,4860,2476
R2,RWD,RWD,,,D2,1,20,5757,5757,5141,2480
R2,RWD,RWD,,,D2,1,21,5837,5837,5418,2476
R2,RWD,RWD,,,D2,1,22,5959,5959,5640,2479
R2,RWD,RWD,,,D2,1,23,5973,5973,5752,2487
R2,RWD,RWD,,,D2,1,24,6132,6132,5949,2484
R2,RWD,RWD,,,D2,1,25,6299,6299,6121,2480
R2,RWD,RWD,,,D2,1,26,6363,6363,6246,2482
R2,RWD,RWD,,,D2,1,27,6605,6605,6499,2488
R2,RWD,RWD,,,D2,1,28,6490,6490,6394,2490
R2,RWD,RWD,,,D2,1,29,6442,6442,6356,2487
R2,RWD,RWD,,,D2,1,30,6579,6579,6481,2494
R2,RWD,RWD,,,D2,2,0,0,0,0,0
R2,RWD,RWD,,,D2,2,1,3844,3844,208,2500
R2,RWD,RWD,,,D2,2,2,8282,8282,493,2500
R2,RWD,RWD,,,D2,2,3,7095,7095,507,2498
R2,RWD,RWD,,,D2,2,4,6388,6388,527,2494
R2,RWD,RWD,,,D2,2,5,5769,5769,499,2491
R2,RWD,RWD,,,D2,2,6,5476,5476,606,2488
R2,RWD,RWD,,,D2,2,7,5245,5245,588,2480
R2,RWD,RWD,,,D2,2,8,4998,4998,675,2476
R2,RWD,RWD,,,D2,2,9,4918,4918,837,2471
R2,RWD,RWD,,,D2,2,10,4941,4941,1041,2481
R2,RWD,RWD,,,D2,2,11,4888,4888,1229,2475
R2,RWD,RWD,,,D2,2,12,4924,4924,1437,2465
R2,RWD,RWD,,,D2,2,13,4950,4950,1750,2470
R2,RWD,RWD,,,D2,2,14,5007,5007,2076,2460
R2,RWD,RWD,,,D2,2,15,5116,5116,2469,2465
R2,RWD,RWD,,,D2,2,16,5131,5131,2818,2456
R2,RWD,RWD,,,D2,2,17,5221,5221,3145,2444
R2,RWD,RWD,,,D2,2,18,5294,5294,3494,2467
R2,RWD,RWD,,,D2,2,19,5399,5399,3891,2454
R2,RWD,RWD,,,D2,2,20,5552,5552,4355,2465
R2,RWD,RWD,,,D2,2,21,5696,5696,4793,2471
R2,RWD,RWD,,,D2,2,22,5958,5958,5280,2474
R2,RWD,RWD,,,D2,2,23,6043,6043,5658,2475
R2,RWD,RWD,,,D2,2,24,6154,6154,5882,2484
R2,RWD,RWD,,,D2,2,25,6230,6230,6034,2484
R2,RWD,RWD,,,D2,2,26,6453,6453,6261,2482
R2,RWD,RWD,,,D2,2,27,6188,6188,6047,2478
R2,RWD,RWD,,,D2,2,28,6246,6246,6136,2479
R2,RWD,RWD,,,D2,2,29,6438,6438,6335,2483
R2,RWD,RWD,,,D2,2,30,6430,6430,6351,2487
R2,RWD,RWD,,,D2,3,0,0,0,0,0
R2,RWD,RWD,,,D2,3,1,3868,3868,218,2500
R2,RWD,RWD,,,D2,3,2,8396,8396,490,2500
R2,RWD,RWD,,,D2,3,3,6991,6991,497,2499
R2,RWD,RWD,,,D2,3,4,6286,6286,499,2493
R2,RWD,RWD,,,D2,3,5,5631,5631,508,2494
R2,RWD,RWD,,,D2,3,6,5350,5350,538,2484
R2,RWD,RWD,,,D2,3,7,5188,5188,585,2493
R2,RWD,RWD,,,D2,3,8,5018,5018,627,2476
R2,RWD,RWD,,,D2,3,9,4909,4909,774,2467
R2,RWD,RWD,,,D2,3,10,4868,4868,948,2466
R2,RWD,RWD,,,D2,3,11,4907,4907,1147,2465
R2,RWD,RWD,,,D2,3,12,4757,4757,1370,2458
R2,RWD,RWD,,,D2,3,13,4896,4896,1722,2460
R2,RWD,RWD,,,D2,3,14,4997,4997,2173,2463
R2,RWD,RWD,,,D2,3,15,5213,5213,2615,2461
R2,RWD,RWD,,,D2,3,16,5319,5319,3161,2453
R2,RWD,RWD,,,D2,3,17,5552,5552,3769,2478
R2,RWD,RWD,,,D2,3,18,5818,5818,4423,2473
R2,RWD,RWD,,,D2,3,19,5741,5741,4790,2474
R2,RWD,RWD,,,D2,3,20,5805,5805,5098,2475
R2,RWD,RWD,,,D2,3,21,5949,5949,5500,2479
R2,RWD,RWD,,,D2,3,22,5902,5902,5615,2473
R2,RWD,RWD,,,D2,3,23,5907,5907,5677,2474
R2,RWD,RWD,,,D2,3,24,5853,5853,5644,2489
R2,RWD,RWD,,,D2,3,25,5711,5711,5544,2474
R2,RWD,RWD,,,D2,3,26,5994,5994,5866,2482
R2,RWD,RWD,,,D2,3,27,5930,5930,5800,2474
R2,RWD,RWD,,,D2,3,28,6051,6051,5932,2476
R2,RWD,RWD,,,D2,3,29,6020,6020,5935,2467
R2,RWD,RWD,,,D2,3,30,6239,6239,6142,2480
R2,RWD,RWD,,,D2,4,0,0,0,0,0
R2,RWD,RWD,,,D2,4,1,3889,3889,218,2500
R2,RWD,RWD,,,D2,4,2,8405,8405,537,2500
R2,RWD,RWD,,,D2,4,3,7004,7004,496,2497
R2,RWD,RWD,,,D2,4,4,6231,6231,520,2491
R2,RWD,RWD,,,D2,4,5,5810,5810,535,2489
R2,RWD,RWD,,,D2,4,6,5464,5464,657,2482
R2,RWD,RWD,,,D2,4,7,5336,5336,790,2484
R2,RWD,RWD,,,D2,4,8,5132,5132,894,2473
R2,RWD,RWD,,,D2,4,9,5038,5038,1087,2470
R2,RWD,RWD,,,D2,4,10,4985,4985,1394,2473
R2,RWD,RWD,,,D2,4,11,5041,5041,1677,2458
R2,RWD,RWD,,,D2,4,12,5153,5153,2075,2459
R2,RWD,RWD,,,D2,4,13,5370,5370,2570,2469
R2,RWD,RWD,,,D2,4,14,5509,5509,3115,2465
R2,RWD,RWD,,,D2,4,15,5632,5632,3585,2471
R2,RWD,RWD,,,D2,4,16,5765,5765,4160,2464
R2,RWD,RWD,,,D2,4,17,5938,5938,4672,2474
R2,RWD,RWD,,,D2,4,18,6075,6075,5101,2476
R2,RWD,RWD,,,D2,4,19,6106,6106,5411,2487
R2,RWD,RWD,,,D2,4,20,6047,6047,5555,2478
R2,RWD,RWD,,,D2,4,21,5950,5950,5603,2478
R2,RWD,RWD,,,D2,4,22,5951,5951,5696,2479
R2,RWD,RWD,,,D2,4,23,6154,6154,5951,2483
R2,RWD,RWD,,,D2,4,24,6303,6303,6123,2481
R2,RWD,RWD,,,D2,4,25,6302,6302,6161,2482
R2,RWD,RWD,,,D2,4,26,6570,6570,6417,2493
R2,RWD,RWD,,,D2,4,27,6639,6639,6478,2488
R2,RWD,RWD,,,D2,4,28,6811,6811,6667,2489
R2,RWD,RWD,,,D2,4,29,6716,6716,6609,2495
R2,RWD,RWD,,,D2,4,30,6556,6556,6471,2490
R2,RWD,RWD,,,D2,5,0,0,0,0,0
R2,RWD,RWD,,,D2,5,1,3926,3926,228,2500
R2,RWD,RWD,,,D2,5,2,8508,8508,506,2500
R2,RWD,RWD,,,D2,5,3,7132,7132,487,2500
R2,RWD,RWD,,,D2,5,4,6375,6375,525,2493
R2,RWD,RWD,,,D2,5,5,5832,5832,510,2495
R2,RWD,RWD,,,D2,5,6,5451,5451,560,2478
R2,RWD,RWD,,,D2,5,7,5226,5226,643,2481
R2,RWD,RWD,,,D2,5,8,4979,4979,716,2479
R2,RWD,RWD,,,D2,5,9,4923,4923,825,2465
R2,RWD,RWD,,,D2,5,10,4829,4829,1034,2469
R2,RWD,RWD,,,D2,5,11,4910,4910,1256,2469
R2,RWD,RWD,,,D2,5,12,4901,4901,1562,2461
R2,RWD,RWD,,,D2,5,13,5007,5007,1916,2462
R2,RWD,RWD,,,D2,5,14,5104,5104,2237,2471
R2,RWD,RWD,,,D2,5,15,5230,5230,2706,2453
R2,RWD,RWD,,,D2,5,16,5462,5462,3250,2464
R2,RWD,RWD,,,D2,5,17,5579,5579,3722,2456
R2,RWD,RWD,,,D2,5,18,5824,5824,4405,2473
R2,RWD,RWD,,,D2,5,19,5927,5927,4894,2472
R2,RWD,RWD,,,D2,5,20,6169,6169,5377,2486
R2,RWD,RWD,,,D2,5,21,6174,6174,5662,2482
R2,RWD,RWD,,,D2,5,22,6261,6261,5846,2485
R2,RWD,RWD,,,D2,5,23,6255,6255,5931,2485
R2,RWD,RWD,,,D2,5,24,6310,6310,6056,2486
R2,RWD,RWD,,,D2,5,25,6321,6321,6105,2485
R2,RWD,RWD,,,D2,5,26,6466,6466,6237,2483
R2,RWD,RWD,,,D2,5,27,6136,6136,5977,2482
R2,RWD,RWD,,,D2,5,28,6171,6171,6044,2498
R2,RWD,RWD,,,D2,5,29,6019,6019,5913,2487
R2,RWD,RWD,,,D2,5,30,6090,6090,5981,2483
R2,RWD,RWD,,,D2,6,0,0,0,0,0
R2,RWD,RWD,,,D2,6,1,3857,3857,228,2500
R2,RWD,RWD,,,D2,6,2,8432,8432,508,2500
R2,RWD,RWD,,,D2,6,3,7048,7048,452,2499
R2,RWD,RWD,,,D2,6,4,6462,6462,463,2497
R2,RWD,RWD,,,D2,6,5,5873,5873,482,2488
R2,RWD,RWD,,,D2,6,6,5538,5538,579,2483
R2,RWD,RWD,,,D2,6,7,5213,5213,621,2489
R2,RWD,RWD,,,D2,6,8,5002,5002,662,2477
R2,RWD,RWD,,,D2,6,9,4870,4870,814,2471
R2,RWD,RWD,,,D2,6,10,4900,4900,949,2466
R2,RWD,RWD,,,D2,6,11,4837,4837,1247,2453
R2,RWD,RWD,,,D2,6,12,4854,4854,1440,2462
R2,RWD,RWD,,,D2,6,13,4945,4945,1819,2459
R2,RWD,RWD,,,D2,6,14,4966,4966,2203,2464
R2,RWD,RWD,,,D2,6,15,5195,5195,2762,2455
R2,RWD,RWD,,,D2,6,16,5376,5376,3363,2469
R2,RWD,RWD,,,D2,6,17,5459,5459,3843,2458
R2,RWD,RWD,,,D2,6,18,5549,5549,4235,2471
R2,RWD,RWD,,,D2,6,19,5539,5539,4579,2467
R2,RWD,RWD,,,D2,6,20,5645,5645,4946,2468
R2,RWD,RWD,,,D2,6,21,5778,5778,5242,2481
R2,RWD,RWD,,,D2,6,22,5848,5848,5467,2473
R2,RWD,RWD,,,D2,6,23,5871,5871,5618,2475
R2,RWD,RWD,,,D2,6,24,5993,5993,5819,2485
R2,RWD,RWD,,,D2,6,25,6011,6011,5855,2482
R2,RWD,RWD,,,D2,6,26,6194,6194,6076,2491
R2,RWD,RWD,,,D2,6,27,5947,5947,5852,2489
R2,RWD,RWD,,,D2,6,28,5895,5895,5800,2482
R2,RWD,RWD,,,D2,6,29,5876,5876,5791,2479
R2,RWD,RWD,,,D2,6,30,5910,5910,5844,2476
R2,RWD,RWD,,,D2,7,0,0,0,0,0
R2,RWD,RWD,,,D2,7,1,3857,3857,244,2500
R2,RWD,RWD,,,D2,7,2,8393,8393,516,2500
R2,RWD,RWD,,,D2,7,3,7065,7065,512,2498
R2,RWD,RWD,,,D2,7,4,6319,6319,521,2494
R2,RWD,RWD,,,D2,7,5,5779,5779,522,2488
R2,RWD,RWD,,,D2,7,6,5486,5486,581,2479
R2,RWD,RWD,,,D2,7,7,5322,5322,685,2484
R2,RWD,RWD,,,D2,7,8,5113,5113,814,2473
R2,RWD,RWD,,,D2,7,9,4962,4962,910,2479
R2,RWD,RWD,,,D2,7,10,4915,4915,1130,2470
R2,RWD,RWD,,,D2,7,11,4961,4961,1465,2467
R2,RWD,RWD,,,D2,7,12,5045,5045,1840,2462
R2,RWD,RWD,,,D2,7,13,5161,5161,2248,2459
R2,RWD,RWD,,,D2,7,14,5294,5294,2763,2472
R2,RWD,RWD,,,D2,7,15,5449,5449,3288,2460
R2,RWD,RWD,,,D2,7,16,5672,5672,3885,2464
R2,RWD,RWD,,,D2,7,17,5940,5940,4493,2472
R2,RWD,RWD,,,D2,7,18,5999,5999,4971,2469
R2,RWD,RWD,,,D2,7,19,6098,6098,5417,2476
R2,RWD,RWD,,,D2,7,20,6333,6333,5828,2478
R2,RWD,RWD,,,D2,7,21,6360,6360,5981,2484
R2,RWD,RWD,,,D2,7,22,6461,6461,6138,2491
R2,RWD,RWD,,,D2,7,23,6373,6373,6131,2491
R2,RWD,RWD,,,D2,7,24,6359,6359,6149,2487
R2,RWD,RWD,,,D2,7,25,6425,6425,6255,2483
R2,RWD,RWD,,,D2,7,26,6446,6446,6260,2491
R2,RWD,RWD,,,D2,7,27,6535,6535,6392,2487
R2,RWD,RWD,,,D2,7,28,6389,6389,6237,2487
R2,RWD,RWD,,,D2,7,29,6435,6435,6322,2486
R2,RWD,RWD,,,D2,7,30,6592,6592,6472,2491
R2,RWD,RWD,,,D2,8,0,0,0,0,0
R2,RWD,RWD,,,D2,8,1,3903,3903,227,2500
R2,RWD,RWD,,,D2,8,2,8471,8471,535,2500
R2,RWD,RWD,,,D2,8,3,7038,7038,485,2500
R2,RWD,RWD,,,D2,8,4,6220,6220,502,2489
R2,RWD,RWD,,,D2,8,5,5760,5760,537,2481
R2,RWD,RWD,,,D2,8,6,5407,5407,580,2478
R2,RWD,RWD,,,D2,8,7,5253,5253,683,2481
R2,RWD,RWD,,,D2,8,8,5110,5110,741,2474
R2,RWD,RWD,,,D2,8,9,4922,4922,858,2471
R2,RWD,RWD,,,D2,8,10,4988,4988,1064,2475
R2,RWD,RWD,,,D2,8,11,4843,4843,1206,2460
R2,RWD,RWD,,,D2,8,12,4954,4954,1519,2471
R2,RWD,RWD,,,D2,8,13,4861,4861,1846,2460
R2,RWD,RWD,,,D2,8,14,5030,5030,2176,2447
R2,RWD,RWD,,,D2,8,15,5083,5083,2567,2466
R2,RWD,RWD,,,D2,8,16,5221,5221,2983,2463
R2,RWD,RWD,,,D2,8,17,5388,5388,3497,2463
R2,RWD,RWD,,,D2,8,18,5446,5446,3944,2464
R2,RWD,RWD,,,D2,8,19,5525,5525,4395,2463
R2,RWD,RWD,,,D2,8,20,5610,5610,4765,2471
R2,RWD,RWD,,,D2,8,21,5805,5805,5218,2465
R2,RWD,RWD,,,D2,8,22,5868,5868,5475,2472
R2,RWD,RWD,,,D2,8,23,5992,5992,5711,2469
R2,RWD,RWD,,,D2,8,24,6185,6185,5948,2482
R2,RWD,RWD,,,D2,8,25,6265,6265,6051,2480
R2,RWD,RWD,,,D2,8,26,6229,6229,6082,2486
R2,RWD,RWD,,,D2,8,27,6237,6237,6112,2480
R2,RWD,RWD,,,D2,8,28,6245,6245,6117,2485
R2,RWD,RWD,,,D2,8,29,6478,6478,6395,2485
R2,RWD,RWD,,,D2,8,30,6333,6333,6246,2480
R2,RWD,RWD,,,D2,9,0,0,0,0,0
R2,RWD,RWD,,,D2,9,1,3826,3826,222,2500
R2,RWD,RWD,,,D2,9,2,8408,8408,496,2500
R2,RWD,RWD,,,D2,9,3,7139,7139,500,2497
R2,RWD,RWD,,,D2,9,4,6327,6327,503,2495
R2,RWD,RWD,,,D2,9,5,5859,5859,533,2492
R2,RWD,RWD,,,D2,9,6,5470,5470,544,2485
R2,RWD,RWD,,,D2,9,7,5365,5365,626,2489
R2,RWD,RWD,,,D2,9,8,5049,5049,653,2472
R2,RWD,RWD,,,D2,9,9,4913,4913,769,2464
R2,RWD,RWD,,,D2,9,10,4951,4951,1013,2462
R2,RWD,RWD,,,D2,9,11,4846,4846,1217,2458
R2,RWD,RWD,,,D2,9,12,4922,4922,1542,2461
R2,RWD,RWD,,,D2,9,13,4988,4988,1899,2457
R2,RWD,RWD,,,D2,9,14,5150,5150,2365,2469
R2,RWD,RWD,,,D2,9,15,5341,5341,2815,2470
R2,RWD,RWD,,,D2,9,16,5466,5466,3457,2451
R2,RWD,RWD,,,D2,9,17,5591,5591,4008,2460
R2,RWD,RWD,,,D2,9,18,5732,5732,4546,2463
R2,RWD,RWD,,,D2,9,19,5882,5882,5096,2473
R2,RWD,RWD,,,D2,9,20,5975,5975,5413,2483
R2,RWD,RWD,,,D2,9,21,6013,6013,5624,2477
R2,RWD,RWD,,,D2,9,22,6006,6006,5741,2480
R2,RWD,RWD,,,D2,9,23,6030,6030,5774,2481
R2,RWD,RWD,,,D2,9,24,5998,5998,5801,2491
R2,RWD,RWD,,,D2,9,25,5904,5904,5768,2485
R2,RWD,RWD,,,D2,9,26,5963,5963,5852,2480
R2,RWD,RWD,,,D2,9,27,6077,6077,6001,2479
R2,RWD,RWD,,,D2,9,28,6132,6132,6010,2484
R2,RWD,RWD,,,D2,9,29,6292,6292,6208,2488
R2,RWD,RWD,,,D2,9,30,6286,6286,6204,2480
R2,RWD,RWD,,,D2,10,0,0,0,0,0
R2,RWD,RWD,,,D2,10,1,3935,3935,229,2500
R2,RWD,RWD,,,D2,10,2,8530,8530,545,2500
R2,RWD,RWD,,,D2,10,3,7074,7074,501,2500
R2,RWD,RWD,,,D2,10,4,6272,6272,524,2494
R2,RWD,RWD,,,D2,10,5,5728,5728,624,2493
R2,RWD,RWD,,,D2,10,6,5445,5445,689,2479
R2,RWD,RWD,,,D2,10,7,5255,5255,793,2486
R2,RWD,RWD,,,D2,10,8,5161,5161,951,2477
R2,RWD,RWD,,,D2,10,9,5036,5036,1104,2475
R2,RWD,RWD,,,D2,10,10,5022,5022,1353,2469
R2,RWD,RWD,,,D2,10,11,5000,5000,1564,2474
R2,RWD,RWD,,,D2,10,12,5083,5083,1811,2463
R2,RWD,RWD,,,D2,10,13,5162,5162,2310,2458
R2,RWD,RWD,,,D2,10,14,5316,5316,2722,2465
R2,RWD,RWD,,,D2,10,15,5440,5440,3222,2461
R2,RWD,RWD,,,D2,10,16,5588,5588,3805,2460
R2,RWD,RWD,,,D2,10,17,5758,5758,4341,2463
R2,RWD,RWD,,,D2,10,18,5932,5932,4846,2470
R2,RWD,RWD,,,D2,10,19,6004,6004,5246,2476
R2,RWD,RWD,,,D2,10,20,6005,6005,5487,2480
R2,RWD,RWD,,,D2,10,21,6024,6024,5659,2480
R2,RWD,RWD,,,D2,10,22,5915,5915,5633,2488
R2,RWD,RWD,,,D2,10,23,5967,5967,5706,2483
R2,RWD,RWD,,,D2,10,24,6199,6199,5975,2485
R2,RWD,RWD,,,D2,10,25,6113,6113,5968,2496
R2,RWD,RWD,,,D2,10,26,5939,5939,5780,2482
R2,RWD,RWD,,,D2,10,27,5951,5951,5812,2491
R2,RWD,RWD,,,D2,10,28,5884,5884,5796,2474
R2,RWD,RWD,,,D2,10,29,6069,6069,5941,2487
R2,RWD,RWD,,,D2,10,30,6333,6333,6254,2485
R2,RWI,RWI,,,D2,2,0,0,0,0,0
R2,RWI,RWI,,,D2,2,1,3879,3879,223,2500
R2,RWI,RWI,,,D2,2,2,8370,8370,439,2500
R2,RWI,RWI,,,D2,2,3,7231,7231,344,2498
R2,RWI,RWI,,,D2,2,4,6447,6447,379,2497
R2,RWI,RWI,,,D2,2,5,5993,5993,368,2495
R2,RWI,RWI,,,D2,2,6,5652,5652,328,2496
R2,RWI,RWI,,,D2,2,7,5480,5480,301,2496
R2,RWI,RWI,,,D2,2,8,5331,5331,334,2496
R2,RWI,RWI,,,D2,2,9,5085,5085,305,2494
R2,RWI,RWI,,,D2,2,10,4971,4971,286,2493
R2,RWI,RWI,,,D2,2,11,4928,4928,261,2489
R2,RWI,RWI,,,D2,2,12,4870,4870,254,2475
R2,RWI,RWI,,,D2,2,13,4877,4877,268,2491
R2,RWI,RWI,,,D2,2,14,4860,4860,253,2491
R2,RWI,RWI,,,D2,2,15,4729,4729,276,2488
R2,RWI,RWI,,,D2,2,16,4749,4749,256,2485
R2,RWI,RWI,,,D2,2,17,4634,4634,254,2485
R2,RWI,RWI,,,D2,2,18,4698,4698,248,2487
R2,RWI,RWI,,,D2,2,19,4710,4710,258,2479
R2,RWI,RWI,,,D2,2,20,4658,4658,262,2474
R2,RWI,RWI,,,D2,2,21,4555,4555,261,2484
R2,RWI,RWI,,,D2,2,22,4554,4554,265,2485
R2,RWI,RWI,,,D2,2,23,4583,4583,278,2483
R2,RWI,RWI,,,D2,2,24,4564,4564,246,2473
R2,RWI,RWI,,,D2,2,25,4497,4497,252,2480
R2,RWI,RWI,,,D2,2,26,4584,4584,249,2481
R2,RWI,RWI,,,D2,2,27,4542,4542,241,2481
R2,RWI,RWI,,,D2,2,28,4513,4513,257,2485
R2,RWI,RWI,,,D2,2,29,4581,4581,268,2483
R2,RWI,RWI,,,D2,2,30,4640,4640,253,2475
R2,RWI,RWI,,,D2,1,0,0,0,0,0
R2,RWI,RWI,,,D2,1,1,3875,3875,224,2500
R2,RWI,RWI,,,D2,1,2,8442,8442,443,2500
R2,RWI,RWI,,,D2,1,3,7189,7189,397,2500
R2,RWI,RWI,,,D2,1,4,6468,6468,369,2499
R2,RWI,RWI,,,D2,1,5,6092,6092,343,2496
R2,RWI,RWI,,,D2,1,6,5624,5624,302,2491
R2,RWI,RWI,,,D2,1,7,5515,5515,333,2497
R2,RWI,RWI,,,D2,1,8,5269,5269,300,2496
R2,RWI,RWI,,,D2,1,9,5157,5157,260,2490
R2,RWI,RWI,,,D2,1,10,5035,5035,281,2490
R2,RWI,RWI,,,D2,1,11,4943,4943,279,2488
R2,RWI,RWI,,,D2,1,12,4874,4874,258,2481
R2,RWI,RWI,,,D2,1,13,4854,4854,292,2488
R2,RWI,RWI,,,D2,1,14,4749,4749,260,2486
R2,RWI,RWI,,,D2,1,15,4701,4701,261,2484
R2,RWI,RWI,,,D2,1,16,4592,4592,270,2485
R2,RWI,RWI,,,D2,1,17,4607,4607,247,2489
R2,RWI,RWI,,,D2,1,18,4635,4635,258,2478
R2,RWI,RWI,,,D2,1,19,4574,4574,264,2482
R2,RWI,RWI,,,D2,1,20,4636,4636,235,2483
R2,RWI,RWI,,,D2,1,21,4570,4570,259,2487
R2,RWI,RWI,,,D2,1,22,4652,4652,247,2493
R2,RWI,RWI,,,D2,1,23,4618,4618,293,2482
R2,RWI,RWI,,,D2,1,24,4594,4594,252,2479
R2,RWI,RWI,,,D2,1,25,4606,4606,275,2488
R2,RWI,RWI,,,D2,1,26,4465,4465,241,2474
R2,RWI,RWI,,,D2,1,27,4464,4464,239,2475
R2,RWI,RWI,,,D2,1,28,4447,4447,242,2483
R2,RWI,RWI,,,D2,1,29,4487,4487,247,2481
R2,RWI,RWI,,,D2,1,30,4542,4542,258,2480
R2,RWI,RWI,,,D2,3,0,0,0,0,0
R2,RWI,RWI,,,D2,3,1,3877,3877,235,2500
R2,RWI,RWI,,,D2,3,2,8470,8470,450,2500
R2,RWI,RWI,,,D2,3,3,7169,7169,390,2500
R2,RWI,RWI,,,D2,3,4,6553,6553,376,2499
R2,RWI,RWI,,,D2,3,5,5935,5935,340,2495
R2,RWI,RWI,,,D2,3,6,5726,5726,340,2495
R2,RWI,RWI,,,D2,3,7,5487,5487,284,2497
R2,RWI,RWI,,,D2,3,8,5286,5286,312,2496
R2,RWI,RWI,,,D2,3,9,5217,5217,299,2487
R2,RWI,RWI,,,D2,3,10,5006,5006,285,2489
R2,RWI,RWI,,,D2,3,11,5051,5051,289,2492
R2,RWI,RWI,,,D2,3,12,5030,5030,276,2485
R2,RWI,RWI,,,D2,3,13,5080,5080,281,2496
R2,RWI,RWI,,,D2,3,14,4980,4980,288,2488
R2,RWI,RWI,,,D2,3,15,4840,4840,305,2493
R2,RWI,RWI,,,D2,3,16,4769,4769,297,2485
R2,RWI,RWI,,,D2,3,17,4713,4713,261,2485
R2,RWI,RWI,,,D2,3,18,4723,4723,286,2484
R2,RWI,RWI,,,D2,3,19,4685,4685,277,2476
R2,RWI,RWI,,,D2,3,20,4609,4609,274,2482
R2,RWI,RWI,,,D2,3,21,4527,4527,260,2480
R2,RWI,RWI,,,D2,3,22,4458,4458,217,2485
R2,RWI,RWI,,,D2,3,23,4539,4539,266,2484
R2,RWI,RWI,,,D2,3,24,4547,4547,265,2486
R2,RWI,RWI,,,D2,3,25,4544,4544,244,2483
R2,RWI,RWI,,,D2,3,26,4543,4543,238,2480
R2,RWI,RWI,,,D2,3,27,4549,4549,287,2477
R2,RWI,RWI,,,D2,3,28,4516,4516,238,2487
R2,RWI,RWI,,,D2,3,29,4542,4542,223,2476
R2,RWI,RWI,,,D2,3,30,4535,4535,248,2482
R2,RWI,RWI,,,D2,4,0,0,0,0,0
R2,RWI,RWI,,,D2,4,1,3862,3862,234,2500
R2,RWI,RWI,,,D2,4,2,8393,8393,449,2500
R2,RWI,RWI,,,D2,4,3,7224,7224,437,2500
R2,RWI,RWI,,,D2,4,4,6511,6511,386,2499
R2,RWI,RWI,,,D2,4,5,5952,5952,319,2498
R2,RWI,RWI,,,D2,4,6,5691,5691,348,2492
R2,RWI,RWI,,,D2,4,7,5468,5468,316,2497
R2,RWI,RWI,,,D2,4,8,5333,5333,308,2493
R2,RWI,RWI,,,D2,4,9,5195,5195,268,2490
R2,RWI,RWI,,,D2,4,10,5103,5103,309,2491
R2,RWI,RWI,,,D2,4,11,4990,4990,298,2490
R2,RWI,RWI,,,D2,4,12,4954,4954,268,2498
R2,RWI,RWI,,,D2,4,13,4749,4749,291,2484
R2,RWI,RWI,,,D2,4,14,4830,4830,279,2481
R2,RWI,RWI,,,D2,4,15,4744,4744,272,2487
R2,RWI,RWI,,,D2,4,16,4747,4747,238,2482
R2,RWI,RWI,,,D2,4,17,4713,4713,270,2490
R2,RWI,RWI,,,D2,4,18,4771,4771,275,2486
R2,RWI,RWI,,,D2,4,19,4656,4656,255,2488
R2,RWI,RWI,,,D2,4,20,4643,4643,288,2484
R2,RWI,RWI,,,D2,4,21,4626,4626,253,2484
R2,RWI,RWI,,,D2,4,22,4572,4572,258,2488
R2,RWI,RWI,,,D2,4,23,4577,4577,242,2484
R2,RWI,RWI,,,D2,4,24,4590,4590,288,2482
R2,RWI,RWI,,,D2,4,25,4526,4526,255,2481
R2,RWI,RWI,,,D2,4,26,4483,4483,268,2486
R2,RWI,RWI,,,D2,4,27,4566,4566,264,2478
R2,RWI,RWI,,,D2,4,28,4564,4564,266,2483
R2,RWI,RWI,,,D2,4,29,4614,4614,254,2489
R2,RWI,RWI,,,D2,4,30,4610,4610,272,2483
R2,RWI,RWI,,,D2,5,0,0,0,0,0
R2,RWI,RWI,,,D2,5,1,3894,3894,236,2500
R2,RWI,RWI,,,D2,5,2,8420,8420,434,2500
R2,RWI,RWI,,,D2,5,3,7249,7249,401,2500
R2,RWI,RWI,,,D2,5,4,6422,6422,372,2499
R2,RWI,RWI,,,D2,5,5,6071,6071,335,2495
R2,RWI,RWI,,,D2,5,6,5717,5717,295,2493
R2,RWI,RWI,,,D2,5,7,5534,5534,326,2492
R2,RWI,RWI,,,D2,5,8,5315,5315,315,2495
R2,RWI,RWI,,,D2,5,9,5180,5180,239,2495
R2,RWI,RWI,,,D2,5,10,5177,5177,304,2491
R2,RWI,RWI,,,D2,5,11,4942,4942,260,2486
R2,RWI,RWI,,,D2,5,12,4864,4864,291,2490
R2,RWI,RWI,,,D2,5,13,4858,4858,298,2486
R2,RWI,RWI,,,D2,5,14,4738,4738,283,2483
R2,RWI,RWI,,,D2,5,15,4675,4675,254,2481
R2,RWI,RWI,,,D2,5,16,4724,4724,249,2488
R2,RWI,RWI,,,D2,5,17,4701,4701,236,2482
R2,RWI,RWI,,,D2,5,18,4662,4662,252,2488
R2,RWI,RWI,,,D2,5,19,4543,4543,247,2488
R2,RWI,RWI,,,D2,5,20,4659,4659,278,2478
R2,RWI,RWI,,,D2,5,21,4659,4659,251,2483
R2,RWI,RWI,,,D2,5,22,4628,4628,242,2484
R2,RWI,RWI,,,D2,5,23,4644,4644,232,2490
R2,RWI,RWI,,,D2,5,24,4584,4584,236,2488
R2,RWI,RWI,,,D2,5,25,4612,4612,266,2485
R2,RWI,RWI,,,D2,5,26,4654,4654,279,2488
R2,RWI,RWI,,,D2,5,27,4619,4619,239,2483
R2,RWI,RWI,,,D2,5,28,4570,4570,252,2478
R2,RWI,RWI,,,D2,5,29,4604,4604,272,2484
R2,RWI,RWI,,,D2,5,30,4520,4520,247,2482
R2,RWI,RWI,,,D2,6,0,0,0,0,0
R2,RWI,RWI,,,D2,6,1,3846,3846,220,2500
R2,RWI,RWI,,,D2,6,2,8339,8339,443,2500
R2,RWI,RWI,,,D2,6,3,7177,7177,392,2500
R2,RWI,RWI,,,D2,6,4,6464,6464,385,2499
R2,RWI,RWI,,,D2,6,5,5999,5999,354,2498
R2,RWI,RWI,,,D2,6,6,5599,5599,339,2497
R2,RWI,RWI,,,D2,6,7,5412,5412,331,2491
R2,RWI,RWI,,,D2,6,8,5309,5309,293,2488
R2,RWI,RWI,,,D2,6,9,5048,5048,271,2492
R2,RWI,RWI,,,D2,6,10,4978,4978,290,2489
R2,RWI,RWI,,,D2,6,11,5012,5012,280,2490
R2,RWI,RWI,,,D2,6,12,4969,4969,255,2487
R2,RWI,RWI,,,D2,6,13,4884,4884,281,2481
R2,RWI,RWI,,,D2,6,14,4896,4896,285,2477
R2,RWI,RWI,,,D2,6,15,4823,4823,287,2487
R2,RWI,RWI,,,D2,6,16,4758,4758,255,2491
R2,RWI,RWI,,,D2,6,17,4762,4762,257,2489
R2,RWI,RWI,,,D2,6,18,4662,4662,278,2484
R2,RWI,RWI,,,D2,6,19,4736,4736,296,2487
R2,RWI,RWI,,,D2,6,20,4704,4704,264,2482
R2,RWI,RWI,,,D2,6,21,4653,4653,253,2488
R2,RWI,RWI,,,D2,6,22,4622,4622,230,2487
R2,RWI,RWI,,,D2,6,23,4519,4519,245,2485
R2,RWI,RWI,,,D2,6,24,4610,4610,252,2479
R2,RWI,RWI,,,D2,6,25,4524,4524,245,2474
R2,RWI,RWI,,,D2,6,26,4456,4456,274,2479
R2,RWI,RWI,,,D2,6,27,4499,4499,251,2478
R2,RWI,RWI,,,D2,6,28,4445,4445,226,2476
R2,RWI,RWI,,,D2,6,29,4568,4568,250,2479
R2,RWI,RWI,,,D2,6,30,4503,4503,256,2483
R2,RWI,RWI,,,D2,7,0,0,0,0,0
R2,RWI,RWI,,,D2,7,1,3901,3901,229,2500
R2,RWI,RWI,,,D2,7,2,8476,8476,451,2500
R2,RWI,RWI,,,D2,7,3,7364,7364,393,2500
R2,RWI,RWI,,,D2,7,4,6441,6441,382,2498
R2,RWI,RWI,,,D2,7,5,6029,6029,348,2496
R2,RWI,RWI,,,D2,7,6,5752,5752,344,2495
R2,RWI,RWI,,,D2,7,7,5526,5526,306,2493
R2,RWI,RWI,,,D2,7,8,5147,5147,302,2484
R2,RWI,RWI,,,D2,7,9,5156,5156,302,2489
R2,RWI,RWI,,,D2,7,10,5039,5039,262,2490
R2,RWI,RWI,,,D2,7,11,5022,5022,278,2484
R2,RWI,RWI,,,D2,7,12,5011,5011,280,2494
R2,RWI,RWI,,,D2,7,13,4910,4910,279,2485
R2,RWI,RWI,,,D2,7,14,4936,4936,278,2484
R2,RWI,RWI,,,D2,7,15,4842,4842,279,2480
R2,RWI,RWI,,,D2,7,16,4775,4775,264,2483
R2,RWI,RWI,,,D2,7,17,4733,4733,282,2483
R2,RWI,RWI,,,D2,7,18,4563,4563,267,2483
R2,RWI,RWI,,,D2,7,19,4681,4681,269,2485
R2,RWI,RWI,,,D2,7,20,4675,4675,274,2479
R2,RWI,RWI,,,D2,7,21,4714,4714,256,2482
R2,RWI,RWI,,,D2,7,22,4686,4686,242,2485
R2,RWI,RWI,,,D2,7,23,4676,4676,285,2482
R2,RWI,RWI,,,D2,7,24,4541,4541,264,2477
R2,RWI,RWI,,,D2,7,25,4539,4539,273,2478
R2,RWI,RWI,,,D2,7,26,4544,4544,250,2481
R2,RWI,RWI,,,D2,7,27,4407,4407,276,2476
R2,RWI,RWI,,,D2,7,28,4521,4521,248,2482
R2,RWI,RWI,,,D2,7,29,4422,4422,203,2475
R2,RWI,RWI,,,D2,7,30,4489,4489,244,2470
R2,RWI,RWI,,,D2,8,0,0,0,0,0
R2,RWI,RWI,,,D2,8,1,3850,3850,230,2500
R2,RWI,RWI,,,D2,8,2,8455,8455,439,2500
R2,RWI,RWI,,,D2,8,3,6973,6973,395,2500
R2,RWI,RWI,,,D2,8,4,6319,6319,379,2499
R2,RWI,RWI,,,D2,8,5,5889,5889,340,2495
R2,RWI,RWI,,,D2,8,6,5650,5650,322,2494
R2,RWI,RWI,,,D2,8,7,5452,5452,303,2492
R2,RWI,RWI,,,D2,8,8,5257,5257,285,2495
R2,RWI,RWI,,,D2,8,9,5344,5344,302,2496
R2,RWI,RWI,,,D2,8,10,5119,5119,309,2485
R2,RWI,RWI,,,D2,8,11,5030,5030,267,2492
R2,RWI,RWI,,,D2,8,12,4887,4887,256,2486
R2,RWI,RWI,,,D2,8,13,4927,4927,291,2487
R2,RWI,RWI,,,D2,8,14,4837,4837,255,2491
R2,RWI,RWI,,,D2,8,15,4791,4791,270,2482
R2,RWI,RWI,,,D2,8,16,4796,4796,269,2485
R2,RWI,RWI,,,D2,8,17,4701,4701,275,2478
R2,RWI,RWI,,,D2,8,18,4715,4715,270,2484
R2,RWI,RWI,,,D2,8,19,4548,4548,251,2476
R2,RWI,RWI,,,D2,8,20,4694,4694,263,2485
R2,RWI,RWI,,,D2,8,21,4636,4636,259,2489
R2,RWI,RWI,,,D2,8,22,4561,4561,252,2480
R2,RWI,RWI,,,D2,8,23,4723,4723,251,2487
R2,RWI,RWI,,,D2,8,24,4645,4645,252,2481
R2,RWI,RWI,,,D2,8,25,4598,4598,260,2479
R2,RWI,RWI,,,D2,8,26,4641,4641,261,2486
R2,RWI,RWI,,,D2,8,27,4573,4573,252,2485
R2,RWI,RWI,,,D2,8,28,4473,4473,249,2479
R2,RWI,RWI,,,D2,8,29,4545,4545,288,2475
R2,RWI,RWI,,,D2,8,30,4546,4546,272,2475
R2,RWI,RWI,,,D2,9,0,0,0,0,0
R2,RWI,RWI,,,D2,9,1,3854,3854,222,2500
R2,RWI,RWI,,,D2,9,2,8386,8386,446,2500
R2,RWI,RWI,,,D2,9,3,7194,7194,399,2498
R2,RWI,RWI,,,D2,9,4,6427,6427,352,2499
R2,RWI,RWI,,,D2,9,5,6036,6036,348,2492
R2,RWI,RWI,,,D2,9,6,5699,5699,330,2495
R2,RWI,RWI,,,D2,9,7,5447,5447,289,2494
R2,RWI,RWI,,,D2,9,8,5297,5297,288,2492
R2,RWI,RWI,,,D2,9,9,5092,5092,296,2491
R2,RWI,RWI,,,D2,9,10,5000,5000,272,2488
R2,RWI,RWI,,,D2,9,11,4935,4935,267,2493
R2,RWI,RWI,,,D2,9,12,5023,5023,301,2487
R2,RWI,RWI,,,D2,9,13,4926,4926,268,2492
R2,RWI,RWI,,,D2,9,14,4936,4936,251,2482
R2,RWI,RWI,,,D2,9,15,4788,4788,268,2483
R2,RWI,RWI,,,D2,9,16,4759,4759,286,2473
R2,RWI,RWI,,,D2,9,17,4612,4612,251,2489
R2,RWI,RWI,,,D2,9,18,4651,4651,285,2481
R2,RWI,RWI,,,D2,9,19,4734,4734,253,2486
R2,RWI,RWI,,,D2,9,20,4647,4647,261,2487
R2,RWI,RWI,,,D2,9,21,4705,4705,274,2482
R2,RWI,RWI,,,D2,9,22,4585,4585,286,2481
R2,RWI,RWI,,,D2,9,23,4515,4515,242,2481
R2,RWI,RWI,,,D2,9,24,4547,4547,247,2488
R2,RWI,RWI,,,D2,9,25,4579,4579,241,2486
R2,RWI,RWI,,,D2,9,26,4592,4592,280,2482
R2,RWI,RWI,,,D2,9,27,4497,4497,244,2477
R2,RWI,RWI,,,D2,9,28,4608,4608,265,2483
R2,RWI,RWI,,,D2,9,29,4493,4493,241,2486
R2,RWI,RWI,,,D2,9,30,4507,4507,215,2470
R2,RWI,RWI,,,D2,10,0,0,0,0,0
R2,RWI,RWI,,,D2,10,1,3924,3924,221,2500
R2,RWI,RWI,,,D2,10,2,8530,8530,460,2500
R2,RWI,RWI,,,D2,10,3,7219,7219,389,2499
R2,RWI,RWI,,,D2,10,4,6581,6581,382,2499
R2,RWI,RWI,,,D2,10,5,6119,6119,328,2497
R2,RWI,RWI,,,D2,10,6,5706,5706,315,2496
R2,RWI,RWI,,,D2,10,7,5408,5408,302,2496
R2,RWI,RWI,,,D2,10,8,5434,5434,303,2489
R2,RWI,RWI,,,D2,10,9,5156,5156,275,2489
R2,RWI,RWI,,,D2,10,10,5075,5075,271,2487
R2,RWI,RWI,,,D2,10,11,5016,5016,295,2483
R2,RWI,RWI,,,D2,10,12,4832,4832,277,2491
R2,RWI,RWI,,,D2,10,13,4823,4823,258,2485
R2,RWI,RWI,,,D2,10,14,4727,4727,272,2483
R2,RWI,RWI,,,D2,10,15,4698,4698,227,2484
R2,RWI,RWI,,,D2,10,16,4677,4677,269,2485
R2,RWI,RWI,,,D2,10,17,4616,4616,270,2487
R2,RWI,RWI,,,D2,10,18,4655,4655,238,2480
R2,RWI,RWI,,,D2,10,19,4575,4575,250,2475
R2,RWI,RWI,,,D2,10,20,4609,4609,275,2484
R2,RWI,RWI,,,D2,10,21,4563,4563,272,2482
R2,RWI,RWI,,,D2,10,22,4570,4570,251,2483
R2,RWI,RWI,,,D2,10,23,4606,4606,255,2485
R2,RWI,RWI,,,D2,10,24,4631,4631,252,2480
R2,RWI,RWI,,,D2,10,25,4607,4607,239,2486
R2,RWI,RWI,,,D2,10,26,4644,4644,250,2488
R2,RWI,RWI,,,D2,10,27,4560,4560,245,2485
R2,RWI,RWI,,,D2,10,28,4498,4498,251,2477
R2,RWI,RWI,,,D2,10,29,4511,4511,266,2483
R2,RWI,RWI,,,D2,10,30,4451,4451,266,2476
R3,N2Vp1q0_25,N2V,1.0,0.25,D2,1,0,0,0,0,0
R3,N2Vp1q0_25,N2V,1.0,0.25,D2,1,1,840,840,51,1371
R3,N2Vp1q0_25,N2V,1.0,0.25,D2,1,2,974,974,59,1517
R3,N2Vp1q0_25,N2V,1.0,0.25,D2,1,3,959,959,73,1530
R3,N2Vp1q0_25,N2V,1.0,0.25,D2,1,4,1037,1037,86,1591
R3,N2Vp1q0_25,N2V,1.0,0.25,D2,1,5,1099,1099,65,1678
R3,N2Vp1q0_25,N2V,1.0,0.25,D2,1,6,1033,1033,66,1619
R3,N2Vp1q0_25,N2V,1.0,0.25,D2,1,7,1106,1106,76,1688
R3,N2Vp1q0_25,N2V,1.0,0.25,D2,1,8,1121,1121,50,1722
R3,N2Vp1q0_25,N2V,1.0,0.25,D2,1,9,1149,1149,54,1731
R3,N2Vp1q0_25,N2V,1.0,0.25,D2,1,10,1128,1128,58,1725
R3,N2Vp1q0_25,N2V,1.0,0.25,D2,1,11,1196,1196,67,1761
R3,N2Vp1q0_25,N2V,1.0,0.25,D2,1,12,1183,1183,74,1756
R3,N2Vp1q0_25,N2V,1.0,0.25,D2,1,13,1163,1163,67,1727
R3,N2Vp1q0_25,N2V,1.0,0.25,D2,1,14,1214,1214,67,1756
R3,N2Vp1q0_25,N2V,1.0,0.25,D2,1,15,1268,1268,88,1786
R3,N2Vp1q0_25,N2V,1.0,0.25,D2,1,16,1264,1264,71,1820
R3,N2Vp1q0_25,N2V,1.0,0.25,D2,1,17,1226,1226,81,1790
R3,N2Vp1q0_25,N2V,1.0,0.25,D2,1,18,1263,1263,64,1808
R3,N2Vp1q0_25,N2V,1.0,0.25,D2,1,19,1181,1181,60,1769
R3,N2Vp1q0_25,N2V,1.0,0.25,D2,1,20,1217,1217,71,1783
R3,N2Vp1q0_25,N2V,1.0,0.25,D2,1,21,1191,1191,61,1786
R3,N2Vp1q0_25,N2V,1.0,0.25,D2,1,22,1223,1223,77,1783
R3,N2Vp1q0_25,N2V,1.0,0.25,D2,1,23,1270,1270,95,1819
R3,N2Vp1q0_25,N2V,1.0,0.25,D2,1,24,1211,1211,85,1767
R3,N2Vp1q0_25,N2V,1.0,0.25,D2,1,25,1167,1167,66,1738
R3,N2Vp1q0_25,N2V,1.0,0.25,D2,1,26,1213,1213,51,1774
R3,N2Vp1q0_25,N2V,1.0,0.25,D2,1,27,1179,1179,64,1725
R3,N2Vp1q0_25,N2V,1.0,0.25,D2,1,28,1241,1241,82,1780
R3,N2Vp1q0_25,N2V,1.0,0.25,D2,1,29,1241,1241,57,1811
R3,N2Vp1q0_25,N2V,1.0,0.25,D2,1,30,1224,1224,68,1773
R3,N2Vp1q0_25,N2V,1.0,0.25,D2,2,0,0,0,0,0
R3,N2Vp1q0_25,N2V,1.0,0.25,D2,2,1,799,799,41,1358
R3,N2Vp1q0_25,N2V,1.0,0.25,D2,2,2,961,961,69,1562
R3,N2Vp1q0_25,N2V,1.0,0.25,D2,2,3,1004,1004,61,1539
R3,N2Vp1q0_25,N2V,1.0,0.25,D2,2,4,1038,1038,68,1589
R3,N2Vp1q0_25,N2V,1.0,0.25,D2,2,5,1076,1076,70,1665
R3,N2Vp1q0_25,N2V,1.0,0.25,D2,2,6,986,986,67,1543
R3,N2Vp1q0_25,N2V,1.0,0.25,D2,2,7,1036,1036,55,1629
R3,N2Vp1q0_25,N2V,1.0,0.25,D2,2,8,1113,1113,69,1673
R3,N2Vp1q0_25,N2V,1.0,0.25,D2,2,9,1145,1145,78,1724
R3,N2Vp1q0_25,N2V,1.0,0.25,D2,2,10,1213,1213,83,1771
R3,N2Vp1q0_25,N2V,1.0,0.25,D2,2,11,1222,1222,70,1770
R3,N2Vp1q0_25,N2V,1.0,0.25,D2,2,12,1191,1191,83,1744
R3,N2Vp1q0_25,N2V,1.0,0.25,D2,2,13,1249,1249,78,1790
R3,N2Vp1q0_25,N2V,1.0,0.25,D2,2,14,1264,1264,76,1799
R3,N2Vp1q0_25,N2V,1.0,0.25,D2,2,15,1239,1239,67,1735
R3,N2Vp1q0_25,N2V,1.0,0.25,D2,2,16,1240,1240,64,1757
R3,N2Vp1q0_25,N2V,1.0,0.25,D2,2,17,1268,1268,72,1821
R3,N2Vp1q0_25,N2V,1.0,0.25,D2,2,18,1224,1224,97,1775
R3,N2Vp1q0_25,N2V,1.0,0.25,D2,2,19,1262,1262,70,1810
R3,N2Vp1q0_25,N2V,1.0,0.25,D2,2,20,1291,1291,66,1837
R3,N2Vp1q0_25,N2V,1.0,0.25,D2,2,21,1153,1153,73,1757
R3,N2Vp1q0_25,N2V,1.0,0.25,D2,2,22,1281,1281,89,1774
R3,N2Vp1q0_25,N2V,1.0,0.25,D2,2,23,1293,1293,79,1810
R3,N2Vp1q0_25,N2V,1.0,0.25,D2,2,24,1269,1269,65,1808
R3,N2Vp1q0_25,N2V,1.0,0.25,D2,2,25,1264,1264,71,1820
R3,N2Vp1q0_25,N2V,1.0,0.25,D2,2,26,1190,1190,55,1780
R3,N2Vp1q0_25,N2V,1.0,0.25,D2,2,27,1184,1184,61,1782
R3,N2Vp1q0_25,N2V,1.0,0.25,D2,2,28,1221,1221,64,1783
R3,N2Vp1q0_25,N2V,1.0,0.25,D2,2,29,1157,1157,62,1724
R3,N2Vp1q0_25,N2V,1.0,0.25,D2,2,30,1221,1221,69,1780
R3,N2Vp1q0_25,N2V,1.0,0.25,D2,3,0,0,0,0,0
R3,N2Vp1q0_25,N2V,1.0,0.25,D2,3,1,873,873,77,1423
R3,N2Vp1q0_25,N2V,1.0,0.25,D2,3,2,1038,1038,67,1587
R3,N2Vp1q0_25,N2V,1.0,0.25,D2,3,3,995,995,52,1597
R3,N2Vp1q0_25,N2V,1.0,0.25,D2,3,4,1090,1090,66,1689
R3,N2Vp1q0_25,N2V,1.0,0.25,D2,3,5,1105,1105,61,1712
R3,N2Vp1q0_25,N2V,1.0,0.25,D2,3,6,1128,1128,87,1689
R3,N2Vp1q0_25,N2V,1.0,0.25,D2,3,7,1163,1163,87,1765
R3,N2Vp1q0_25,N2V,1.0,0.25,D2,3,8,1184,1184,71,1717
R3,N2Vp1q0_25,N2V,1.0,0.25,D2,3,9,1168,1168,81,1728
R3,N2Vp1q0_25,N2V,1.0,0.25,D2,3,10,1173,1173,68,1725
R3,N2Vp1q0_25,N2V,1.0,0.25,D2,3,11,1182,1182,63,1740
R3,N2Vp1q0_25,N2V,1.0,0.25,D2,3,12,1179,1179,58,1726
R3,N2Vp1q0_25,N2V,1.0,0.25,D2,3,13,1223,1223,83,1746
R3,N2Vp1q0_25,N2V,1.0,0.25,D2,3,14,1239,1239,60,1792
R3,N2Vp1q0_25,N2V,1.0,0.25,D2,3,15,1237,1237,68,1792
R3,N2Vp1q0_25,N2V,1.0,0.25,D2,3,16,1270,1270,58,1844
R3,N2Vp1q0_25,N2V,1.0,0.25,D2,3,17,1280,1280,93,1824
R3,N2Vp1q0_25,N2V,1.0,0.25,D2,3,18,1337,1337,81,1874
R3,N2Vp1q0_25,N2V,1.0,0.25,D2,3,19,1287,1287,82,1809
R3,N2Vp1q0_25,N2V,1.0,0.25,D2,3,20,1253,1253,68,1788
R3,N2Vp1q0_25,N2V,1.0,0.25,D2,3,21,1248,1248,69,1777
R3,N2Vp1q0_25,N2V,1.0,0.25,D2,3,22,1222,1222,64,1809
R3,N2Vp1q0_25,N2V,1.0,0.25,D2,3,23,1241,1241,73,1786
R3,N2Vp1q0_25,N2V,1.0,0.25,D2,3,24,1198,1198,91,1719
R3,N2Vp1q0_25,N2V,1.0,0.25,D2,3,25,1204,1204,78,1731
R3,N2Vp1q0_25,N2V,1.0,0.25,D2,3,26,1179,1179,64,1741
R3,N2Vp1q0_25,N2V,1.0,0.25,D2,3,27,1203,1203,54,1738
R3,N2Vp1q0_25,N2V,1.0,0.25,D2,3,28,1233,1233,71,1768
R3,N2Vp1q0_25,N2V,1.0,0.25,D2,3,29,1194,1194,66,1740
R3,N2Vp1q0_25,N2V,1.0,0.25,D2,3,30,1234,1234,65,1781
R3,N2Vp1q0_25,N2V,1.0,0.25,D2,4,0,0,0,0,0
R3,N2Vp1q0_25,N2V,1.0,0.25,D2,4,1,908,908,57,1431
R3,N2Vp1q0_25,N2V,1.0,0.25,D2,4,2,984,984,45,1560
R3,N2Vp1q0_25,N2V,1.0,0.25,D2,4,3,1010,1010,69,1610
R3,N2Vp1q0_25,N2V,1.0,0.25,D2,4,4,1100,1100,69,1727
R3,N2Vp1q0_25,N2V,1.0,0.25,D2,4,5,1040,1040,53,1667
R3,N2Vp1q0_25,N2V,1.0,0.25,D2,4,6,1075,1075,61,1658
R3,N2Vp1q0_25,N2V,1.0,0.25,D2,4,7,1104,1104,69,1678
R3,N2Vp1q0_25,N2V,1.0,0.25,D2,4,8,1290,1290,82,1795
R3,N2Vp1q0_25,N2V,1.0,0.25,D2,4,9,1223,1223,52,1770
R3,N2Vp1q0_25,N2V,1.0,0.25,D2,4,10,1244,1244,73,1781
R3,N2Vp1q0_25,N2V,1.0,0.25,D2,4,11,1214,1214,62,1748
R3,N2Vp1q0_25,N2V,1.0,0.25,D2,4,12,1244,1244,58,1798
R3,N2Vp1q0_25,N2V,1.0,0.25,D2,4,13,1262,1262,61,1838
R3,N2Vp1q0_25,N2V,1.0,0.25,D2,4,14,1250,1250,75,1825
R3,N2Vp1q0_25,N2V,1.0,0.25,D2,4,15,1220,1220,65,1790
R3,N2Vp1q0_25,N2V,1.0,0.25,D2,4,16,1293,1293,86,1808
R3,N2Vp1q0_25,N2V,1.0,0.25,D2,4,17,1282,1282,100,1784
R3,N2Vp1q0_25,N2V,1.0,0.25,D2,4,18,1214,1214,74,1746
R3,N2Vp1q0_25,N2V,1.0,0.25,D2,4,19,1224,1224,68,1768
R3,N2Vp1q0_25,N2V,1.0,0.25,D2,4,20,1216,1216,63,1772
R3,N2Vp1q0_25,N2V,1.0,0.25,D2,4,21,1177,1177,63,1730
R3,N2Vp1q0_25,N2V,1.0,0.25,D2,4,22,1217,1217,67,1772
R3,N2Vp1q0_25,N2V,1.0,0.25,D2,4,23,1198,1198,60,1772
R3,N2Vp1q0_25,N2V,1.0,0.25,D2,4,24,1262,1262,74,1794
R3,N2Vp1q0_25,N2V,1.0,0.25,D2,4,25,1281,1281,75,1815
R3,N2Vp1q0_25,N2V,1.0,0.25,D2,4,26,1251,1251,87,1819
R3,N2Vp1q0_25,N2V,1.0,0.25,D2,4,27,1179,1179,73,1744
R3,N2Vp1q0_25,N2V,1.0,0.25,D2,4,28,1183,1183,57,1756
R3,N2Vp1q0_25,N2V,1.0,0.25,D2,4,29,1226,1226,64,1777
R3,N2Vp1q0_25,N2V,1.0,0.25,D2,4,30,1252,1252,79,1797
R3,N2Vp1q0_25,N2V,1.0,0.25,D2,5,0,0,0,0,0
R3,N2Vp1q0_25,N2V,1.0,0.25,D2,5,1,888,888,71,1426
R3,N2Vp1q0_25,N2V,1.0,0.25,D2,5,2,935,935,63,1507
R3,N2Vp1q0_25,N2V,1.0,0.25,D2,5,3,1041,1041,59,1619
R3,N2Vp1q0_25,N2V,1.0,0.25,D2,5,4,1026,1026,69,1606
R3,N2Vp1q0_25,N2V,1.0,0.25,D2,5,5,1072,1072,67,1662
R3,N2Vp1q0_25,N2V,1.0,0.25,D2,5,6,1042,1042,62,1588
R3,N2Vp1q0_25,N2V,1.0,0.25,D2,5,7,1129,1129,57,1680
R3,N2Vp1q0_25,N2V,1.0,0.25,D2,5,8,1145,1145,60,1721
R3,N2Vp1q0_25,N2V,1.0,0.25,D2,5,9,1160,1160,70,1718
R3,N2Vp1q0_25,N2V,1.0,0.25,D2,5,10,1264,1264,78,1790
R3,N2Vp1q0_25,N2V,1.0,0.25,D2,5,11,1259,1259,69,1791
R3,N2Vp1q0_25,N2V,1.0,0.25,D2,5,12,1215,1215,59,1739
R3,N2Vp1q0_25,N2V,1.0,0.25,D2,5,13,1248,1248,63,1795
R3,N2Vp1q0_25,N2V,1.0,0.25,D2,5,14,1251,1251,56,1816
R3,N2Vp1q0_25,N2V,1.0,0.25,D2,5,15,1230,1230,87,1786
R3,N2Vp1q0_25,N2V,1.0,0.25,D2,5,16,1204,1204,79,1759
R3,N2Vp1q0_25,N2V,1.0,0.25,D2,5,17,1178,1178,84,1742
R3,N2Vp1q0_25,N2V,1.0,0.25,D2,5,18,1210,1210,66,1763
R3,N2Vp1q0_25,N2V,1.0,0.25,D2,5,19,1197,1197,69,1764
R3,N2Vp1q0_25,N2V,1.0,0.25,D2,5,20,1192,1192,72,1783
R3,N2Vp1q0_25,N2V,1.0,0.25,D2,5,21,1207,1207,76,1758
R3,N2Vp1q0_25,N2V,1.0,0.25,D2,5,22,1212,1212,70,1761
R3,N2Vp1q0_25,N2V,1.0,0.25,D2,5,23,1193,1193,65,1771
R3,N2Vp1q0_25,N2V,1.0,0.25,D2,5,24,1206,1206,68,1757
R3,N2Vp1q0_25,N2V,1.0,0.25,D2,5,25,1216,1216,68,1780
R3,N2Vp1q0_25,N2V,1.0,0.25,D2,5,26,1234,1234,90,1744
R3,N2Vp1q0_25,N2V,1.0,0.25,D2,5,27,1193,1193,70,1745
R3,N2Vp1q0_25,N2V,1.0,0.25,D2,5,28,1202,1202,77,1752
R3,N2Vp1q0_25,N2V,1.0,0.25,D2,5,29,1192,1192,63,1745
R3,N2Vp1q0_25,N2V,1.0,0.25,D2,5,30,1133,1133,68,1686
R3,N2Vp1q0_25,N2V,1.0,0.25,D2,6,0,0,0,0,0
R3,N2Vp1q0_25,N2V,1.0,0.25,D2,6,1,897,897,48,1481
R3,N2Vp1q0_25,N2V,1.0,0.25,D2,6,2,1006,1006,67,1561
R3,N2Vp1q0_25,N2V,1.0,0.25,D2,6,3,1014,1014,71,1588
R3,N2Vp1q0_25,N2V,1.0,0.25,D2,6,4,1090,1090,56,1656
R3,N2Vp1q0_25,N2V,1.0,0.25,D2,6,5,1147,1147,72,1668
R3,N2Vp1q0_25,N2V,1.0,0.25,D2,6,6,1125,1125,72,1680
R3,N2Vp1q0_25,N2V,1.0,0.25,D2,6,7,1196,1196,61,1754
R3,N2Vp1q0_25,N2V,1.0,0.25,D2,6,8,1191,1191,71,1744
R3,N2Vp1q0_25,N2V,1.0,0.25,D2,6,9,1290,1290,66,1835
R3,N2Vp1q0_25,N2V,1.0,0.25,D2,6,10,1256,1256,78,1807
R3,N2Vp1q0_25,N2V,1.0,0.25,D2,6,11,1268,1268,81,1791
R3,N2Vp1q0_25,N2V,1.0,0.25,D2,6,12,1257,1257,77,1807
R3,N2Vp1q0_25,N2V,1.0,0.25,D2,6,13,1199,1199,69,1761
R3,N2Vp1q0_25,N2V,1.0,0.25,D2,6,14,1116,1116,69,1699
R3,N2Vp1q0_25,N2V,1.0,0.25,D2,6,15,1147,1147,67,1722
R3,N2Vp1q0_25,N2V,1.0,0.25,D2,6,16,1220,1220,85,1777
R3,N2Vp1q0_25,N2V,1.0,0.25,D2,6,17,1151,1151,63,1707
R3,N2Vp1q0_25,N2V,1.0,0.25,D2,6,18,1205,1205,76,1791
R3,N2Vp1q0_25,N2V,1.0,0.25,D2,6,19,1197,1197,68,1748
R3,N2Vp1q0_25,N2V,1.0,0.25,D2,6,20,1207,1207,80,1782
R3,N2Vp1q0_25,N2V,1.0,0.25,D2,6,21,1216,1216,56,1730
R3,N2Vp1q0_25,N2V,1.0,0.25,D2,6,22,1211,1211,88,1746
R3,N2Vp1q0_25,N2V,1.0,0.25,D2,6,23,1256,1256,76,1777
R3,N2Vp1q0_25,N2V,1.0,0.25,D2,6,24,1249,1249,66,1800
R3,N2Vp1q0_25,N2V,1.0,0.25,D2,6,25,1305,1305,90,1838
R3,N2Vp1q0_25,N2V,1.0,0.25,D2,6,26,1215,1215,66,1773
R3,N2Vp1q0_25,N2V,1.0,0.25,D2,6,27,1179,1179,82,1773
R3,N2Vp1q0_25,N2V,1.0,0.25,D2,6,28,1157,1157,69,1728
R3,N2Vp1q0_25,N2V,1.0,0.25,D2,6,29,1167,1167,74,1740
R3,N2Vp1q0_25,N2V,1.0,0.25,D2,6,30,1220,1220,84,1773
R3,N2Vp1q0_25,N2V,1.0,0.25,D2,7,0,0,0,0,0
R3,N2Vp1q0_25,N2V,1.0,0.25,D2,7,1,813,813,43,1357
R3,N2Vp1q0_25,N2V,1.0,0.25,D2,7,2,1053,1053,69,1634
R3,N2Vp1q0_25,N2V,1.0,0.25,D2,7,3,1025,1025,65,1566
R3,N2Vp1q0_25,N2V,1.0,0.25,D2,7,4,1073,1073,82,1643
R3,N2Vp1q0_25,N2V,1.0,0.25,D2,7,5,1068,1068,72,1640
R3,N2Vp1q0_25,N2V,1.0,0.25,D2,7,6,1123,1123,62,1697
R3,N2Vp1q0_25,N2V,1.0,0.25,D2,7,7,1135,1135,45,1751
R3,N2Vp1q0_25,N2V,1.0,0.25,D2,7,8,1252,1252,84,1821
R3,N2Vp1q0_25,N2V,1.0,0.25,D2,7,9,1269,1269,77,1792
R3,N2Vp1q0_25,N2V,1.0,0.25,D2,7,10,1195,1195,67,1744
R3,N2Vp1q0_25,N2V,1.0,0.25,D2,7,11,1188,1188,60,1735
R3,N2Vp1q0_25,N2V,1.0,0.25,D2,7,12,1196,1196,67,1760
R3,N2Vp1q0_25,N2V,1.0,0.25,D2,7,13,1213,1213,64,1770
R3,N2Vp1q0_25,N2V,1.0,0.25,D2,7,14,1247,1247,87,1793
R3,N2Vp1q0_25,N2V,1.0,0.25,D2,7,15,1203,1203,61,1808
R3,N2Vp1q0_25,N2V,1.0,0.25,D2,7,16,1220,1220,69,1763
R3,N2Vp1q0_25,N2V,1.0,0.25,D2,7,17,1178,1178,69,1751
R3,N2Vp1q0_25,N2V,1.0,0.25,D2,7,18,1168,1168,72,1717
R3,N2Vp1q0_25,N2V,1.0,0.25,D2,7,19,1156,1156,66,1698
R3,N2Vp1q0_25,N2V,1.0,0.25,D2,7,20,1223,1223,86,1769
R3,N2Vp1q0_25,N2V,1.0,0.25,D2,7,21,1171,1171,59,1709
R3,N2Vp1q0_25,N2V,1.0,0.25,D2,7,22,1206,1206,64,1757
R3,N2Vp1q0_25,N2V,1.0,0.25,D2,7,23,1150,1150,83,1726
R3,N2Vp1q0_25,N2V,1.0,0.25,D2,7,24,1221,1221,73,1796
R3,N2Vp1q0_25,N2V,1.0,0.25,D2,7,25,1218,1218,74,1801
R3,N2Vp1q0_25,N2V,1.0,0.25,D2,7,26,1206,1206,58,1720
R3,N2Vp1q0_25,N2V,1.0,0.25,D2,7,27,1230,1230,76,1756
R3,N2Vp1q0_25,N2V,1.0,0.25,D2,7,28,1249,1249,70,1767
R3,N2Vp1q0_25,N2V,1.0,0.25,D2,7,29,1205,1205,61,1796
R3,N2Vp1q0_25,N2V,1.0,0.25,D2,7,30,1150,1150,62,1727
R3,N2Vp1q0_25,N2V,1.0,0.25,D2,8,0,0,0,0,0
R3,N2Vp1q0_25,N2V,1.0,0.25,D2,8,1,877,877,48,1420
R3,N2Vp1q0_25,N2V,1.0,0.25,D2,8,2,964,964,51,1542
R3,N2Vp1q0_25,N2V,1.0,0.25,D2,8,3,983,983,78,1545
R3,N2Vp1q0_25,N2V,1.0,0.25,D2,8,4,1023,1023,68,1626
R3,N2Vp1q0_25,N2V,1.0,0.25,D2,8,5,977,977,67,1585
R3,N2Vp1q0_25,N2V,1.0,0.25,D2,8,6,991,991,51,1608
R3,N2Vp1q0_25,N2V,1.0,0.25,D2,8,7,1100,1100,66,1711
R3,N2Vp1q0_25,N2V,1.0,0.25,D2,8,8,1164,1164,59,1735
R3,N2Vp1q0_25,N2V,1.0,0.25,D2,8,9,1139,1139,53,1705
R3,N2Vp1q0_25,N2V,1.0,0.25,D2,8,10,1191,1191,59,1776
R3,N2Vp1q0_25,N2V,1.0,0.25,D2,8,11,1169,1169,53,1718
R3,N2Vp1q0_25,N2V,1.0,0.25,D2,8,12,1155,1155,60,1699
R3,N2Vp1q0_25,N2V,1.0,0.25,D2,8,13,1218,1218,58,1802
R3,N2Vp1q0_25,N2V,1.0,0.25,D2,8,14,1214,1214,63,1778
R3,N2Vp1q0_25,N2V,1.0,0.25,D2,8,15,1205,1205,78,1773
R3,N2Vp1q0_25,N2V,1.0,0.25,D2,8,16,1225,1225,77,1777
R3,N2Vp1q0_25,N2V,1.0,0.25,D2,8,17,1211,1211,86,1759
R3,N2Vp1q0_25,N2V,1.0,0.25,D2,8,18,1180,1180,62,1714
R3,N2Vp1q0_25,N2V,1.0,0.25,D2,8,19,1224,1224,87,1768
R3,N2Vp1q0_25,N2V,1.0,0.25,D2,8,20,1221,1221,55,1783
R3,N2Vp1q0_25,N2V,1.0,0.25,D2,8,21,1168,1168,59,1749
R3,N2Vp1q0_25,N2V,1.0,0.25,D2,8,22,1217,1217,82,1784
R3,N2Vp1q0_25,N2V,1.0,0.25,D2,8,23,1267,1267,75,1790
R3,N2Vp1q0_25,N2V,1.0,0.25,D2,8,24,1196,1196,70,1761
R3,N2Vp1q0_25,N2V,1.0,0.25,D2,8,25,1215,1215,83,1743
R3,N2Vp1q0_25,N2V,1.0,0.25,D2,8,26,1220,1220,73,1759
R3,N2Vp1q0_25,N2V,1.0,0.25,D2,8,27,1205,1205,62,1769
R3,N2Vp1q0_25,N2V,1.0,0.25,D2,8,28,1142,1142,64,1733
R3,N2Vp1q0_25,N2V,1.0,0.25,D2,8,29,1125,1125,72,1710
R3,N2Vp1q0_25,N2V,1.0,0.25,D2,8,30,1249,1249,70,1805
R3,N2Vp1q0_25,N2V,1.0,0.25,D2,9,0,0,0,0,0
R3,N2Vp1q0_25,N2V,1.0,0.25,D2,9,1,809,809,51,1366
R3,N2Vp1q0_25,N2V,1.0,0.25,D2,9,2,907,907,69,1507
R3,N2Vp1q0_25,N2V,1.0,0.25,D2,9,3,999,999,66,1566
R3,N2Vp1q0_25,N2V,1.0,0.25,D2,9,4,1062,1062,60,1624
R3,N2Vp1q0_25,N2V,1.0,0.25,D2,9,5,1010,1010,67,1608
R3,N2Vp1q0_25,N2V,1.0,0.25,D2,9,6,1048,1048,71,1599
R3,N2Vp1q0_25,N2V,1.0,0.25,D2,9,7,1125,1125,59,1730
R3,N2Vp1q0_25,N2V,1.0,0.25,D2,9,8,1150,1150,76,1710
R3,N2Vp1q0_25,N2V,1.0,0.25,D2,9,9,1149,1149,67,1710
R3,N2Vp1q0_25,N2V,1.0,0.25,D2,9,10,1210,1210,74,1751
R3,N2Vp1q0_25,N2V,1.0,0.25,D2,9,11,1187,1187,76,1725
R3,N2Vp1q0_25,N2V,1.0,0.25,D2,9,12,1227,1227,82,1750
R3,N2Vp1q0_25,N2V,1.0,0.25,D2,9,13,1255,1255,85,1761
R3,N2Vp1q0_25,N2V,1.0,0.25,D2,9,14,1262,1262,78,1775
R3,N2Vp1q0_25,N2V,1.0,0.25,D2,9,15,1286,1286,93,1784
R3,N2Vp1q0_25,N2V,1.0,0.25,D2,9,16,1229,1229,76,1750
R3,N2Vp1q0_25,N2V,1.0,0.25,D2,9,17,1296,1296,80,1819
R3,N2Vp1q0_25,N2V,1.0,0.25,D2,9,18,1236,1236,79,1785
R3,N2Vp1q0_25,N2V,1.0,0.25,D2,9,19,1224,1224,57,1786
R3,N2Vp1q0_25,N2V,1.0,0.25,D2,9,20,1215,1215,66,1729
R3,N2Vp1q0_25,N2V,1.0,0.25,D2,9,21,1164,1164,60,1730
R3,N2Vp1q0_25,N2V,1.0,0.25,D2,9,22,1214,1214,47,1750
R3,N2Vp1q0_25,N2V,1.0,0.25,D2,9,23,1226,1226,71,1812
R3,N2Vp1q0_25,N2V,1.0,0.25,D2,9,24,1241,1241,72,1798
R3,N2Vp1q0_25,N2V,1.0,0.25,D2,9,25,1218,1218,76,1767
R3,N2Vp1q0_25,N2V,1.0,0.25,D2,9,26,1151,1151,90,1707
R3,N2Vp1q0_25,N2V,1.0,0.25,D2,9,27,1149,1149,76,1729
R3,N2Vp1q0_25,N2V,1.0,0.25,D2,9,28,1229,1229,58,1767
R3,N2Vp1q0_25,N2V,1.0,0.25,D2,9,29,1290,1290,80,1792
R3,N2Vp1q0_25,N2V,1.0,0.25,D2,9,30,1271,1271,63,1810
R3,N2Vp1q0_25,N2V,1.0,0.25,D2,10,0,0,0,0,0
R3,N2Vp1q0_25,N2V,1.0,0.25,D2,10,1,890,890,62,1406
R3,N2Vp1q0_25,N2V,1.0,0.25,D2,10,2,1011,1011,67,1598
R3,N2Vp1q0_25,N2V,1.0,0.25,D2,10,3,1048,1048,68,1617
R3,N2Vp1q0_25,N2V,1.0,0.25,D2,10,4,1078,1078,80,1657
R3,N2Vp1q0_25,N2V,1.0,0.25,D2,10,5,1090,1090,68,1708
R3,N2Vp1q0_25,N2V,1.0,0.25,D2,10,6,1080,1080,64,1650
R3,N2Vp1q0_25,N2V,1.0,0.25,D2,10,7,1100,1100,69,1677
R3,N2Vp1q0_25,N2V,1.0,0.25,D2,10,8,1218,1218,67,1765
R3,N2Vp1q0_25,N2V,1.0,0.25,D2,10,9,1180,1180,77,1719
R3,N2Vp1q0_25,N2V,1.0,0.25,D2,10,10,1176,1176,73,1724
R3,N2Vp1q0_25,N2V,1.0,0.25,D2,10,11,1249,1249,78,1764
R3,N2Vp1q0_25,N2V,1.0,0.25,D2,10,12,1294,1294,79,1828
R3,N2Vp1q0_25,N2V,1.0,0.25,D2,10,13,1215,1215,67,1755
R3,N2Vp1q0_25,N2V,1.0,0.25,D2,10,14,1291,1291,77,1837
R3,N2Vp1q0_25,N2V,1.0,0.25,D2,10,15,1220,1220,57,1747
R3,N2Vp1q0_25,N2V,1.0,0.25,D2,10,16,1213,1213,92,1753
R3,N2Vp1q0_25,N2V,1.0,0.25,D2,10,17,1271,1271,88,1799
R3,N2Vp1q0_25,N2V,1.0,0.25,D2,10,18,1352,1352,79,1867
R3,N2Vp1q0_25,N2V,1.0,0.25,D2,10,19,1298,1298,85,1815
R3,N2Vp1q0_25,N2V,1.0,0.25,D2,10,20,1298,1298,75,1840
R3,N2Vp1q0_25,N2V,1.0,0.25,D2,10,21,1307,1307,83,1826
R3,N2Vp1q0_25,N2V,1.0,0.25,D2,10,22,1256,1256,72,1765
R3,N2Vp1q0_25,N2V,1.0,0.25,D2,10,23,1357,1357,69,1860
R3,N2Vp1q0_25,N2V,1.0,0.25,D2,10,24,1325,1325,76,1835
R3,N2Vp1q0_25,N2V,1.0,0.25,D2,10,25,1246,1246,68,1804
R3,N2Vp1q0_25,N2V,1.0,0.25,D2,10,26,1248,1248,73,1801
R3,N2Vp1q0_25,N2V,1.0,0.25,D2,10,27,1221,1221,65,1768
R3,N2Vp1q0_25,N2V,1.0,0.25,D2,10,28,1262,1262,72,1770
R3,N2Vp1q0_25,N2V,1.0,0.25,D2,10,29,1217,1217,59,1776
R3,N2Vp1q0_25,N2V,1.0,0.25,D2,10,30,1280,1280,95,1787
R3,N2Vp1q0_5,N2V,1.0,0.5,D2,1,0,0,0,0,0
R3,N2Vp1q0_5,N2V,1.0,0.5,D2,1,1,921,921,72,1502
R3,N2Vp1q0_5,N2V,1.0,0.5,D2,1,2,960,960,55,1569
R3,N2Vp1q0_5,N2V,1.0,0.5,D2,1,3,1010,1010,73,1611
R3,N2Vp1q0_5,N2V,1.0,0.5,D2,1,4,1010,1010,72,1596
R3,N2Vp1q0_5,N2V,1.0,0.5,D2,1,5,1022,1022,64,1634
R3,N2Vp1q0_5,N2V,1.0,0.5,D2,1,6,1092,1092,65,1693
R3,N2Vp1q0_5,N2V,1.0,0.5,D2,1,7,1123,1123,69,1689
R3,N2Vp1q0_5,N2V,1.0,0.5,D2,1,8,1136,1136,67,1736
R3,N2Vp1q0_5,N2V,1.0,0.5,D2,1,9,1176,1176,80,1756
R3,N2Vp1q0_5,N2V,1.0,0.5,D2,1,10,1195,1195,74,1751
R3,N2Vp1q0_5,N2V,1.0,0.5,D2,1,11,1149,1149,55,1721
R3,N2Vp1q0_5,N2V,1.0,0.5,D2,1,12,1284,1284,87,1805
R3,N2Vp1q0_5,N2V,1.0,0.5,D2,1,13,1233,1233,82,1785
R3,N2Vp1q0_5,N2V,1.0,0.5,D2,1,14,1203,1203,90,1765
R3,N2Vp1q0_5,N2V,1.0,0.5,D2,1,15,1247,1247,94,1794
R3,N2Vp1q0_5,N2V,1.0,0.5,D2,1,16,1224,1224,78,1789
R3,N2Vp1q0_5,N2V,1.0,0.5,D2,1,17,1189,1189,74,1779
R3,N2Vp1q0_5,N2V,1.0,0.5,D2,1,18,1164,1164,60,1724
R3,N2Vp1q0_5,N2V,1.0,0.5,D2,1,19,1252,1252,62,1808
R3,N2Vp1q0_5,N2V,1.0,0.5,D2,1,20,1247,1247,49,1788
R3,N2Vp1q0_5,N2V,1.0,0.5,D2,1,21,1209,1209,81,1791
R3,N2Vp1q0_5,N2V,1.0,0.5,D2,1,22,1290,1290,86,1871
R3,N2Vp1q0_5,N2V,1.0,0.5,D2,1,23,1225,1225,79,1779
R3,N2Vp1q0_5,N2V,1.0,0.5,D2,1,24,1205,1205,76,1767
R3,N2Vp1q0_5,N2V,1.0,0.5,D2,1,25,1239,1239,73,1795
R3,N2Vp1q0_5,N2V,1.0,0.5,D2,1,26,1268,1268,88,1808
R3,N2Vp1q0_5,N2V,1.0,0.5,D2,1,27,1261,1261,64,1783
R3,N2Vp1q0_5,N2V,1.0,0.5,D2,1,28,1277,1277,78,1819
R3,N2Vp1q0_5,N2V,1.0,0.5,D2,1,29,1214,1214,83,1753
R3,N2Vp1q0_5,N2V,1.0,0.5,D2,1,30,1212,1212,67,1797
R3,N2Vp1q0_5,N2V,1.0,0.5,D2,2,0,0,0,0,0
R3,N2Vp1q0_5,N2V,1.0,0.5,D2,2,1,857,857,45,1408
R3,N2Vp1q0_5,N2V,1.0,0.5,D2,2,2,911,911,59,1496
R3,N2Vp1q0_5,N2V,1.0,0.5,D2,2,3,958,958,62,1581
R3,N2Vp1q0_5,N2V,1.0,0.5,D2,2,4,1025,1025,72,1572
R3,N2Vp1q0_5,N2V,1.0,0.5,D2,2,5,1053,1053,67,1628
R3,N2Vp1q0_5,N2V,1.0,0.5,D2,2,6,1053,1053,78,1607
R3,N2Vp1q0_5,N2V,1.0,0.5,D2,2,7,1118,1118,72,1689
R3,N2Vp1q0_5,N2V,1.0,0.5,D2,2,8,1127,1127,81,1727
R3,N2Vp1q0_5,N2V,1.0,0.5,D2,2,9,1226,1226,89,1769
R3,N2Vp1q0_5,N2V,1.0,0.5,D2,2,10,1242,1242,86,1763
R3,N2Vp1q0_5,N2V,1.0,0.5,D2,2,11,1294,1294,87,1788
R3,N2Vp1q0_5,N2V,1.0,0.5,D2,2,12,1286,1286,77,1812
R3,N2Vp1q0_5,N2V,1.0,0.5,D2,2,13,1269,1269,76,1795
R3,N2Vp1q0_5,N2V,1.0,0.5,D2,2,14,1198,1198,72,1752
R3,N2Vp1q0_5,N2V,1.0,0.5,D2,2,15,1178,1178,72,1732
R3,N2Vp1q0_5,N2V,1.0,0.5,D2,2,16,1229,1229,88,1762
R3,N2Vp1q0_5,N2V,1.0,0.5,D2,2,17,1203,1203,86,1737
R3,N2Vp1q0_5,N2V,1.0,0.5,D2,2,18,1233,1233,71,1773
R3,N2Vp1q0_5,N2V,1.0,0.5,D2,2,19,1263,1263,92,1795
R3,N2Vp1q0_5,N2V,1.0,0.5,D2,2,20,1262,1262,75,1829
R3,N2Vp1q0_5,N2V,1.0,0.5,D2,2,21,1272,1272,69,1783
R3,N2Vp1q0_5,N2V,1.0,0.5,D2,2,22,1234,1234,72,1795
R3,N2Vp1q0_5,N2V,1.0,0.5,D2,2,23,1198,1198,84,1747
R3,N2Vp1q0_5,N2V,1.0,0.5,D2,2,24,1188,1188,75,1766
R3,N2Vp1q0_5,N2V,1.0,0.5,D2,2,25,1211,1211,84,1781
R3,N2Vp1q0_5,N2V,1.0,0.5,D2,2,26,1264,1264,93,1794
R3,N2Vp1q0_5,N2V,1.0,0.5,D2,2,27,1218,1218,63,1765
R3,N2Vp1q0_5,N2V,1.0,0.5,D2,2,28,1238,1238,67,1732
R3,N2Vp1q0_5,N2V,1.0,0.5,D2,2,29,1275,1275,73,1784
R3,N2Vp1q0_5,N2V,1.0,0.5,D2,2,30,1218,1218,90,1767
R3,N2Vp1q0_5,N2V,1.0,0.5,D2,3,0,0,0,0,0
R3,N2Vp1q0_5,N2V,1.0,0.5,D2,3,1,824,824,50,1341
R3,N2Vp1q0_5,N2V,1.0,0.5,D2,3,2,934,934,48,1482
R3,N2Vp1q0_5,N2V,1.0,0.5,D2,3,3,955,955,69,1553
R3,N2Vp1q0_5,N2V,1.0,0.5,D2,3,4,1030,1030,84,1586
R3,N2Vp1q0_5,N2V,1.0,0.5,D2,3,5,1082,1082,73,1668
R3,N2Vp1q0_5,N2V,1.0,0.5,D2,3,6,1143,1143,60,1712
R3,N2Vp1q0_5,N2V,1.0,0.5,D2,3,7,1217,1217,59,1734
R3,N2Vp1q0_5,N2V,1.0,0.5,D2,3,8,1212,1212,74,1728
R3,N2Vp1q0_5,N2V,1.0,0.5,D2,3,9,1196,1196,79,1760
R3,N2Vp1q0_5,N2V,1.0,0.5,D2,3,10,1200,1200,69,1773
R3,N2Vp1q0_5,N2V,1.0,0.5,D2,3,11,1186,1186,57,1755
R3,N2Vp1q0_5,N2V,1.0,0.5,D2,3,12,1179,1179,82,1762
R3,N2Vp1q0_5,N2V,1.0,0.5,D2,3,13,1220,1220,72,1762
R3,N2Vp1q0_5,N2V,1.0,0.5,D2,3,14,1204,1204,83,1763
R3,N2Vp1q0_5,N2V,1.0,0.5,D2,3,15,1163,1163,80,1747
R3,N2Vp1q0_5,N2V,1.0,0.5,D2,3,16,1181,1181,63,1725
R3,N2Vp1q0_5,N2V,1.0,0.5,D2,3,17,1246,1246,78,1783
R3,N2Vp1q0_5,N2V,1.0,0.5,D2,3,18,1224,1224,81,1750
R3,N2Vp1q0_5,N2V,1.0,0.5,D2,3,19,1277,1277,86,1805
R3,N2Vp1q0_5,N2V,1.0,0.5,D2,3,20,1269,1269,66,1828
R3,N2Vp1q0_5,N2V,1.0,0.5,D2,3,21,1251,1251,70,1762
R3,N2Vp1q0_5,N2V,1.0,0.5,D2,3,22,1261,1261,76,1819
R3,N2Vp1q0_5,N2V,1.0,0.5,D2,3,23,1229,1229,74,1757
R3,N2Vp1q0_5,N2V,1.0,0.5,D2,3,24,1234,1234,69,1765
R3,N2Vp1q0_5,N2V,1.0,0.5,D2,3,25,1226,1226,82,1760
R3,N2Vp1q0_5,N2V,1.0,0.5,D2,3,26,1210,1210,64,1751
R3,N2Vp1q0_5,N2V,1.0,0.5,D2,3,27,1250,1250,61,1782
R3,N2Vp1q0_5,N2V,1.0,0.5,D2,3,28,1258,1258,70,1804
R3,N2Vp1q0_5,N2V,1.0,0.5,D2,3,29,1228,1228,63,1780
R3,N2Vp1q0_5,N2V,1.0,0.5,D2,3,30,1191,1191,62,1720
R3,N2Vp1q0_5,N2V,1.0,0.5,D2,5,0,0,0,0,0
R3,N2Vp1q0_5,N2V,1.0,0.5,D2,5,1,771,771,35,1337
R3,N2Vp1q0_5,N2V,1.0,0.5,D2,5,2,926,926,54,1531
R3,N2Vp1q0_5,N2V,1.0,0.5,D2,5,3,1093,1093,78,1664
R3,N2Vp1q0_5,N2V,1.0,0.5,D2,5,4,1056,1056,55,1631
R3,N2Vp1q0_5,N2V,1.0,0.5,D2,5,5,1094,1094,54,1676
R3,N2Vp1q0_5,N2V,1.0,0.5,D2,5,6,994,994,75,1588
R3,N2Vp1q0_5,N2V,1.0,0.5,D2,5,7,1061,1061,71,1617
R3,N2Vp1q0_5,N2V,1.0,0.5,D2,5,8,1107,1107,61,1686
R3,N2Vp1q0_5,N2V,1.0,0.5,D2,5,9,1181,1181,71,1735
R3,N2Vp1q0_5,N2V,1.0,0.5,D2,5,10,1225,1225,73,1770
R3,N2Vp1q0_5,N2V,1.0,0.5,D2,5,11,1222,1222,77,1759
R3,N2Vp1q0_5,N2V,1.0,0.5,D2,5,12,1221,1221,65,1766
R3,N2Vp1q0_5,N2V,1.0,0.5,D2,5,13,1302,1302,67,1799
R3,N2Vp1q0_5,N2V,1.0,0.5,D2,5,14,1235,1235,71,1765
R3,N2Vp1q0_5,N2V,1.0,0.5,D2,5,15,1321,1321,78,1832
R3,N2Vp1q0_5,N2V,1.0,0.5,D2,5,16,1225,1225,80,1773
R3,N2Vp1q0_5,N2V,1.0,0.5,D2,5,17,1261,1261,87,1771
R3,N2Vp1q0_5,N2V,1.0,0.5,D2,5,18,1235,1235,71,1766
R3,N2Vp1q0_5,N2V,1.0,0.5,D2,5,19,1175,1175,66,1749
R3,N2Vp1q0_5,N2V,1.0,0.5,D2,5,20,1202,1202,52,1760
R3,N2Vp1q0_5,N2V,1.0,0.5,D2,5,21,1255,1255,58,1788
R3,N2Vp1q0_5,N2V,1.0,0.5,D2,5,22,1200,1200,83,1761
R3,N2Vp1q0_5,N2V,1.0,0.5,D2,5,23,1217,1217,72,1755
R3,N2Vp1q0_5,N2V,1.0,0.5,D2,5,24,1212,1212,72,1755
R3,N2Vp1q0_5,N2V,1.0,0.5,D2,5,25,1234,1234,88,1786
R3,N2Vp1q0_5,N2V,1.0,0.5,D2,5,26,1254,1254,63,1792
R3,N2Vp1q0_5,N2V,1.0,0.5,D2,5,27,1300,1300,70,1834
R3,N2Vp1q0_5,N2V,1.0,0.5,D2,5,28,1253,1253,70,1823
R3,N2Vp1q0_5,N2V,1.0,0.5,D2,5,29,1260,1260,72,1799
R3,N2Vp1q0_5,N2V,1.0,0.5,D2,5,30,1221,1221,68,1770
R3,N2Vp1q0_5,N2V,1.0,0.5,D2,4,0,0,0,0,0
R3,N2Vp1q0_5,N2V,1.0,0.5,D2,4,1,898,898,58,1451
R3,N2Vp1q0_5,N2V,1.0,0.5,D2,4,2,1023,1023,56,1589
R3,N2Vp1q0_5,N2V,1.0,0.5,D2,4,3,1053,1053,77,1630
R3,N2Vp1q0_5,N2V,1.0,0.5,D2,4,4,1125,1125,66,1721
R3,N2Vp1q0_5,N2V,1.0,0.5,D2,4,5,1133,1133,72,1734
R3,N2Vp1q0_5,N2V,1.0,0.5,D2,4,6,1096,1096,63,1670
R3,N2Vp1q0_5,N2V,1.0,0.5,D2,4,7,1160,1160,87,1692
R3,N2Vp1q0_5,N2V,1.0,0.5,D2,4,8,1191,1191,81,1715
R3,N2Vp1q0_5,N2V,1.0,0.5,D2,4,9,1202,1202,69,1768
R3,N2Vp1q0_5,N2V,1.0,0.5,D2,4,10,1150,1150,82,1698
R3,N2Vp1q0_5,N2V,1.0,0.5,D2,4,11,1210,1210,72,1793
R3,N2Vp1q0_5,N2V,1.0,0.5,D2,4,12,1207,1207,82,1772
R3,N2Vp1q0_5,N2V,1.0,0.5,D2,4,13,1201,1201,70,1776
R3,N2Vp1q0_5,N2V,1.0,0.5,D2,4,14,1246,1246,85,1757
R3,N2Vp1q0_5,N2V,1.0,0.5,D2,4,15,1271,1271,93,1792
R3,N2Vp1q0_5,N2V,1.0,0.5,D2,4,16,1239,1239,82,1763
R3,N2Vp1q0_5,N2V,1.0,0.5,D2,4,17,1225,1225,75,1737
R3,N2Vp1q0_5,N2V,1.0,0.5,D2,4,18,1196,1196,61,1775
R3,N2Vp1q0_5,N2V,1.0,0.5,D2,4,19,1177,1177,67,1723
R3,N2Vp1q0_5,N2V,1.0,0.5,D2,4,20,1183,1183,54,1742
R3,N2Vp1q0_5,N2V,1.0,0.5,D2,4,21,1194,1194,63,1778
R3,N2Vp1q0_5,N2V,1.0,0.5,D2,4,22,1214,1214,60,1724
R3,N2Vp1q0_5,N2V,1.0,0.5,D2,4,23,1269,1269,59,1820
R3,N2Vp1q0_5,N2V,1.0,0.5,D2,4,24,1241,1241,79,1786
R3,N2Vp1q0_5,N2V,1.0,0.5,D2,4,25,1263,1263,68,1789
R3,N2Vp1q0_5,N2V,1.0,0.5,D2,4,26,1283,1283,71,1792
R3,N2Vp1q0_5,N2V,1.0,0.5,D2,4,27,1223,1223,58,1748
R3,N2Vp1q0_5,N2V,1.0,0.5,D2,4,28,1297,1297,70,1842
R3,N2Vp1q0_5,N2V,1.0,0.5,D2,4,29,1280,1280,69,1796
R3,N2Vp1q0_5,N2V,1.0,0.5,D2,4,30,1214,1214,66,1755
R3,N2Vp1q0_5,N2V,1.0,0.5,D2,6,0,0,0,0,0
R3,N2Vp1q0_5,N2V,1.0,0.5,D2,6,1,915,915,55,1483
R3,N2Vp1q0_5,N2V,1.0,0.5,D2,6,2,949,949,58,1562
R3,N2Vp1q0_5,N2V,1.0,0.5,D2,6,3,982,982,58,1594
R3,N2Vp1q0_5,N2V,1.0,0.5,D2,6,4,1123,1123,60,1688
R3,N2Vp1q0_5,N2V,1.0,0.5,D2,6,5,1065,1065,57,1620
R3,N2Vp1q0_5,N2V,1.0,0.5,D2,6,6,1056,1056,55,1680
R3,N2Vp1q0_5,N2V,1.0,0.5,D2,6,7,1113,1113,70,1650
R3,N2Vp1q0_5,N2V,1.0,0.5,D2,6,8,1125,1125,81,1677
R3,N2Vp1q0_5,N2V,1.0,0.5,D2,6,9,1205,1205,71,1786
R3,N2Vp1q0_5,N2V,1.0,0.5,D2,6,10,1195,1195,58,1758
R3,N2Vp1q0_5,N2V,1.0,0.5,D2,6,11,1205,1205,73,1773
R3,N2Vp1q0_5,N2V,1.0,0.5,D2,6,12,1249,1249,74,1798
R3,N2Vp1q0_5,N2V,1.0,0.5,D2,6,13,1189,1189,72,1758
R3,N2Vp1q0_5,N2V,1.0,0.5,D2,6,14,1220,1220,55,1790
R3,N2Vp1q0_5,N2V,1.0,0.5,D2,6,15,1253,1253,63,1776
R3,N2Vp1q0_5,N2V,1.0,0.5,D2,6,16,1198,1198,64,1731
R3,N2Vp1q0_5,N2V,1.0,0.5,D2,6,17,1247,1247,75,1759
R3,N2Vp1q0_5,N2V,1.0,0.5,D2,6,18,1251,1251,78,1774
R3,N2Vp1q0_5,N2V,1.0,0.5,D2,6,19,1169,1169,56,1738
R3,N2Vp1q0_5,N2V,1.0,0.5,D2,6,20,1147,1147,73,1705
R3,N2Vp1q0_5,N2V,1.0,0.5,D2,6,21,1148,1148,55,1710
R3,N2Vp1q0_5,N2V,1.0,0.5,D2,6,22,1213,1213,74,1763
R3,N2Vp1q0_5,N2V,1.0,0.5,D2,6,23,1213,1213,53,1791
R3,N2Vp1q0_5,N2V,1.0,0.5,D2,6,24,1244,1244,78,1776
R3,N2Vp1q0_5,N2V,1.0,0.5,D2,6,25,1258,1258,87,1787
R3,N2Vp1q0_5,N2V,1.0,0.5,D2,6,26,1262,1262,65,1841
R3,N2Vp1q0_5,N2V,1.0,0.5,D2,6,27,1281,1281,75,1819
R3,N2Vp1q0_5,N2V,1.0,0.5,D2,6,28,1217,1217,66,1760
R3,N2Vp1q0_5,N2V,1.0,0.5,D2,6,29,1258,1258,62,1787
R3,N2Vp1q0_5,N2V,1.0,0.5,D2,6,30,1254,1254,69,1818
R3,N2Vp1q0_5,N2V,1.0,0.5,D2,7,0,0,0,0,0
R3,N2Vp1q0_5,N2V,1.0,0.5,D2,7,1,829,829,56,1393
R3,N2Vp1q0_5,N2V,1.0,0.5,D2,7,2,1009,1009,63,1556
R3,N2Vp1q0_5,N2V,1.0,0.5,D2,7,3,1045,1045,54,1612
R3,N2Vp1q0_5,N2V,1.0,0.5,D2,7,4,1088,1088,73,1682
R3,N2Vp1q0_5,N2V,1.0,0.5,D2,7,5,1073,1073,75,1647
R3,N2Vp1q0_5,N2V,1.0,0.5,D2,7,6,1092,1092,77,1637
R3,N2Vp1q0_5,N2V,1.0,0.5,D2,7,7,1207,1207,62,1759
R3,N2Vp1q0_5,N2V,1.0,0.5,D2,7,8,1200,1200,71,1771
R3,N2Vp1q0_5,N2V,1.0,0.5,D2,7,9,1186,1186,76,1752
R3,N2Vp1q0_5,N2V,1.0,0.5,D2,7,10,1203,1203,81,1759
R3,N2Vp1q0_5,N2V,1.0,0.5,D2,7,11,1183,1183,76,1737
R3,N2Vp1q0_5,N2V,1.0,0.5,D2,7,12,1236,1236,73,1810
R3,N2Vp1q0_5,N2V,1.0,0.5,D2,7,13,1203,1203,68,1781
R3,N2Vp1q0_5,N2V,1.0,0.5,D2,7,14,1199,1199,81,1746
R3,N2Vp1q0_5,N2V,1.0,0.5,D2,7,15,1252,1252,80,1774
R3,N2Vp1q0_5,N2V,1.0,0.5,D2,7,16,1248,1248,70,1780
R3,N2Vp1q0_5,N2V,1.0,0.5,D2,7,17,1185,1185,80,1740
R3,N2Vp1q0_5,N2V,1.0,0.5,D2,7,18,1192,1192,75,1724
R3,N2Vp1q0_5,N2V,1.0,0.5,D2,7,19,1200,1200,66,1815
R3,N2Vp1q0_5,N2V,1.0,0.5,D2,7,20,1233,1233,75,1795
R3,N2Vp1q0_5,N2V,1.0,0.5,D2,7,21,1236,1236,81,1780
R3,N2Vp1q0_5,N2V,1.0,0.5,D2,7,22,1216,1216,81,1782
R3,N2Vp1q0_5,N2V,1.0,0.5,D2,7,23,1190,1190,64,1762
R3,N2Vp1q0_5,N2V,1.0,0.5,D2,7,24,1218,1218,94,1775
R3,N2Vp1q0_5,N2V,1.0,0.5,D2,7,25,1191,1191,80,1744
R3,N2Vp1q0_5,N2V,1.0,0.5,D2,7,26,1246,1246,63,1815
R3,N2Vp1q0_5,N2V,1.0,0.5,D2,7,27,1256,1256,71,1807
R3,N2Vp1q0_5,N2V,1.0,0.5,D2,7,28,1293,1293,69,1834
R3,N2Vp1q0_5,N2V,1.0,0.5,D2,7,29,1276,1276,69,1853
R3,N2Vp1q0_5,N2V,1.0,0.5,D2,7,30,1283,1283,76,1843
R3,N2Vp1q0_5,N2V,1.0,0.5,D2,9,0,0,0,0,0
R3,N2Vp1q0_5,N2V,1.0,0.5,D2,9,1,832,832,55,1387
R3,N2Vp1q0_5,N2V,1.0,0.5,D2,9,2,983,983,56,1583
R3,N2Vp1q0_5,N2V,1.0,0.5,D2,9,3,1017,1017,74,1591
R3,N2Vp1q0_5,N2V,1.0,0.5,D2,9,4,1091,1091,80,1663
R3,N2Vp1q0_5,N2V,1.0,0.5,D2,9,5,1059,1059,59,1636
R3,N2Vp1q0_5,N2V,1.0,0.5,D2,9,6,1057,1057,54,1637
R3,N2Vp1q0_5,N2V,1.0,0.5,D2,9,7,1145,1145,79,1691
R3,N2Vp1q0_5,N2V,1.0,0.5,D2,9,8,1139,1139,54,1695
R3,N2Vp1q0_5,N2V,1.0,0.5,D2,9,9,1127,1127,70,1682
R3,N2Vp1q0_5,N2V,1.0,0.5,D2,9,10,1194,1194,74,1740
R3,N2Vp1q0_5,N2V,1.0,0.5,D2,9,11,1215,1215,82,1766
R3,N2Vp1q0_5,N2V,1.0,0.5,D2,9,12,1208,1208,85,1792
R3,N2Vp1q0_5,N2V,1.0,0.5,D2,9,13,1201,1201,67,1758
R3,N2Vp1q0_5,N2V,1.0,0.5,D2,9,14,1204,1204,58,1776
R3,N2Vp1q0_5,N2V,1.0,0.5,D2,9,15,1179,1179,59,1751
R3,N2Vp1q0_5,N2V,1.0,0.5,D2,9,16,1287,1287,64,1815
R3,N2Vp1q0_5,N2V,1.0,0.5,D2,9,17,1321,1321,77,1850
R3,N2Vp1q0_5,N2V,1.0,0.5,D2,9,18,1263,1263,76,1804
R3,N2Vp1q0_5,N2V,1.0,0.5,D2,9,19,1303,1303,74,1821
R3,N2Vp1q0_5,N2V,1.0,0.5,D2,9,20,1257,1257,68,1814
R3,N2Vp1q0_5,N2V,1.0,0.5,D2,9,21,1276,1276,70,1838
R3,N2Vp1q0_5,N2V,1.0,0.5,D2,9,22,1312,1312,64,1817
R3,N2Vp1q0_5,N2V,1.0,0.5,D2,9,23,1297,1297,95,1823
R3,N2Vp1q0_5,N2V,1.0,0.5,D2,9,24,1284,1284,75,1816
R3,N2Vp1q0_5,N2V,1.0,0.5,D2,9,25,1282,1282,70,1823
R3,N2Vp1q0_5,N2V,1.0,0.5,D2,9,26,1250,1250,77,1761
R3,N2Vp1q0_5,N2V,1.0,0.5,D2,9,27,1286,1286,71,1806
R3,N2Vp1q0_5,N2V,1.0,0.5,D2,9,28,1243,1243,58,1803
R3,N2Vp1q0_5,N2V,1.0,0.5,D2,9,29,1258,1258,69,1838
R3,N2Vp1q0_5,N2V,1.0,0.5,D2,9,30,1179,1179,69,1733
R3,N2Vp1q0_5,N2V,1.0,0.5,D2,8,0,0,0,0,0
R3,N2Vp1q0_5,N2V,1.0,0.5,D2,8,1,840,840,43,1391
R3,N2Vp1q0_5,N2V,1.0,0.5,D2,8,2,966,966,67,1537
R3,N2Vp1q0_5,N2V,1.0,0.5,D2,8,3,1004,1004,69,1567
R3,N2Vp1q0_5,N2V,1.0,0.5,D2,8,4,1103,1103,55,1678
R3,N2Vp1q0_5,N2V,1.0,0.5,D2,8,5,1091,1091,58,1638
R3,N2Vp1q0_5,N2V,1.0,0.5,D2,8,6,1122,1122,57,1724
R3,N2Vp1q0_5,N2V,1.0,0.5,D2,8,7,1129,1129,68,1721
R3,N2Vp1q0_5,N2V,1.0,0.5,D2,8,8,1099,1099,53,1693
R3,N2Vp1q0_5,N2V,1.0,0.5,D2,8,9,1110,1110,40,1717
R3,N2Vp1q0_5,N2V,1.0,0.5,D2,8,10,1172,1172,78,1734
R3,N2Vp1q0_5,N2V,1.0,0.5,D2,8,11,1184,1184,80,1728
R3,N2Vp1q0_5,N2V,1.0,0.5,D2,8,12,1213,1213,73,1780
R3,N2Vp1q0_5,N2V,1.0,0.5,D2,8,13,1192,1192,60,1754
R3,N2Vp1q0_5,N2V,1.0,0.5,D2,8,14,1244,1244,104,1785
R3,N2Vp1q0_5,N2V,1.0,0.5,D2,8,15,1163,1163,85,1737
R3,N2Vp1q0_5,N2V,1.0,0.5,D2,8,16,1182,1182,79,1778
R3,N2Vp1q0_5,N2V,1.0,0.5,D2,8,17,1207,1207,68,1773
R3,N2Vp1q0_5,N2V,1.0,0.5,D2,8,18,1192,1192,82,1738
R3,N2Vp1q0_5,N2V,1.0,0.5,D2,8,19,1118,1118,76,1712
R3,N2Vp1q0_5,N2V,1.0,0.5,D2,8,20,1136,1136,62,1725
R3,N2Vp1q0_5,N2V,1.0,0.5,D2,8,21,1161,1161,71,1728
R3,N2Vp1q0_5,N2V,1.0,0.5,D2,8,22,1181,1181,75,1747
R3,N2Vp1q0_5,N2V,1.0,0.5,D2,8,23,1130,1130,77,1697
R3,N2Vp1q0_5,N2V,1.0,0.5,D2,8,24,1245,1245,69,1808
R3,N2Vp1q0_5,N2V,1.0,0.5,D2,8,25,1216,1216,71,1751
R3,N2Vp1q0_5,N2V,1.0,0.5,D2,8,26,1279,1279,66,1820
R3,N2Vp1q0_5,N2V,1.0,0.5,D2,8,27,1215,1215,71,1778
R3,N2Vp1q0_5,N2V,1.0,0.5,D2,8,28,1270,1270,80,1873
R3,N2Vp1q0_5,N2V,1.0,0.5,D2,8,29,1218,1218,76,1796
R3,N2Vp1q0_5,N2V,1.0,0.5,D2,8,30,1255,1255,83,1776
R3,N2Vp1q0_5,N2V,1.0,0.5,D2,10,0,0,0,0,0
R3,N2Vp1q0_5,N2V,1.0,0.5,D2,10,1,835,835,59,1349
R3,N2Vp1q0_5,N2V,1.0,0.5,D2,10,2,970,970,68,1567
R3,N2Vp1q0_5,N2V,1.0,0.5,D2,10,3,981,981,69,1581
R3,N2Vp1q0_5,N2V,1.0,0.5,D2,10,4,1046,1046,67,1640
R3,N2Vp1q0_5,N2V,1.0,0.5,D2,10,5,1067,1067,50,1628
R3,N2Vp1q0_5,N2V,1.0,0.5,D2,10,6,1080,1080,68,1662
R3,N2Vp1q0_5,N2V,1.0,0.5,D2,10,7,1159,1159,80,1710
R3,N2Vp1q0_5,N2V,1.0,0.5,D2,10,8,1208,1208,66,1763
R3,N2Vp1q0_5,N2V,1.0,0.5,D2,10,9,1186,1186,85,1745
R3,N2Vp1q0_5,N2V,1.0,0.5,D2,10,10,1255,1255,72,1789
R3,N2Vp1q0_5,N2V,1.0,0.5,D2,10,11,1104,1104,50,1686
R3,N2Vp1q0_5,N2V,1.0,0.5,D2,10,12,1210,1210,74,1715
R3,N2Vp1q0_5,N2V,1.0,0.5,D2,10,13,1222,1222,70,1773
R3,N2Vp1q0_5,N2V,1.0,0.5,D2,10,14,1185,1185,78,1758
R3,N2Vp1q0_5,N2V,1.0,0.5,D2,10,15,1255,1255,81,1771
R3,N2Vp1q0_5,N2V,1.0,0.5,D2,10,16,1213,1213,68,1752
R3,N2Vp1q0_5,N2V,1.0,0.5,D2,10,17,1221,1221,92,1743
R3,N2Vp1q0_5,N2V,1.0,0.5,D2,10,18,1271,1271,92,1778
R3,N2Vp1q0_5,N2V,1.0,0.5,D2,10,19,1298,1298,87,1807
R3,N2Vp1q0_5,N2V,1.0,0.5,D2,10,20,1210,1210,83,1735
R3,N2Vp1q0_5,N2V,1.0,0.5,D2,10,21,1252,1252,70,1780
R3,N2Vp1q0_5,N2V,1.0,0.5,D2,10,22,1294,1294,83,1776
R3,N2Vp1q0_5,N2V,1.0,0.5,D2,10,23,1254,1254,60,1788
R3,N2Vp1q0_5,N2V,1.0,0.5,D2,10,24,1206,1206,79,1763
R3,N2Vp1q0_5,N2V,1.0,0.5,D2,10,25,1239,1239,65,1781
R3,N2Vp1q0_5,N2V,1.0,0.5,D2,10,26,1261,1261,59,1825
R3,N2Vp1q0_5,N2V,1.0,0.5,D2,10,27,1230,1230,50,1800
R3,N2Vp1q0_5,N2V,1.0,0.5,D2,10,28,1205,1205,75,1731
R3,N2Vp1q0_5,N2V,1.0,0.5,D2,10,29,1277,1277,69,1796
R3,N2Vp1q0_5,N2V,1.0,0.5,D2,10,30,1282,1282,68,1777
R3,N2Vp1q1,N2V,1.0,1.0,D2,1,0,0,0,0,0
R3,N2Vp1q1,N2V,1.0,1.0,D2,1,1,865,865,40,1401
R3,N2Vp1q1,N2V,1.0,1.0,D2,1,2,983,983,59,1525
R3,N2Vp1q1,N2V,1.0,1.0,D2,1,3,1090,1090,55,1632
R3,N2Vp1q1,N2V,1.0,1.0,D2,1,4,1096,1096,69,1677
R3,N2Vp1q1,N2V,1.0,1.0,D2,1,5,1100,1100,62,1653
R3,N2Vp1q1,N2V,1.0,1.0,D2,1,6,1076,1076,70,1642
R3,N2Vp1q1,N2V,1.0,1.0,D2,1,7,1134,1134,69,1700
R3,N2Vp1q1,N2V,1.0,1.0,D2,1,8,1209,1209,75,1782
R3,N2Vp1q1,N2V,1.0,1.0,D2,1,9,1218,1218,76,1735
R3,N2Vp1q1,N2V,1.0,1.0,D2,1,10,1239,1239,77,1757
R3,N2Vp1q1,N2V,1.0,1.0,D2,1,11,1273,1273,94,1804
R3,N2Vp1q1,N2V,1.0,1.0,D2,1,12,1205,1205,74,1749
R3,N2Vp1q1,N2V,1.0,1.0,D2,1,13,1220,1220,73,1760
R3,N2Vp1q1,N2V,1.0,1.0,D2,1,14,1242,1242,81,1803
R3,N2Vp1q1,N2V,1.0,1.0,D2,1,15,1231,1231,70,1777
R3,N2Vp1q1,N2V,1.0,1.0,D2,1,16,1302,1302,69,1785
R3,N2Vp1q1,N2V,1.0,1.0,D2,1,17,1306,1306,82,1803
R3,N2Vp1q1,N2V,1.0,1.0,D2,1,18,1280,1280,89,1808
R3,N2Vp1q1,N2V,1.0,1.0,D2,1,19,1294,1294,82,1817
R3,N2Vp1q1,N2V,1.0,1.0,D2,1,20,1265,1265,79,1790
R3,N2Vp1q1,N2V,1.0,1.0,D2,1,21,1248,1248,78,1791
R3,N2Vp1q1,N2V,1.0,1.0,D2,1,22,1254,1254,90,1772
R3,N2Vp1q1,N2V,1.0,1.0,D2,1,23,1215,1215,70,1744
R3,N2Vp1q1,N2V,1.0,1.0,D2,1,24,1172,1172,69,1735
R3,N2Vp1q1,N2V,1.0,1.0,D2,1,25,1227,1227,90,1750
R3,N2Vp1q1,N2V,1.0,1.0,D2,1,26,1231,1231,83,1798
R3,N2Vp1q1,N2V,1.0,1.0,D2,1,27,1248,1248,92,1779
R3,N2Vp1q1,N2V,1.0,1.0,D2,1,28,1211,1211,81,1699
R3,N2Vp1q1,N2V,1.0,1.0,D2,1,29,1356,1356,84,1858
R3,N2Vp1q1,N2V,1.0,1.0,D2,1,30,1301,1301,68,1796
R3,N2Vp1q1,N2V,1.0,1.0,D2,3,0,0,0,0,0
R3,N2Vp1q1,N2V,1.0,1.0,D2,3,1,847,847,56,1390
R3,N2Vp1q1,N2V,1.0,1.0,D2,3,2,1061,1061,62,1614
R3,N2Vp1q1,N2V,1.0,1.0,D2,3,3,1020,1020,51,1617
R3,N2Vp1q1,N2V,1.0,1.0,D2,3,4,1083,1083,68,1648
R3,N2Vp1q1,N2V,1.0,1.0,D2,3,5,1112,1112,72,1676
R3,N2Vp1q1,N2V,1.0,1.0,D2,3,6,1248,1248,77,1797
R3,N2Vp1q1,N2V,1.0,1.0,D2,3,7,1165,1165,80,1721
R3,N2Vp1q1,N2V,1.0,1.0,D2,3,8,1182,1182,82,1744
R3,N2Vp1q1,N2V,1.0,1.0,D2,3,9,1177,1177,65,1734
R3,N2Vp1q1,N2V,1.0,1.0,D2,3,10,1217,1217,71,1741
R3,N2Vp1q1,N2V,1.0,1.0,D2,3,11,1271,1271,74,1809
R3,N2Vp1q1,N2V,1.0,1.0,D2,3,12,1266,1266,58,1810
R3,N2Vp1q1,N2V,1.0,1.0,D2,3,13,1272,1272,66,1827
R3,N2Vp1q1,N2V,1.0,1.0,D2,3,14,1276,1276,71,1851
R3,N2Vp1q1,N2V,1.0,1.0,D2,3,15,1274,1274,74,1759
R3,N2Vp1q1,N2V,1.0,1.0,D2,3,16,1210,1210,77,1732
R3,N2Vp1q1,N2V,1.0,1.0,D2,3,17,1257,1257,61,1806
R3,N2Vp1q1,N2V,1.0,1.0,D2,3,18,1243,1243,87,1791
R3,N2Vp1q1,N2V,1.0,1.0,D2,3,19,1317,1317,74,1841
R3,N2Vp1q1,N2V,1.0,1.0,D2,3,20,1254,1254,89,1798
R3,N2Vp1q1,N2V,1.0,1.0,D2,3,21,1280,1280,66,1811
R3,N2Vp1q1,N2V,1.0,1.0,D2,3,22,1246,1246,74,1792
R3,N2Vp1q1,N2V,1.0,1.0,D2,3,23,1194,1194,70,1749
R3,N2Vp1q1,N2V,1.0,1.0,D2,3,24,1207,1207,73,1786
R3,N2Vp1q1,N2V,1.0,1.0,D2,3,25,1261,1261,70,1790
R3,N2Vp1q1,N2V,1.0,1.0,D2,3,26,1240,1240,79,1783
R3,N2Vp1q1,N2V,1.0,1.0,D2,3,27,1234,1234,81,1737
R3,N2Vp1q1,N2V,1.0,1.0,D2,3,28,1173,1173,98,1745
R3,N2Vp1q1,N2V,1.0,1.0,D2,3,29,1205,1205,44,1766
R3,N2Vp1q1,N2V,1.0,1.0,D2,3,30,1232,1232,62,1781
R3,N2Vp1q1,N2V,1.0,1.0,D2,2,0,0,0,0,0
R3,N2Vp1q1,N2V,1.0,1.0,D2,2,1,825,825,43,1353
R3,N2Vp1q1,N2V,1.0,1.0,D2,2,2,1010,1010,59,1567
R3,N2Vp1q1,N2V,1.0,1.0,D2,2,3,1023,1023,68,1606
R3,N2Vp1q1,N2V,1.0,1.0,D2,2,4,1101,1101,78,1692
R3,N2Vp1q1,N2V,1.0,1.0,D2,2,5,1047,1047,66,1629
R3,N2Vp1q1,N2V,1.0,1.0,D2,2,6,1099,1099,76,1751
R3,N2Vp1q1,N2V,1.0,1.0,D2,2,7,1126,1126,81,1710
R3,N2Vp1q1,N2V,1.0,1.0,D2,2,8,1152,1152,70,1732
R3,N2Vp1q1,N2V,1.0,1.0,D2,2,9,1200,1200,77,1766
R3,N2Vp1q1,N2V,1.0,1.0,D2,2,10,1218,1218,80,1767
R3,N2Vp1q1,N2V,1.0,1.0,D2,2,11,1150,1150,60,1712
R3,N2Vp1q1,N2V,1.0,1.0,D2,2,12,1183,1183,67,1750
R3,N2Vp1q1,N2V,1.0,1.0,D2,2,13,1177,1177,90,1739
R3,N2Vp1q1,N2V,1.0,1.0,D2,2,14,1199,1199,78,1752
R3,N2Vp1q1,N2V,1.0,1.0,D2,2,15,1234,1234,75,1784
R3,N2Vp1q1,N2V,1.0,1.0,D2,2,16,1218,1218,62,1741
R3,N2Vp1q1,N2V,1.0,1.0,D2,2,17,1177,1177,71,1709
R3,N2Vp1q1,N2V,1.0,1.0,D2,2,18,1272,1272,69,1770
R3,N2Vp1q1,N2V,1.0,1.0,D2,2,19,1179,1179,81,1710
R3,N2Vp1q1,N2V,1.0,1.0,D2,2,20,1219,1219,82,1754
R3,N2Vp1q1,N2V,1.0,1.0,D2,2,21,1269,1269,67,1802
R3,N2Vp1q1,N2V,1.0,1.0,D2,2,22,1322,1322,93,1852
R3,N2Vp1q1,N2V,1.0,1.0,D2,2,23,1250,1250,81,1767
R3,N2Vp1q1,N2V,1.0,1.0,D2,2,24,1243,1243,73,1760
R3,N2Vp1q1,N2V,1.0,1.0,D2,2,25,1342,1342,95,1810
R3,N2Vp1q1,N2V,1.0,1.0,D2,2,26,1279,1279,93,1799
R3,N2Vp1q1,N2V,1.0,1.0,D2,2,27,1320,1320,76,1820
R3,N2Vp1q1,N2V,1.0,1.0,D2,2,28,1309,1309,69,1869
R3,N2Vp1q1,N2V,1.0,1.0,D2,2,29,1276,1276,71,1828
R3,N2Vp1q1,N2V,1.0,1.0,D2,2,30,1252,1252,74,1812
R3,N2Vp1q1,N2V,1.0,1.0,D2,5,0,0,0,0,0
R3,N2Vp1q1,N2V,1.0,1.0,D2,5,1,834,834,37,1388
R3,N2Vp1q1,N2V,1.0,1.0,D2,5,2,1060,1060,73,1650
R3,N2Vp1q1,N2V,1.0,1.0,D2,5,3,1029,1029,67,1582
R3,N2Vp1q1,N2V,1.0,1.0,D2,5,4,1117,1117,71,1667
R3,N2Vp1q1,N2V,1.0,1.0,D2,5,5,1071,1071,60,1639
R3,N2Vp1q1,N2V,1.0,1.0,D2,5,6,1125,1125,79,1672
R3,N2Vp1q1,N2V,1.0,1.0,D2,5,7,1193,1193,65,1731
R3,N2Vp1q1,N2V,1.0,1.0,D2,5,8,1235,1235,68,1780
R3,N2Vp1q1,N2V,1.0,1.0,D2,5,9,1215,1215,61,1774
R3,N2Vp1q1,N2V,1.0,1.0,D2,5,10,1232,1232,50,1765
R3,N2Vp1q1,N2V,1.0,1.0,D2,5,11,1230,1230,72,1731
R3,N2Vp1q1,N2V,1.0,1.0,D2,5,12,1191,1191,80,1762
R3,N2Vp1q1,N2V,1.0,1.0,D2,5,13,1232,1232,75,1772
R3,N2Vp1q1,N2V,1.0,1.0,D2,5,14,1288,1288,82,1811
R3,N2Vp1q1,N2V,1.0,1.0,D2,5,15,1264,1264,91,1813
R3,N2Vp1q1,N2V,1.0,1.0,D2,5,16,1251,1251,66,1787
R3,N2Vp1q1,N2V,1.0,1.0,D2,5,17,1269,1269,95,1814
R3,N2Vp1q1,N2V,1.0,1.0,D2,5,18,1264,1264,72,1813
R3,N2Vp1q1,N2V,1.0,1.0,D2,5,19,1243,1243,76,1810
R3,N2Vp1q1,N2V,1.0,1.0,D2,5,20,1263,1263,49,1812
R3,N2Vp1q1,N2V,1.0,1.0,D2,5,21,1285,1285,62,1819
R3,N2Vp1q1,N2V,1.0,1.0,D2,5,22,1266,1266,73,1783
R3,N2Vp1q1,N2V,1.0,1.0,D2,5,23,1262,1262,85,1798
R3,N2Vp1q1,N2V,1.0,1.0,D2,5,24,1294,1294,79,1809
R3,N2Vp1q1,N2V,1.0,1.0,D2,5,25,1291,1291,95,1782
R3,N2Vp1q1,N2V,1.0,1.0,D2,5,26,1277,1277,76,1791
R3,N2Vp1q1,N2V,1.0,1.0,D2,5,27,1224,1224,74,1758
R3,N2Vp1q1,N2V,1.0,1.0,D2,5,28,1229,1229,77,1749
R3,N2Vp1q1,N2V,1.0,1.0,D2,5,29,1261,1261,81,1807
R3,N2Vp1q1,N2V,1.0,1.0,D2,5,30,1292,1292,79,1811
R3,N2Vp1q1,N2V,1.0,1.0,D2,4,0,0,0,0,0
R3,N2Vp1q1,N2V,1.0,1.0,D2,4,1,835,835,59,1391
R3,N2Vp1q1,N2V,1.0,1.0,D2,4,2,1023,1023,74,1568
R3,N2Vp1q1,N2V,1.0,1.0,D2,4,3,1045,1045,75,1569
R3,N2Vp1q1,N2V,1.0,1.0,D2,4,4,1075,1075,69,1669
R3,N2Vp1q1,N2V,1.0,1.0,D2,4,5,1059,1059,74,1635
R3,N2Vp1q1,N2V,1.0,1.0,D2,4,6,1178,1178,91,1703
R3,N2Vp1q1,N2V,1.0,1.0,D2,4,7,1208,1208,71,1768
R3,N2Vp1q1,N2V,1.0,1.0,D2,4,8,1269,1269,72,1766
R3,N2Vp1q1,N2V,1.0,1.0,D2,4,9,1274,1274,74,1803
R3,N2Vp1q1,N2V,1.0,1.0,D2,4,10,1307,1307,69,1815
R3,N2Vp1q1,N2V,1.0,1.0,D2,4,11,1308,1308,81,1830
R3,N2Vp1q1,N2V,1.0,1.0,D2,4,12,1320,1320,84,1819
R3,N2Vp1q1,N2V,1.0,1.0,D2,4,13,1316,1316,74,1812
R3,N2Vp1q1,N2V,1.0,1.0,D2,4,14,1275,1275,82,1818
R3,N2Vp1q1,N2V,1.0,1.0,D2,4,15,1243,1243,76,1747
R3,N2Vp1q1,N2V,1.0,1.0,D2,4,16,1257,1257,79,1808
R3,N2Vp1q1,N2V,1.0,1.0,D2,4,17,1332,1332,82,1888
R3,N2Vp1q1,N2V,1.0,1.0,D2,4,18,1238,1238,88,1801
R3,N2Vp1q1,N2V,1.0,1.0,D2,4,19,1258,1258,65,1811
R3,N2Vp1q1,N2V,1.0,1.0,D2,4,20,1281,1281,59,1842
R3,N2Vp1q1,N2V,1.0,1.0,D2,4,21,1293,1293,75,1829
R3,N2Vp1q1,N2V,1.0,1.0,D2,4,22,1322,1322,65,1842
R3,N2Vp1q1,N2V,1.0,1.0,D2,4,23,1306,1306,83,1812
R3,N2Vp1q1,N2V,1.0,1.0,D2,4,24,1201,1201,56,1729
R3,N2Vp1q1,N2V,1.0,1.0,D2,4,25,1288,1288,85,1838
R3,N2Vp1q1,N2V,1.0,1.0,D2,4,26,1271,1271,64,1797
R3,N2Vp1q1,N2V,1.0,1.0,D2,4,27,1255,1255,74,1774
R3,N2Vp1q1,N2V,1.0,1.0,D2,4,28,1224,1224,65,1769
R3,N2Vp1q1,N2V,1.0,1.0,D2,4,29,1290,1290,79,1782
R3,N2Vp1q1,N2V,1.0,1.0,D2,4,30,1234,1234,71,1735
R3,N2Vp1q1,N2V,1.0,1.0,D2,6,0,0,0,0,0
R3,N2Vp1q1,N2V,1.0,1.0,D2,6,1,799,799,65,1348
R3,N2Vp1q1,N2V,1.0,1.0,D2,6,2,847,847,54,1461
R3,N2Vp1q1,N2V,1.0,1.0,D2,6,3,953,953,63,1543
R3,N2Vp1q1,N2V,1.0,1.0,D2,6,4,1038,1038,68,1676
R3,N2Vp1q1,N2V,1.0,1.0,D2,6,5,1034,1034,54,1648
R3,N2Vp1q1,N2V,1.0,1.0,D2,6,6,1100,1100,67,1667
R3,N2Vp1q1,N2V,1.0,1.0,D2,6,7,1155,1155,87,1719
R3,N2Vp1q1,N2V,1.0,1.0,D2,6,8,1158,1158,58,1713
R3,N2Vp1q1,N2V,1.0,1.0,D2,6,9,1217,1217,89,1740
R3,N2Vp1q1,N2V,1.0,1.0,D2,6,10,1208,1208,90,1751
R3,N2Vp1q1,N2V,1.0,1.0,D2,6,11,1228,1228,70,1749
R3,N2Vp1q1,N2V,1.0,1.0,D2,6,12,1261,1261,77,1768
R3,N2Vp1q1,N2V,1.0,1.0,D2,6,13,1183,1183,65,1693
R3,N2Vp1q1,N2V,1.0,1.0,D2,6,14,1224,1224,72,1776
R3,N2Vp1q1,N2V,1.0,1.0,D2,6,15,1185,1185,63,1751
R3,N2Vp1q1,N2V,1.0,1.0,D2,6,16,1204,1204,65,1736
R3,N2Vp1q1,N2V,1.0,1.0,D2,6,17,1210,1210,73,1738
R3,N2Vp1q1,N2V,1.0,1.0,D2,6,18,1265,1265,62,1752
R3,N2Vp1q1,N2V,1.0,1.0,D2,6,19,1323,1323,93,1826
R3,N2Vp1q1,N2V,1.0,1.0,D2,6,20,1228,1228,68,1762
R3,N2Vp1q1,N2V,1.0,1.0,D2,6,21,1292,1292,61,1824
R3,N2Vp1q1,N2V,1.0,1.0,D2,6,22,1355,1355,77,1859
R3,N2Vp1q1,N2V,1.0,1.0,D2,6,23,1261,1261,68,1785
R3,N2Vp1q1,N2V,1.0,1.0,D2,6,24,1282,1282,77,1811
R3,N2Vp1q1,N2V,1.0,1.0,D2,6,25,1270,1270,65,1772
R3,N2Vp1q1,N2V,1.0,1.0,D2,6,26,1218,1218,79,1766
R3,N2Vp1q1,N2V,1.0,1.0,D2,6,27,1249,1249,71,1793
R3,N2Vp1q1,N2V,1.0,1.0,D2,6,28,1278,1278,70,1802
R3,N2Vp1q1,N2V,1.0,1.0,D2,6,29,1275,1275,77,1780
R3,N2Vp1q1,N2V,1.0,1.0,D2,6,30,1246,1246,70,1800
R3,N2Vp1q1,N2V,1.0,1.0,D2,7,0,0,0,0,0
R3,N2Vp1q1,N2V,1.0,1.0,D2,7,1,865,865,38,1411
R3,N2Vp1q1,N2V,1.0,1.0,D2,7,2,1099,1099,67,1657
R3,N2Vp1q1,N2V,1.0,1.0,D2,7,3,1116,1116,68,1670
R3,N2Vp1q1,N2V,1.0,1.0,D2,7,4,1145,1145,79,1721
R3,N2Vp1q1,N2V,1.0,1.0,D2,7,5,1063,1063,67,1671
R3,N2Vp1q1,N2V,1.0,1.0,D2,7,6,1045,1045,76,1613
R3,N2Vp1q1,N2V,1.0,1.0,D2,7,7,1153,1153,68,1719
R3,N2Vp1q1,N2V,1.0,1.0,D2,7,8,1160,1160,61,1722
R3,N2Vp1q1,N2V,1.0,1.0,D2,7,9,1209,1209,70,1754
R3,N2Vp1q1,N2V,1.0,1.0,D2,7,10,1182,1182,67,1719
R3,N2Vp1q1,N2V,1.0,1.0,D2,7,11,1230,1230,70,1745
R3,N2Vp1q1,N2V,1.0,1.0,D2,7,12,1274,1274,83,1816
R3,N2Vp1q1,N2V,1.0,1.0,D2,7,13,1244,1244,93,1787
R3,N2Vp1q1,N2V,1.0,1.0,D2,7,14,1224,1224,87,1782
R3,N2Vp1q1,N2V,1.0,1.0,D2,7,15,1213,1213,63,1763
R3,N2Vp1q1,N2V,1.0,1.0,D2,7,16,1232,1232,52,1793
R3,N2Vp1q1,N2V,1.0,1.0,D2,7,17,1207,1207,64,1799
R3,N2Vp1q1,N2V,1.0,1.0,D2,7,18,1250,1250,65,1812
R3,N2Vp1q1,N2V,1.0,1.0,D2,7,19,1274,1274,70,1797
R3,N2Vp1q1,N2V,1.0,1.0,D2,7,20,1202,1202,75,1733
R3,N2Vp1q1,N2V,1.0,1.0,D2,7,21,1254,1254,77,1800
R3,N2Vp1q1,N2V,1.0,1.0,D2,7,22,1232,1232,84,1785
R3,N2Vp1q1,N2V,1.0,1.0,D2,7,23,1291,1291,77,1798
R3,N2Vp1q1,N2V,1.0,1.0,D2,7,24,1275,1275,80,1789
R3,N2Vp1q1,N2V,1.0,1.0,D2,7,25,1196,1196,82,1710
R3,N2Vp1q1,N2V,1.0,1.0,D2,7,26,1219,1219,70,1735
R3,N2Vp1q1,N2V,1.0,1.0,D2,7,27,1263,1263,77,1783
R3,N2Vp1q1,N2V,1.0,1.0,D2,7,28,1291,1291,83,1821
R3,N2Vp1q1,N2V,1.0,1.0,D2,7,29,1234,1234,84,1784
R3,N2Vp1q1,N2V,1.0,1.0,D2,7,30,1276,1276,71,1824
R3,N2Vp1q1,N2V,1.0,1.0,D2,8,0,0,0,0,0
R3,N2Vp1q1,N2V,1.0,1.0,D2,8,1,831,831,58,1397
R3,N2Vp1q1,N2V,1.0,1.0,D2,8,2,993,993,43,1583
R3,N2Vp1q1,N2V,1.0,1.0,D2,8,3,963,963,56,1537
R3,N2Vp1q1,N2V,1.0,1.0,D2,8,4,1021,1021,61,1603
R3,N2Vp1q1,N2V,1.0,1.0,D2,8,5,1053,1053,61,1642
R3,N2Vp1q1,N2V,1.0,1.0,D2,8,6,1105,1105,64,1675
R3,N2Vp1q1,N2V,1.0,1.0,D2,8,7,1183,1183,87,1737
R3,N2Vp1q1,N2V,1.0,1.0,D2,8,8,1197,1197,80,1737
R3,N2Vp1q1,N2V,1.0,1.0,D2,8,9,1220,1220,84,1793
R3,N2Vp1q1,N2V,1.0,1.0,D2,8,10,1203,1203,77,1766
R3,N2Vp1q1,N2V,1.0,1.0,D2,8,11,1235,1235,79,1800
R3,N2Vp1q1,N2V,1.0,1.0,D2,8,12,1186,1186,78,1742
R3,N2Vp1q1,N2V,1.0,1.0,D2,8,13,1169,1169,80,1689
R3,N2Vp1q1,N2V,1.0,1.0,D2,8,14,1235,1235,89,1768
R3,N2Vp1q1,N2V,1.0,1.0,D2,8,15,1254,1254,77,1777
R3,N2Vp1q1,N2V,1.0,1.0,D2,8,16,1256,1256,66,1846
R3,N2Vp1q1,N2V,1.0,1.0,D2,8,17,1226,1226,60,1793
R3,N2Vp1q1,N2V,1.0,1.0,D2,8,18,1240,1240,75,1767
R3,N2Vp1q1,N2V,1.0,1.0,D2,8,19,1214,1214,88,1763
R3,N2Vp1q1,N2V,1.0,1.0,D2,8,20,1257,1257,79,1757
R3,N2Vp1q1,N2V,1.0,1.0,D2,8,21,1254,1254,85,1769
R3,N2Vp1q1,N2V,1.0,1.0,D2,8,22,1222,1222,82,1760
R3,N2Vp1q1,N2V,1.0,1.0,D2,8,23,1225,1225,88,1805
R3,N2Vp1q1,N2V,1.0,1.0,D2,8,24,1255,1255,68,1834
R3,N2Vp1q1,N2V,1.0,1.0,D2,8,25,1238,1238,81,1758
R3,N2Vp1q1,N2V,1.0,1.0,D2,8,26,1254,1254,69,1795
R3,N2Vp1q1,N2V,1.0,1.0,D2,8,27,1259,1259,65,1789
R3,N2Vp1q1,N2V,1.0,1.0,D2,8,28,1207,1207,80,1739
R3,N2Vp1q1,N2V,1.0,1.0,D2,8,29,1200,1200,57,1769
R3,N2Vp1q1,N2V,1.0,1.0,D2,8,30,1293,1293,70,1806
R3,N2Vp1q1,N2V,1.0,1.0,D2,9,0,0,0,0,0
R3,N2Vp1q1,N2V,1.0,1.0,D2,9,1,835,835,53,1366
R3,N2Vp1q1,N2V,1.0,1.0,D2,9,2,947,947,49,1525
R3,N2Vp1q1,N2V,1.0,1.0,D2,9,3,995,995,56,1576
R3,N2Vp1q1,N2V,1.0,1.0,D2,9,4,1073,1073,62,1654
R3,N2Vp1q1,N2V,1.0,1.0,D2,9,5,1090,1090,69,1651
R3,N2Vp1q1,N2V,1.0,1.0,D2,9,6,1100,1100,71,1687
R3,N2Vp1q1,N2V,1.0,1.0,D2,9,7,1145,1145,69,1709
R3,N2Vp1q1,N2V,1.0,1.0,D2,9,8,1199,1199,66,1770
R3,N2Vp1q1,N2V,1.0,1.0,D2,9,9,1175,1175,82,1704
R3,N2Vp1q1,N2V,1.0,1.0,D2,9,10,1195,1195,62,1764
R3,N2Vp1q1,N2V,1.0,1.0,D2,9,11,1268,1268,59,1793
R3,N2Vp1q1,N2V,1.0,1.0,D2,9,12,1240,1240,74,1783
R3,N2Vp1q1,N2V,1.0,1.0,D2,9,13,1247,1247,69,1786
R3,N2Vp1q1,N2V,1.0,1.0,D2,9,14,1264,1264,70,1792
R3,N2Vp1q1,N2V,1.0,1.0,D2,9,15,1275,1275,70,1804
R3,N2Vp1q1,N2V,1.0,1.0,D2,9,16,1268,1268,82,1830
R3,N2Vp1q1,N2V,1.0,1.0,D2,9,17,1169,1169,64,1714
R3,N2Vp1q1,N2V,1.0,1.0,D2,9,18,1299,1299,79,1817
R3,N2Vp1q1,N2V,1.0,1.0,D2,9,19,1277,1277,90,1807
R3,N2Vp1q1,N2V,1.0,1.0,D2,9,20,1309,1309,72,1825
R3,N2Vp1q1,N2V,1.0,1.0,D2,9,21,1254,1254,64,1790
R3,N2Vp1q1,N2V,1.0,1.0,D2,9,22,1320,1320,82,1851
R3,N2Vp1q1,N2V,1.0,1.0,D2,9,23,1347,1347,63,1820
R3,N2Vp1q1,N2V,1.0,1.0,D2,9,24,1320,1320,86,1838
R3,N2Vp1q1,N2V,1.0,1.0,D2,9,25,1300,1300,92,1817
R3,N2Vp1q1,N2V,1.0,1.0,D2,9,26,1314,1314,69,1836
R3,N2Vp1q1,N2V,1.0,1.0,D2,9,27,1304,1304,84,1812
R3,N2Vp1q1,N2V,1.0,1.0,D2,9,28,1251,1251,71,1813
R3,N2Vp1q1,N2V,1.0,1.0,D2,9,29,1272,1272,76,1826
R3,N2Vp1q1,N2V,1.0,1.0,D2,9,30,1273,1273,64,1792
R3,N2Vp1q1,N2V,1.0,1.0,D2,10,0,0,0,0,0
R3,N2Vp1q1,N2V,1.0,1.0,D2,10,1,796,796,52,1361
R3,N2Vp1q1,N2V,1.0,1.0,D2,10,2,1007,1007,73,1601
R3,N2Vp1q1,N2V,1.0,1.0,D2,10,3,1036,1036,70,1608
R3,N2Vp1q1,N2V,1.0,1.0,D2,10,4,1064,1064,65,1621
R3,N2Vp1q1,N2V,1.0,1.0,D2,10,5,1103,1103,73,1697
R3,N2Vp1q1,N2V,1.0,1.0,D2,10,6,1190,1190,74,1745
R3,N2Vp1q1,N2V,1.0,1.0,D2,10,7,1212,1212,96,1764
R3,N2Vp1q1,N2V,1.0,1.0,D2,10,8,1204,1204,87,1725
R3,N2Vp1q1,N2V,1.0,1.0,D2,10,9,1226,1226,75,1791
R3,N2Vp1q1,N2V,1.0,1.0,D2,10,10,1223,1223,61,1750
R3,N2Vp1q1,N2V,1.0,1.0,D2,10,11,1238,1238,68,1773
R3,N2Vp1q1,N2V,1.0,1.0,D2,10,12,1308,1308,73,1829
R3,N2Vp1q1,N2V,1.0,1.0,D2,10,13,1256,1256,87,1805
R3,N2Vp1q1,N2V,1.0,1.0,D2,10,14,1256,1256,68,1762
R3,N2Vp1q1,N2V,1.0,1.0,D2,10,15,1259,1259,85,1798
R3,N2Vp1q1,N2V,1.0,1.0,D2,10,16,1223,1223,84,1756
R3,N2Vp1q1,N2V,1.0,1.0,D2,10,17,1186,1186,88,1758
R3,N2Vp1q1,N2V,1.0,1.0,D2,10,18,1276,1276,83,1813
R3,N2Vp1q1,N2V,1.0,1.0,D2,10,19,1291,1291,64,1809
R3,N2Vp1q1,N2V,1.0,1.0,D2,10,20,1267,1267,77,1772
R3,N2Vp1q1,N2V,1.0,1.0,D2,10,21,1294,1294,85,1813
R3,N2Vp1q1,N2V,1.0,1.0,D2,10,22,1330,1330,89,1855
R3,N2Vp1q1,N2V,1.0,1.0,D2,10,23,1251,1251,78,1765
R3,N2Vp1q1,N2V,1.0,1.0,D2,10,24,1267,1267,85,1770
R3,N2Vp1q1,N2V,1.0,1.0,D2,10,25,1338,1338,88,1865
R3,N2Vp1q1,N2V,1.0,1.0,D2,10,26,1309,1309,98,1826
R3,N2Vp1q1,N2V,1.0,1.0,D2,10,27,1310,1310,69,1821
R3,N2Vp1q1,N2V,1.0,1.0,D2,10,28,1215,1215,83,1723
R3,N2Vp1q1,N2V,1.0,1.0,D2,10,29,1274,1274,64,1785
R3,N2Vp1q1,N2V,1.0,1.0,D2,10,30,1204,1204,64,1736
R3,N2Vp1q2,N2V,1.0,2.0,D2,1,0,0,0,0,0
R3,N2Vp1q2,N2V,1.0,2.0,D2,1,1,915,915,63,1457
R3,N2Vp1q2,N2V,1.0,2.0,D2,1,2,956,956,67,1530
R3,N2Vp1q2,N2V,1.0,2.0,D2,1,3,935,935,69,1521
R3,N2Vp1q2,N2V,1.0,2.0,D2,1,4,1101,1101,66,1680
R3,N2Vp1q2,N2V,1.0,2.0,D2,1,5,1163,1163,92,1698
R3,N2Vp1q2,N2V,1.0,2.0,D2,1,6,1133,1133,79,1669
R3,N2Vp1q2,N2V,1.0,2.0,D2,1,7,1250,1250,89,1747
R3,N2Vp1q2,N2V,1.0,2.0,D2,1,8,1246,1246,84,1762
R3,N2Vp1q2,N2V,1.0,2.0,D2,1,9,1262,1262,74,1810
R3,N2Vp1q2,N2V,1.0,2.0,D2,1,10,1291,1291,74,1846
R3,N2Vp1q2,N2V,1.0,2.0,D2,1,11,1315,1315,79,1853
R3,N2Vp1q2,N2V,1.0,2.0,D2,1,12,1303,1303,80,1793
R3,N2Vp1q2,N2V,1.0,2.0,D2,1,13,1316,1316,84,1824
R3,N2Vp1q2,N2V,1.0,2.0,D2,1,14,1294,1294,85,1795
R3,N2Vp1q2,N2V,1.0,2.0,D2,1,15,1294,1294,80,1819
R3,N2Vp1q2,N2V,1.0,2.0,D2,1,16,1302,1302,78,1809
R3,N2Vp1q2,N2V,1.0,2.0,D2,1,17,1328,1328,71,1858
R3,N2Vp1q2,N2V,1.0,2.0,D2,1,18,1348,1348,72,1862
R3,N2Vp1q2,N2V,1.0,2.0,D2,1,19,1255,1255,68,1771
R3,N2Vp1q2,N2V,1.0,2.0,D2,1,20,1307,1307,88,1832
R3,N2Vp1q2,N2V,1.0,2.0,D2,1,21,1275,1275,63,1805
R3,N2Vp1q2,N2V,1.0,2.0,D2,1,22,1353,1353,75,1860
R3,N2Vp1q2,N2V,1.0,2.0,D2,1,23,1246,1246,73,1777
R3,N2Vp1q2,N2V,1.0,2.0,D2,1,24,1272,1272,78,1780
R3,N2Vp1q2,N2V,1.0,2.0,D2,1,25,1318,1318,81,1838
R3,N2Vp1q2,N2V,1.0,2.0,D2,1,26,1274,1274,81,1760
R3,N2Vp1q2,N2V,1.0,2.0,D2,1,27,1275,1275,73,1784
R3,N2Vp1q2,N2V,1.0,2.0,D2,1,28,1214,1214,80,1742
R3,N2Vp1q2,N2V,1.0,2.0,D2,1,29,1214,1214,69,1734
R3,N2Vp1q2,N2V,1.0,2.0,D2,1,30,1224,1224,68,1769
R3,N2Vp1q2,N2V,1.0,2.0,D2,2,0,0,0,0,0
R3,N2Vp1q2,N2V,1.0,2.0,D2,2,1,835,835,57,1369
R3,N2Vp1q2,N2V,1.0,2.0,D2,2,2,971,971,50,1521
R3,N2Vp1q2,N2V,1.0,2.0,D2,2,3,986,986,59,1610
R3,N2Vp1q2,N2V,1.0,2.0,D2,2,4,1055,1055,58,1606
R3,N2Vp1q2,N2V,1.0,2.0,D2,2,5,1084,1084,74,1674
R3,N2Vp1q2,N2V,1.0,2.0,D2,2,6,1106,1106,69,1698
R3,N2Vp1q2,N2V,1.0,2.0,D2,2,7,1188,1188,71,1735
R3,N2Vp1q2,N2V,1.0,2.0,D2,2,8,1246,1246,81,1771
R3,N2Vp1q2,N2V,1.0,2.0,D2,2,9,1241,1241,71,1818
R3,N2Vp1q2,N2V,1.0,2.0,D2,2,10,1294,1294,86,1798
R3,N2Vp1q2,N2V,1.0,2.0,D2,2,11,1239,1239,70,1744
R3,N2Vp1q2,N2V,1.0,2.0,D2,2,12,1249,1249,68,1814
R3,N2Vp1q2,N2V,1.0,2.0,D2,2,13,1212,1212,63,1755
R3,N2Vp1q2,N2V,1.0,2.0,D2,2,14,1298,1298,77,1822
R3,N2Vp1q2,N2V,1.0,2.0,D2,2,15,1312,1312,80,1842
R3,N2Vp1q2,N2V,1.0,2.0,D2,2,16,1308,1308,82,1836
R3,N2Vp1q2,N2V,1.0,2.0,D2,2,17,1342,1342,102,1834
R3,N2Vp1q2,N2V,1.0,2.0,D2,2,18,1279,1279,88,1788
R3,N2Vp1q2,N2V,1.0,2.0,D2,2,19,1310,1310,76,1796
R3,N2Vp1q2,N2V,1.0,2.0,D2,2,20,1319,1319,73,1839
R3,N2Vp1q2,N2V,1.0,2.0,D2,2,21,1349,1349,75,1865
R3,N2Vp1q2,N2V,1.0,2.0,D2,2,22,1234,1234,66,1750
R3,N2Vp1q2,N2V,1.0,2.0,D2,2,23,1327,1327,79,1806
R3,N2Vp1q2,N2V,1.0,2.0,D2,2,24,1322,1322,80,1816
R3,N2Vp1q2,N2V,1.0,2.0,D2,2,25,1275,1275,71,1784
R3,N2Vp1q2,N2V,1.0,2.0,D2,2,26,1310,1310,72,1825
R3,N2Vp1q2,N2V,1.0,2.0,D2,2,27,1291,1291,73,1845
R3,N2Vp1q2,N2V,1.0,2.0,D2,2,28,1248,1248,59,1831
R3,N2Vp1q2,N2V,1.0,2.0,D2,2,29,1229,1229,62,1795
R3,N2Vp1q2,N2V,1.0,2.0,D2,2,30,1257,1257,62,1792
R3,N2Vp1q2,N2V,1.0,2.0,D2,3,0,0,0,0,0
R3,N2Vp1q2,N2V,1.0,2.0,D2,3,1,891,891,68,1454
R3,N2Vp1q2,N2V,1.0,2.0,D2,3,2,978,978,57,1519
R3,N2Vp1q2,N2V,1.0,2.0,D2,3,3,1015,1015,47,1599
R3,N2Vp1q2,N2V,1.0,2.0,D2,3,4,1062,1062,62,1621
R3,N2Vp1q2,N2V,1.0,2.0,D2,3,5,1072,1072,78,1636
R3,N2Vp1q2,N2V,1.0,2.0,D2,3,6,1060,1060,63,1638
R3,N2Vp1q2,N2V,1.0,2.0,D2,3,7,1016,1016,58,1609
R3,N2Vp1q2,N2V,1.0,2.0,D2,3,8,1178,1178,85,1720
R3,N2Vp1q2,N2V,1.0,2.0,D2,3,9,1240,1240,63,1738
R3,N2Vp1q2,N2V,1.0,2.0,D2,3,10,1256,1256,81,1792
R3,N2Vp1q2,N2V,1.0,2.0,D2,3,11,1211,1211,63,1746
R3,N2Vp1q2,N2V,1.0,2.0,D2,3,12,1252,1252,74,1772
R3,N2Vp1q2,N2V,1.0,2.0,D2,3,13,1270,1270,69,1798
R3,N2Vp1q2,N2V,1.0,2.0,D2,3,14,1245,1245,74,1772
R3,N2Vp1q2,N2V,1.0,2.0,D2,3,15,1278,1278,85,1775
R3,N2Vp1q2,N2V,1.0,2.0,D2,3,16,1259,1259,81,1810
R3,N2Vp1q2,N2V,1.0,2.0,D2,3,17,1291,1291,96,1851
R3,N2Vp1q2,N2V,1.0,2.0,D2,3,18,1372,1372,96,1855
R3,N2Vp1q2,N2V,1.0,2.0,D2,3,19,1317,1317,94,1811
R3,N2Vp1q2,N2V,1.0,2.0,D2,3,20,1310,1310,79,1827
R3,N2Vp1q2,N2V,1.0,2.0,D2,3,21,1305,1305,83,1841
R3,N2Vp1q2,N2V,1.0,2.0,D2,3,22,1221,1221,70,1771
R3,N2Vp1q2,N2V,1.0,2.0,D2,3,23,1221,1221,87,1772
R3,N2Vp1q2,N2V,1.0,2.0,D2,3,24,1237,1237,80,1777
R3,N2Vp1q2,N2V,1.0,2.0,D2,3,25,1260,1260,70,1804
R3,N2Vp1q2,N2V,1.0,2.0,D2,3,26,1315,1315,71,1811
R3,N2Vp1q2,N2V,1.0,2.0,D2,3,27,1372,1372,67,1823
R3,N2Vp1q2,N2V,1.0,2.0,D2,3,28,1314,1314,81,1840
R3,N2Vp1q2,N2V,1.0,2.0,D2,3,29,1294,1294,66,1792
R3,N2Vp1q2,N2V,1.0,2.0,D2,3,30,1259,1259,65,1808
R3,N2Vp1q2,N2V,1.0,2.0,D2,4,0,0,0,0,0
R3,N2Vp1q2,N2V,1.0,2.0,D2,4,1,895,895,50,1460
R3,N2Vp1q2,N2V,1.0,2.0,D2,4,2,936,936,62,1515
R3,N2Vp1q2,N2V,1.0,2.0,D2,4,3,1133,1133,66,1705
R3,N2Vp1q2,N2V,1.0,2.0,D2,4,4,1172,1172,78,1738
R3,N2Vp1q2,N2V,1.0,2.0,D2,4,5,1111,1111,77,1663
R3,N2Vp1q2,N2V,1.0,2.0,D2,4,6,1112,1112,66,1614
R3,N2Vp1q2,N2V,1.0,2.0,D2,4,7,1121,1121,85,1660
R3,N2Vp1q2,N2V,1.0,2.0,D2,4,8,1166,1166,80,1717
R3,N2Vp1q2,N2V,1.0,2.0,D2,4,9,1151,1151,71,1725
R3,N2Vp1q2,N2V,1.0,2.0,D2,4,10,1188,1188,81,1727
R3,N2Vp1q2,N2V,1.0,2.0,D2,4,11,1267,1267,80,1798
R3,N2Vp1q2,N2V,1.0,2.0,D2,4,12,1204,1204,69,1739
R3,N2Vp1q2,N2V,1.0,2.0,D2,4,13,1210,1210,79,1719
R3,N2Vp1q2,N2V,1.0,2.0,D2,4,14,1263,1263,90,1802
R3,N2Vp1q2,N2V,1.0,2.0,D2,4,15,1284,1284,83,1809
R3,N2Vp1q2,N2V,1.0,2.0,D2,4,16,1245,1245,78,1797
R3,N2Vp1q2,N2V,1.0,2.0,D2,4,17,1253,1253,104,1772
R3,N2Vp1q2,N2V,1.0,2.0,D2,4,18,1222,1222,82,1759
R3,N2Vp1q2,N2V,1.0,2.0,D2,4,19,1220,1220,75,1769
R3,N2Vp1q2,N2V,1.0,2.0,D2,4,20,1269,1269,84,1775
R3,N2Vp1q2,N2V,1.0,2.0,D2,4,21,1247,1247,71,1774
R3,N2Vp1q2,N2V,1.0,2.0,D2,4,22,1280,1280,89,1837
R3,N2Vp1q2,N2V,1.0,2.0,D2,4,23,1260,1260,61,1811
R3,N2Vp1q2,N2V,1.0,2.0,D2,4,24,1325,1325,76,1817
R3,N2Vp1q2,N2V,1.0,2.0,D2,4,25,1281,1281,83,1798
R3,N2Vp1q2,N2V,1.0,2.0,D2,4,26,1330,1330,70,1832
R3,N2Vp1q2,N2V,1.0,2.0,D2,4,27,1277,1277,74,1800
R3,N2Vp1q2,N2V,1.0,2.0,D2,4,28,1297,1297,73,1782
R3,N2Vp1q2,N2V,1.0,2.0,D2,4,29,1285,1285,80,1803
R3,N2Vp1q2,N2V,1.0,2.0,D2,4,30,1316,1316,72,1823
R3,N2Vp1q2,N2V,1.0,2.0,D2,5,0,0,0,0,0
R3,N2Vp1q2,N2V,1.0,2.0,D2,5,1,865,865,43,1428
R3,N2Vp1q2,N2V,1.0,2.0,D2,5,2,977,977,62,1555
R3,N2Vp1q2,N2V,1.0,2.0,D2,5,3,1008,1008,58,1536
R3,N2Vp1q2,N2V,1.0,2.0,D2,5,4,1065,1065,70,1624
R3,N2Vp1q2,N2V,1.0,2.0,D2,5,5,1127,1127,66,1688
R3,N2Vp1q2,N2V,1.0,2.0,D2,5,6,1027,1027,57,1581
R3,N2Vp1q2,N2V,1.0,2.0,D2,5,7,1154,1154,69,1692
R3,N2Vp1q2,N2V,1.0,2.0,D2,5,8,1129,1129,75,1675
R3,N2Vp1q2,N2V,1.0,2.0,D2,5,9,1150,1150,58,1704
R3,N2Vp1q2,N2V,1.0,2.0,D2,5,10,1198,1198,57,1728
R3,N2Vp1q2,N2V,1.0,2.0,D2,5,11,1229,1229,75,1762
R3,N2Vp1q2,N2V,1.0,2.0,D2,5,12,1205,1205,82,1749
R3,N2Vp1q2,N2V,1.0,2.0,D2,5,13,1182,1182,73,1734
R3,N2Vp1q2,N2V,1.0,2.0,D2,5,14,1266,1266,87,1773
R3,N2Vp1q2,N2V,1.0,2.0,D2,5,15,1241,1241,86,1757
R3,N2Vp1q2,N2V,1.0,2.0,D2,5,16,1222,1222,82,1760
R3,N2Vp1q2,N2V,1.0,2.0,D2,5,17,1300,1300,86,1818
R3,N2Vp1q2,N2V,1.0,2.0,D2,5,18,1342,1342,89,1841
R3,N2Vp1q2,N2V,1.0,2.0,D2,5,19,1338,1338,69,1815
R3,N2Vp1q2,N2V,1.0,2.0,D2,5,20,1295,1295,66,1832
R3,N2Vp1q2,N2V,1.0,2.0,D2,5,21,1293,1293,72,1828
R3,N2Vp1q2,N2V,1.0,2.0,D2,5,22,1289,1289,96,1782
R3,N2Vp1q2,N2V,1.0,2.0,D2,5,23,1328,1328,91,1828
R3,N2Vp1q2,N2V,1.0,2.0,D2,5,24,1297,1297,89,1789
R3,N2Vp1q2,N2V,1.0,2.0,D2,5,25,1295,1295,60,1799
R3,N2Vp1q2,N2V,1.0,2.0,D2,5,26,1265,1265,67,1813
R3,N2Vp1q2,N2V,1.0,2.0,D2,5,27,1277,1277,72,1795
R3,N2Vp1q2,N2V,1.0,2.0,D2,5,28,1347,1347,71,1829
R3,N2Vp1q2,N2V,1.0,2.0,D2,5,29,1237,1237,83,1774
R3,N2Vp1q2,N2V,1.0,2.0,D2,5,30,1241,1241,77,1786
R3,N2Vp1q2,N2V,1.0,2.0,D2,6,0,0,0,0,0
R3,N2Vp1q2,N2V,1.0,2.0,D2,6,1,797,797,53,1340
R3,N2Vp1q2,N2V,1.0,2.0,D2,6,2,932,932,71,1512
R3,N2Vp1q2,N2V,1.0,2.0,D2,6,3,1028,1028,73,1600
R3,N2Vp1q2,N2V,1.0,2.0,D2,6,4,1073,1073,72,1632
R3,N2Vp1q2,N2V,1.0,2.0,D2,6,5,1130,1130,83,1678
R3,N2Vp1q2,N2V,1.0,2.0,D2,6,6,1173,1173,82,1704
R3,N2Vp1q2,N2V,1.0,2.0,D2,6,7,1155,1155,68,1720
R3,N2Vp1q2,N2V,1.0,2.0,D2,6,8,1262,1262,65,1795
R3,N2Vp1q2,N2V,1.0,2.0,D2,6,9,1286,1286,80,1820
R3,N2Vp1q2,N2V,1.0,2.0,D2,6,10,1270,1270,74,1816
R3,N2Vp1q2,N2V,1.0,2.0,D2,6,11,1339,1339,91,1857
R3,N2Vp1q2,N2V,1.0,2.0,D2,6,12,1340,1340,85,1828
R3,N2Vp1q2,N2V,1.0,2.0,D2,6,13,1358,1358,79,1829
R3,N2Vp1q2,N2V,1.0,2.0,D2,6,14,1339,1339,67,1831
R3,N2Vp1q2,N2V,1.0,2.0,D2,6,15,1276,1276,82,1796
R3,N2Vp1q2,N2V,1.0,2.0,D2,6,16,1245,1245,73,1758
R3,N2Vp1q2,N2V,1.0,2.0,D2,6,17,1310,1310,74,1816
R3,N2Vp1q2,N2V,1.0,2.0,D2,6,18,1325,1325,88,1841
R3,N2Vp1q2,N2V,1.0,2.0,D2,6,19,1305,1305,96,1817
R3,N2Vp1q2,N2V,1.0,2.0,D2,6,20,1363,1363,103,1839
R3,N2Vp1q2,N2V,1.0,2.0,D2,6,21,1376,1376,83,1873
R3,N2Vp1q2,N2V,1.0,2.0,D2,6,22,1344,1344,77,1862
R3,N2Vp1q2,N2V,1.0,2.0,D2,6,23,1339,1339,82,1829
R3,N2Vp1q2,N2V,1.0,2.0,D2,6,24,1308,1308,89,1800
R3,N2Vp1q2,N2V,1.0,2.0,D2,6,25,1351,1351,85,1841
R3,N2Vp1q2,N2V,1.0,2.0,D2,6,26,1423,1423,76,1878
R3,N2Vp1q2,N2V,1.0,2.0,D2,6,27,1464,1464,90,1920
R3,N2Vp1q2,N2V,1.0,2.0,D2,6,28,1355,1355,65,1865
R3,N2Vp1q2,N2V,1.0,2.0,D2,6,29,1304,1304,87,1807
R3,N2Vp1q2,N2V,1.0,2.0,D2,6,30,1302,1302,80,1821
R3,N2Vp1q2,N2V,1.0,2.0,D2,7,0,0,0,0,0
R3,N2Vp1q2,N2V,1.0,2.0,D2,7,1,888,888,68,1461
R3,N2Vp1q2,N2V,1.0,2.0,D2,7,2,968,968,58,1525
R3,N2Vp1q2,N2V,1.0,2.0,D2,7,3,1047,1047,67,1623
R3,N2Vp1q2,N2V,1.0,2.0,D2,7,4,1008,1008,54,1582
R3,N2Vp1q2,N2V,1.0,2.0,D2,7,5,1123,1123,60,1666
R3,N2Vp1q2,N2V,1.0,2.0,D2,7,6,1081,1081,68,1622
R3,N2Vp1q2,N2V,1.0,2.0,D2,7,7,1204,1204,77,1759
R3,N2Vp1q2,N2V,1.0,2.0,D2,7,8,1211,1211,71,1742
R3,N2Vp1q2,N2V,1.0,2.0,D2,7,9,1208,1208,61,1719
R3,N2Vp1q2,N2V,1.0,2.0,D2,7,10,1316,1316,92,1810
R3,N2Vp1q2,N2V,1.0,2.0,D2,7,11,1265,1265,79,1802
R3,N2Vp1q2,N2V,1.0,2.0,D2,7,12,1290,1290,64,1788
R3,N2Vp1q2,N2V,1.0,2.0,D2,7,13,1320,1320,71,1840
R3,N2Vp1q2,N2V,1.0,2.0,D2,7,14,1284,1284,73,1796
R3,N2Vp1q2,N2V,1.0,2.0,D2,7,15,1272,1272,72,1751
R3,N2Vp1q2,N2V,1.0,2.0,D2,7,16,1319,1319,68,1822
R3,N2Vp1q2,N2V,1.0,2.0,D2,7,17,1263,1263,63,1783
R3,N2Vp1q2,N2V,1.0,2.0,D2,7,18,1220,1220,74,1726
R3,N2Vp1q2,N2V,1.0,2.0,D2,7,19,1261,1261,88,1758
R3,N2Vp1q2,N2V,1.0,2.0,D2,7,20,1185,1185,70,1742
R3,N2Vp1q2,N2V,1.0,2.0,D2,7,21,1327,1327,75,1827
R3,N2Vp1q2,N2V,1.0,2.0,D2,7,22,1233,1233,80,1776
R3,N2Vp1q2,N2V,1.0,2.0,D2,7,23,1260,1260,75,1764
R3,N2Vp1q2,N2V,1.0,2.0,D2,7,24,1312,1312,95,1828
R3,N2Vp1q2,N2V,1.0,2.0,D2,7,25,1212,1212,80,1730
R3,N2Vp1q2,N2V,1.0,2.0,D2,7,26,1269,1269,71,1755
R3,N2Vp1q2,N2V,1.0,2.0,D2,7,27,1317,1317,77,1791
R3,N2Vp1q2,N2V,1.0,2.0,D2,7,28,1280,1280,93,1797
R3,N2Vp1q2,N2V,1.0,2.0,D2,7,29,1265,1265,82,1752
R3,N2Vp1q2,N2V,1.0,2.0,D2,7,30,1323,1323,86,1822
R3,N2Vp1q2,N2V,1.0,2.0,D2,8,0,0,0,0,0
R3,N2Vp1q2,N2V,1.0,2.0,D2,8,1,923,923,55,1492
R3,N2Vp1q2,N2V,1.0,2.0,D2,8,2,952,952,56,1526
R3,N2Vp1q2,N2V,1.0,2.0,D2,8,3,1023,1023,64,1568
R3,N2Vp1q2,N2V,1.0,2.0,D2,8,4,1086,1086,72,1631
R3,N2Vp1q2,N2V,1.0,2.0,D2,8,5,1097,1097,64,1641
R3,N2Vp1q2,N2V,1.0,2.0,D2,8,6,1127,1127,71,1666
R3,N2Vp1q2,N2V,1.0,2.0,D2,8,7,1253,1253,68,1768
R3,N2Vp1q2,N2V,1.0,2.0,D2,8,8,1223,1223,83,1748
R3,N2Vp1q2,N2V,1.0,2.0,D2,8,9,1200,1200,65,1751
R3,N2Vp1q2,N2V,1.0,2.0,D2,8,10,1236,1236,82,1779
R3,N2Vp1q2,N2V,1.0,2.0,D2,8,11,1232,1232,78,1760
R3,N2Vp1q2,N2V,1.0,2.0,D2,8,12,1276,1276,76,1807
R3,N2Vp1q2,N2V,1.0,2.0,D2,8,13,1247,1247,71,1768
R3,N2Vp1q2,N2V,1.0,2.0,D2,8,14,1288,1288,69,1821
R3,N2Vp1q2,N2V,1.0,2.0,D2,8,15,1213,1213,62,1758
R3,N2Vp1q2,N2V,1.0,2.0,D2,8,16,1231,1231,72,1786
R3,N2Vp1q2,N2V,1.0,2.0,D2,8,17,1209,1209,66,1762
R3,N2Vp1q2,N2V,1.0,2.0,D2,8,18,1268,1268,67,1758
R3,N2Vp1q2,N2V,1.0,2.0,D2,8,19,1318,1318,85,1811
R3,N2Vp1q2,N2V,1.0,2.0,D2,8,20,1357,1357,85,1850
R3,N2Vp1q2,N2V,1.0,2.0,D2,8,21,1246,1246,92,1782
R3,N2Vp1q2,N2V,1.0,2.0,D2,8,22,1288,1288,79,1814
R3,N2Vp1q2,N2V,1.0,2.0,D2,8,23,1270,1270,53,1796
R3,N2Vp1q2,N2V,1.0,2.0,D2,8,24,1293,1293,78,1806
R3,N2Vp1q2,N2V,1.0,2.0,D2,8,25,1308,1308,66,1800
R3,N2Vp1q2,N2V,1.0,2.0,D2,8,26,1353,1353,88,1851
R3,N2Vp1q2,N2V,1.0,2.0,D2,8,27,1356,1356,84,1827
R3,N2Vp1q2,N2V,1.0,2.0,D2,8,28,1382,1382,73,1855
R3,N2Vp1q2,N2V,1.0,2.0,D2,8,29,1284,1284,74,1794
R3,N2Vp1q2,N2V,1.0,2.0,D2,8,30,1247,1247,87,1742
R3,N2Vp1q2,N2V,1.0,2.0,D2,9,0,0,0,0,0
R3,N2Vp1q2,N2V,1.0,2.0,D2,9,1,835,835,38,1387
R3,N2Vp1q2,N2V,1.0,2.0,D2,9,2,994,994,82,1514
R3,N2Vp1q2,N2V,1.0,2.0,D2,9,3,964,964,62,1542
R3,N2Vp1q2,N2V,1.0,2.0,D2,9,4,1050,1050,61,1648
R3,N2Vp1q2,N2V,1.0,2.0,D2,9,5,1105,1105,69,1677
R3,N2Vp1q2,N2V,1.0,2.0,D2,9,6,1265,1265,75,1801
R3,N2Vp1q2,N2V,1.0,2.0,D2,9,7,1312,1312,77,1856
R3,N2Vp1q2,N2V,1.0,2.0,D2,9,8,1253,1253,67,1773
R3,N2Vp1q2,N2V,1.0,2.0,D2,9,9,1244,1244,91,1767
R3,N2Vp1q2,N2V,1.0,2.0,D2,9,10,1243,1243,72,1760
R3,N2Vp1q2,N2V,1.0,2.0,D2,9,11,1152,1152,78,1714
R3,N2Vp1q2,N2V,1.0,2.0,D2,9,12,1214,1214,67,1766
R3,N2Vp1q2,N2V,1.0,2.0,D2,9,13,1225,1225,60,1799
R3,N2Vp1q2,N2V,1.0,2.0,D2,9,14,1228,1228,76,1771
R3,N2Vp1q2,N2V,1.0,2.0,D2,9,15,1223,1223,64,1767
R3,N2Vp1q2,N2V,1.0,2.0,D2,9,16,1276,1276,77,1824
R3,N2Vp1q2,N2V,1.0,2.0,D2,9,17,1283,1283,73,1820
R3,N2Vp1q2,N2V,1.0,2.0,D2,9,18,1243,1243,68,1755
R3,N2Vp1q2,N2V,1.0,2.0,D2,9,19,1236,1236,77,1781
R3,N2Vp1q2,N2V,1.0,2.0,D2,9,20,1227,1227,66,1781
R3,N2Vp1q2,N2V,1.0,2.0,D2,9,21,1248,1248,85,1784
R3,N2Vp1q2,N2V,1.0,2.0,D2,9,22,1283,1283,55,1814
R3,N2Vp1q2,N2V,1.0,2.0,D2,9,23,1272,1272,72,1789
R3,N2Vp1q2,N2V,1.0,2.0,D2,9,24,1294,1294,79,1821
R3,N2Vp1q2,N2V,1.0,2.0,D2,9,25,1329,1329,72,1826
R3,N2Vp1q2,N2V,1.0,2.0,D2,9,26,1312,1312,88,1796
R3,N2Vp1q2,N2V,1.0,2.0,D2,9,27,1323,1323,82,1843
R3,N2Vp1q2,N2V,1.0,2.0,D2,9,28,1398,1398,88,1896
R3,N2Vp1q2,N2V,1.0,2.0,D2,9,29,1316,1316,75,1847
R3,N2Vp1q2,N2V,1.0,2.0,D2,9,30,1328,1328,75,1846
R3,N2Vp1q2,N2V,1.0,2.0,D2,10,0,0,0,0,0
R3,N2Vp1q2,N2V,1.0,2.0,D2,10,1,879,879,51,1437
R3,N2Vp1q2,N2V,1.0,2.0,D2,10,2,1028,1028,56,1566
R3,N2Vp1q2,N2V,1.0,2.0,D2,10,3,1030,1030,56,1565
R3,N2Vp1q2,N2V,1.0,2.0,D2,10,4,1061,1061,60,1618
R3,N2Vp1q2,N2V,1.0,2.0,D2,10,5,1100,1100,76,1683
R3,N2Vp1q2,N2V,1.0,2.0,D2,10,6,1148,1148,54,1723
R3,N2Vp1q2,N2V,1.0,2.0,D2,10,7,1062,1062,73,1623
R3,N2Vp1q2,N2V,1.0,2.0,D2,10,8,1114,1114,56,1726
R3,N2Vp1q2,N2V,1.0,2.0,D2,10,9,1181,1181,61,1770
R3,N2Vp1q2,N2V,1.0,2.0,D2,10,10,1233,1233,72,1774
R3,N2Vp1q2,N2V,1.0,2.0,D2,10,11,1299,1299,78,1825
R3,N2Vp1q2,N2V,1.0,2.0,D2,10,12,1271,1271,81,1805
R3,N2Vp1q2,N2V,1.0,2.0,D2,10,13,1246,1246,88,1783
R3,N2Vp1q2,N2V,1.0,2.0,D2,10,14,1261,1261,84,1768
R3,N2Vp1q2,N2V,1.0,2.0,D2,10,15,1261,1261,82,1797
R3,N2Vp1q2,N2V,1.0,2.0,D2,10,16,1318,1318,76,1834
R3,N2Vp1q2,N2V,1.0,2.0,D2,10,17,1299,1299,73,1822
R3,N2Vp1q2,N2V,1.0,2.0,D2,10,18,1331,1331,82,1856
R3,N2Vp1q2,N2V,1.0,2.0,D2,10,19,1282,1282,88,1826
R3,N2Vp1q2,N2V,1.0,2.0,D2,10,20,1302,1302,93,1858
R3,N2Vp1q2,N2V,1.0,2.0,D2,10,21,1290,1290,83,1801
R3,N2Vp1q2,N2V,1.0,2.0,D2,10,22,1343,1343,65,1843
R3,N2Vp1q2,N2V,1.0,2.0,D2,10,23,1294,1294,93,1828
R3,N2Vp1q2,N2V,1.0,2.0,D2,10,24,1348,1348,94,1824
R3,N2Vp1q2,N2V,1.0,2.0,D2,10,25,1396,1396,88,1877
R3,N2Vp1q2,N2V,1.0,2.0,D2,10,26,1438,1438,97,1920
R3,N2Vp1q2,N2V,1.0,2.0,D2,10,27,1395,1395,95,1862
R3,N2Vp1q2,N2V,1.0,2.0,D2,10,28,1369,1369,88,1849
R3,N2Vp1q2,N2V,1.0,2.0,D2,10,29,1334,1334,74,1872
R3,N2Vp1q2,N2V,1.0,2.0,D2,10,30,1346,1346,87,1841
R3,RW,RW,,,D2,1,0,0,0,0,0
R3,RW,RW,,,D2,1,1,854,854,76,1403
R3,RW,RW,,,D2,1,2,1021,1021,62,1592
R3,RW,RW,,,D2,1,3,1068,1068,73,1632
R3,RW,RW,,,D2,1,4,1129,1129,91,1692
R3,RW,RW,,,D2,1,5,1143,1143,82,1673
R3,RW,RW,,,D2,1,6,1163,1163,70,1716
R3,RW,RW,,,D2,1,7,1128,1128,76,1679
R3,RW,RW,,,D2,1,8,1147,1147,93,1694
R3,RW,RW,,,D2,1,9,1174,1174,87,1717
R3,RW,RW,,,D2,1,10,1150,1150,68,1733
R3,RW,RW,,,D2,1,11,1169,1169,85,1761
R3,RW,RW,,,D2,1,12,1159,1159,68,1722
R3,RW,RW,,,D2,1,13,1280,1280,50,1810
R3,RW,RW,,,D2,1,14,1233,1233,59,1776
R3,RW,RW,,,D2,1,15,1204,1204,63,1731
R3,RW,RW,,,D2,1,16,1199,1199,85,1731
R3,RW,RW,,,D2,1,17,1292,1292,84,1811
R3,RW,RW,,,D2,1,18,1281,1281,70,1829
R3,RW,RW,,,D2,1,19,1231,1231,75,1786
R3,RW,RW,,,D2,1,20,1229,1229,78,1766
R3,RW,RW,,,D2,1,21,1258,1258,69,1797
R3,RW,RW,,,D2,1,22,1255,1255,56,1809
R3,RW,RW,,,D2,1,23,1279,1279,62,1835
R3,RW,RW,,,D2,1,24,1308,1308,92,1816
R3,RW,RW,,,D2,1,25,1278,1278,64,1802
R3,RW,RW,,,D2,1,26,1323,1323,78,1839
R3,RW,RW,,,D2,1,27,1328,1328,94,1836
R3,RW,RW,,,D2,1,28,1315,1315,83,1794
R3,RW,RW,,,D2,1,29,1310,1310,76,1817
R3,RW,RW,,,D2,1,30,1282,1282,66,1783
R3,RW,RW,,,D2,2,0,0,0,0,0
R3,RW,RW,,,D2,2,1,823,823,52,1384
R3,RW,RW,,,D2,2,2,966,966,71,1531
R3,RW,RW,,,D2,2,3,1020,1020,63,1610
R3,RW,RW,,,D2,2,4,1057,1057,55,1642
R3,RW,RW,,,D2,2,5,1066,1066,46,1641
R3,RW,RW,,,D2,2,6,1073,1073,76,1646
R3,RW,RW,,,D2,2,7,1124,1124,61,1683
R3,RW,RW,,,D2,2,8,1196,1196,70,1710
R3,RW,RW,,,D2,2,9,1219,1219,66,1735
R3,RW,RW,,,D2,2,10,1151,1151,68,1691
R3,RW,RW,,,D2,2,11,1188,1188,77,1701
R3,RW,RW,,,D2,2,12,1191,1191,73,1753
R3,RW,RW,,,D2,2,13,1238,1238,68,1805
R3,RW,RW,,,D2,2,14,1209,1209,64,1751
R3,RW,RW,,,D2,2,15,1218,1218,77,1779
R3,RW,RW,,,D2,2,16,1231,1231,75,1774
R3,RW,RW,,,D2,2,17,1260,1260,89,1787
R3,RW,RW,,,D2,2,18,1243,1243,76,1761
R3,RW,RW,,,D2,2,19,1203,1203,73,1775
R3,RW,RW,,,D2,2,20,1250,1250,78,1779
R3,RW,RW,,,D2,2,21,1202,1202,74,1738
R3,RW,RW,,,D2,2,22,1258,1258,70,1789
R3,RW,RW,,,D2,2,23,1273,1273,68,1855
R3,RW,RW,,,D2,2,24,1209,1209,72,1747
R3,RW,RW,,,D2,2,25,1187,1187,75,1777
R3,RW,RW,,,D2,2,26,1274,1274,70,1832
R3,RW,RW,,,D2,2,27,1268,1268,78,1819
R3,RW,RW,,,D2,2,28,1311,1311,92,1856
R3,RW,RW,,,D2,2,29,1272,1272,76,1795
R3,RW,RW,,,D2,2,30,1257,1257,84,1782
R3,RW,RW,,,D2,3,0,0,0,0,0
R3,RW,RW,,,D2,3,1,843,843,43,1368
R3,RW,RW,,,D2,3,2,1048,1048,54,1644
R3,RW,RW,,,D2,3,3,982,982,50,1599
R3,RW,RW,,,D2,3,4,1031,1031,63,1618
R3,RW,RW,,,D2,3,5,1084,1084,67,1647
R3,RW,RW,,,D2,3,6,1084,1084,74,1668
R3,RW,RW,,,D2,3,7,1091,1091,69,1654
R3,RW,RW,,,D2,3,8,1169,1169,71,1764
R3,RW,RW,,,D2,3,9,1186,1186,73,1744
R3,RW,RW,,,D2,3,10,1276,1276,100,1814
R3,RW,RW,,,D2,3,11,1189,1189,78,1726
R3,RW,RW,,,D2,3,12,1177,1177,75,1715
R3,RW,RW,,,D2,3,13,1162,1162,73,1712
R3,RW,RW,,,D2,3,14,1200,1200,72,1723
R3,RW,RW,,,D2,3,15,1249,1249,95,1757
R3,RW,RW,,,D2,3,16,1269,1269,63,1770
R3,RW,RW,,,D2,3,17,1284,1284,72,1798
R3,RW,RW,,,D2,3,18,1215,1215,77,1752
R3,RW,RW,,,D2,3,19,1270,1270,74,1764
R3,RW,RW,,,D2,3,20,1280,1280,79,1795
R3,RW,RW,,,D2,3,21,1244,1244,55,1765
R3,RW,RW,,,D2,3,22,1327,1327,78,1808
R3,RW,RW,,,D2,3,23,1280,1280,75,1816
R3,RW,RW,,,D2,3,24,1251,1251,65,1784
R3,RW,RW,,,D2,3,25,1265,1265,60,1792
R3,RW,RW,,,D2,3,26,1309,1309,67,1850
R3,RW,RW,,,D2,3,27,1248,1248,65,1797
R3,RW,RW,,,D2,3,28,1309,1309,76,1850
R3,RW,RW,,,D2,3,29,1320,1320,94,1800
R3,RW,RW,,,D2,3,30,1220,1220,75,1712
R3,RW,RW,,,D2,4,0,0,0,0,0
R3,RW,RW,,,D2,4,1,858,858,55,1422
R3,RW,RW,,,D2,4,2,1029,1029,69,1626
R3,RW,RW,,,D2,4,3,1027,1027,78,1581
R3,RW,RW,,,D2,4,4,1126,1126,72,1717
R3,RW,RW,,,D2,4,5,1067,1067,65,1630
R3,RW,RW,,,D2,4,6,1150,1150,75,1706
R3,RW,RW,,,D2,4,7,1185,1185,73,1756
R3,RW,RW,,,D2,4,8,1203,1203,67,1765
R3,RW,RW,,,D2,4,9,1231,1231,67,1777
R3,RW,RW,,,D2,4,10,1249,1249,80,1753
R3,RW,RW,,,D2,4,11,1264,1264,65,1809
R3,RW,RW,,,D2,4,12,1296,1296,60,1794
R3,RW,RW,,,D2,4,13,1307,1307,83,1803
R3,RW,RW,,,D2,4,14,1282,1282,74,1812
R3,RW,RW,,,D2,4,15,1275,1275,77,1787
R3,RW,RW,,,D2,4,16,1273,1273,76,1780
R3,RW,RW,,,D2,4,17,1301,1301,82,1825
R3,RW,RW,,,D2,4,18,1299,1299,75,1811
R3,RW,RW,,,D2,4,19,1255,1255,76,1798
R3,RW,RW,,,D2,4,20,1241,1241,79,1814
R3,RW,RW,,,D2,4,21,1218,1218,69,1768
R3,RW,RW,,,D2,4,22,1273,1273,67,1809
R3,RW,RW,,,D2,4,23,1225,1225,81,1775
R3,RW,RW,,,D2,4,24,1258,1258,88,1808
R3,RW,RW,,,D2,4,25,1240,1240,84,1783
R3,RW,RW,,,D2,4,26,1241,1241,60,1809
R3,RW,RW,,,D2,4,27,1242,1242,83,1779
R3,RW,RW,,,D2,4,28,1201,1201,75,1742
R3,RW,RW,,,D2,4,29,1233,1233,70,1774
R3,RW,RW,,,D2,4,30,1252,1252,70,1788
R3,RW,RW,,,D2,5,0,0,0,0,0
R3,RW,RW,,,D2,5,1,880,880,38,1454
R3,RW,RW,,,D2,5,2,992,992,47,1580
R3,RW,RW,,,D2,5,3,1019,1019,50,1579
R3,RW,RW,,,D2,5,4,1036,1036,64,1583
R3,RW,RW,,,D2,5,5,1087,1087,69,1663
R3,RW,RW,,,D2,5,6,1125,1125,61,1702
R3,RW,RW,,,D2,5,7,1155,1155,70,1720
R3,RW,RW,,,D2,5,8,1201,1201,68,1752
R3,RW,RW,,,D2,5,9,1278,1278,77,1825
R3,RW,RW,,,D2,5,10,1270,1270,80,1828
R3,RW,RW,,,D2,5,11,1232,1232,72,1783
R3,RW,RW,,,D2,5,12,1250,1250,78,1745
R3,RW,RW,,,D2,5,13,1247,1247,63,1772
R3,RW,RW,,,D2,5,14,1185,1185,75,1707
R3,RW,RW,,,D2,5,15,1162,1162,83,1722
R3,RW,RW,,,D2,5,16,1239,1239,68,1770
R3,RW,RW,,,D2,5,17,1228,1228,82,1752
R3,RW,RW,,,D2,5,18,1251,1251,74,1772
R3,RW,RW,,,D2,5,19,1177,1177,59,1768
R3,RW,RW,,,D2,5,20,1148,1148,57,1729
R3,RW,RW,,,D2,5,21,1183,1183,74,1756
R3,RW,RW,,,D2,5,22,1214,1214,61,1783
R3,RW,RW,,,D2,5,23,1237,1237,79,1787
R3,RW,RW,,,D2,5,24,1183,1183,70,1722
R3,RW,RW,,,D2,5,25,1203,1203,70,1765
R3,RW,RW,,,D2,5,26,1221,1221,85,1767
R3,RW,RW,,,D2,5,27,1241,1241,86,1764
R3,RW,RW,,,D2,5,28,1277,1277,61,1769
R3,RW,RW,,,D2,5,29,1296,1296,74,1805
R3,RW,RW,,,D2,5,30,1278,1278,75,1824
R3,RW,RW,,,D2,6,0,0,0,0,0
R3,RW,RW,,,D2,6,1,837,837,51,1405
R3,RW,RW,,,D2,6,2,924,924,50,1496
R3,RW,RW,,,D2,6,3,1073,1073,65,1658
R3,RW,RW,,,D2,6,4,1143,1143,72,1736
R3,RW,RW,,,D2,6,5,1031,1031,80,1614
R3,RW,RW,,,D2,6,6,1152,1152,62,1715
R3,RW,RW,,,D2,6,7,1199,1199,86,1755
R3,RW,RW,,,D2,6,8,1176,1176,66,1733
R3,RW,RW,,,D2,6,9,1164,1164,70,1694
R3,RW,RW,,,D2,6,10,1187,1187,77,1732
R3,RW,RW,,,D2,6,11,1202,1202,73,1742
R3,RW,RW,,,D2,6,12,1231,1231,58,1794
R3,RW,RW,,,D2,6,13,1179,1179,54,1696
R3,RW,RW,,,D2,6,14,1222,1222,66,1759
R3,RW,RW,,,D2,6,15,1249,1249,77,1800
R3,RW,RW,,,D2,6,16,1173,1173,67,1731
R3,RW,RW,,,D2,6,17,1253,1253,80,1781
R3,RW,RW,,,D2,6,18,1264,1264,91,1805
R3,RW,RW,,,D2,6,19,1226,1226,91,1769
R3,RW,RW,,,D2,6,20,1276,1276,84,1779
R3,RW,RW,,,D2,6,21,1230,1230,74,1773
R3,RW,RW,,,D2,6,22,1268,1268,67,1825
R3,RW,RW,,,D2,6,23,1250,1250,84,1750
R3,RW,RW,,,D2,6,24,1284,1284,97,1800
R3,RW,RW,,,D2,6,25,1244,1244,84,1807
R3,RW,RW,,,D2,6,26,1253,1253,76,1775
R3,RW,RW,,,D2,6,27,1327,1327,76,1820
R3,RW,RW,,,D2,6,28,1285,1285,75,1810
R3,RW,RW,,,D2,6,29,1278,1278,68,1810
R3,RW,RW,,,D2,6,30,1235,1235,53,1782
R3,RW,RW,,,D2,8,0,0,0,0,0
R3,RW,RW,,,D2,8,1,873,873,40,1426
R3,RW,RW,,,D2,8,2,965,965,54,1558
R3,RW,RW,,,D2,8,3,1041,1041,80,1602
R3,RW,RW,,,D2,8,4,1071,1071,78,1680
R3,RW,RW,,,D2,8,5,1079,1079,81,1677
R3,RW,RW,,,D2,8,6,1156,1156,51,1746
R3,RW,RW,,,D2,8,7,1188,1188,73,1777
R3,RW,RW,,,D2,8,8,1246,1246,71,1787
R3,RW,RW,,,D2,8,9,1298,1298,88,1821
R3,RW,RW,,,D2,8,10,1192,1192,76,1738
R3,RW,RW,,,D2,8,11,1236,1236,82,1770
R3,RW,RW,,,D2,8,12,1280,1280,83,1827
R3,RW,RW,,,D2,8,13,1245,1245,70,1767
R3,RW,RW,,,D2,8,14,1262,1262,75,1791
R3,RW,RW,,,D2,8,15,1302,1302,72,1820
R3,RW,RW,,,D2,8,16,1319,1319,94,1805
R3,RW,RW,,,D2,8,17,1308,1308,71,1840
R3,RW,RW,,,D2,8,18,1293,1293,80,1801
R3,RW,RW,,,D2,8,19,1230,1230,72,1732
R3,RW,RW,,,D2,8,20,1273,1273,72,1813
R3,RW,RW,,,D2,8,21,1305,1305,89,1827
R3,RW,RW,,,D2,8,22,1328,1328,88,1829
R3,RW,RW,,,D2,8,23,1302,1302,84,1851
R3,RW,RW,,,D2,8,24,1308,1308,70,1834
R3,RW,RW,,,D2,8,25,1252,1252,76,1789
R3,RW,RW,,,D2,8,26,1299,1299,84,1839
R3,RW,RW,,,D2,8,27,1330,1330,84,1836
R3,RW,RW,,,D2,8,28,1347,1347,98,1846
R3,RW,RW,,,D2,8,29,1272,1272,96,1768
R3,RW,RW,,,D2,8,30,1278,1278,75,1784
R3,RW,RW,,,D2,7,0,0,0,0,0
R3,RW,RW,,,D2,7,1,856,856,50,1431
R3,RW,RW,,,D2,7,2,973,973,64,1563
R3,RW,RW,,,D2,7,3,994,994,74,1600
R3,RW,RW,,,D2,7,4,1062,1062,66,1673
R3,RW,RW,,,D2,7,5,1071,1071,67,1665
R3,RW,RW,,,D2,7,6,1149,1149,79,1684
R3,RW,RW,,,D2,7,7,1143,1143,63,1724
R3,RW,RW,,,D2,7,8,1193,1193,83,1774
R3,RW,RW,,,D2,7,9,1180,1180,80,1738
R3,RW,RW,,,D2,7,10,1219,1219,87,1740
R3,RW,RW,,,D2,7,11,1238,1238,75,1763
R3,RW,RW,,,D2,7,12,1175,1175,63,1742
R3,RW,RW,,,D2,7,13,1204,1204,74,1778
R3,RW,RW,,,D2,7,14,1166,1166,42,1734
R3,RW,RW,,,D2,7,15,1264,1264,71,1788
R3,RW,RW,,,D2,7,16,1162,1162,63,1738
R3,RW,RW,,,D2,7,17,1228,1228,77,1777
R3,RW,RW,,,D2,7,18,1154,1154,53,1720
R3,RW,RW,,,D2,7,19,1172,1172,67,1748
R3,RW,RW,,,D2,7,20,1159,1159,80,1724
R3,RW,RW,,,D2,7,21,1203,1203,77,1781
R3,RW,RW,,,D2,7,22,1149,1149,73,1721
R3,RW,RW,,,D2,7,23,1174,1174,71,1720
R3,RW,RW,,,D2,7,24,1258,1258,82,1782
R3,RW,RW,,,D2,7,25,1272,1272,72,1785
R3,RW,RW,,,D2,7,26,1298,1298,71,1790
R3,RW,RW,,,D2,7,27,1265,1265,82,1807
R3,RW,RW,,,D2,7,28,1288,1288,62,1811
R3,RW,RW,,,D2,7,29,1256,1256,70,1813
R3,RW,RW,,,D2,7,30,1318,1318,76,1858
R3,RW,RW,,,D2,9,0,0,0,0,0
R3,RW,RW,,,D2,9,1,844,844,49,1377
R3,RW,RW,,,D2,9,2,991,991,50,1595
R3,RW,RW,,,D2,9,3,1039,1039,66,1614
R3,RW,RW,,,D2,9,4,1139,1139,83,1664
R3,RW,RW,,,D2,9,5,1130,1130,72,1690
R3,RW,RW,,,D2,9,6,1129,1129,72,1681
R3,RW,RW,,,D2,9,7,1198,1198,72,1752
R3,RW,RW,,,D2,9,8,1194,1194,74,1786
R3,RW,RW,,,D2,9,9,1166,1166,62,1726
R3,RW,RW,,,D2,9,10,1204,1204,73,1748
R3,RW,RW,,,D2,9,11,1164,1164,72,1715
R3,RW,RW,,,D2,9,12,1208,1208,63,1731
R3,RW,RW,,,D2,9,13,1242,1242,96,1752
R3,RW,RW,,,D2,9,14,1281,1281,98,1807
R3,RW,RW,,,D2,9,15,1323,1323,75,1822
R3,RW,RW,,,D2,9,16,1374,1374,69,1839
R3,RW,RW,,,D2,9,17,1283,1283,93,1809
R3,RW,RW,,,D2,9,18,1316,1316,71,1832
R3,RW,RW,,,D2,9,19,1264,1264,71,1770
R3,RW,RW,,,D2,9,20,1257,1257,58,1789
R3,RW,RW,,,D2,9,21,1265,1265,76,1748
R3,RW,RW,,,D2,9,22,1300,1300,65,1805
R3,RW,RW,,,D2,9,23,1278,1278,69,1799
R3,RW,RW,,,D2,9,24,1260,1260,61,1804
R3,RW,RW,,,D2,9,25,1299,1299,75,1820
R3,RW,RW,,,D2,9,26,1291,1291,83,1799
R3,RW,RW,,,D2,9,27,1319,1319,70,1865
R3,RW,RW,,,D2,9,28,1313,1313,73,1848
R3,RW,RW,,,D2,9,29,1300,1300,65,1841
R3,RW,RW,,,D2,9,30,1273,1273,52,1818
R3,RW,RW,,,D2,10,0,0,0,0,0
R3,RW,RW,,,D2,10,1,897,897,73,1410
R3,RW,RW,,,D2,10,2,1011,1011,72,1572
R3,RW,RW,,,D2,10,3,1043,1043,63,1598
R3,RW,RW,,,D2,10,4,1114,1114,53,1687
R3,RW,RW,,,D2,10,5,1112,1112,66,1679
R3,RW,RW,,,D2,10,6,1130,1130,71,1672
R3,RW,RW,,,D2,10,7,1146,1146,85,1690
R3,RW,RW,,,D2,10,8,1080,1080,72,1665
R3,RW,RW,,,D2,10,9,1197,1197,71,1737
R3,RW,RW,,,D2,10,10,1206,1206,64,1774
R3,RW,RW,,,D2,10,11,1232,1232,76,1780
R3,RW,RW,,,D2,10,12,1252,1252,60,1790
R3,RW,RW,,,D2,10,13,1244,1244,81,1807
R3,RW,RW,,,D2,10,14,1243,1243,61,1802
R3,RW,RW,,,D2,10,15,1231,1231,75,1760
R3,RW,RW,,,D2,10,16,1263,1263,75,1767
R3,RW,RW,,,D2,10,17,1258,1258,77,1735
R3,RW,RW,,,D2,10,18,1282,1282,77,1811
R3,RW,RW,,,D2,10,19,1199,1199,70,1787
R3,RW,RW,,,D2,10,20,1264,1264,81,1834
R3,RW,RW,,,D2,10,21,1168,1168,74,1735
R3,RW,RW,,,D2,10,22,1213,1213,69,1753
R3,RW,RW,,,D2,10,23,1203,1203,73,1756
R3,RW,RW,,,D2,10,24,1155,1155,64,1720
R3,RW,RW,,,D2,10,25,1250,1250,63,1757
R3,RW,RW,,,D2,10,26,1252,1252,75,1817
R3,RW,RW,,,D2,10,27,1279,1279,79,1841
R3,RW,RW,,,D2,10,28,1264,1264,89,1832
R3,RW,RW,,,D2,10,29,1263,1263,84,1805
R3,RW,RW,,,D2,10,30,1263,1263,75,1822
R3,RWD,RWD,,,D2,1,0,0,0,0,0
R3,RWD,RWD,,,D2,1,1,871,871,52,1422
R3,RWD,RWD,,,D2,1,2,949,949,71,1534
R3,RWD,RWD,,,D2,1,3,941,941,87,1463
R3,RWD,RWD,,,D2,1,4,1014,1014,108,1554
R3,RWD,RWD,,,D2,1,5,1066,1066,137,1604
R3,RWD,RWD,,,D2,1,6,1107,1107,177,1613
R3,RWD,RWD,,,D2,1,7,1104,1104,220,1630
R3,RWD,RWD,,,D2,1,8,1122,1122,300,1620
R3,RWD,RWD,,,D2,1,9,1205,1205,471,1653
R3,RWD,RWD,,,D2,1,10,1283,1283,632,1666
R3,RWD,RWD,,,D2,1,11,1538,1538,936,1762
R3,RWD,RWD,,,D2,1,12,1842,1842,1387,1868
R3,RWD,RWD,,,D2,1,13,2123,2123,1799,1921
R3,RWD,RWD,,,D2,1,14,2577,2577,2348,2009
R3,RWD,RWD,,,D2,1,15,3141,3141,2974,2130
R3,RWD,RWD,,,D2,1,16,3988,3988,3885,2228
R3,RWD,RWD,,,D2,1,17,4722,4722,4668,2255
R3,RWD,RWD,,,D2,1,18,5437,5437,5413,2304
R3,RWD,RWD,,,D2,1,19,6031,6031,5998,2372
R3,RWD,RWD,,,D2,1,20,6565,6565,6527,2423
R3,RWD,RWD,,,D2,1,21,6840,6840,6809,2430
R3,RWD,RWD,,,D2,1,22,7062,7062,7035,2451
R3,RWD,RWD,,,D2,1,23,7215,7215,7186,2474
R3,RWD,RWD,,,D2,1,24,7307,7307,7289,2484
R3,RWD,RWD,,,D2,1,25,7374,7374,7346,2490
R3,RWD,RWD,,,D2,1,26,7385,7385,7364,2493
R3,RWD,RWD,,,D2,1,27,7393,7393,7374,2495
R3,RWD,RWD,,,D2,1,28,7398,7398,7379,2496
R3,RWD,RWD,,,D2,1,29,7402,7402,7386,2496
R3,RWD,RWD,,,D2,1,30,7389,7389,7376,2495
R3,RWD,RWD,,,D2,2,0,0,0,0,0
R3,RWD,RWD,,,D2,2,1,921,921,62,1469
R3,RWD,RWD,,,D2,2,2,956,956,77,1551
R3,RWD,RWD,,,D2,2,3,962,962,83,1536
R3,RWD,RWD,,,D2,2,4,972,972,99,1512
R3,RWD,RWD,,,D2,2,5,1003,1003,127,1562
R3,RWD,RWD,,,D2,2,6,1097,1097,177,1633
R3,RWD,RWD,,,D2,2,7,1053,1053,201,1595
R3,RWD,RWD,,,D2,2,8,1131,1131,265,1623
R3,RWD,RWD,,,D2,2,9,1244,1244,408,1703
R3,RWD,RWD,,,D2,2,10,1248,1248,526,1637
R3,RWD,RWD,,,D2,2,11,1497,1497,828,1784
R3,RWD,RWD,,,D2,2,12,1716,1716,1155,1876
R3,RWD,RWD,,,D2,2,13,1872,1872,1508,1845
R3,RWD,RWD,,,D2,2,14,2245,2245,1954,1998
R3,RWD,RWD,,,D2,2,15,2741,2741,2540,2101
R3,RWD,RWD,,,D2,2,16,3260,3260,3150,2182
R3,RWD,RWD,,,D2,2,17,3699,3699,3642,2259
R3,RWD,RWD,,,D2,2,18,4112,4112,4083,2313
R3,RWD,RWD,,,D2,2,19,4425,4425,4394,2361
R3,RWD,RWD,,,D2,2,20,4815,4815,4783,2409
R3,RWD,RWD,,,D2,2,21,4884,4884,4864,2424
R3,RWD,RWD,,,D2,2,22,5236,5236,5207,2443
R3,RWD,RWD,,,D2,2,23,5227,5227,5194,2445
R3,RWD,RWD,,,D2,2,24,5295,5295,5266,2463
R3,RWD,RWD,,,D2,2,25,5420,5420,5383,2470
R3,RWD,RWD,,,D2,2,26,5446,5446,5420,2478
R3,RWD,RWD,,,D2,2,27,5588,5588,5561,2483
R3,RWD,RWD,,,D2,2,28,5740,5740,5714,2486
R3,RWD,RWD,,,D2,2,29,5737,5737,5718,2481
R3,RWD,RWD,,,D2,2,30,5955,5955,5928,2481
R3,RWD,RWD,,,D2,3,0,0,0,0,0
R3,RWD,RWD,,,D2,3,1,865,865,62,1420
R3,RWD,RWD,,,D2,3,2,973,973,57,1580
R3,RWD,RWD,,,D2,3,3,1114,1114,85,1667
R3,RWD,RWD,,,D2,3,4,1022,1022,102,1558
R3,RWD,RWD,,,D2,3,5,1053,1053,133,1585
R3,RWD,RWD,,,D2,3,6,1097,1097,169,1580
R3,RWD,RWD,,,D2,3,7,1133,1133,235,1635
R3,RWD,RWD,,,D2,3,8,1171,1171,353,1618
R3,RWD,RWD,,,D2,3,9,1235,1235,465,1641
R3,RWD,RWD,,,D2,3,10,1322,1322,647,1664
R3,RWD,RWD,,,D2,3,11,1568,1568,926,1810
R3,RWD,RWD,,,D2,3,12,1806,1806,1293,1863
R3,RWD,RWD,,,D2,3,13,1923,1923,1561,1867
R3,RWD,RWD,,,D2,3,14,2301,2301,2044,1979
R3,RWD,RWD,,,D2,3,15,2505,2505,2313,2034
R3,RWD,RWD,,,D2,3,16,2665,2665,2541,2039
R3,RWD,RWD,,,D2,3,17,2975,2975,2904,2098
R3,RWD,RWD,,,D2,3,18,3401,3401,3342,2189
R3,RWD,RWD,,,D2,3,19,3850,3850,3804,2266
R3,RWD,RWD,,,D2,3,20,4292,4292,4251,2313
R3,RWD,RWD,,,D2,3,21,4578,4578,4554,2333
R3,RWD,RWD,,,D2,3,22,4939,4939,4894,2356
R3,RWD,RWD,,,D2,3,23,5138,5138,5093,2371
R3,RWD,RWD,,,D2,3,24,5466,5466,5436,2400
R3,RWD,RWD,,,D2,3,25,5696,5696,5657,2417
R3,RWD,RWD,,,D2,3,26,5880,5880,5842,2420
R3,RWD,RWD,,,D2,3,27,6035,6035,5993,2431
R3,RWD,RWD,,,D2,3,28,6185,6185,6150,2449
R3,RWD,RWD,,,D2,3,29,6289,6289,6245,2445
R3,RWD,RWD,,,D2,3,30,6381,6381,6329,2453
R3,RWD,RWD,,,D2,4,0,0,0,0,0
R3,RWD,RWD,,,D2,4,1,854,854,56,1398
R3,RWD,RWD,,,D2,4,2,930,930,63,1459
R3,RWD,RWD,,,D2,4,3,1038,1038,69,1579
R3,RWD,RWD,,,D2,4,4,1110,1110,108,1640
R3,RWD,RWD,,,D2,4,5,1026,1026,121,1572
R3,RWD,RWD,,,D2,4,6,1015,1015,124,1569
R3,RWD,RWD,,,D2,4,7,1103,1103,155,1604
R3,RWD,RWD,,,D2,4,8,1189,1189,205,1663
R3,RWD,RWD,,,D2,4,9,1104,1104,231,1606
R3,RWD,RWD,,,D2,4,10,1189,1189,357,1608
R3,RWD,RWD,,,D2,4,11,1221,1221,490,1634
R3,RWD,RWD,,,D2,4,12,1357,1357,683,1703
R3,RWD,RWD,,,D2,4,13,1450,1450,862,1742
R3,RWD,RWD,,,D2,4,14,1667,1667,1211,1806
R3,RWD,RWD,,,D2,4,15,1856,1856,1562,1865
R3,RWD,RWD,,,D2,4,16,2138,2138,1971,1942
R3,RWD,RWD,,,D2,4,17,2600,2600,2506,2054
R3,RWD,RWD,,,D2,4,18,2998,2998,2948,2141
R3,RWD,RWD,,,D2,4,19,3465,3465,3434,2169
R3,RWD,RWD,,,D2,4,20,4070,4070,4050,2246
R3,RWD,RWD,,,D2,4,21,4612,4612,4592,2280
R3,RWD,RWD,,,D2,4,22,5328,5328,5314,2334
R3,RWD,RWD,,,D2,4,23,5892,5892,5877,2368
R3,RWD,RWD,,,D2,4,24,6409,6409,6387,2402
R3,RWD,RWD,,,D2,4,25,6789,6789,6768,2422
R3,RWD,RWD,,,D2,4,26,7004,7004,6958,2446
R3,RWD,RWD,,,D2,4,27,7139,7139,7107,2469
R3,RWD,RWD,,,D2,4,28,7206,7206,7163,2476
R3,RWD,RWD,,,D2,4,29,7224,7224,7187,2482
R3,RWD,RWD,,,D2,4,30,7244,7244,7204,2486
R3,RWD,RWD,,,D2,5,0,0,0,0,0
R3,RWD,RWD,,,D2,5,1,781,781,50,1346
R3,RWD,RWD,,,D2,5,2,948,948,57,1522
R3,RWD,RWD,,,D2,5,3,972,972,93,1532
R3,RWD,RWD,,,D2,5,4,1010,1010,133,1575
R3,RWD,RWD,,,D2,5,5,1086,1086,142,1584
R3,RWD,RWD,,,D2,5,6,1018,1018,154,1551
R3,RWD,RWD,,,D2,5,7,1061,1061,197,1568
R3,RWD,RWD,,,D2,5,8,1092,1092,254,1554
R3,RWD,RWD,,,D2,5,9,1156,1156,352,1620
R3,RWD,RWD,,,D2,5,10,1151,1151,483,1577
R3,RWD,RWD,,,D2,5,11,1255,1255,655,1615
R3,RWD,RWD,,,D2,5,12,1412,1412,929,1660
R3,RWD,RWD,,,D2,5,13,1759,1759,1336,1769
R3,RWD,RWD,,,D2,5,14,2168,2168,1820,1948
R3,RWD,RWD,,,D2,5,15,2410,2410,2175,1983
R3,RWD,RWD,,,D2,5,16,2872,2872,2736,2063
R3,RWD,RWD,,,D2,5,17,3425,3425,3339,2158
R3,RWD,RWD,,,D2,5,18,4061,4061,3999,2233
R3,RWD,RWD,,,D2,5,19,4532,4532,4474,2267
R3,RWD,RWD,,,D2,5,20,4975,4975,4934,2315
R3,RWD,RWD,,,D2,5,21,5322,5322,5289,2342
R3,RWD,RWD,,,D2,5,22,5671,5671,5644,2376
R3,RWD,RWD,,,D2,5,23,5868,5868,5834,2389
R3,RWD,RWD,,,D2,5,24,6042,6042,6012,2408
R3,RWD,RWD,,,D2,5,25,6286,6286,6262,2432
R3,RWD,RWD,,,D2,5,26,6469,6469,6435,2435
R3,RWD,RWD,,,D2,5,27,6542,6542,6513,2432
R3,RWD,RWD,,,D2,5,28,6702,6702,6676,2454
R3,RWD,RWD,,,D2,5,29,6790,6790,6757,2459
R3,RWD,RWD,,,D2,5,30,6858,6858,6827,2467
R3,RWD,RWD,,,D2,6,0,0,0,0,0
R3,RWD,RWD,,,D2,6,1,780,780,41,1328
R3,RWD,RWD,,,D2,6,2,901,901,49,1465
R3,RWD,RWD,,,D2,6,3,948,948,84,1493
R3,RWD,RWD,,,D2,6,4,973,973,65,1534
R3,RWD,RWD,,,D2,6,5,1040,1040,89,1602
R3,RWD,RWD,,,D2,6,6,1069,1069,99,1604
R3,RWD,RWD,,,D2,6,7,1118,1118,154,1628
R3,RWD,RWD,,,D2,6,8,1144,1144,211,1649
R3,RWD,RWD,,,D2,6,9,1154,1154,278,1637
R3,RWD,RWD,,,D2,6,10,1149,1149,358,1653
R3,RWD,RWD,,,D2,6,11,1195,1195,474,1644
R3,RWD,RWD,,,D2,6,12,1256,1256,683,1620
R3,RWD,RWD,,,D2,6,13,1477,1477,956,1734
R3,RWD,RWD,,,D2,6,14,1684,1684,1278,1806
R3,RWD,RWD,,,D2,6,15,1939,1939,1624,1884
R3,RWD,RWD,,,D2,6,16,2208,2208,2001,1941
R3,RWD,RWD,,,D2,6,17,2476,2476,2350,1976
R3,RWD,RWD,,,D2,6,18,3004,3004,2880,2132
R3,RWD,RWD,,,D2,6,19,3589,3589,3518,2208
R3,RWD,RWD,,,D2,6,20,4041,4041,4003,2251
R3,RWD,RWD,,,D2,6,21,4571,4571,4530,2309
R3,RWD,RWD,,,D2,6,22,4963,4963,4919,2332
R3,RWD,RWD,,,D2,6,23,5458,5458,5418,2379
R3,RWD,RWD,,,D2,6,24,5772,5772,5731,2410
R3,RWD,RWD,,,D2,6,25,6040,6040,6000,2416
R3,RWD,RWD,,,D2,6,26,6262,6262,6231,2435
R3,RWD,RWD,,,D2,6,27,6418,6418,6385,2437
R3,RWD,RWD,,,D2,6,28,6559,6559,6519,2447
R3,RWD,RWD,,,D2,6,29,6664,6664,6626,2462
R3,RWD,RWD,,,D2,6,30,6734,6734,6694,2465
R3,RWD,RWD,,,D2,7,0,0,0,0,0
R3,RWD,RWD,,,D2,7,1,849,849,74,1395
R3,RWD,RWD,,,D2,7,2,954,954,73,1535
R3,RWD,RWD,,,D2,7,3,988,988,73,1550
R3,RWD,RWD,,,D2,7,4,997,997,102,1544
R3,RWD,RWD,,,D2,7,5,997,997,125,1534
R3,RWD,RWD,,,D2,7,6,1070,1070,152,1572
R3,RWD,RWD,,,D2,7,7,1128,1128,199,1645
R3,RWD,RWD,,,D2,7,8,1141,1141,255,1630
R3,RWD,RWD,,,D2,7,9,1215,1215,371,1650
R3,RWD,RWD,,,D2,7,10,1233,1233,495,1635
R3,RWD,RWD,,,D2,7,11,1390,1390,715,1686
R3,RWD,RWD,,,D2,7,12,1608,1608,1013,1799
R3,RWD,RWD,,,D2,7,13,1736,1736,1317,1842
R3,RWD,RWD,,,D2,7,14,1917,1917,1624,1850
R3,RWD,RWD,,,D2,7,15,2194,2194,1999,1933
R3,RWD,RWD,,,D2,7,16,2741,2741,2587,2084
R3,RWD,RWD,,,D2,7,17,3250,3250,3141,2163
R3,RWD,RWD,,,D2,7,18,3888,3888,3808,2237
R3,RWD,RWD,,,D2,7,19,4524,4524,4458,2288
R3,RWD,RWD,,,D2,7,20,5009,5009,4963,2313
R3,RWD,RWD,,,D2,7,21,5581,5581,5549,2342
R3,RWD,RWD,,,D2,7,22,6030,6030,5998,2394
R3,RWD,RWD,,,D2,7,23,6388,6388,6353,2414
R3,RWD,RWD,,,D2,7,24,6561,6561,6513,2421
R3,RWD,RWD,,,D2,7,25,6748,6748,6698,2443
R3,RWD,RWD,,,D2,7,26,6872,6872,6834,2454
R3,RWD,RWD,,,D2,7,27,6951,6951,6907,2461
R3,RWD,RWD,,,D2,7,28,7007,7007,6960,2472
R3,RWD,RWD,,,D2,7,29,7065,7065,7011,2481
R3,RWD,RWD,,,D2,7,30,7090,7090,7041,2484
R3,RWD,RWD,,,D2,8,0,0,0,0,0
R3,RWD,RWD,,,D2,8,1,860,860,50,1398
R3,RWD,RWD,,,D2,8,2,908,908,70,1467
R3,RWD,RWD,,,D2,8,3,907,907,61,1452
R3,RWD,RWD,,,D2,8,4,1014,1014,92,1554
R3,RWD,RWD,,,D2,8,5,1080,1080,131,1593
R3,RWD,RWD,,,D2,8,6,1112,1112,150,1612
R3,RWD,RWD,,,D2,8,7,1177,1177,209,1685
R3,RWD,RWD,,,D2,8,8,1160,1160,283,1608
R3,RWD,RWD,,,D2,8,9,1192,1192,347,1603
R3,RWD,RWD,,,D2,8,10,1228,1228,451,1605
R3,RWD,RWD,,,D2,8,11,1290,1290,631,1643
R3,RWD,RWD,,,D2,8,12,1472,1472,919,1698
R3,RWD,RWD,,,D2,8,13,1743,1743,1305,1795
R3,RWD,RWD,,,D2,8,14,2135,2135,1824,1932
R3,RWD,RWD,,,D2,8,15,2707,2707,2497,2005
R3,RWD,RWD,,,D2,8,16,3517,3517,3384,2131
R3,RWD,RWD,,,D2,8,17,4091,4091,4017,2215
R3,RWD,RWD,,,D2,8,18,4917,4917,4863,2287
R3,RWD,RWD,,,D2,8,19,5465,5465,5421,2331
R3,RWD,RWD,,,D2,8,20,5961,5961,5927,2363
R3,RWD,RWD,,,D2,8,21,6427,6427,6395,2393
R3,RWD,RWD,,,D2,8,22,6729,6729,6705,2422
R3,RWD,RWD,,,D2,8,23,6932,6932,6916,2450
R3,RWD,RWD,,,D2,8,24,7078,7078,7050,2471
R3,RWD,RWD,,,D2,8,25,7143,7143,7113,2474
R3,RWD,RWD,,,D2,8,26,7180,7180,7149,2486
R3,RWD,RWD,,,D2,8,27,7206,7206,7172,2488
R3,RWD,RWD,,,D2,8,28,7254,7254,7215,2496
R3,RWD,RWD,,,D2,8,29,7251,7251,7221,2497
R3,RWD,RWD,,,D2,8,30,7272,7272,7235,2499
R3,RWD,RWD,,,D2,9,0,0,0,0,0
R3,RWD,RWD,,,D2,9,1,844,844,46,1403
R3,RWD,RWD,,,D2,9,2,986,986,61,1573
R3,RWD,RWD,,,D2,9,3,979,979,75,1548
R3,RWD,RWD,,,D2,9,4,1035,1035,104,1601
R3,RWD,RWD,,,D2,9,5,982,982,121,1510
R3,RWD,RWD,,,D2,9,6,1097,1097,151,1601
R3,RWD,RWD,,,D2,9,7,1083,1083,188,1595
R3,RWD,RWD,,,D2,9,8,1143,1143,237,1637
R3,RWD,RWD,,,D2,9,9,1161,1161,342,1617
R3,RWD,RWD,,,D2,9,10,1197,1197,436,1605
R3,RWD,RWD,,,D2,9,11,1243,1243,604,1649
R3,RWD,RWD,,,D2,9,12,1417,1417,862,1706
R3,RWD,RWD,,,D2,9,13,1677,1677,1196,1808
R3,RWD,RWD,,,D2,9,14,1874,1874,1527,1869
R3,RWD,RWD,,,D2,9,15,2167,2167,1942,1943
R3,RWD,RWD,,,D2,9,16,2679,2679,2513,2039
R3,RWD,RWD,,,D2,9,17,3126,3126,3011,2126
R3,RWD,RWD,,,D2,9,18,3792,3792,3710,2222
R3,RWD,RWD,,,D2,9,19,4269,4269,4198,2264
R3,RWD,RWD,,,D2,9,20,4772,4772,4725,2318
R3,RWD,RWD,,,D2,9,21,5181,5181,5142,2334
R3,RWD,RWD,,,D2,9,22,5543,5543,5514,2365
R3,RWD,RWD,,,D2,9,23,5814,5814,5787,2383
R3,RWD,RWD,,,D2,9,24,6082,6082,6051,2412
R3,RWD,RWD,,,D2,9,25,6260,6260,6214,2434
R3,RWD,RWD,,,D2,9,26,6519,6519,6474,2453
R3,RWD,RWD,,,D2,9,27,6582,6582,6551,2460
R3,RWD,RWD,,,D2,9,28,6675,6675,6638,2468
R3,RWD,RWD,,,D2,9,29,6730,6730,6699,2472
R3,RWD,RWD,,,D2,9,30,6815,6815,6778,2474
R3,RWD,RWD,,,D2,10,0,0,0,0,0
R3,RWD,RWD,,,D2,10,1,835,835,58,1405
R3,RWD,RWD,,,D2,10,2,907,907,79,1482
R3,RWD,RWD,,,D2,10,3,981,981,95,1529
R3,RWD,RWD,,,D2,10,4,1017,1017,106,1529
R3,RWD,RWD,,,D2,10,5,1050,1050,127,1590
R3,RWD,RWD,,,D2,10,6,991,991,142,1499
R3,RWD,RWD,,,D2,10,7,1128,1128,205,1659
R3,RWD,RWD,,,D2,10,8,1126,1126,225,1617
R3,RWD,RWD,,,D2,10,9,1182,1182,347,1633
R3,RWD,RWD,,,D2,10,10,1311,1311,490,1706
R3,RWD,RWD,,,D2,10,11,1393,1393,669,1725
R3,RWD,RWD,,,D2,10,12,1396,1396,844,1672
R3,RWD,RWD,,,D2,10,13,1662,1662,1198,1786
R3,RWD,RWD,,,D2,10,14,1991,1991,1673,1855
R3,RWD,RWD,,,D2,10,15,2367,2367,2163,1957
R3,RWD,RWD,,,D2,10,16,2871,2871,2757,2075
R3,RWD,RWD,,,D2,10,17,3453,3453,3380,2194
R3,RWD,RWD,,,D2,10,18,4039,4039,3991,2243
R3,RWD,RWD,,,D2,10,19,4491,4491,4449,2292
R3,RWD,RWD,,,D2,10,20,5023,5023,4999,2340
R3,RWD,RWD,,,D2,10,21,5397,5397,5360,2365
R3,RWD,RWD,,,D2,10,22,5871,5871,5838,2401
R3,RWD,RWD,,,D2,10,23,6224,6224,6204,2429
R3,RWD,RWD,,,D2,10,24,6452,6452,6420,2443
R3,RWD,RWD,,,D2,10,25,6602,6602,6580,2453
R3,RWD,RWD,,,D2,10,26,6770,6770,6736,2468
R3,RWD,RWD,,,D2,10,27,6832,6832,6804,2465
R3,RWD,RWD,,,D2,10,28,6820,6820,6796,2467
R3,RWD,RWD,,,D2,10,29,6889,6889,6864,2474
R3,RWD,RWD,,,D2,10,30,6926,6926,6902,2479
R3,RWI,RWI,,,D2,1,0,0,0,0,0
R3,RWI,RWI,,,D2,1,1,832,832,67,1378
R3,RWI,RWI,,,D2,1,2,1015,1015,54,1609
R3,RWI,RWI,,,D2,1,3,1078,1078,65,1657
R3,RWI,RWI,,,D2,1,4,1104,1104,71,1681
R3,RWI,RWI,,,D2,1,5,1111,1111,51,1681
R3,RWI,RWI,,,D2,1,6,1088,1088,60,1660
R3,RWI,RWI,,,D2,1,7,1164,1164,67,1699
R3,RWI,RWI,,,D2,1,8,1153,1153,59,1714
R3,RWI,RWI,,,D2,1,9,1265,1265,69,1835
R3,RWI,RWI,,,D2,1,10,1280,1280,62,1831
R3,RWI,RWI,,,D2,1,11,1293,1293,69,1844
R3,RWI,RWI,,,D2,1,12,1305,1305,65,1802
R3,RWI,RWI,,,D2,1,13,1360,1360,79,1849
R3,RWI,RWI,,,D2,1,14,1387,1387,75,1896
R3,RWI,RWI,,,D2,1,15,1349,1349,67,1858
R3,RWI,RWI,,,D2,1,16,1371,1371,78,1910
R3,RWI,RWI,,,D2,1,17,1276,1276,79,1828
R3,RWI,RWI,,,D2,1,18,1288,1288,70,1805
R3,RWI,RWI,,,D2,1,19,1312,1312,71,1848
R3,RWI,RWI,,,D2,1,20,1349,1349,72,1840
R3,RWI,RWI,,,D2,1,21,1333,1333,82,1848
R3,RWI,RWI,,,D2,1,22,1353,1353,76,1853
R3,RWI,RWI,,,D2,1,23,1358,1358,72,1861
R3,RWI,RWI,,,D2,1,24,1314,1314,79,1838
R3,RWI,RWI,,,D2,1,25,1383,1383,73,1883
R3,RWI,RWI,,,D2,1,26,1363,1363,80,1863
R3,RWI,RWI,,,D2,1,27,1399,1399,69,1887
R3,RWI,RWI,,,D2,1,28,1275,1275,85,1815
R3,RWI,RWI,,,D2,1,29,1335,1335,64,1828
R3,RWI,RWI,,,D2,1,30,1290,1290,71,1805
R3,RWI,RWI,,,D2,2,0,0,0,0,0
R3,RWI,RWI,,,D2,2,1,829,829,51,1412
R3,RWI,RWI,,,D2,2,2,1064,1064,71,1630
R3,RWI,RWI,,,D2,2,3,1052,1052,69,1623
R3,RWI,RWI,,,D2,2,4,1090,1090,54,1679
R3,RWI,RWI,,,D2,2,5,1126,1126,51,1673
R3,RWI,RWI,,,D2,2,6,1123,1123,69,1693
R3,RWI,RWI,,,D2,2,7,1186,1186,76,1729
R3,RWI,RWI,,,D2,2,8,1206,1206,78,1768
R3,RWI,RWI,,,D2,2,9,1254,1254,64,1832
R3,RWI,RWI,,,D2,2,10,1312,1312,71,1841
R3,RWI,RWI,,,D2,2,11,1271,1271,74,1817
R3,RWI,RWI,,,D2,2,12,1314,1314,75,1841
R3,RWI,RWI,,,D2,2,13,1298,1298,69,1821
R3,RWI,RWI,,,D2,2,14,1286,1286,69,1824
R3,RWI,RWI,,,D2,2,15,1316,1316,67,1849
R3,RWI,RWI,,,D2,2,16,1352,1352,75,1820
R3,RWI,RWI,,,D2,2,17,1318,1318,70,1823
R3,RWI,RWI,,,D2,2,18,1297,1297,74,1842
R3,RWI,RWI,,,D2,2,19,1295,1295,73,1813
R3,RWI,RWI,,,D2,2,20,1260,1260,57,1813
R3,RWI,RWI,,,D2,2,21,1325,1325,88,1854
R3,RWI,RWI,,,D2,2,22,1338,1338,72,1865
R3,RWI,RWI,,,D2,2,23,1309,1309,77,1810
R3,RWI,RWI,,,D2,2,24,1335,1335,75,1845
R3,RWI,RWI,,,D2,2,25,1309,1309,75,1820
R3,RWI,RWI,,,D2,2,26,1301,1301,68,1828
R3,RWI,RWI,,,D2,2,27,1377,1377,51,1912
R3,RWI,RWI,,,D2,2,28,1277,1277,72,1836
R3,RWI,RWI,,,D2,2,29,1328,1328,79,1841
R3,RWI,RWI,,,D2,2,30,1340,1340,54,1866
R3,RWI,RWI,,,D2,3,0,0,0,0,0
R3,RWI,RWI,,,D2,3,1,855,855,63,1385
R3,RWI,RWI,,,D2,3,2,1002,1002,66,1601
R3,RWI,RWI,,,D2,3,3,1058,1058,59,1618
R3,RWI,RWI,,,D2,3,4,1054,1054,51,1620
R3,RWI,RWI,,,D2,3,5,1146,1146,65,1758
R3,RWI,RWI,,,D2,3,6,1168,1168,65,1722
R3,RWI,RWI,,,D2,3,7,1281,1281,83,1812
R3,RWI,RWI,,,D2,3,8,1177,1177,53,1716
R3,RWI,RWI,,,D2,3,9,1231,1231,83,1816
R3,RWI,RWI,,,D2,3,10,1298,1298,66,1848
R3,RWI,RWI,,,D2,3,11,1249,1249,61,1778
R3,RWI,RWI,,,D2,3,12,1292,1292,84,1820
R3,RWI,RWI,,,D2,3,13,1236,1236,60,1821
R3,RWI,RWI,,,D2,3,14,1258,1258,59,1813
R3,RWI,RWI,,,D2,3,15,1337,1337,68,1885
R3,RWI,RWI,,,D2,3,16,1341,1341,66,1873
R3,RWI,RWI,,,D2,3,17,1385,1385,91,1870
R3,RWI,RWI,,,D2,3,18,1349,1349,72,1819
R3,RWI,RWI,,,D2,3,19,1316,1316,84,1827
R3,RWI,RWI,,,D2,3,20,1344,1344,67,1881
R3,RWI,RWI,,,D2,3,21,1338,1338,61,1869
R3,RWI,RWI,,,D2,3,22,1370,1370,68,1867
R3,RWI,RWI,,,D2,3,23,1329,1329,58,1822
R3,RWI,RWI,,,D2,3,24,1341,1341,58,1805
R3,RWI,RWI,,,D2,3,25,1358,1358,78,1827
R3,RWI,RWI,,,D2,3,26,1357,1357,89,1851
R3,RWI,RWI,,,D2,3,27,1403,1403,78,1865
R3,RWI,RWI,,,D2,3,28,1420,1420,75,1926
R3,RWI,RWI,,,D2,3,29,1326,1326,76,1847
R3,RWI,RWI,,,D2,3,30,1328,1328,95,1875
R3,RWI,RWI,,,D2,4,0,0,0,0,0
R3,RWI,RWI,,,D2,4,1,816,816,50,1375
R3,RWI,RWI,,,D2,4,2,936,936,48,1507
R3,RWI,RWI,,,D2,4,3,1018,1018,50,1603
R3,RWI,RWI,,,D2,4,4,1122,1122,67,1717
R3,RWI,RWI,,,D2,4,5,1068,1068,59,1652
R3,RWI,RWI,,,D2,4,6,1141,1141,64,1708
R3,RWI,RWI,,,D2,4,7,1210,1210,74,1792
R3,RWI,RWI,,,D2,4,8,1215,1215,62,1781
R3,RWI,RWI,,,D2,4,9,1247,1247,72,1817
R3,RWI,RWI,,,D2,4,10,1261,1261,72,1790
R3,RWI,RWI,,,D2,4,11,1259,1259,81,1802
R3,RWI,RWI,,,D2,4,12,1261,1261,71,1794
R3,RWI,RWI,,,D2,4,13,1302,1302,87,1794
R3,RWI,RWI,,,D2,4,14,1339,1339,87,1839
R3,RWI,RWI,,,D2,4,15,1362,1362,85,1874
R3,RWI,RWI,,,D2,4,16,1332,1332,57,1852
R3,RWI,RWI,,,D2,4,17,1327,1327,62,1868
R3,RWI,RWI,,,D2,4,18,1317,1317,67,1859
R3,RWI,RWI,,,D2,4,19,1228,1228,60,1804
R3,RWI,RWI,,,D2,4,20,1315,1315,73,1843
R3,RWI,RWI,,,D2,4,21,1336,1336,84,1827
R3,RWI,RWI,,,D2,4,22,1288,1288,55,1809
R3,RWI,RWI,,,D2,4,23,1232,1232,47,1784
R3,RWI,RWI,,,D2,4,24,1214,1214,57,1781
R3,RWI,RWI,,,D2,4,25,1319,1319,70,1846
R3,RWI,RWI,,,D2,4,26,1346,1346,58,1829
R3,RWI,RWI,,,D2,4,27,1365,1365,69,1890
R3,RWI,RWI,,,D2,4,28,1398,1398,72,1886
R3,RWI,RWI,,,D2,4,29,1358,1358,71,1896
R3,RWI,RWI,,,D2,4,30,1336,1336,68,1848
R3,RWI,RWI,,,D2,5,0,0,0,0,0
R3,RWI,RWI,,,D2,5,1,867,867,54,1419
R3,RWI,RWI,,,D2,5,2,1081,1081,54,1675
R3,RWI,RWI,,,D2,5,3,1078,1078,60,1648
R3,RWI,RWI,,,D2,5,4,1115,1115,58,1727
R3,RWI,RWI,,,D2,5,5,1111,1111,65,1737
R3,RWI,RWI,,,D2,5,6,1215,1215,59,1762
R3,RWI,RWI,,,D2,5,7,1143,1143,55,1729
R3,RWI,RWI,,,D2,5,8,1224,1224,51,1784
R3,RWI,RWI,,,D2,5,9,1238,1238,62,1794
R3,RWI,RWI,,,D2,5,10,1303,1303,64,1828
R3,RWI,RWI,,,D2,5,11,1300,1300,74,1806
R3,RWI,RWI,,,D2,5,12,1289,1289,66,1807
R3,RWI,RWI,,,D2,5,13,1321,1321,63,1836
R3,RWI,RWI,,,D2,5,14,1328,1328,87,1834
R3,RWI,RWI,,,D2,5,15,1367,1367,69,1879
R3,RWI,RWI,,,D2,5,16,1312,1312,85,1795
R3,RWI,RWI,,,D2,5,17,1307,1307,79,1839
R3,RWI,RWI,,,D2,5,18,1242,1242,56,1777
R3,RWI,RWI,,,D2,5,19,1305,1305,61,1830
R3,RWI,RWI,,,D2,5,20,1316,1316,55,1819
R3,RWI,RWI,,,D2,5,21,1340,1340,74,1872
R3,RWI,RWI,,,D2,5,22,1373,1373,72,1837
R3,RWI,RWI,,,D2,5,23,1369,1369,73,1860
R3,RWI,RWI,,,D2,5,24,1365,1365,71,1862
R3,RWI,RWI,,,D2,5,25,1388,1388,71,1845
R3,RWI,RWI,,,D2,5,26,1345,1345,86,1861
R3,RWI,RWI,,,D2,5,27,1359,1359,73,1899
R3,RWI,RWI,,,D2,5,28,1354,1354,68,1860
R3,RWI,RWI,,,D2,5,29,1358,1358,79,1881
R3,RWI,RWI,,,D2,5,30,1355,1355,86,1874
R3,RWI,RWI,,,D2,6,0,0,0,0,0
R3,RWI,RWI,,,D2,6,1,783,783,47,1334
R3,RWI,RWI,,,D2,6,2,924,924,58,1518
R3,RWI,RWI,,,D2,6,3,1076,1076,69,1667
R3,RWI,RWI,,,D2,6,4,1043,1043,58,1619
R3,RWI,RWI,,,D2,6,5,1067,1067,56,1636
R3,RWI,RWI,,,D2,6,6,1065,1065,57,1651
R3,RWI,RWI,,,D2,6,7,1207,1207,76,1795
R3,RWI,RWI,,,D2,6,8,1314,1314,73,1858
R3,RWI,RWI,,,D2,6,9,1295,1295,65,1842
R3,RWI,RWI,,,D2,6,10,1308,1308,66,1829
R3,RWI,RWI,,,D2,6,11,1325,1325,67,1880
R3,RWI,RWI,,,D2,6,12,1311,1311,72,1866
R3,RWI,RWI,,,D2,6,13,1313,1313,83,1888
R3,RWI,RWI,,,D2,6,14,1338,1338,86,1875
R3,RWI,RWI,,,D2,6,15,1251,1251,61,1781
R3,RWI,RWI,,,D2,6,16,1291,1291,57,1808
R3,RWI,RWI,,,D2,6,17,1369,1369,71,1867
R3,RWI,RWI,,,D2,6,18,1298,1298,60,1835
R3,RWI,RWI,,,D2,6,19,1331,1331,86,1845
R3,RWI,RWI,,,D2,6,20,1298,1298,65,1850
R3,RWI,RWI,,,D2,6,21,1285,1285,61,1847
R3,RWI,RWI,,,D2,6,22,1274,1274,78,1797
R3,RWI,RWI,,,D2,6,23,1350,1350,70,1860
R3,RWI,RWI,,,D2,6,24,1324,1324,100,1861
R3,RWI,RWI,,,D2,6,25,1305,1305,71,1814
R3,RWI,RWI,,,D2,6,26,1282,1282,68,1805
R3,RWI,RWI,,,D2,6,27,1328,1328,83,1836
R3,RWI,RWI,,,D2,6,28,1303,1303,64,1837
R3,RWI,RWI,,,D2,6,29,1382,1382,74,1869
R3,RWI,RWI,,,D2,6,30,1311,1311,73,1820
R3,RWI,RWI,,,D2,7,0,0,0,0,0
R3,RWI,RWI,,,D2,7,1,841,841,34,1416
R3,RWI,RWI,,,D2,7,2,1008,1008,75,1616
R3,RWI,RWI,,,D2,7,3,1004,1004,65,1554
R3,RWI,RWI,,,D2,7,4,1084,1084,54,1684
R3,RWI,RWI,,,D2,7,5,1097,1097,57,1708
R3,RWI,RWI,,,D2,7,6,1110,1110,65,1687
R3,RWI,RWI,,,D2,7,7,1289,1289,81,1785
R3,RWI,RWI,,,D2,7,8,1197,1197,74,1754
R3,RWI,RWI,,,D2,7,9,1215,1215,72,1768
R3,RWI,RWI,,,D2,7,10,1238,1238,77,1763
R3,RWI,RWI,,,D2,7,11,1282,1282,68,1814
R3,RWI,RWI,,,D2,7,12,1243,1243,74,1803
R3,RWI,RWI,,,D2,7,13,1333,1333,71,1888
R3,RWI,RWI,,,D2,7,14,1331,1331,71,1856
R3,RWI,RWI,,,D2,7,15,1315,1315,63,1823
R3,RWI,RWI,,,D2,7,16,1303,1303,77,1795
R3,RWI,RWI,,,D2,7,17,1272,1272,66,1832
R3,RWI,RWI,,,D2,7,18,1297,1297,69,1832
R3,RWI,RWI,,,D2,7,19,1346,1346,92,1835
R3,RWI,RWI,,,D2,7,20,1300,1300,77,1837
R3,RWI,RWI,,,D2,7,21,1269,1269,72,1820
R3,RWI,RWI,,,D2,7,22,1352,1352,68,1839
R3,RWI,RWI,,,D2,7,23,1354,1354,55,1835
R3,RWI,RWI,,,D2,7,24,1364,1364,71,1883
R3,RWI,RWI,,,D2,7,25,1391,1391,76,1859
R3,RWI,RWI,,,D2,7,26,1463,1463,76,1916
R3,RWI,RWI,,,D2,7,27,1399,1399,79,1866
R3,RWI,RWI,,,D2,7,28,1340,1340,63,1855
R3,RWI,RWI,,,D2,7,29,1367,1367,72,1858
R3,RWI,RWI,,,D2,7,30,1365,1365,78,1838
R3,RWI,RWI,,,D2,8,0,0,0,0,0
R3,RWI,RWI,,,D2,8,1,850,850,46,1400
R3,RWI,RWI,,,D2,8,2,934,934,54,1528
R3,RWI,RWI,,,D2,8,3,1004,1004,69,1633
R3,RWI,RWI,,,D2,8,4,1112,1112,62,1662
R3,RWI,RWI,,,D2,8,5,1155,1155,67,1710
R3,RWI,RWI,,,D2,8,6,1139,1139,58,1688
R3,RWI,RWI,,,D2,8,7,1124,1124,72,1679
R3,RWI,RWI,,,D2,8,8,1253,1253,67,1769
R3,RWI,RWI,,,D2,8,9,1256,1256,96,1799
R3,RWI,RWI,,,D2,8,10,1304,1304,76,1819
R3,RWI,RWI,,,D2,8,11,1262,1262,77,1767
R3,RWI,RWI,,,D2,8,12,1210,1210,58,1756
R3,RWI,RWI,,,D2,8,13,1226,1226,77,1753
R3,RWI,RWI,,,D2,8,14,1210,1210,47,1723
R3,RWI,RWI,,,D2,8,15,1299,1299,73,1822
R3,RWI,RWI,,,D2,8,16,1234,1234,59,1760
R3,RWI,RWI,,,D2,8,17,1281,1281,69,1814
R3,RWI,RWI,,,D2,8,18,1318,1318,76,1823
R3,RWI,RWI,,,D2,8,19,1325,1325,74,1811
R3,RWI,RWI,,,D2,8,20,1298,1298,66,1809
R3,RWI,RWI,,,D2,8,21,1363,1363,83,1830
R3,RWI,RWI,,,D2,8,22,1315,1315,75,1850
R3,RWI,RWI,,,D2,8,23,1309,1309,85,1843
R3,RWI,RWI,,,D2,8,24,1322,1322,70,1841
R3,RWI,RWI,,,D2,8,25,1317,1317,65,1825
R3,RWI,RWI,,,D2,8,26,1302,1302,81,1786
R3,RWI,RWI,,,D2,8,27,1350,1350,57,1836
R3,RWI,RWI,,,D2,8,28,1330,1330,78,1842
R3,RWI,RWI,,,D2,8,29,1340,1340,90,1847
R3,RWI,RWI,,,D2,8,30,1279,1279,61,1793
R3,RWI,RWI,,,D2,9,0,0,0,0,0
R3,RWI,RWI,,,D2,9,1,852,852,55,1411
R3,RWI,RWI,,,D2,9,2,1031,1031,69,1615
R3,RWI,RWI,,,D2,9,3,1092,1092,47,1662
R3,RWI,RWI,,,D2,9,4,1122,1122,71,1684
R3,RWI,RWI,,,D2,9,5,1170,1170,71,1712
R3,RWI,RWI,,,D2,9,6,1137,1137,63,1702
R3,RWI,RWI,,,D2,9,7,1218,1218,53,1794
R3,RWI,RWI,,,D2,9,8,1238,1238,55,1797
R3,RWI,RWI,,,D2,9,9,1241,1241,82,1806
R3,RWI,RWI,,,D2,9,10,1247,1247,78,1810
R3,RWI,RWI,,,D2,9,11,1294,1294,82,1814
R3,RWI,RWI,,,D2,9,12,1270,1270,48,1820
R3,RWI,RWI,,,D2,9,13,1230,1230,82,1810
R3,RWI,RWI,,,D2,9,14,1244,1244,84,1821
R3,RWI,RWI,,,D2,9,15,1241,1241,67,1770
R3,RWI,RWI,,,D2,9,16,1278,1278,54,1821
R3,RWI,RWI,,,D2,9,17,1287,1287,66,1832
R3,RWI,RWI,,,D2,9,18,1327,1327,75,1854
R3,RWI,RWI,,,D2,9,19,1350,1350,74,1849
R3,RWI,RWI,,,D2,9,20,1401,1401,86,1929
R3,RWI,RWI,,,D2,9,21,1422,1422,84,1905
R3,RWI,RWI,,,D2,9,22,1343,1343,61,1851
R3,RWI,RWI,,,D2,9,23,1368,1368,80,1848
R3,RWI,RWI,,,D2,9,24,1354,1354,77,1852
R3,RWI,RWI,,,D2,9,25,1402,1402,66,1887
R3,RWI,RWI,,,D2,9,26,1346,1346,78,1847
R3,RWI,RWI,,,D2,9,27,1292,1292,55,1797
R3,RWI,RWI,,,D2,9,28,1346,1346,57,1834
R3,RWI,RWI,,,D2,9,29,1386,1386,63,1823
R3,RWI,RWI,,,D2,9,30,1458,1458,67,1916
R3,RWI,RWI,,,D2,10,0,0,0,0,0
R3,RWI,RWI,,,D2,10,1,881,881,71,1444
R3,RWI,RWI,,,D2,10,2,1062,1062,63,1648
R3,RWI,RWI,,,D2,10,3,1051,1051,58,1628
R3,RWI,RWI,,,D2,10,4,1068,1068,50,1676
R3,RWI,RWI,,,D2,10,5,1059,1059,65,1687
R3,RWI,RWI,,,D2,10,6,1113,1113,57,1691
R3,RWI,RWI,,,D2,10,7,1172,1172,69,1747
R3,RWI,RWI,,,D2,10,8,1239,1239,73,1808
R3,RWI,RWI,,,D2,10,9,1261,1261,70,1789
R3,RWI,RWI,,,D2,10,10,1281,1281,61,1793
R3,RWI,RWI,,,D2,10,11,1319,1319,64,1817
R3,RWI,RWI,,,D2,10,12,1310,1310,79,1861
R3,RWI,RWI,,,D2,10,13,1282,1282,71,1797
R3,RWI,RWI,,,D2,10,14,1240,1240,67,1778
R3,RWI,RWI,,,D2,10,15,1221,1221,58,1784
R3,RWI,RWI,,,D2,10,16,1280,1280,52,1816
R3,RWI,RWI,,,D2,10,17,1262,1262,69,1778
R3,RWI,RWI,,,D2,10,18,1246,1246,61,1810
R3,RWI,RWI,,,D2,10,19,1244,1244,64,1823
R3,RWI,RWI,,,D2,10,20,1314,1314,87,1860
R3,RWI,RWI,,,D2,10,21,1265,1265,61,1821
R3,RWI,RWI,,,D2,10,22,1324,1324,80,1862
R3,RWI,RWI,,,D2,10,23,1250,1250,61,1809
R3,RWI,RWI,,,D2,10,24,1346,1346,62,1833
R3,RWI,RWI,,,D2,10,25,1281,1281,71,1832
R3,RWI,RWI,,,D2,10,26,1310,1310,64,1835
R3,RWI,RWI,,,D2,10,27,1263,1263,62,1817
R3,RWI,RWI,,,D2,10,28,1287,1287,66,1820
R3,RWI,RWI,,,D2,10,29,1340,1340,80,1822
R3,RWI,RWI,,,D2,10,30,1357,1357,81,1883
